Original_Index,Original_Prob,Adversarial_Prob,Noise_t,Noise_Sigma,Noise_L2,TransactionAmt,ProductCD,card1,card2,card3,card4,card5,card6,addr1,addr2,dist1,C1,C2,C3,C4,C5,C6,C7,C8,C9,C10,C11,C12,C13,C14,D1,D2,D3,D4,D5,D6,D8,D9,D10,D11,D12,D13,D14,D15,M1,M2,M3,M4,M5,M6,M7,M8,M9,id_01,id_02,id_03,id_04,id_05,id_06,id_09,id_10,id_11,id_12,id_13,id_14,id_15,id_16,id_17,id_18,id_19,id_20,id_28,id_29,id_32,id_34,id_35,id_36,id_37,id_38,DeviceType,P_emailserver,P_suffix,R_emailserver,R_suffix,os,screen_width,screen_height,browser,device_name,DayOfWeek,HourOfDay,Month,PC1,PC2,PC3,PC4,PC5,PC6,PC7,PC8,PC9
155816,0.9279835,0.13117774,0.09999999999999999,0.01672075323499393,0.12962369592291934,23.338772380712086,C,3187.183896412298,402.2744988163541,184.5637652450448,mastercard,222.3060101566847,debit,-997.7848439603724,-994.0540849034844,-997.3823794481783,1.469758115973832,2.339071749275874,-0.0017616951840887232,0.9180639751040696,-0.017398757455198144,3.529400532375587,4.367740033566343,3.305918173465998,-0.21956949059676667,0.6005752281631711,1.9431464741551014,3.465010620827206,4.647000811858494,1.011450380332553,-5.618436863464714,-949.7430160722233,-1067.2998089336672,9.411741900752306,-12.766572312933791,16.665500027927955,-4.360951951535,4.139169258003062,19.54921538951948,-997.1734868462896,13.032445520530539,15.290121354562839,73.75432114230435,9.408591470213855,-999,-999,-999,M2,-999,-999,-999,-999,-999,-1.66318075847812,65449.39254766435,-1.2307957773427916,3.4196768254715835,-5.805997517929086,3.735140437380778,2.43560566177257,-2.1379426424493886,108.9697962017475,NotFound,56.38853192594661,-999.0402037581532,Found,Found,224.85909909758425,-987.8201372583092,276.47387981825784,519.2108267748341,Found,Found,-1001.788519727031,-999,F,F,T,T,desktop,outlook,com,outlook,com,nan,-997.1538828537266,-997.7765407960462,chrome,windows,-0.017951300636271483,0.15340739169898576,0.928524453893564,9.52140285890575,-2.662125729688918,15.83479709897402,-0.5558052707983319,-0.11727446102564515,-2.1921118273922895,0.14422403609675188,0.5301302371844266,-0.5826810305090181
77476,0.7821603,0.46776804,0.05,0.006265852597583031,0.052563375912996126,117.67691821694488,W,7619.541405575119,554.0897529549904,149.6047466865973,visa,225.56827433312742,credit,328.5024281215824,89.7629295725184,21.378409153491475,3.2210872476542214,6.234179883626997,0.0011885118524078767,0.2226426613989445,0.18571268202447389,1.082612001101129,-0.673670116303156,-0.016584045268113634,1.1063121726318497,-0.4684269890519115,1.7048002077123154,0.1316851845652911,3.4814664525560346,2.6540833000114796,34.14732909875305,17.66566404451593,5.954929902474472,33.877541819470494,12.317013381638624,-1014.1528873613607,-1016.8383203570974,-986.1377651740422,39.27126755795081,37.188051446373095,-1006.3868010420908,-981.8415802363908,-1028.5332629646716,38.42942476676823,T,T,T,M0,F,F,-999,-999,-999,-997.7099145967285,-940.5095037520659,-999.6068993952418,-999.9681156552664,-1002.9215392922183,-999.860029991774,-996.6678757820321,-995.5815053980612,-995.2979665309531,-999,-993.0711223534416,-999.1178487115645,-999,-999,-997.8989717992694,-1000.0861633855136,-997.0647299290794,-1003.8251730988688,-999,-999,-996.4976104602113,-999,-999,-999,-999,-999,-999,gmail,com,nan,,nan,-1004.5937103476449,-995.8558554781932,nan,nan,2.0047948736498897,19.0274415497457,12.012699518596836,-7.56585562804939,0.5985774916153294,-0.5706868087861361,0.2546640606071182,-0.07327440248834316,2.3832695208882955,1.3067462172253181,0.9638023465766284,-0.3935436683233071
353225,0.61250156,0.4476391,0.01,0.0025521382703821843,0.02031859825333679,145.92638950703818,W,2601.1653623682287,327.30853271364407,149.98534731775842,discover,102.07160832553778,credit,204.16278082178644,86.0273294079902,21.80085586602104,1.3460899684131924,0.5087520108378474,-0.00011937140701799662,-0.11849854230491452,-0.05861101344267894,0.9340847527486407,0.08238012434524311,0.007067596672910348,0.97033624757883,0.11298783946477275,0.938306756091011,0.8935886530857831,2.475444290178306,1.2535137584998184,22.674714992164166,24.39520180579558,16.919152576136224,16.02047097479177,15.026587266553621,-996.289845554246,-996.0125861228508,-996.9541052473985,19.672737840793797,16.71212603299555,-999.9714395825973,-1008.8479751937125,-1001.3553410436666,25.504206845676727,T,T,T,M0,F,T,-999,-999,-999,-999.7658455365915,-1159.5710863887725,-998.1675473884097,-1000.0637191880913,-998.6253650984078,-1001.9965829935085,-999.4909830844247,-997.3853756805661,-997.8937634880274,-999,-998.405864258272,-999.0816018418277,-999,-999,-997.8677444628274,-999.3915003996287,-999.0955883405525,-998.7367558934325,-999,-999,-999.9010930778037,-999,-999,-999,-999,-999,-999,yahoo,com,nan,,nan,-999.2365305286019,-998.5259302845996,nan,nan,0.9946931001574848,21.965929598048227,2.9918726774680984,-7.589939738466885,0.4061958029419422,-0.5936671648767345,0.34097366215322916,0.06980844174951403,2.4168263264764676,1.6380150278601848,0.9531558878762013,-0.1669195608819227
355434,0.917928,0.43490353,0.05,0.006265852597583031,0.05045744879134531,30.40575081348267,W,9503.762447882902,320.84812947778,150.09671461163907,visa,225.66323388902964,debit,329.3773595040735,85.8425618664828,5.070475564898288,4.15304283125487,-0.024701594874722232,-0.0006132878879418508,-0.20484843379383033,0.08390090580918397,11.769565117607922,0.30915742884986397,0.5951557179681197,2.1514105694185086,0.19753133021351577,1.5723321253932063,0.3870302403241199,62.24812601835987,4.381921506889432,68.76952531537374,29.107232458871707,4.365213236148668,465.57079083452567,29.496234093899144,-983.6675267944792,-971.9413174486286,-994.2578250548181,469.27735453079134,315.0289461503288,-989.432465613667,-1005.3515951708046,-987.972691591665,464.8537409758793,T,T,T,M0,T,T,F,T,T,-1001.6037138589625,-672.8665209836763,-996.3049376581534,-996.4526204938271,-997.1620235284937,-998.0043059430363,-999.7815321366627,-998.2431335013532,-997.1777305170253,-999,-993.5333253851743,-996.532501255858,-999,-999,-1002.3235265427852,-1000.2578287090566,-995.2437145671774,-994.4810827880849,-999,-999,-1000.5416999518222,-999,-999,-999,-999,-999,-999,yahoo,com,nan,,nan,-993.1615817069269,-997.0303369345662,nan,nan,2.0093106191579353,18.03922244078123,3.013036601467124,-7.545646601681384,0.33236257927205515,-0.604907825376286,0.11455949918117495,0.5793501164265294,2.210713915914954,-0.03601865006651915,1.2897589831193101,-0.28737371964534275
424580,0.99758935,0.39639184,0.08,0.011477469205752985,0.09687270298509189,73.59783729149794,C,5765.656503702355,405.24717953251246,186.04722582337172,mastercard,224.66594247925602,debit,-993.4874712501644,-992.541702117999,-998.978992771903,4.174822132194132,-1.2116300989534707,-0.000922723110233236,0.5298983519829754,-0.08353682769672588,0.7516055459530833,1.1013648528763134,0.8903198305148576,0.14918451401969346,-0.5168533803300992,1.266394279128269,-1.1097876488509408,1.0545278453677973,0.3701623090702135,7.977795315981903,-1014.8001940763655,-980.7007264095145,17.666353178287324,-32.79743310798713,43.86763472940511,11.350681692776055,-1.693456315826354,-9.664061149354586,-980.3918841529245,-3.529661909332019,14.683022020349402,-26.735600622919012,-16.7575924310811,-999,-999,-999,M2,-999,-999,-999,-999,-999,-7.4725982340918335,405785.344821328,-0.7705188278389414,-0.8248572497221858,2.414815234536377,4.332481283959737,0.8005270362270949,-5.187071904372601,89.38961006573447,NotFound,67.50437302813168,-1002.7829867126617,Found,Found,221.11858722747957,-1002.946893885211,158.4626995828629,338.22141214421026,Found,Found,-991.5032174013814,-999,F,F,T,F,mobile,gmail,com,gmail,com,nan,-1008.5137878398141,-1002.4613088877752,chrome,samsung-j700m,4.035213110257844,3.045967029968475,3.9586846922851695,9.593625735652946,-2.4585746792179815,15.989956349715277,-0.5604881582944684,-0.1294465201781252,-2.1990705370340793,0.13664510015633288,0.6579755895419044,-0.4499530769720479
270880,0.751766,0.20810267,0.01,0.0025521382703821843,0.021395606968737386,108.42411584314135,W,9800.814449114523,582.1591090776336,149.90559413081814,visa,225.88410506654702,credit,467.81597430868123,86.1999571487199,-1000.2507557408677,0.9177887511288514,1.050527293047823,0.00012962623398198297,0.0761152186380718,1.0390534240609837,1.2513532109511418,-0.14394983688300345,-0.49242881292583274,0.015167407123827026,-0.10564730798689048,0.7370935339640727,0.04826704077654931,2.2919544745928846,1.113164961481016,-2.211388556625652,0.29017280465293865,-3.517124414393687,8.302902384924387,8.985417174236304,-999.3028591047362,-993.6781013616553,-1004.7330512633848,6.307462395169436,-996.3168020603197,-998.7427547423221,-997.2938336377734,-990.960016297636,4.97026056992355,-999,-999,-999,-999,-999,F,-999,-999,-999,-997.7480254794923,-629.845367294256,-997.6102124898866,-1000.1385529668256,-999.3948980301634,-998.9844237224793,-998.4200269940156,-998.1940608634867,-1001.5789015675123,-999,-1001.2750325071976,-999.6075548830935,-999,-999,-999.4872575078033,-999.5692972818873,-998.3165634996654,-1001.1849639278382,-999,-999,-999.2584343508097,-999,-999,-999,-999,-999,-999,hotmail,com,nan,,nan,-995.3433773528932,-1000.5632483674277,nan,nan,4.0000179904771604,5.000043125434939,2.0099404776477976,-6.574334556958212,0.1685696885831126,0.3431785437325061,0.19580870381738133,0.13171692315956318,0.42010404572782867,-0.1303610732768127,-4.205781338886365,2.276023045210237
255842,0.92408663,0.38454333,0.17,0.05427181375432048,0.41875444054042044,45.712303396080216,C,10563.11018772868,182.76043962788467,187.6019382390091,mastercard,137.2190184292569,credit,-994.0796466949366,-1004.8874644318839,-1000.8921255532341,-8.376505521983695,18.22366501307881,-3.142062073460249e-05,-1.9411016515417998,-0.8387420567822748,2.397557673377202,2.0831735644939644,5.615913069060141,1.1888401087677876,-2.9909194626870024,5.676441463031015,-4.05146638601241,3.459028368842162,-1.1520622907638067,-168.2938574951734,-921.5781464651116,-884.0381451553835,-101.18347390649969,87.06108939405863,230.94994964382232,-343.3458629670994,-2.837453211617245,14.597179607630563,-1063.889462297295,41.17484072621165,-121.6715922581104,-25.490666734457257,-121.71123765104217,-999,-999,-999,M2,-999,-999,-999,-999,-999,23.782797235602743,240913.816645896,-7.925244320381694,39.40594751124797,9.754620454225687,-4.045545509965905,-24.61886347366533,8.534335553648816,98.84098583503874,NotFound,59.80864183111862,-989.3086020769172,Found,Found,202.24136389421722,-1017.5800504852182,232.5969304849201,314.94803585479076,Found,Found,-1003.3898463849772,-999,F,F,T,F,mobile,gmail,com,gmail,com,nan,-1044.5435184624707,-1038.253337969828,chrome,samsung-j500m,6.0450253030854215,0.15358459835922744,1.9421077272000336,9.660193165239505,-2.7330042251826363,16.010668373915475,-0.5683125741300897,-0.08687551076068886,-2.2493704627948885,0.17955220692413976,0.5871698311391688,-0.4926340157599102
560947,0.9609502,0.16347963,0.08,0.011477469205752985,0.11713965975016669,26.897551660875024,C,15875.783768177647,548.1358668402343,186.1157748792981,visa,138.29542668139106,debit,-999.6913492063134,-998.3942689560223,-990.0471119455175,2.275879807224955,33.557954360920554,0.004270825475376251,2.869974421100392,0.29290201795758897,2.0518515423742425,1.549386304872115,1.039828535232334,-0.32346569676416426,6.00669362777497,-0.6898551131016646,1.0171328219709124,0.9659610916109003,1.9911748818896422,19.261421801589965,6.455745857742748,43.99886279930134,26.761726951592152,58.491503565475725,35.38922375524576,64.43102162329936,-9.052616786344291,-29.3050745133735,-967.5953194329642,35.06350243471216,22.933264553142738,-996.7898649975826,-3.9933096572637337,-999,-999,-999,M2,-999,-999,-999,-999,-999,-94.14021105922848,225915.60363832355,-0.49023814531597054,8.777216720246201,-12.165218039354045,-42.52914909417757,3.6337363520608505,-2.9846870384998283,104.48208378155846,NotFound,28.165384348536236,-999.5334761667614,Found,Found,220.23153158640355,7.18846532142345,563.2586319038709,498.6617363480178,Found,Found,-990.3960715011324,-999,F,F,T,F,mobile,gmail,com,gmail,com,nan,-1016.8843645576346,-1013.9006521623123,chrome,huawei03,3.988504426795152,4.048955286168143,4.963949592082702,9.544470223898518,-2.2036639157515694,15.977346063681566,-0.7392504781218407,0.456469480911449,-2.056238220940615,0.5968683871515178,0.3235985575134455,-0.7843545779680695
468494,0.99346656,0.07377601,0.17,0.05427181375432048,0.4527950401583233,64.8456958384612,C,2016.2466383396486,550.3461215201695,187.67360934455553,visa,94.82164146318947,credit,-975.7596267274746,-997.5715839260587,-916.7871714965265,4.776465948053593,21.922646598150223,-0.00282049529457577,0.376997622103044,-1.7037114216445177,8.767166189485614,2.334772126695059,2.113627393261875,-0.9628740427963365,9.905939205975843,-2.921373029218982,1.6266027322602303,4.925277276098512,4.8103702676277535,93.34047085786844,-1050.025192587572,137.6506899635703,-28.87334577452567,160.82082140655564,171.31694521804656,101.26728286846588,-14.723546835553957,29.691348243099487,-1074.608177052261,-175.45838617964387,203.58089481546085,17.354573297174095,5.795814821559672,-999,-999,-999,M2,-999,-999,-999,-999,-999,-10.820976126267169,51535.30899611422,6.3796857177899255,-9.676815495674191,11.027178958490367,14.560942547769855,16.6883203355751,0.4960101275617035,45.92817245367121,NotFound,41.936122056259705,-1028.8404398388905,Found,Found,173.38574575524262,-1006.0354985841327,402.80794026931915,353.7966791458505,Found,Found,-987.8211073919256,-999,F,F,T,F,desktop,hotmail,com,hotmail,com,nan,-954.5789927449338,-994.1182227335232,chrome,nan,6.140603580881683,17.649755483500805,3.754580998058801,9.828746319210568,-2.4681147442726896,16.080987668676546,-0.7082545711551741,-0.12366196793399871,-2.1949084799279817,0.22831094577866212,0.8065385199376085,-0.20783379260103274
156116,0.9039917,0.4209933,0.03,0.004056900182200707,0.034069380912458896,29.82830307303267,C,4344.566898175444,237.87878161493995,184.391929527169,visa,102.29556456726841,credit,-1000.071853892402,-997.9418953764343,-999.648856617476,1.0867534995496406,0.3172728280971331,0.00013275783912721807,0.8714695143666265,0.14966696288825254,0.6025176772630711,1.1833876597690736,-0.3194912182963181,-0.034170462959638215,-0.12929369655662093,1.1687672632605448,0.747717980042427,-0.11670403779852023,-0.02535718020704536,-1.2483117003470399,-1008.7732619698305,-980.6928398922206,11.185045548140886,-1001.0215729908931,2.3178521795233413,-990.18067541668,-1006.2453356281358,3.0180861074875054,-999.6416528349805,5.629379316746467,-998.4726460127691,-1003.7274581342532,206.16328216689493,-999,-999,-999,M2,-999,-999,-999,-999,-999,-1000.7397203638124,-1105.515439026305,-999.1786656281344,-998.5065887309687,-999.6854454975411,-1001.0770896145684,-997.3489058055767,-999.0856426133178,-1000.6864609757905,-999,-996.3033967671369,-998.0990201815185,-999,-999,-1000.7531719170443,-1001.2779937625204,-993.5483972164434,-999.0190733838484,-999,-999,-999.5626815587736,-999,-999,-999,-999,-999,-999,gmail,com,gmail,com,nan,-994.1072137107965,-1004.8817016664,nan,nan,0.007000158234966136,2.041908272336144,1.032926464456458,-6.553036487655639,-0.15698037687632693,0.3196256965671367,0.14781826016031518,-0.1795093191375044,0.3182471632568469,-0.9139293453102787,-4.293571178438782,1.453006976081874
123327,0.8842359,0.38479128,0.12,0.02389616287845446,0.17579899020080966,51.98188152880628,C,10004.483720694912,494.82090101076705,184.10242801208494,mastercard,224.61100602951535,credit,-1003.9512218309815,-989.6800527249136,-981.8475814423898,0.21849711904428837,7.1528484665896634,0.003777723411279279,0.0294576120252259,0.4075798318783761,-1.110011214376538,-0.42666603858932683,1.4442064480894738,-0.012294535293504438,-1.469992286298842,-0.42152219495739196,-2.3692879119226093,3.496761791198338,-0.7938118069709361,-15.802906189066075,-1049.34318945587,-987.0923674670331,-27.252334706311327,63.63674637626819,50.75733808774944,-990.0014398395117,-969.2462170627089,34.70057433026275,-956.6591401906733,-27.377831140968315,-950.8569328464724,-1027.2418444050722,-28.59340802067071,-999,-999,-999,M2,-999,-999,-999,-999,-999,-992.9054191247974,601.0586996795755,-1002.6896751132874,-998.3424167076926,-993.7528685887743,-995.1490450786331,-1001.3326854354718,-1006.7112473691665,-993.8083214519822,-999,-1013.4581372866571,-1006.6139451736344,-999,-999,-999.8526794214499,-995.2251037355715,-964.4753352669287,-1015.586126371668,-999,-999,-988.2874873797911,-999,-999,-999,-999,-999,-999,gmail,com,gmail,com,nan,-1024.0759899823845,-989.2165324022237,nan,nan,3.943617860232891,15.98134180713937,12.107820838694387,-6.5551925250179615,-0.16249168792150043,0.312233491561526,0.1679037101385083,-0.19266848018208446,0.3114651099494969,-0.8828735126902642,-4.323254194005029,1.429367750563635
462158,0.99425924,0.20207039,0.21000000000000002,0.0982356594956918,0.6840095246282816,53.99353381739474,C,9320.192334348973,125.28063521021068,191.70097986100814,visa,134.12546712413274,debit,-1037.3175390733657,-985.8786173017978,-997.1874116217873,21.9084658012986,24.16207080908479,-0.012865490966203073,13.773268384404858,0.6591158528838053,6.770295691217582,1.8980868461197642,0.48595160861726683,1.0468721203921194,1.79564043486356,26.034978350234294,29.678510721383372,13.228075079266269,5.017675048437171,-118.13510874538018,-1237.6234461814627,-1229.5701422774785,-11.223099895414594,14.536750021284513,-115.08401473433528,155.58706195933647,-67.75676599428333,27.359184474319388,-846.6037032312674,109.26215678276382,-44.00306435459994,-1073.4291414706909,-268.7281080128985,-999,-999,-999,M2,-999,-999,-999,-999,-999,18.077539663759808,360160.9079847619,21.372165527117204,40.82235080177293,40.277042534054885,-14.883086909381973,-7.58124329581608,-0.34271636675737227,56.39914921797924,NotFound,23.789688875248885,-973.0372240458299,Found,Found,172.5307245053682,29.617157662512454,250.03103860900626,586.5980202595609,Found,Found,-1024.4515469191365,-999,F,F,T,F,mobile,gmail,com,gmail,com,nan,-1056.673234711981,-965.9006708329262,chrome,samsung-g955u,4.009968345904026,5.894170739106942,4.589948512287746,3.076923141326844,-0.4692625940395744,9.790100256659041,-0.7400655461383657,-0.22915088052937177,-1.1958962129046244,-0.5166341700804703,-3.0911181683036455,-2.01565470216581
211837,0.9996501,0.25539592,0.24000000000000002,0.1486439774738485,1.1223222824825045,197.36075715310704,R,2858.8085600365566,467.2394675343548,155.71467033482784,visa,247.6063051834297,credit,388.2025393912095,71.0300100215319,-1136.5093186411996,-1.3658027525153074,-40.30035350303302,0.027785298454213177,-1.4910230419780843,-6.642634699866818,-1.111739785477189,-3.0103137599979677,-2.8593471444376295,0.6390494006323664,-4.157427807087044,14.187255061882968,19.653234709870546,3.1722110570920385,-1.6194156402563085,-201.62825679663277,-788.1938983353181,-65.75854056367679,-1180.0519770592286,-925.4372798129137,-772.9378163220899,10.5584251327258,-90.04481626763771,-678.4059679801827,-1360.7134650735316,-850.5459955078001,-778.4045091288612,-217.42550982426818,-1040.8375860680587,-999,-999,-999,-999,-999,-999,-999,-999,-999,-32.53164933001642,189203.63814343058,-942.3943555608646,-939.4454311457505,-50.459523800659554,-123.09652036509715,-7.460500317795095,5.610736796228252,63.87474276087585,NotFound,68.1263490599473,-290.3903416862512,New,NotFound,82.34646542897747,27.418746230716238,427.5308124939671,513.4598620647811,Found,Found,31.26917449370262,match_status:2,T,F,T,F,desktop,gmail,com,gmail,com,Windows,1250.773616511599,1006.745851203744,firefox,rv57.0,5.033231187912245,19.29747859226881,1.2959811124995109,31.52923752342754,-1.0562670138503685,-4.978796434342583,0.8862028309203754,-0.08638090181017512,1.0109548434164954,0.05674263101500432,0.3269830488895081,0.5434826692347856
217502,0.8943918,0.21167605,0.01,0.0025521382703821843,0.02338530058335733,335.2065047224437,W,15067.201169051521,-999.465919680935,149.7201232265714,visa,226.10795573895751,credit,324.5089090258533,86.87277937069892,-998.1454270188467,0.17058575470067971,0.5818915075043716,-0.0009470393175301968,-0.27034358083619114,1.000274908107797,1.9013775523441883,0.053553268296523626,-0.3792742073577129,1.004672144748573,0.15557811066099703,1.5998989546570623,-0.00629350067984813,2.7455725700650007,1.1608573853870343,64.01386312697065,49.9790469699856,-1.8677297691966395,-2.0362344507129606,-4.859293747052149,-1002.8426677452678,-999.8141061355841,-997.6059925079173,59.847445437210745,-997.48338951977,-1010.06814543861,-989.0580100208028,-997.9096874448744,8.282371145367074,-999,-999,-999,M0,F,T,-999,-999,-999,-999.7063255161992,-793.3862480480238,-998.6031507148678,-999.1365496093613,-998.086930056825,-998.6614153680725,-999.4942248045522,-998.8209635025869,-1001.0149811323975,-999,-999.0793673950093,-999.6629854047446,-999,-999,-1001.9139699784785,-998.8775929413152,-1000.5858222662507,-998.9869768009094,-999,-999,-998.6702988425736,-999,-999,-999,-999,-999,-999,gmail,com,nan,,nan,-996.7909190660067,-1001.3423365293927,nan,nan,-0.0028256728702635847,22.984757567452036,0.9836789776685322,-6.571315543338592,1.3012697504940882,0.3847017059912244,-0.29222927096371354,0.1808123560533301,0.4268615085644523,-0.31294147453708926,-3.7346180876193467,3.600113385804608
493471,0.9339427,0.08856224,0.15000000000000002,0.03954065143898942,0.3236614196488066,41.2437875295651,C,2939.3688787279325,463.9878308611327,183.70710473202212,visa,222.76690111711235,credit,-969.741618787147,-997.8255589004492,-989.946220840269,-1.2751139750273683,-2.458916672594608,-0.005977061012072697,-3.7572374023042405,0.1344655661713272,2.231762642342656,7.22968213631542,4.026077823884741,0.6284490741155508,-2.9443164128386377,-3.627423366697869,0.9182675551878443,2.721299752161009,1.8271085158739524,18.842274076679804,-967.067239784279,90.45788989543745,15.744180699780486,71.98718613697967,102.42527017719289,-182.68953539005184,-31.14352941235867,49.359731138075276,-1051.6383878299848,-41.38104182463072,91.99067138525614,43.850639481389564,-1.8321482172291677,-999,-999,-999,M2,-999,-999,-999,-999,-999,0.9456199309689737,573481.3060733097,-17.54311931724044,0.053679632439298075,0.06325723446377651,-8.898040914063017,-2.7178879028236906,22.013044794092593,84.95341702268297,NotFound,55.843837866243575,-1001.8219910797864,Found,Found,224.86923022478607,-981.2686057961234,408.54511418820914,587.0104979705358,Found,Found,-993.2542413213048,-999,F,F,T,F,mobile,gmail,com,gmail,com,nan,-1019.6734567753953,-1043.7476997982767,firefox,rv59.0,2.089029981079407,2.5161816422841508,4.778023820931593,9.579667366037773,-2.5133463863401375,15.907186346432727,-0.5775014370746161,0.02027515977472654,-2.2365616019026286,0.11328680797516115,0.5696922205059484,-0.5449083542755386
29656,0.9952454,0.3691702,0.22,0.11308859038292954,0.9016878765573821,58.683402803510965,C,8673.664513910013,409.534255702744,182.3002255876701,visa,220.31613825505582,credit,196.3541995471893,53.679933406399954,-912.205769848135,139.53680037960243,161.53023911060205,-0.012284963140834285,47.14476534911592,0.5872747736513606,47.59598598637888,43.07573561113004,31.647457172949764,0.44473823790994427,65.26577442573567,59.69187922652697,49.36948401873723,-0.18062842939035306,7.765457327459568,322.8320082324591,290.3078414346272,-68.14083257000675,428.1032185772133,-1121.316443697745,-274.9306387436927,215.72729422207985,30.685484600337677,92.2030235970682,-851.2267458417325,332.6776552743796,290.52361243475076,248.26586304465113,367.55484305533065,-999,-999,-999,M2,-999,-999,-999,-999,-999,-37.642313380769224,71916.77822450022,9.313174488410596,12.249372672630898,48.86063134778408,81.92162479553645,-2.719842585682386,-25.671079223644256,56.68559242733761,NotFound,14.046685659277728,-1006.3894478172812,Found,Found,183.84788828494368,-966.6984529794481,206.40235349609122,360.3392056560724,Found,Found,-1009.9831079759181,-999,F,F,T,T,desktop,hotmail,com,hotmail,com,nan,-1065.4501669351957,-1028.3246600862121,chrome,windows,5.131100089739723,18.27277517758701,11.70813448253915,9.581256740322766,-1.7464789628642718,16.18870086633622,-0.8138488741466184,0.5994287574903324,-1.9451354034010784,1.030234626115225,0.31812262951753745,0.10815068001094388
235603,0.99978393,0.41427907,0.22,0.11308859038292954,0.8517976477736394,29.555773748329628,C,3561.2673467780405,327.75265464662004,190.39752645207105,visa,117.19982282772612,credit,-1030.7189321505311,-1055.6797392683775,-1052.09211428748,25.89600592316067,-3.86118713377493,0.008915700041329098,-10.400736363936417,-2.628049178712091,-3.5536479891425063,-7.964551371274437,1.8634407411255327,-1.4388123089707978,12.752193697672194,2.159420314663743,5.440919567559458,2.97899914933587,3.8755030852580568,-127.87688784697842,-1110.4083258277747,-1302.1432507260415,318.6536266767093,-0.24475654060575283,79.99415783060782,208.14344978414138,-1.9289511523821985,-160.75674264860328,-916.4702566808971,53.821367546308274,402.3327876962652,143.1560723903796,-433.6335770180408,-999,-999,-999,M0,-999,-999,-999,-999,-999,-22.467080802172404,33947.084449151276,-71.07403554263692,-15.517578925836006,12.62791261743007,-66.97267920304205,79.19479689100751,65.94202427478785,75.69139370014511,NotFound,55.04929225124147,-1023.8248956083396,Found,Found,241.82563343655625,-999.1588590616497,393.03211530687724,522.5538303694481,Found,Found,-960.2498005028842,-999,F,F,T,F,desktop,gmail,com,gmail,com,nan,-1072.864578988886,-952.9524844685187,chrome,windows,5.8431173925646664,8.677082466663322,2.0584270673613965,9.54793740883679,-2.618305752921403,15.885229328462389,-0.5469295570476277,-0.05348205158064935,-2.154758610387634,0.18456513603367977,0.5093178674805591,-0.5245832068395818
490818,0.96957153,0.3270996,0.09999999999999999,0.01672075323499393,0.1303909357678227,40.871052005378104,W,9449.890622210298,319.597646084529,149.69072323950894,visa,225.23533989847556,debit,323.665258796168,85.37793726235766,4.152438512787626,3.8205175113209684,1.6768644211403014,-0.0009089900241410782,0.6475685828869127,0.4700344395331397,12.103547546790036,-0.23368267398338238,1.646571187404878,6.398185894721191,1.834119380074135,4.3528218306059046,-0.0847071877787533,78.58589474470293,5.008709019497413,104.46546397630615,100.23264194097318,-18.1933617354903,5.084337827732922,-1001.1892560231755,-1011.1540471970488,-960.8871935602381,-991.6497863456076,292.2099388816416,371.76277250776576,-1006.09627894589,-1027.229067114169,-942.3877588691231,550.0257372046262,T,T,T,M0,T,T,F,T,T,-986.2495532473088,1333.1655986140104,-1005.946009918625,-994.7896452048334,-1004.791157053794,-983.9212316112776,-1002.3928808008288,-998.7879365296117,-982.9991674558846,-999,-1001.1623578611678,-1002.0960721312898,-999,-999,-1002.5196130119052,-997.6061135349985,-1006.6886279400032,-1000.9847036485692,-999,-999,-992.9546014037132,-999,-999,-999,-999,-999,-999,yahoo,com,nan,,nan,-1001.8977265927092,-995.3226272089444,nan,nan,1.0564852143087422,13.06819193721326,3.954204628444173,-7.524731029129023,0.6895093826621338,-0.5535898687254954,0.09747519730176915,0.3033930995653664,2.2257205696191074,-0.09070880863055411,1.290829651601399,-0.3917270543473543
191945,0.9705349,0.4634971,0.13,0.028378895023486856,0.25330351883896074,26.39526886957161,C,8768.539509550932,500.1372470384557,182.4985198392183,mastercard,226.0477021165257,credit,-1001.041909432566,-994.1742018127679,-1012.9943525392094,39.27435313722918,319.6047648074113,-0.0063953897701098045,38.09640657319208,-1.439187638125511,40.434891151229614,35.42249346345702,50.863870027490265,-0.19422157188701838,68.18388972791232,80.60418076229557,84.17493160710181,149.8194859998098,20.678968005956733,174.9772861231796,131.0461058942852,-57.463983335238794,299.3576883541001,22.96952219330463,202.55311614235944,51.727483572385715,0.6073931281258516,27.1570380731436,-917.3155023161261,284.86215431087703,47.77172307736945,342.5604458554684,252.3892478644539,-999,-999,-999,M2,-999,-999,-999,-999,-999,-4.387272483785864,43287.088378331355,-7.600839261771853,-11.960458440948173,12.767267221743055,4.25613820912406,-16.418131869868034,8.746443643193288,99.14230105887873,NotFound,77.44142602556951,-1001.8352861411794,Found,Found,231.47585285478578,-1011.7818193303566,252.44357638936947,504.71214022724496,Found,Found,-996.3643500218894,-999,F,F,T,F,desktop,gmail,com,gmail,com,nan,-1016.1322640605421,-1007.339236900156,chrome,nan,5.032767713131671,18.445902393867286,1.0700031413093658,9.490818837089593,-2.648328554755871,15.891323933191476,-0.6047377677090623,0.022063304004563456,-2.2164843319110816,0.10287427491846979,0.5489078331840351,-0.5814727738160096
19494,0.94377774,0.0435045,0.14,0.03356392623053241,0.2594368151480568,200.31974137555815,H,12259.189806417675,152.8819423781909,152.8547032385897,visa,226.98316821797772,credit,125.41388576438811,86.66865723167733,-976.1000751530057,-1.494934382277222,-8.685891985591976,0.0031820769102596336,2.40176951675883,0.20940637234973813,1.2782141457536795,-1.3132681614836175,2.956182267772233,-0.3403117427896438,-0.7228421673301186,0.3395421642204095,-2.182951368898678,6.333190283268404,-2.424302339113419,-86.85467058413766,-963.7116058469047,-978.8091867615946,-1000.5935881629879,-1106.443315346629,-849.6765719705163,203.4059250303041,48.69126040393806,-985.6769474448463,-1024.1787474007149,-1037.9519687374518,-1113.883811105334,-1100.015095814128,-977.8487383699016,-999,-999,-999,-999,-999,-999,-999,-999,-999,8.93304535486061,28742.04246006677,-8.69767327707848,10.159812296253676,-11.413074559277561,7.716314225797305,-5.821491486187824,-4.973414940054795,109.53181846525581,Found,62.04481433549097,-539.3204382393164,Found,Found,160.81987629403545,-991.3497924910115,145.67181078326598,546.5629957222792,Found,Found,8.673828729583306,match_status:2,T,F,T,T,desktop,gmail,com,nan,,Windows,1916.253014674227,1067.741815910652,chrome,windows,2.0662169771908263,21.856435808255334,11.981518463496972,32.74211037930459,0.8982783566893949,-5.544237462748567,0.26329075938968,0.15429263319280906,1.9855885585592459,0.24833485788209914,1.3268463359597258,3.686061178035568
526441,0.990473,0.017230008,0.15000000000000002,0.03954065143898942,0.3309873249804893,16.6524638641078,C,16079.981961530097,191.6587536442613,181.89856526445527,visa,137.53079228004157,debit,-1007.2801789418238,-972.7410400573061,-1003.3255952230695,0.7393398443325108,17.800001668467573,0.009425308686692353,3.687500012623188,0.1003582211976708,3.304730353367561,-5.038348069471374,1.7734381000929678,0.5495951496279319,-4.268119551334876,-3.829258406736514,1.286600352026162,5.3482375846129955,1.7785958898914345,-58.07781821504071,-1019.7863742033643,-976.6374059426231,-9.58365099813837,-140.50612412327564,38.504021275492555,-145.40067912753602,-22.951824315677708,34.307250758074986,-1017.5050357066699,19.836440028665887,21.891803563014545,24.12489250389186,-43.7604993810491,-999,-999,-999,M2,-999,-999,-999,-999,-999,-8.306689498573405,893907.3418776934,0.512440638288922,-8.29295597584894,8.529855939529511,25.66315413676898,5.519880045088371,-30.601425444733422,91.39557253140731,NotFound,80.5544312728149,-989.2165726399594,Found,Found,208.03654939745059,-982.2416622717747,253.1240198415096,539.4708899558069,Found,Found,-1012.8296603754162,-999,F,F,T,F,desktop,gmail,com,gmail,com,nan,-1006.0465306929123,-1019.5668860370513,chrome,windows,6.011139855146274,1.2654424424574842,4.79964295875035,9.579055949040448,-2.6517661524426535,15.988730412448346,-0.5905925666145988,-0.060835167631636454,-2.154832583633181,0.11841912399198502,0.5954940526939829,-0.5734876545542983
11486,0.50792706,0.32519037,0.02,0.0032300924127905565,0.030339142735500077,553.7389588280809,W,15021.785162711423,513.1063075900075,150.11533844814153,visa,225.81440174114002,credit,231.35445254197037,85.61939458067779,2447.6285353349313,13.808630914762341,4.385842911993233,0.00042930005185896035,-0.08657255146502951,1.0493143948256263,10.157464905788876,-0.23418745767072258,0.10093458054877491,15.023939778203836,-0.3823981383333548,4.094846751989465,-0.056475038108130704,30.037156234837155,8.766186424777144,221.38043008193762,158.57514441751982,7.658275180758482,-994.9176116677447,-987.8972460764063,-991.5804692023424,-1006.7822348443757,-999.8443129271781,298.25850409899954,-1006.4557970341101,-997.2374835485914,-999.3214867012052,-1006.9048969571022,-986.5630213153128,T,F,F,M0,F,T,F,F,F,-999.3071530448212,-1375.9739001831258,-998.2975378115599,-1000.5411915342585,-997.7610407346835,-998.1559781042315,-999.035948139805,-996.4198354088245,-999.0286835156853,-999,-999.4408766507419,-1000.8987710514017,-999,-999,-999.4043559372002,-997.9220935037913,-996.1197957091647,-999.3130849509398,-999,-999,-999.7892279240324,-999,-999,-999,-999,-999,-999,yahoo,com,nan,,nan,-996.1459532014799,-999.0509064921765,nan,nan,-0.002299491510773244,22.020420432376724,11.991714905120364,-1.411352373015747,1.0876630302336616,-7.267384673281066,0.09413535073688259,0.5383410736652469,-8.71663952925489,-0.22828884569226746,-4.509446688626577,1.5236934696726567
154903,0.87892705,0.3473737,0.05,0.006265852597583031,0.04926285392114883,23.78303865123715,W,15057.544649721494,169.65140111871338,149.88135094630502,mastercard,101.42999101663725,credit,127.317430771348,85.57993630897366,-1001.2020093835094,0.5987864894694912,1.4442575025491742,0.0001353669569026843,-0.6248091777112021,0.159186349747916,0.9565924955150322,-0.31170820885137784,-1.7899667234251018,0.9991225539591815,0.11743024397433999,1.1116187815435676,-0.4913892235486941,3.3126659634021607,1.4233754151885902,16.50993231748342,15.892204025373777,-5.03763714365606,22.815192006421356,-1.829133501351096,-981.7978405687664,-990.1033277801286,-991.251286299893,12.417925836113449,-995.7827517759578,-1028.6040730481086,-987.1917763521118,-987.1740625423861,18.27527659604466,-999,-999,-999,M0,T,F,-999,-999,-999,-995.7468584118994,-813.588240194309,-1000.2993404552295,-1000.9122431833912,-999.1478648599619,-999.926821609876,-1001.1836675706556,-1001.0986800243084,-996.0596257926162,-999,-995.8758798070451,-999.565006762198,-999,-999,-995.8434616030843,-995.9263012730004,-992.8282772865199,-1000.2031440137521,-999,-999,-998.9035428281604,-999,-999,-999,-999,-999,-999,aol,com,nan,,nan,-1002.2230913036808,-987.1623334818712,nan,nan,6.0034841753060295,19.94509041183879,0.9895162132894466,-6.5730484418416495,0.5046031431798952,0.3681249777911533,0.08439611931232271,0.11028884010775834,0.4119815691714245,-0.23667960326091605,-4.216127764893257,2.191330712622672
232470,0.9983765,0.07848984,0.31,0.35858330855333026,3.1352038484275493,92.86697269455945,C,5698.519143075127,415.06902628845364,179.24457525466283,mastercard,241.90787530836872,credit,-1002.3722057414584,-987.8187319558396,-846.3300231963142,324.48931028728555,256.6737430245121,0.024058417696789056,62.23446577933273,22.031798306298903,102.84344876118837,76.16750277216458,203.1007774938868,-5.875213138313078,16.788951296358583,151.8690650941326,140.76719392648207,88.9470320075887,20.406135114979477,74.4885453172272,-1138.0396694703586,-424.49927550869614,1199.219244464854,-850.7829691117545,-1381.946125281335,1763.311435335412,615.6470368534322,-1200.7805389639846,-1542.963823189601,-514.5417045699409,-318.4705964200688,1695.2204041437067,-301.4165413524632,-999,-999,-999,M2,-999,-999,-999,-999,-999,-4.2018527893116016,47938.03521717949,49.312889514080325,100.0348466537464,81.9953825043965,-192.92426917050523,-50.98497492695833,92.18736852409108,37.45692996280525,NotFound,-62.100839459756,-1087.7332033600387,Found,Found,344.74055094593643,-1024.559041283204,141.220460532802,788.0749961626669,Found,Found,-1024.0677972164315,-999,F,F,T,F,desktop,hotmail,com,hotmail,com,nan,-580.4529449321332,-1033.8200689536507,chrome,nan,3.8847708419502807,12.591455307015629,2.8130591328862495,9.951197456734478,-2.3309919203928304,16.273378687686304,-0.8000224713581116,-0.06001891059256559,-2.3959898155053296,0.034863977938800916,1.2280358883423097,0.8622620270809227
438546,0.7597118,0.48142815,0.09,0.013888290969627364,0.10833774612546514,148.65930818232755,H,16738.598400581617,171.1189177610453,148.89808452579047,mastercard,102.55970823290956,credit,299.4292227195449,80.85853724056336,-979.4152113915329,0.9432308841202257,2.254963749333262,-0.004617189477004994,1.4853495322472021,0.3431260235867546,0.09412141144318298,0.4671007986880893,2.4048824090167185,-0.054838637098440834,0.09806747748641964,-0.44514942818488734,-1.2105144710482563,1.1499719723070072,-0.10033292799026405,-0.5025483799476961,-993.3405105307653,-967.5757967207037,-971.0863798779454,-972.070643200604,-990.8540481974381,-997.8422476235086,-985.4421828465125,-978.7310978207913,-980.9608108856518,-958.788364318698,-984.543347742095,-985.374148387285,-1017.1607370720433,-999,-999,-999,-999,-999,-999,-999,-999,-999,4.32245393647861,125111.09175974093,-992.8156057281316,-1006.3875165108184,2.417272534875451,2.9140601180757812,-1003.0045243148883,-1001.2971179798656,101.29902844350738,NotFound,71.92812403327775,-483.4011717650721,New,NotFound,159.98321805599824,-1005.7960822799018,556.2338441189694,220.1313769572588,New,NotFound,27.947065942508402,match_status:1,T,F,F,T,mobile,anonymous,com,anonymous,com,iOS,2425.3847538179566,1131.1807862281007,mobile,ios,1.9336672644128143,5.91949969399057,4.04212129308785,31.167084088460715,-1.199474164898717,-5.408369152401514,1.171339242680568,0.09490385522882318,0.983264565064795,-0.10264881448916273,-0.19500296691564786,-0.5327875494500035
187202,0.70255464,0.47978386,0.19,0.0734769996100588,0.6739056431443856,396.05878712314734,H,10648.278059144397,492.63039435239136,146.35555162458525,mastercard,133.96744413329833,credit,301.20157170547577,100.35036119638275,-915.7038218376673,-4.725259131799589,-4.84242951942592,0.032390685604166435,-10.16706372110491,-0.9242308776786645,3.0759453408882846,-2.1592476124875253,1.3419825438323683,-0.07037912577207628,16.052684661833954,0.1944857703413856,-10.489888993217242,4.188228094339788,0.9070773587913692,65.37109339491077,-1184.7902599739311,-1044.447825675593,-874.7057998757311,-1165.612618990954,-1013.2012620777037,50.43108009187432,-70.2789462298282,80.40270738774004,-1244.5103812056086,-806.5610079652397,-1035.8568039508098,-1016.9057124255637,-1049.8877768999357,-999,-999,-999,-999,-999,-999,-999,-999,-999,53.3757207569746,159810.50020321738,14.36701895342685,-34.041334018831094,-13.941792874201496,-5.150187446452264,-9.634150320661206,7.301001443590735,139.1603271331328,NotFound,-1054.0981395866152,-300.3838877175016,Found,Found,127.03600962317853,-1029.2992156208707,330.20779613362436,200.27472207831022,Found,Found,0.1641562359495765,match_status:2,T,F,T,T,mobile,gmail,com,nan,,Android,1317.2061727484438,646.7111409831259,samsung,samsung,4.221855263346733,-0.09683636362567682,0.9933749166532166,26.69832827306505,-0.44600508329287325,-1.1741767473942424,0.22190386447337723,0.029892079651072503,-2.1295223498849354,0.49050816234769645,0.5576649053821966,0.2305628433991949
165914,0.76259696,0.43078876,0.01,0.0025521382703821843,0.02198645634740087,553.4907777918673,W,18229.01351854283,583.0763536868036,149.8844723295265,visa,225.9944471040354,credit,125.85215616829518,87.52353560462397,3.2674275577550134,1.9872636671215158,2.0262645186906347,-0.0008692132839666173,-0.14399522528462416,0.021695555501697328,1.2401647259637194,0.15691718475487137,-0.3584271710960989,2.0170970685607807,-0.038543338240454084,1.5554845726517126,-0.12626715288853152,-0.2596772889351797,1.075805169976463,-3.11730908153044,-1005.7424284014967,-0.7104431717218391,-997.8540577768736,-994.6389690872293,-997.9756599438848,-1006.7692382255777,-999.414588027136,-3.628449773790539,-1.5811599825655096,-999.5669583764235,-1009.0961856919273,-1001.0024935902716,0.7016078171422233,T,T,T,M0,F,T,-999,-999,-999,-1000.1569644307035,-763.1983960584112,-997.3552209697013,-999.7179650036047,-1000.0650718531286,-999.5043738278855,-997.9954284649962,-999.3547788030128,-999.5052355668242,-999,-999.2976595960213,-999.7659668194622,-999,-999,-997.5802458948306,-998.9276638517796,-998.4638931860181,-1000.9622058773733,-999,-999,-999.0212567039729,-999,-999,-999,-999,-999,-999,nan,,nan,,nan,-999.906005483749,-999.2783128125984,nan,nan,3.0062828719459946,17.97837291284755,0.9977878913413907,-5.793073270257734,1.4529315766701965,-4.084837924862061,-0.1140372286998064,0.09742865854727963,-5.356675871943025,1.5691665484365651,4.286384845521774,0.7133516545321075
558764,0.90882194,0.3985044,0.01,0.0025521382703821843,0.017468057505430276,119.25678578538798,C,12562.621609379737,320.7067429684103,149.8354480056623,visa,226.20178767043106,debit,-998.6124016135129,-999.4112505692923,-998.4813454161795,3.115885422264892,2.751905021748163,0.0004402340462948944,0.9142702064926462,-0.006386522650426052,1.0079350095525026,1.059759224214586,3.033550267357397,0.04656637431901611,2.7595886961091867,1.8343549139791016,1.8942906287151096,0.9118841433276188,1.006876418505537,2.3001453824606743,-996.3103913615146,-998.1044611402926,53.57498440066774,62.769044998185116,57.02378523275081,0.2224758443635509,-2.3871863498955292,3.577251700494298,-999.3917986042663,56.795632843379394,5.661721851196521,27.017651757084387,142.60333876303037,-999,-999,-999,M0,-999,-999,-999,-999,-999,-9.206092007133861,102355.72094879956,-999.2184226568334,-997.6644883663998,2.7177323127145883,-4.409254344699434,-0.22325245613512834,0.2061388595830067,95.01276653133186,NotFound,51.545579294060644,-998.9538863655097,New,NotFound,224.81738402357132,12.682026871218227,175.88467868379655,126.70103726057232,Found,Found,-999.4133310133368,-999,F,F,T,F,desktop,gmail,com,gmail,com,nan,-1002.1578877767621,-1001.2002986032242,chrome,windows,2.988104870457563,14.000045449284103,5.010609379511505,9.590808729784072,-2.664489974485925,15.925375807123128,-0.5833305458450553,-0.11451950975891159,-2.1866686839339513,0.16656215744339356,0.6747183529481022,-0.34981823805181034
310869,0.5524527,0.3704474,0.04,0.005058857517455529,0.03745449906041796,13.4384201501544,C,14516.2308844781,500.4941471959154,184.9344737052114,mastercard,224.6550703477625,credit,-997.9236596330966,-999.9649907663564,-994.0824349171594,1.1992289857895067,3.0352651235305395,-0.0006696545931256549,1.2681499674210026,-0.10737468287905738,0.7075136259687493,0.6347483979210051,0.7162970227378294,0.12165362140571201,2.4641576133874534,1.1771215431805988,0.3612465333686834,1.6029085352553665,0.746601034472131,-2.746137943682782,11.013879297949062,0.5744290788861753,11.578922141323554,16.41557248894141,5.5868101196368825,-2.698747155660209,7.1986897305991615,6.938672982685639,-1012.9978778301955,1.34849099597806,3.6060856663894896,-4.7605951473682095,314.9414325908888,-999,-999,-999,M2,-999,-999,-999,-999,-999,-5.716195585724563,119057.5742808503,-2.3781343271447213,-1.8267475720516586,0.4369683427385098,-2.4209917016116833,-0.7281761028539222,1.5680769636104515,99.89074992900225,NotFound,48.571366576378296,-998.5413262016732,Found,Found,223.69614332702747,-999.7271212716549,290.5639183720648,398.51572685979784,Found,Found,-1000.1048956991989,-999,F,F,T,F,desktop,outlook,es,outlook,es,nan,-997.5543648317754,-993.7532984827208,chrome,windows,2.9833140820484094,22.96726883521484,1.9809268856850655,9.51266869452203,-2.6130110075471946,15.864986761525806,-0.5659037664732514,0.04997181392662498,-2.141301612131176,0.3035973366164324,0.5032843364044716,-0.5723077725093857
468929,0.9824713,0.27177915,0.12,0.02389616287845446,0.18828292027164456,172.55183375694742,W,7353.506413129787,555.3357086306269,151.07712231991766,visa,229.4779484350099,credit,508.51829156793053,86.31967380522528,22.23665411686102,7.188786781783354,3.5443935362093466,-0.002915640790832519,0.5177308012528026,1.7257833177570534,9.346857168456543,-1.9141564005256821,0.3977215579760882,2.9778908832026367,2.123737753899647,3.5631860116285425,0.2666628363947261,19.897744497787766,2.261182600984812,56.986080974899544,1.506434006343157,-16.283284355276134,-988.5558677576977,-991.6998066817434,-944.7299258193234,-909.2711392804619,-1019.453528694589,74.11172798396254,87.98620965753338,-959.258606721021,-972.3820898640206,-1022.4211665170375,128.8635040091425,T,T,T,M1,T,-999,F,F,T,-1013.5218137583252,-2492.076580456531,-1010.3175114372054,-1000.1040923368748,-1008.1964299711397,-1013.1641967432711,-1003.3868674368537,-997.3169698554643,-1008.232082490558,-999,-1000.0341373192683,-1002.0858474487679,-999,-999,-1004.4711195597117,-993.293743190732,-1008.5723671107198,-1029.3281139352619,-999,-999,-985.2199904750977,-999,-999,-999,-999,-999,-999,nan,,nan,,nan,-1014.7460558875442,-971.5247753258664,nan,nan,5.9656680143716345,19.85404545724041,3.9732779035330212,-5.805827447390422,1.0465690628812578,-4.108179145518305,0.20507369199519054,0.3355100306891155,-5.36506913640079,1.8068617740082566,3.6512448650460936,-1.1852611053900624
10591,0.65241677,0.44008988,0.02,0.0032300924127905565,0.02812603866542202,31.004629212024724,W,7730.26657338041,416.29836872394435,150.4829636550876,visa,225.5386521846244,debit,308.9225917911619,87.2966118267847,1.6228573397787613,2.307366622190896,3.5029763460163874,0.0007474482133524507,-0.02662692000809841,-0.029847572216809226,1.7898196131151725,-0.22397933004486914,-0.05133294700083013,2.969908725895934,-0.13622468912496277,1.0176160860878998,-0.023028470075039387,5.898068507065716,1.7698794472988473,16.87634088704129,19.399619572618718,6.025082583600038,-985.2798262125528,-998.7977367445773,-1002.7089578024344,-1009.5253822643439,-999.0068194233493,13.545065902761865,-997.9842611302274,-1000.1643633460097,-995.6752193156867,-998.4383847462573,-982.2176930109124,T,T,T,M0,T,F,-999,-999,-999,-999.6462073251244,-1031.350154323387,-999.1514502625836,-999.4574473607769,-1001.4858440172459,-998.8869547619463,-997.873236740013,-999.895614162551,-999.1882771961165,-999,-998.1537576722023,-999.4984684317735,-999,-999,-997.9766567736009,-999.4946951644775,-997.9343869376238,-1000.8866976751718,-999,-999,-997.6134020275637,-999,-999,-999,-999,-999,-999,gmail,com,nan,,nan,-1004.4020083561279,-1001.091575298899,nan,nan,-0.0025087242954953126,18.025380303786612,11.969159640083195,-1.4199400419875199,1.025756080813454,-7.256317247333768,0.22446795504128284,0.5491508637483328,-8.66295104881266,0.1660052710698323,-4.696416622826184,1.1854054638173595
348624,0.88788116,0.46443477,0.04,0.005058857517455529,0.03882560188143799,148.1499717943746,C,1462.6088495648564,408.9266836086463,185.18667175974815,mastercard,223.80164505230073,debit,-1000.5194311028399,-1000.8820800188499,-1002.1642591959721,1.0916597444636533,4.953701232156584,0.0001387262408152623,1.4108350382662533,-0.10253930469565553,0.7236049617164007,1.423006583925873,2.000657065959459,0.05522232629074253,1.3230106774366055,0.006031431501595463,1.3745505957048967,1.0824149381439767,1.1577143377896508,277.0395987175091,293.53051048055795,2.608679403367218,-1016.9931215893954,-989.432612826623,-993.6402219288802,-2.6702352713751694,-5.2343131815549135,9.717956866009299,-989.5614180626104,-993.9729186853042,-8.617323057193293,-4.638973823503003,-1003.1084176589353,-999,-999,-999,-999,-999,-999,-999,-999,-999,-22.401664660399888,231322.09579174174,-1.1315859740769838,0.8914151428646164,2.261771087768352,-0.05190396792795582,-0.7257396356122854,-2.2018216825795207,102.66600272001494,NotFound,50.13098231952165,-999.4033333619849,Found,Found,220.42766846069026,16.022842231127015,423.1111960209379,126.14294251430215,Found,Found,-997.8118913711667,-999,F,F,T,F,desktop,nan,,nan,,nan,-997.0386676835917,-995.7573797845703,chrome,windows,0.004557345014776004,5.9744241098684,2.9931679991760514,14.8470686478476,-1.5391916384139679,8.437556245909208,-0.6003619932111004,0.22501264622917205,-11.25595913357623,0.6901166459472233,0.39334899876331525,-0.6778196518383371
446549,0.9985066,0.006622532,0.2,0.08508720268939021,0.6604001740410819,42.478477528366724,C,16255.278924452761,569.9946681403345,184.83694175753695,visa,139.20811705947963,debit,-1000.1191346775413,-979.86637707807,-921.1752845399931,-0.8458515264962632,42.99556043177137,-0.0022291154217707653,14.067568663747487,-1.0050514973393962,-5.218464659926271,4.734736380749133,5.579029399765529,1.1516152146843432,12.423163627857544,-1.454974510884659,-2.169187094215168,3.923170012845862,4.126170974198131,146.19717320602913,-874.9962109634679,-957.2860489818565,-119.08372226316494,-1041.969890464269,86.23601614511205,340.94157359519687,35.09593928246267,24.92774521320771,-987.4900987094625,-163.1941618916035,310.85172382291387,103.4156345197268,123.64437128201044,-999,-999,-999,M0,-999,-999,-999,-999,-999,-14.504721687854385,138375.2613258027,22.629784890890733,-14.129190448619056,15.964836200098375,-17.313188120862492,-5.3640229227653435,-7.560684185786158,50.49164390469684,NotFound,-37.697145537437564,-994.875043549336,Found,Found,296.3970187057813,-1029.096775915408,200.59216510026215,635.4805388632839,Found,Found,-1035.3096757303604,-999,F,F,T,F,desktop,gmail,com,gmail,com,nan,-1056.8080534788246,-1019.9551626452715,chrome,nan,5.150822687999185,8.943499459543782,4.405504764517097,10.000747195584047,-2.341840095356798,16.392706618322613,-0.744498239195166,-0.1522655095995557,-2.298183837103212,0.2587780651379587,0.9173376275374919,0.035544671117194615
73243,0.95603997,0.28881663,0.08,0.011477469205752985,0.10621339868431506,117.93211172685677,W,7589.978227884492,555.8724293727158,149.2609400593489,visa,224.8705352386697,credit,445.1164248371723,90.55115316482832,159.11966768025468,-1.5293762415030177,0.043079759187369504,-0.0016033862055566707,0.037133587247212496,-0.7269946429297214,1.7015394152566623,0.17113746619086534,0.15732693369707906,1.6138176785699554,-0.7557835465697282,-0.8300482858070275,1.9359894573721732,2.5463798238678486,-0.40622433560703186,20.589466820692305,-2.0766116534435026,5.8307250840802665,14.24903900245946,2.1189113356175224,-984.4603270854187,-942.1029606109876,-1000.5273300926901,-0.41947360748708684,-33.90903626892571,-981.9764799280587,-983.3083418462104,-1046.934979946103,24.726242366444936,T,F,F,M0,T,F,-999,-999,-999,-999.3793612597328,-660.0534102379461,-993.65580534625,-1004.820470396579,-996.2480253590059,-998.0553372664475,-992.803601535082,-999.2572553607454,-1007.7726632676138,-999,-1002.6085822157152,-1002.0505901504303,-999,-999,-996.051424506197,-998.6670346359128,-985.712578446482,-1002.3089027381143,-999,-999,-999.1765030795353,-999,-999,-999,-999,-999,-999,gmail,com,nan,,nan,-974.5418872636659,-996.5935936113209,nan,nan,1.0183156247124168,21.99722147158431,12.095880349413768,-7.542784650560773,1.485015091693038,-0.47711445409828673,-0.0690681138729757,0.11093134225381844,2.3754145497396877,1.0791324957450659,1.117453421037671,-0.010536788289570453
256512,0.9993299,0.099387005,0.22,0.11308859038292954,0.9773315288406829,83.32638582683535,C,4813.888497958112,340.49796929662494,186.7859180028046,visa,87.07701436288268,debit,-1001.9515391946697,-995.2523891469734,-978.3162097552437,23.81194645588186,30.75329542588034,0.005011293069718475,-7.522079149308197,2.666143737628534,0.7698782382915503,4.374358311309242,1.3559297780769084,2.3107033591790604,-5.334748890194269,-7.958290584335229,-9.86509897783727,11.489557817379026,-12.642251523466713,-41.769250571718686,-577.4394401870172,-1286.8375597102133,150.94798719792269,-43.28813539442962,-88.11915283255013,375.11388720768656,-27.057178872490454,69.53518578694714,-884.675475168772,141.720690822396,257.4811159286465,-325.39185983903695,50.83161486342379,-999,-999,-999,M2,-999,-999,-999,-999,-999,48.2614139543781,58951.75420432398,-4.84672084111412,-36.61746934377334,50.53181572992378,90.06292308420132,-11.128285879568807,-67.83007389417355,109.87462895399494,NotFound,48.36255948769849,-966.9179762502503,Found,Found,189.14421554020407,-1052.4155006605902,137.52549213973737,583.5220226694338,Found,Found,-961.5186484565672,-999,F,F,T,F,desktop,gmail,com,gmail,com,nan,-1144.5188092088442,-939.685159502489,chrome,nan,6.239202294929154,6.326946842911802,2.26922643762792,9.448790909625703,-2.7482202153472923,15.886249351624231,-0.565169296005169,-0.14098920864379447,-2.1134864208154185,0.1567636166724051,0.32119014317728845,-0.6321595214355045
362817,0.9991254,0.2801267,0.22,0.11308859038292954,0.9320208418572093,358.6326729543101,R,13976.730492764502,592.5972652875311,144.76525637646046,mastercard,211.4060412949517,credit,261.784809756951,95.9355135996745,-935.1383585936981,-4.707621821697153,-7.437450072343513,-0.016542884399034594,6.218465366242389,-1.1767220026579865,2.7453766775344226,-7.491455440000173,-11.516823024499276,3.483073690305284,5.751076826433133,-10.063546104484471,1.0056912844673267,3.207255001139689,4.882497959162773,-198.9240398605193,-1118.9942692851496,-959.0382302564184,-1060.9624104448126,-881.9789516720031,-768.2482824939417,259.42948818697323,-72.8780220628308,-1460.567741057204,-954.7526682385298,-1160.5666782152978,-1045.2606378723724,170.32096830837955,-967.4745910411424,-999,-999,-999,-999,-999,-999,-999,-999,-999,23.876052018651762,355913.8179005477,18.975498085789468,43.79209855051931,-15.47134830160121,48.67258064900989,-8.653774580040249,-39.01095909129867,103.06531863219607,NotFound,43.823443143009285,-300.61412423157844,Found,Found,177.89720698495728,43.21138738300067,290.7216620463388,507.71653589581786,Found,Found,61.62325944026202,match_status:2,T,F,T,F,mobile,gmail,com,mail,com,Android,1235.0074025017275,506.0232413596973,samsung,samsung,5.3598140130533665,-0.0911456024953452,3.26674519648923,31.621643209779407,-1.26463691025977,-4.929116543639246,1.1292022870660574,-0.12641144350000671,0.9378697136773982,0.04542552035886063,0.304033523900956,0.13026177295031605
248000,0.9662507,0.24918436,0.16,0.04640734643340897,0.37754606067656254,166.4110262663169,R,14406.824792417361,209.13372159069846,154.24287018918187,visa,198.83433700859757,credit,195.01208737620942,92.12609470761191,-972.0010160976115,-0.09436610831154546,1.0221400600540793,-0.007380457557299693,3.048490136485918,-0.7253905542253287,0.0501286493589852,-2.9792068509238874,2.325205590861324,-0.8653338417466001,-7.872372996575881,5.661187394878902,-4.975037898028808,12.129024203784155,-0.13120434699519024,-11.898922006746925,-1066.5738431004902,-986.4755583581355,-1059.2834594393173,-1113.7271640920153,-38.76757599057181,-324.15317486220124,27.70396325118048,-991.0219449895303,-980.730917699582,-1050.8288099597562,-961.0941236979316,100.25871671332911,-2.935067494127738,-999,-999,-999,-999,-999,-999,-999,-999,-999,12.105043960028866,277126.692703075,23.858702269725995,-0.7650041155486633,-33.60054449057577,17.980992120358678,8.317218856092722,-28.893866820182097,82.55138122236895,NotFound,72.22010124937788,-300.0173539547533,Found,Found,160.66376300820752,36.940191130968174,562.1507710763982,490.1457407949466,Found,Found,45.674051730773385,match_status:1,T,F,T,F,mobile,yahoo,com,yahoo,com,iOS,2269.397618622094,1219.99837156313,mobile,ios,2.9830254058194856,15.57721983280645,2.00952374425973,28.191392069635224,-1.6180501162187197,-0.8449997464567549,1.0601152191661405,0.05101655830967619,2.327445139958947,1.059965319264447,3.0773312914284037,0.010008628421659841
314491,0.99841475,0.40830857,0.2,0.08508720268939021,0.7229324476520331,501.4710608686547,H,12923.985073170603,415.7760048269238,144.0803186528979,visa,233.95658920006326,credit,337.39877288917853,85.93887070188103,-1039.5935523048142,-18.21840472588457,-4.045279940068262,-0.03560851209657256,7.70567635631762,-0.9382251572839984,1.0780421958207,-9.136016192389855,7.3689012743766185,-0.8207798687395407,1.9760553761643709,23.312564335526183,4.74635179249577,7.945927259863456,0.41876205795685184,97.03849926444862,-936.0205160827086,-1228.227119217829,-1080.7112931492647,-1033.4240560111787,-708.1109850116385,-878.4296363580572,-1244.5443596190144,-1023.8743834392546,-1078.4382704787445,-1030.8112565666556,-914.7556400082614,-864.9172910831969,-1057.0395379806478,-999,-999,-999,-999,-999,-999,-999,-999,-999,3.1982119750550737,182542.507809848,-1014.6686201013088,-1016.0057698395796,-20.287894841571074,59.10080671097046,-995.0544917944292,-974.1176725182904,70.62342511868246,NotFound,-1020.612103484016,-327.72647797670277,New,NotFound,204.83600304975062,28.513632343187965,359.9738362598424,359.40881856351996,New,NotFound,-26.670163952354415,match_status:2,T,F,T,T,mobile,outlook,com,nan,,Android,1196.433319949926,724.8732942831041,chrome,huawei,3.9522643972623404,22.4435494505335,2.822913718097121,31.313482523160722,-1.1536694860508618,-5.631102704939053,1.164546952708155,0.17448895950185714,0.9797836271862305,-0.2780832539112545,-0.2360087194832542,-0.44690552019371643
452134,0.98008144,0.35921252,0.08,0.011477469205752985,0.09285701751129466,73.64727413486541,W,18128.790073636574,480.0369067024136,150.31061819040332,visa,227.12841385935786,debit,334.4501024132352,82.02214629638581,453.4563744277782,6.412111564057026,1.7654453494380036,0.0005845038983362067,-0.187655371301366,0.45627215824155076,5.2300513674414155,0.5580694785127975,-1.278602688379558,10.940978562754449,-1.240943055648975,3.3868408862140535,1.7114072414516142,39.603353866287954,5.0085287630499895,110.22373780650739,41.81844405857613,-8.692954393993057,-995.5836559465891,-980.3098728050265,-987.1028414706028,-952.6308063328465,-1011.8909206168626,635.5470698068987,-8.093395664283372,-1010.7970880642732,-1003.4516356260139,-994.6740953562276,597.4129669307864,T,F,F,M0,F,F,F,F,F,-996.9507441683984,-2428.531684757916,-997.004245202037,-998.844874337456,-990.8812603479612,-997.295542550071,-994.5920319377911,-1003.288141193375,-993.031115344015,-999,-1001.6536427136793,-1003.7942796767315,-999,-999,-1002.6914846810724,-1000.4929672984995,-1000.2683702052899,-1000.3008339361854,-999,-999,-995.1507032863974,-999,-999,-999,-999,-999,-999,nan,,nan,,nan,-1001.9583065008594,-1011.7042798768177,nan,nan,-0.00957895437597811,15.909970950279629,3.957847157705605,-5.86938508101478,1.8966837854685057,-4.121528369864504,-0.0686735972128221,0.9383468267419558,-5.344931981425028,1.7424554047059626,3.9894691373720175,-0.05695081117366225
36827,0.81520694,0.27818137,0.18000000000000002,0.06325205919758363,0.5176261789527701,508.27851099162086,R,12141.65733451589,492.09863116214353,146.32415898508611,visa,219.9294838242679,debit,221.79767813369796,77.51821371618108,-954.5287869620641,-1.7343125263765362,7.367331764373198,0.013231419321072826,4.060759705653058,2.736228036083621,0.7135992256732404,6.286935135778369,-11.69987673155824,0.0983996216169496,3.9328969221155416,2.211806899901342,0.521345972650884,-11.023889549632194,3.89286016590534,-87.74351243460261,-841.3927845731187,-1026.5853632846527,-1021.4124256434606,-747.7676545937916,-1067.1332013649587,-972.294939992223,-1056.5065865933386,-1080.159238741333,-908.7955520156372,-1243.9275994608847,-999.6907707375906,-1239.7067219430635,-1010.2058439836942,-999,-999,-999,-999,-999,-999,-999,-999,-999,-32.70890103561544,428600.95031648735,-1015.0207153688477,-990.8073575627469,-3.1517113086058544,9.997479684889981,-978.6558158442967,-1027.2608410221544,52.033029548355444,NotFound,7.22650711431902,-294.06300391180537,New,NotFound,168.52369250417917,1.429598904544605,376.9572892894324,613.1345425828166,New,NotFound,28.243657670624316,match_status:1,T,F,F,F,mobile,gmail,com,gmail,com,iOS,2191.4156352641403,1251.8192075020065,mobile,ios,0.062177141143866965,18.728645936827128,12.351280518429636,31.211964498185388,-1.2838828257610102,-5.312840683607933,1.1611832302541276,0.07443716033611444,1.0285905983660018,-0.12101437445340882,-0.1522123831801861,-0.5061337764754011
424414,0.72080594,0.16047078,0.01,0.0025521382703821843,0.019735999969380094,77.03011717428129,W,12605.831889574943,110.63982023019233,150.03047342580484,visa,166.50166706802221,debit,300.01241524777424,86.71826100256104,7.501950218619754,1.9925384018564305,2.8051638057521178,0.000652876625752705,0.037365409640787384,-0.10808271742569886,3.980052747441416,-0.09300834390161405,0.02949501967585011,1.9726456665131722,0.3440914080374471,1.965127686914382,0.12050805213008875,4.888945471459834,2.0040514827287064,-0.5647793697172028,-1.7049503430334727,-7.382810152444322,-8.227339537766365,-993.1803077341042,-999.3979007774432,-995.6836264647006,-997.5820277694777,-0.20503974323037283,74.70976007147664,-995.204460526737,-1004.8888099456666,-1003.8502598796501,-4.551976399900846,T,T,F,M1,T,F,-999,-999,-999,-998.2707646639225,-1077.920251883028,-999.2495105030306,-998.9946442230242,-998.4239209772513,-1001.2785022293212,-999.5240758121631,-997.9255646601662,-997.1256519972196,-999,-997.5580708984384,-999.4334972585981,-999,-999,-997.2150389299793,-999.0787289919072,-997.9471526102758,-1002.3326409572576,-999,-999,-998.9999174598836,-999,-999,-999,-999,-999,-999,gmail,com,nan,,nan,-998.4768157207241,-1001.0553957037484,nan,nan,3.998438521941415,2.016943126556013,3.9995793666305723,-7.5309132520725175,0.2766654635853885,-0.580488439851389,0.21196458659077924,0.0815437317745229,2.2388348818686565,0.1755512158431596,1.143601779152429,-0.5916867716618022
173648,0.9729767,0.4581962,0.09999999999999999,0.01672075323499393,0.11770832168432917,71.22037437644225,W,2999.039413594285,109.51688456251793,148.9560728544225,mastercard,102.1911455354031,credit,201.7101140168551,91.3544556420225,979.031592722957,1.5825234907243129,2.6281569553404687,0.00150842567226909,-0.9020190956354641,0.300703320000113,3.811455078013571,-0.8252213677233664,-0.6186717240698192,4.1283783203752975,-0.8569323926769776,1.0321437421016473,-0.9842856707688385,28.924498393654368,1.9635220884899107,167.83675838488656,168.33502706256417,8.02121986378617,-31.339913457525014,-951.5093829739261,-994.3317969362271,-1001.744739606519,-1025.16848465172,490.63201282168325,159.8587788521325,-980.6593595653735,-1034.8865466650052,-996.1237681653067,517.719455655198,T,F,F,M0,F,T,-999,-999,-999,-993.025130402929,-994.1256616213941,-1002.6571572782785,-996.316959702865,-995.9602832119298,-1019.6478191070889,-1000.8610306363057,-994.7484923905541,-992.5282381084369,-999,-992.7606966709137,-988.5453269148567,-999,-999,-993.0756663377881,-993.0809387398409,-1003.3090021872163,-1005.0199874777172,-999,-999,-1001.4883300950207,-999,-999,-999,-999,-999,-999,gmail,com,nan,,nan,-987.1543654509669,-992.0971692827467,nan,nan,5.986354449472195,1.0974167235939998,0.9889844034364232,-7.537404701507823,1.1564901164953922,-0.5320820594190179,-0.10348492211847614,0.6465194463202739,2.24473256163137,0.025406693659754353,1.3888946969597682,0.051508783057148344
338207,0.91409343,0.48173934,0.05,0.006265852597583031,0.0544889377373291,311.7126545346693,W,2818.0213108318503,487.625339625488,149.76382016475344,visa,195.24125378156654,debit,310.490653001805,87.29995218565581,13.31856270975095,0.7811950174096278,2.79472397001849,-0.0019638789892325974,-0.4481859579556753,2.107248973207082,3.455279449081461,0.686310255579512,0.49555878303924583,0.9313111013768887,1.0253447410067222,1.8372309236676774,-0.6625300295885035,7.326783549395088,1.3861813809975585,395.05153082432105,409.25675027689,6.92589861037348,146.71329245542765,19.914885146699447,-995.3552481874402,-995.0205382748622,-996.7801011800207,435.61798508357924,327.8992868430223,-998.7039657045599,-1015.1822442040416,-993.7200968784753,396.0348239887783,T,T,T,-999,-999,T,F,F,T,-999.8494133956447,-206.18507103333832,-996.3973033096352,-998.8204316077903,-996.6579635371047,-997.2652871191804,-997.9238029813052,-999.1985334474466,-992.7184063968521,-999,-998.0435300404195,-1000.0500789965394,-999,-999,-994.9703661074414,-1000.3619346239577,-996.9058645203725,-998.0079693517835,-999,-999,-999.8930475080928,-999,-999,-999,-999,-999,-999,gmail,com,nan,,nan,-1002.7830471206973,-1001.6122686667416,nan,nan,3.9911264052208844,0.01015513503533505,3.0367453718760387,-7.5456517654994695,0.9683753206484973,-0.5319470545873481,0.05538386974803375,0.2514354714882565,2.2817031697115264,0.45006842169361505,1.7673066941390987,1.557972466726908
281751,0.99703836,0.19200338,0.21000000000000002,0.0982356594956918,0.6974704344163504,45.8732352317497,C,3081.806910345329,392.93132411490865,193.196216201105,mastercard,217.20435956041717,debit,-1011.4853000168421,-1001.4611828389875,-1012.4660339177453,17.046288187102636,44.10611366710521,0.00823265565340538,-5.159746466574091,-2.580342063554264,2.703873999952969,6.509332235547365,23.460168556471146,0.00015859547103769245,1.9883738965769715,3.374498830877714,6.669498777822996,12.206263721985714,5.437219117164474,-131.47402563346316,-1009.2034400212675,96.27919618791425,227.42758258045635,11.15839362363508,-153.21377276323906,288.77394422363574,102.26280847421198,21.34446475790054,-979.529026653744,-126.95743518492283,122.10438130315572,-5.371043834148798,-25.901011052000776,-999,-999,-999,M2,-999,-999,-999,-999,-999,37.742439868593806,208291.01312607364,-9.720630913569607,-42.48866813897723,45.30798217286747,67.296063323927,25.60416616252212,-39.52400034950222,99.57890222105459,NotFound,-24.449261869032853,-1010.804882878517,Found,Found,288.77277574331447,-977.383569363381,217.5159051536083,335.79976036170797,Found,Found,-1011.3052918685607,-999,F,F,T,F,mobile,gmail,com,gmail,com,nan,-1006.4954397452356,-1068.5849511294002,chrome,lg-h650,1.0269798454353243,6.115901829429966,2.6245512791590526,9.890428175649458,-2.6751314871881164,16.018763475547814,-0.6520307671928764,0.046858813164976906,-2.1374941958671703,0.25689209368533655,0.5992784110822245,-0.3240032820949862
566658,0.9896842,0.021146199,0.13,0.028378895023486856,0.24048645745573033,37.93388565585374,S,17605.448303859885,451.1462209359155,149.8623791931484,mastercard,136.1776082866084,credit,170.70554782145246,78.85020039572431,-1017.3172615055281,-0.7864820425746437,0.5810630965717429,0.000569101029143722,0.5551761867990757,0.1165663761065705,-1.156201739286205,-2.721623776442616,4.754900222401565,0.5631982579303636,-2.0158556518935367,0.6006265740320291,-4.472977820688048,1.7440365228981065,1.3637623124635976,81.11147635037257,-931.9608061824459,-1062.5532530629484,-1075.8629054701107,-883.4816309457775,-985.7101130681716,298.3541936938963,-14.077233926960346,-940.7668345303824,-1011.9333539711441,-969.315210866747,-995.1804891618408,-969.5276312008424,-1119.609188140515,-999,-999,-999,-999,-999,-999,-999,-999,-999,-95.38431613128387,72331.55748332337,-4.106902816063325,-4.3100207348053345,15.184497589637317,-25.575880853062245,-0.013151990614460374,-12.336990265812005,96.38519200454027,NotFound,34.176654493712476,5.635504643639592,Found,Found,163.82599792296946,21.310422619272117,174.0663350801875,604.8689588634969,Found,Found,20.84808171640759,match_status:2,T,F,T,T,desktop,nan,,gmail,com,Windows,1581.2348741970463,900.2031140410115,chrome,windows,5.988386178841939,12.045341751310186,4.817781303413226,31.516069758383242,-1.0825194971301744,-5.10693758468292,1.0450583618587743,0.02562387205651375,1.0360496721669008,-0.004640065644634213,0.16956194468454278,0.29300181400586656
431724,0.97990155,0.23306888,0.12,0.02389616287845446,0.23252971965335664,93.9347703311093,W,13664.312786501649,583.3052814811389,151.40724083767424,visa,229.8871551138343,debit,490.0814576955644,85.43235255736757,267.0027153199559,4.078691003291768,10.796193174475299,-0.0037433486966664464,2.3961063206762,0.5723142763707987,-2.4197083379427102,0.7748861915856522,2.6266069684236135,4.165233370362086,-0.31895860393863984,0.9657226227206923,-0.35965534598500604,21.984577065238845,3.1668672113396736,80.34542665494013,49.995691220501634,20.940212717144906,178.4261358595473,-75.42580357060815,-1132.5839884512923,-1110.9606269497904,-971.0889257860192,61.296867251255314,-966.9888518337942,-997.5535312816378,-943.6730028461504,-1029.6143176357036,-26.677415583164024,T,F,F,M1,F,F,F,F,F,-1000.9488211081059,642.5024977185094,-999.7201719029592,-1010.8958752969841,-1007.9713680767413,-1008.9979577209933,-986.4694468171948,-989.171315365104,-992.1309986993544,-999,-1001.158589595502,-994.7916144347789,-999,-999,-1020.9774173876259,-1003.3693522081621,-984.8739079832924,-1015.0354264327351,-999,-999,-1005.258051910875,-999,-999,-999,-999,-999,-999,aol,com,nan,,nan,-956.8824084691292,-1007.0369571599688,nan,nan,6.034939074122134,17.91919691650173,3.922079463611527,-6.616870112210785,0.7568931527984661,0.3530632035165016,0.013386519985337925,0.4944685223263156,0.6440225765792312,1.123881715815408,-4.591284003221226,1.9118569492004547
510591,0.9787771,0.23972608,0.09,0.013888290969627364,0.09545787584753325,33.41072473644569,C,16315.560775931928,130.64743756347087,186.01602249096237,visa,225.8739026494179,credit,-1002.4773420752999,-997.0206394303405,-995.4395440619361,5.934648958392231,5.920226478808614,0.0005328695698616328,1.740153728593858,0.11619867544510232,2.7974147888099985,3.065042369010405,5.778649913995259,-0.19655731275697708,6.658975699073581,1.5409210859219282,2.675089470439813,3.8076210345851678,2.0931414814229807,16.27919814582086,23.271272495230143,9.162398711673264,2.4889927889690235,-977.0847747247876,33.55947573090664,-987.4642976280519,-999.1793864188801,16.214493192706332,-1008.5232339418674,-0.421194792051167,-2.6133190020203982,-0.39015797671421915,51.44909313102671,-999,-999,-999,M2,-999,-999,-999,-999,-999,-1.7604670817320311,117769.50486767438,-1002.3747559522784,-998.3883640383997,-15.130967771701648,-0.4637363395174816,-997.7531413991815,-1003.418915823321,106.68865754974058,NotFound,63.346709854348546,-999.9201136640094,New,NotFound,221.9665843360965,30.10008375165512,578.021982542184,306.31245437872667,New,NotFound,-998.7572487357454,-999,F,F,T,F,mobile,hotmail,com,hotmail,com,nan,-989.2241249831068,-1006.9577554812774,chrome,samsung-g955f,-0.023668067636747114,18.12285687795028,4.959114848698811,9.511702612495244,-2.532384737998148,15.859960881006355,-0.6062451780332964,0.4739948499575382,-2.1086754565041606,0.4002632166072243,0.5034246010332531,-0.4910974686345028
407195,0.9977823,0.49091706,0.22,0.11308859038292954,0.8077971305755304,84.3200803548911,C,4708.804053959767,348.7865835250669,189.81082129123328,mastercard,227.32391188155472,debit,-1056.2221943127704,-1019.8842847613953,-1047.1376595274173,304.8126905838671,590.9432959691596,0.008841306374419138,83.838520606061,-0.3262952465107265,92.8923336410644,86.04691880560578,111.81164788011849,-1.8348977311185735,111.9753245021185,147.97526325620586,135.25420331744994,20.266854904726443,4.070867818794862,183.54130020322452,-883.4376785434848,-839.5265416802722,-55.183599857409696,-146.86596334728995,254.19282237249863,268.02316622013575,166.77386694812924,306.71398533843774,-989.7864573453685,85.86626163424353,-1118.5602099536654,-211.72133141478864,767.3371873759672,-999,-999,-999,M2,-999,-999,-999,-999,-999,-58.20512828802475,419779.33218813647,-6.8129652294359175,-29.331973368094623,-41.174617645998296,18.295321099866783,-4.551198542644443,3.811018775083312,28.585152176598967,NotFound,38.490924638358365,-937.4740233094664,Found,Found,238.01580056786827,-969.0829027213306,320.6175825062105,636.509968250588,Found,Found,-986.689859384253,-999,F,F,T,F,desktop,hotmail,com,hotmail,com,nan,-1148.7369890923208,-964.0277390924188,chrome,lg-d320,4.783264216611721,21.144703859189686,3.0834515058856633,14.504979356213962,-2.5411412236501683,12.563700323804483,0.3760457797594137,0.022078230639341223,1.1895299697434227,0.10262903113589177,0.6694523546536557,0.08437659737697778
203993,0.9950754,0.47425246,0.17,0.05427181375432048,0.4543693764168227,271.9708139947861,R,18042.693056946493,109.37498928807145,145.06353627735544,visa,193.21881017696543,credit,286.02799310477326,102.178328840831,-993.237471212589,3.864245510012477,9.82586170070312,0.0035846371778418414,1.005052573441525,0.30524320392990667,-3.561594804479805,2.589901729069796,6.352316068716297,0.554352350921107,0.21211534928930398,-7.431618633685316,-2.9410617558706322,11.753631300083153,2.1030881694726897,-99.03494654495825,-955.2463443263798,-1051.2209698907868,-1184.5439564449057,-860.1634460880115,-1048.3219479209279,242.48859152615262,-19.682660242305303,-1042.5829803694492,-973.364549779452,-922.7762212033837,-856.6922491609553,-951.885384924745,-883.2573044923029,-999,-999,-999,-999,-999,-999,-999,-999,-999,-45.01313934147652,165401.0375760906,9.177400692740662,-36.269946533873735,1.6996323905071904,-49.97125105246016,-32.26543327255172,23.908037759718695,68.56956947569961,NotFound,110.17868410508595,-488.88031195879233,Found,Found,130.72402871529118,23.891837697620076,294.66231865400096,250.39565844797892,Found,Found,36.14750449752182,match_status:2,T,F,T,F,mobile,gmail,com,gmail,com,Android,1344.702985128884,679.2364931430602,chrome,lgmp260,3.034339118396966,0.07897111017700809,0.6487221224318453,31.329546571792335,-1.15013649649246,-5.241161428031231,1.1485636216198962,-0.014432729627166033,1.0019801419435814,-0.1440705394506138,-0.07378856740095677,-0.27049224213468326
235575,0.98678863,0.41098854,0.11,0.020034599671098444,0.18267323699788085,4.357238513138881,C,5788.309246114527,400.9724568719302,185.18578769064848,mastercard,227.75916130635247,debit,-1004.109328264987,-1009.4496811843845,-984.8338654378841,8.160003144406119,18.584745132798798,-0.0001553168882010101,-0.9590199230620255,-0.440788102637403,3.952680395764486,1.4841567269131968,8.086746007624173,0.13741106091920852,3.690544728775396,1.7801596232539794,4.887614203826341,3.7915128479707896,1.3129324156920905,10.224554645225927,-996.5518948524048,5.544226445371862,135.78247850348058,-15.356623614243027,73.44826057850979,-1014.8285251189932,-1004.0516920891059,16.37555197092553,-999.9664935792656,91.32518049040297,-1015.3124869272092,-1030.8209205725452,81.87555205089812,-999,-999,-999,M0,-999,-999,-999,-999,-999,-992.730512778114,4295.07628452286,-989.970405695988,-995.9053700217215,-987.4838811133128,-997.4375633626406,-995.311925366394,-986.240023569927,-995.5998464910115,-999,-1002.2665188942672,-994.799147290168,-999,-999,-1005.0309564682548,-991.9564793911516,-994.5227264984507,-1002.0037819197223,-999,-999,-1000.7508056402396,-999,-999,-999,-999,-999,-999,hotmail,com,hotmail,com,nan,-985.3537191197736,-995.4598313779401,nan,nan,6.006366898369489,5.762865818758662,2.147169941845054,-6.595495215323099,-0.1216831818992673,0.3433048592059425,0.12244093173606284,0.10121564234619694,0.333355663365378,-0.9103758321551444,-4.315777652159114,1.4683444578460643
293844,0.99205434,0.4804872,0.23,0.12982628505779303,0.9548339399144176,47.173845770243986,C,4926.486705472567,385.8475929508934,180.0632911975876,mastercard,219.9910742454368,debit,-979.4977649909827,-1092.2383795370758,-1057.2885150412449,0.8479468301309439,27.960876052324704,-0.025175660553465772,6.035001776647402,0.12082526917693315,0.6996767250522442,1.9211258096095607,42.91737016907688,-0.205443509375681,7.172203075265405,37.190852807021024,20.6406749314357,9.273228390139973,1.1113310984969997,303.9939694935071,-1141.6813393186292,283.2847024800774,-123.71121217004413,-284.95086569108406,-36.26266851200275,-719.8064135272679,-1208.5130303138446,-140.76855232683326,-767.6688381569868,-113.12403748205612,-291.77331300130373,-55.94106737381381,-142.51978569847955,-999,-999,-999,M2,-999,-999,-999,-999,-999,-2.0099720524239046,424920.5655348345,-983.4998568853133,-951.8467817468962,-6.4704675400661245,77.55459152923856,-880.2525774050347,-1061.0090071096,78.92127655387435,NotFound,110.4179855963223,-971.2947029782296,Unknown,-999,198.87943767650984,-1031.3574165855907,318.7266508698224,342.6474135760011,New,NotFound,-1001.0665632510156,-999,F,F,F,F,mobile,gmail,com,gmail,com,nan,-1097.4323420862465,-1152.1767209450409,mobile,nan,5.01489690059346,8.58652973489676,1.871456418447921,9.569236991805809,-2.6063796479420183,15.651958187881466,-0.543121263670305,-0.0974112389363811,-2.1161658387979188,0.028655029860247302,0.6391248734852408,-0.4940755511351523
472083,0.91746336,0.42080197,0.08,0.011477469205752985,0.09120687700075693,270.5734139397706,W,16734.089770568666,175.66075698857924,149.86103070439543,visa,226.82658787455026,credit,185.7717521884133,88.88786822826032,15.21277649772503,4.148655680807483,5.541256932059303,-0.0013142425711986025,-0.6703046325047941,3.5202924160881652,5.3878161131411675,0.3722824132481226,-1.8228456489196034,4.790276253779048,-1.636769233955543,3.905681901839018,0.3988582423135183,4.292902098449762,4.429231990480991,24.299154458486736,14.066014041133691,4.158048688598091,27.74919586384617,7.805326522506238,-1036.6554865014366,-997.5625838442586,-994.7142575697915,9.191207493789472,28.71414902754411,-1006.7695284130241,-1009.4528881728637,-1003.7373839677363,-43.76141251268911,T,T,F,-999,-999,F,F,F,T,-995.2211318194468,-2572.6321421960456,-997.7353205501704,-998.2133944755037,-991.5526603845967,-999.0462483432686,-1002.0948630735743,-1001.2517426758723,-1005.384119914064,-999,-998.5285990530341,-1001.6868352377346,-999,-999,-1002.2719736634842,-1002.0097509030281,-1001.3405890311769,-1010.1284864844861,-999,-999,-996.5262039129425,-999,-999,-999,-999,-999,-999,gmail,com,nan,,nan,-981.052579028583,-997.2424011074272,nan,nan,1.0098812493518912,6.044404998934331,3.992000961204516,-7.508435615337122,0.7849431284032639,-0.4985957718777491,-0.0031027108189134595,0.010676190979552986,2.263529200169681,0.16557128752119366,1.1605751260291945,-0.6112440057490868
477335,0.9941901,0.23677231,0.17,0.05427181375432048,0.44464311328029216,45.0470671415022,C,4475.261572549695,523.9267618768301,184.61252249113167,mastercard,231.8758007771648,credit,-1025.9815314604316,-1031.0329255270883,-963.3220963125046,0.17938015529506934,-12.163807308994304,-0.01836066507355599,4.2681602945067,-0.9468867108178127,2.5198812207258214,2.0526417302559654,-9.717780655133868,-0.2967493294505186,0.7251465370713941,1.4793811465187243,4.216127333974992,2.0175219704200025,-0.48648174724494275,-29.3045264861606,-868.7467296288454,-1023.3776584666804,-53.58473071821123,-4.517284148360901,27.894892113825954,-25.928448148272516,-102.33552991843733,-37.180357610589354,-1103.0248821489806,30.838900113357866,101.65642314604091,45.65260256246934,160.86928265167535,-999,-999,-999,M2,-999,-999,-999,-999,-999,-24.14934427894525,112771.61279913771,-7.917490439614426,-2.8424325856979067,31.41665747495506,-3.7348648958139847,14.596770652905207,29.62273097828688,99.3474983720107,NotFound,63.52874044097541,-971.9603610163407,Found,Found,205.4139659212832,-1021.4161266676768,364.12115511691434,519.5382766793479,Found,Found,-1031.4781911541227,-999,F,F,T,F,mobile,gmail,com,gmail,com,nan,-1063.0518341058646,-1017.4937666751343,chrome,lg-m320,3.1065634474525914,4.573005297638343,3.775141354565749,14.000152920962773,-3.267700327863188,11.932182921021779,0.2963483644904353,0.044048494634856813,1.2429720627017995,-0.09955695426491376,0.13679110794089455,-1.0290268886368514
57302,0.56638026,0.4643157,0.06999999999999999,0.009434629620313228,0.0728308467141978,43.729544229958734,W,5796.688166033046,418.3443577298975,150.0353689336702,visa,225.06207453467093,debit,233.57432207690363,88.80080013033931,4.302047984308388,5.567810534057351,3.630590043143645,0.000573055545611564,-0.16821238790666904,-0.002566673187565094,2.0216828287272293,0.5266297633237405,1.7071921301029729,4.930246293583231,-0.3909211304345863,2.3547797137775905,-0.7573140983650699,2.7436475216549603,2.290930092714171,-12.484321952195291,-1013.166848938063,-990.5478778778474,102.34641326591424,60.15652121953087,-1002.3166947769154,-991.7903926842015,-1002.6235334812318,69.12881213841315,87.9862847062948,-976.3569644841838,-1005.2953287643247,-1014.7385003464482,75.74683480842532,T,T,T,M1,T,-999,-999,-999,-999,-993.7339316288601,-845.8766913350264,-1000.8149791962305,-997.5715095061375,-994.3951117156912,-994.3469002688794,-996.8266359859026,-999.361259806863,-998.1525624716089,-999,-994.1144317178137,-998.7607218945436,-999,-999,-1006.5404121440355,-1004.259374864931,-998.5742762931426,-991.4575511149117,-999,-999,-1005.2086146218782,-999,-999,-999,-999,-999,-999,gmail,com,nan,,nan,-1007.9613375189285,-1004.1198666896219,nan,nan,4.9829191285493994,14.918927006588696,11.988195978767983,-7.5305615749561925,-0.013401675590625387,-0.5822380792756587,0.24942780065539602,-0.13685949862609822,2.197161784262717,-0.14602693637141895,1.1688295071743606,-0.7068171683020266
422516,0.84054166,0.4498055,0.05,0.006265852597583031,0.04703667581017467,117.36507830472213,W,18149.126745953647,568.0794290645701,149.80050324372348,mastercard,117.22243627121215,debit,273.79747359587145,89.37348410121523,743.770493849113,0.6185796438388884,4.676105335188694,0.00041525281205583974,0.38636275209442195,-0.15658709352590527,-0.38828006988918773,0.10353169197513301,0.7462027864472702,2.8573594254043604,-0.7425174990732106,2.867992890607563,0.31362860577066076,3.744452996823746,1.166063498927219,77.66345108272799,103.68794665633756,7.4322205649550614,-1002.7749176006753,-990.0053939664397,-983.1342362976089,-992.164521012443,-1002.7803761590483,38.58010592903876,0.2929687504612023,-991.6034018183345,-1007.6035655774336,-1006.0864451593444,6.92965620043554,T,T,T,M1,F,F,F,F,F,-997.5202684996402,-2167.8588026740326,-1004.0525353006716,-997.2069774636483,-996.859662145378,-999.9940620576135,-997.9162244063597,-994.9846696473599,-1001.9448093151857,-999,-998.7655330875558,-997.3432042695448,-999,-999,-997.7028400684326,-996.9588747773624,-997.4540184549478,-1003.8850613525091,-999,-999,-999.138963719307,-999,-999,-999,-999,-999,-999,nan,,nan,,nan,-996.4950876955086,-992.7501444050919,nan,nan,2.9869067650419048,16.99226723678996,3.9773747464322975,-5.851455319680701,0.584556090468293,-4.185493509456242,0.2650205882645326,0.3093626960522762,-5.4297631040295915,1.4350043424984658,3.6709632683946194,-1.2679309395207128
243058,0.9915309,0.34343892,0.18000000000000002,0.06325205919758363,0.5398160575867311,22.4440462610019,C,14713.932892636854,-976.5038987073028,146.0191609151176,visa,228.0624724454389,credit,-1002.9825960218452,-1010.4347256579737,-1084.0674841410455,7.469112733010722,-6.447464589079697,-0.01170112623185568,-2.5314166850970468,-0.6340584180769486,5.580247788714063,-8.038542511088203,3.4542917506552238,1.433668466045745,-3.7168543233243474,1.3864221131079173,0.2420245421926679,-3.1021841404700936,2.045836109340356,-101.72303763162849,-899.4587925932159,-1120.5443880421185,90.22118876563623,-1188.7328760626463,-200.20341542690124,-1210.0841342662561,-1021.1106586254666,85.60279192526124,-945.1540801582008,-15.116280888010477,73.60655900768121,182.29739871146106,-154.08216017738133,-999,-999,-999,M2,-999,-999,-999,-999,-999,-29.24621015502248,167730.72616286576,-953.3526666192834,-1031.1197179748133,13.534069801102873,-31.2262021941832,-980.8808915613286,-991.780886312624,84.5936386171843,NotFound,25.106513673551945,-1000.247701258859,New,NotFound,219.3216344445824,-1004.1995938463275,443.3744566483657,513.4807251032472,New,NotFound,-959.0590867618179,-999,F,F,T,F,mobile,anonymous,com,anonymous,com,nan,-973.4228177112489,-1075.6158864229992,chrome,huawei6210sft,1.0091799738333962,22.201211064622314,2.061239392974986,9.556490057557241,-2.6375572765648987,15.810468701473203,-0.47252266179879887,-0.16202198942568907,-2.053357620320408,0.2035823531167653,0.464673766169705,-0.5582459449021963
394894,0.99917233,0.2884915,0.25,0.16975275626876413,1.2768729867351658,60.985246502491684,C,10615.775939539515,188.8498582492907,196.77632131149932,visa,143.3915143808574,debit,-852.3876349113833,-1047.8676188354898,-944.9608781423291,84.46429326447222,49.676843450303124,0.0047615396569025865,-8.141471673703254,-1.744368345556353,14.04696617947534,7.896067125803381,25.427263989204988,1.0415464116713942,34.677638646326194,18.42907501296381,54.99475801751889,28.877240771931273,3.940991544911779,105.07309990471012,-920.2980184728187,-1048.0286288568454,86.44351427929297,346.80922609816105,259.68933873656107,-832.0313400328259,-1104.4719306825677,159.91940630390243,-1084.4759653327346,-28.919138688089987,-283.755640353211,857.0128128618442,-547.7021594394661,-999,-999,-999,M2,-999,-999,-999,-999,-999,61.19785908105632,86156.54751324706,-1015.6545104080692,-956.5109520657642,0.7722672417094145,42.02398385850313,-990.9458645305472,-1057.683906759041,2.028668293009332,NotFound,110.17318128870932,-972.4830259688308,Unknown,-999,333.1185474537191,61.670303151526355,487.1791601280362,209.92759335054836,New,NotFound,-1004.2745303792565,-999,F,F,F,F,mobile,hotmail,com,hotmail,com,nan,-840.6761031591026,-967.4090019562216,mobile,nan,2.2385738607305186,0.11102371345477202,2.471414900459626,9.352888296410352,-2.896708520197926,15.504858238405884,-0.5610482387806313,-0.061412973592073,-2.133844811569114,0.38015265085112276,0.25050032534018496,-0.8200469970974242
62303,0.7944719,0.36491984,0.06999999999999999,0.009434629620313228,0.07883758292604283,169.7719537448189,W,7523.510792202875,557.1322403201913,149.91970990567387,visa,225.95701219911848,credit,325.1587437186375,85.71066457035785,-994.3707074372478,1.2850205105642978,8.168286023480503,-0.0007675167505519671,0.3608699713155441,-0.49231135662713843,0.3568765100727589,-0.1364362283811209,0.21150613984158895,0.8539559591961301,1.0903729095781074,0.13634165401460585,0.5881294531259247,4.739566953965422,1.7922190710142285,-10.229592205509,19.729286830857408,24.991324079039334,42.56869726142045,0.6342844805559433,-1002.7330997171952,-1048.236245327392,-991.7218559260548,22.835878941679127,-977.6269193132509,-1017.9038307183229,-988.6939290538672,-997.477845844451,11.338071368585567,-999,-999,-999,M0,F,F,-999,-999,-999,-995.4063395620296,-1497.0786305322617,-999.8960018233594,-999.0702669441021,-996.2562842010362,-1001.5632670395473,-996.2009319827839,-995.0440647609298,-1003.5742656290541,-999,-1003.1347047793245,-996.4452101746863,-999,-999,-998.0289825432981,-997.0891862155795,-991.4206470740628,-998.816535064792,-999,-999,-997.6885987471808,-999,-999,-999,-999,-999,-999,gmail,com,nan,,nan,-980.1119454443749,-1001.5796477069803,nan,nan,5.993866497520677,16.046611245325472,11.939686322844313,-6.606394472525569,0.4504771699963915,0.34495526912565827,0.13744610473610244,0.039437265072323736,0.5413717675335806,0.6474029317885638,-4.398285850371564,2.2417680008328587
190436,0.9989511,0.45584652,0.29000000000000004,0.28192947697193393,2.2144133253853133,48.303318821389325,C,10213.513017623673,545.9743955603503,194.49605919294504,visa,91.04202213259755,credit,-1013.1002557381171,-1069.9666741402916,-1106.6609004511383,221.10856226735703,149.90758562329782,-0.005967102056642999,39.95141828085343,-10.000179006343723,59.53173435209383,50.17751400239627,122.27980690064865,-0.8442460725122451,18.462108041780112,213.22662771601694,132.36639389358533,-21.13660193290515,38.69815841344837,-4.981934003366487,-1463.0856692149011,-1076.7594239647453,578.424650355345,328.6564090087987,517.8872717969016,-2195.5128042861083,-854.0510363482622,237.83253661007421,-273.2499775349117,-242.0980272726947,189.7119780070822,609.4038859371385,-118.67170714155633,-999,-999,-999,M2,-999,-999,-999,-999,-999,104.98881979184569,128250.52084079935,-938.136083543374,-971.2488948851241,-70.28634145832461,170.5869601581884,-950.1222528590067,-963.5379085326268,37.06826643138504,NotFound,-15.490049435587025,-953.2756715167006,New,NotFound,190.52269973864634,-994.5711782186556,267.79762769660965,615.7145599802392,New,NotFound,-853.6315973113025,-999,F,F,T,F,mobile,hotmail,com,hotmail,com,nan,-1417.2381755501485,-773.5340308456712,chrome,samsung-a300h,3.816635975026562,2.5360497979617396,0.2872190367445695,9.754952357531417,-2.554252609444368,16.370255615469425,-0.5430221987226203,-0.09175624278831673,-2.592117971125453,0.16723524905117804,0.47438073762302935,-0.3998208772514137
337126,0.52142966,0.38493964,0.01,0.0025521382703821843,0.024987593421011003,53.585625538207076,W,5059.046876495086,268.8215285582854,149.9500285457653,mastercard,223.84668496784445,debit,337.2723123230196,87.8564541257382,-1000.0047349037976,2.187860626258674,1.279206518359027,0.00024338521864631507,-0.16050411900006978,0.055404061425196716,1.256962699767918,0.2998699141913663,-0.07434871374458218,0.932302678925101,-0.21510045000749667,1.1198361716290588,0.24447886460994228,2.07109294524221,0.9299930468435784,8.08776009869221,-3.9985332965737967,-3.9213436475041545,2.8346962740020416,-1.1978124550282403,-993.8145751295535,-989.5973987826596,-999.4813658478289,3.501370471496455,6.088085625746269,-1003.1599729335567,-990.4569517659595,-995.9871220619893,-2.5563969837683014,T,T,T,M0,F,F,F,F,F,-1001.4021872357168,-1050.5487227283447,-999.5966120453695,-1000.9156190802947,-997.4845623556405,-1001.9862705368546,-998.4758189965304,-999.0410102795173,-997.1320078768354,-999,-999.0642197078964,-999.272642137211,-999,-999,-1001.922493686794,-1000.2227313999117,-1001.9411737466975,-997.9182160720704,-999,-999,-998.2208138764443,-999,-999,-999,-999,-999,-999,yahoo,com,nan,,nan,-999.191619821456,-999.2661452741444,nan,nan,3.006970218869866,19.00846861464074,3.002272764950661,-7.540003796486959,0.1942154219909022,-0.5843586348181566,0.29429060147501857,0.13201270250486788,2.25970893311006,0.29551685986546755,1.219404298129562,-0.26760516314489835
272331,0.96860486,0.41987094,0.22,0.11308859038292954,0.8475134296653694,9.396306600979827,S,8017.714861371996,-984.5371850493034,154.85847301860557,visa,178.66063326931427,debit,283.11341921961093,24.10784586119147,-1039.3747448165557,14.26603525265937,18.641705291174713,-0.034442850000511484,3.9975801020416477,-0.36159173766560837,-10.719168379852526,7.330459797983227,32.483788436638974,-2.7127824702603913,15.380179662217998,36.36671191410395,10.764957148672952,21.17344796789255,8.690730020744317,61.449277680804606,-1109.221540396988,-741.5718218475389,-1124.4784670386068,-1028.009857354048,-759.8383372623646,304.4170674192058,46.28095757445165,-955.3960463725504,-1174.7337441752038,-992.4178917101701,-1019.8642671252222,-1001.9664455904424,-973.149192831344,-999,-999,-999,-999,-999,-999,-999,-999,-999,59.793526626969765,10777.813889179452,22.407153120960743,-14.48711427342846,24.376742850841083,-112.61206156686853,10.663747617133708,42.000618871685674,73.23403695855995,Found,-999.028597528421,-323.02632792321094,Found,Found,181.64502112607465,18.873776655162715,158.2250800019018,459.90327362905134,Found,Found,39.86145752070263,match_status:2,T,F,T,T,mobile,nan,,aol,com,Android,-1052.4895885043595,-884.5035733981667,chrome,nan,3.9699337516437856,19.829293283022256,1.0557455478982076,31.27355413581945,-0.9393820606208825,-5.549244243109734,1.1531983325589792,0.26854723107888123,1.099254735076781,0.09189633722813868,-0.34837153392758313,-0.47917572817782483
573876,0.99864405,0.42922577,0.18000000000000002,0.06325205919758363,0.46586658262867975,93.7708362144799,C,5603.251225925425,421.6246817428429,180.8275587283845,mastercard,226.36644902854832,debit,-1026.6124309366937,-993.4772236249963,-1019.4534387826279,174.20006695618466,220.49351665535158,-0.0014755952278513243,54.13225864068528,0.693905467000735,56.98000374823744,54.728141882175336,136.86320429210267,-0.3156901074278853,38.6399643356809,151.13449399723638,147.78245169822696,16.15024266199267,7.81378993554774,141.49325287662813,-1090.1392555763437,90.28615097994924,378.5180227152433,-275.48862757077234,304.57798555748616,152.7733290885693,-16.14487817779852,174.5814761996636,-942.6325976304676,340.66834929893565,-1170.3266722491119,360.4696492735258,-104.63591817716011,-999,-999,-999,M2,-999,-999,-999,-999,-999,-15.027320849509351,418914.9393523541,-17.62726159686133,-4.4176866149168745,26.154387322562798,-19.379280880927354,4.968207480596561,-39.970651423503,106.0477445841675,NotFound,11.988539652266695,-1020.0726595784571,Found,Found,183.8327440459493,11.31259678024685,292.9600096357175,482.64081541313305,Found,Found,-1000.42279982369,-999,F,F,T,F,mobile,hotmail,com,hotmail,com,nan,-1026.9971178607407,-994.6968146813197,chrome,motorolaog3,1.77944257390484,15.980544668671081,4.982619549020378,9.667427176830572,-2.433185871577964,16.036024854472334,-0.5498762997802955,-0.14956662273273832,-2.1116724664779585,0.09382048270163507,0.681972666383506,-0.32550730344783907
59185,0.97093,0.48543066,0.11,0.020034599671098444,0.15332287371531625,117.60738767501336,W,7709.317776742856,491.9561184245093,147.70112504159366,visa,228.18838642677608,debit,274.2936299438774,90.44426012411061,-984.6989191997163,1.4987237429441098,-0.8800655645180306,0.0024855534713121596,1.6571107118107764,-0.19878258841520502,6.085195706710133,0.37930434764815546,-0.6616199352770842,1.0258399211921758,0.8909097460947129,1.6864791971168156,0.07704741425869521,4.051872040108574,1.4640126162488922,11.642567188148849,44.90737395132449,32.75011542460315,-4.984066980199679,-29.627901240873165,-990.015659452408,-1025.4311568727994,-1018.7025426898973,7.217056699143059,-976.8566609414402,-1001.3232604907458,-980.5773390545697,-950.137775120381,120.85591713004749,-999,-999,-999,M0,T,F,-999,-999,-999,-983.3098384875406,1879.4450791472773,-1000.3237131422837,-992.9706617929852,-994.6059258836162,-998.9687052987028,-991.9201066283621,-993.1953023238163,-1001.6225387341134,-999,-995.4739372630527,-994.2118158932645,-999,-999,-1010.7906216504452,-990.7929784863724,-981.2752640755464,-1006.7714944586161,-999,-999,-1004.4750606678149,-999,-999,-999,-999,-999,-999,gmail,com,nan,,nan,-963.5575722978033,-991.863159310703,nan,nan,4.990414739654416,20.22831351112805,12.047969008415638,-6.547890595299096,1.0734011084694888,0.4178171686858107,-0.29087905570730666,0.30572749233527646,0.507487822682473,0.4231066804496885,-4.128792201517884,2.97397190009171
272022,0.9969476,0.44486737,0.24000000000000002,0.1486439774738485,1.4289676035828578,-6.220299948740632,C,5269.784276437276,128.63094067737399,162.42601050900737,visa,213.03214675429868,credit,-1029.8032256826186,-1036.9679003174745,-928.0549411347693,84.91711955693758,111.5268125440734,-0.004338448165359791,21.543118724341557,5.0185967686401645,36.53619990808171,13.256902805471645,37.301317388531174,4.123297467300211,-2.510403109488874,31.85633600369171,-9.83866207522776,20.30542342096031,13.176655812590035,18.184980229411273,-406.56210258057723,-888.8589673561918,-282.73612334178966,-71.62569493596557,-141.66132584329014,550.4526311332694,14.61632149281172,27.831105587519257,-1101.6864838927213,303.8579501747521,271.6701270382718,-29.728796825021202,-85.64411011921275,-999,-999,-999,M2,-999,-999,-999,-999,-999,66.11588967317402,25879.60888970961,-52.61682998689594,-74.65006766230522,74.30042017346773,207.67657720916156,-59.2025526039921,-44.386807777119884,151.15864128968155,NotFound,42.31455028028415,-1053.5430212381661,Found,Found,305.66260970409417,-993.0411506495058,547.7470842218578,280.8950484110012,Found,Found,-1053.6015079907518,-999,F,F,T,F,desktop,gmail,com,gmail,com,nan,-977.7186732081282,-954.1095251770287,chrome,nan,3.6540673129575296,17.946110701957544,3.290629235776012,9.814011933932335,-2.734208806236523,15.992374296771306,-0.6276121698260569,-0.30245269313005774,-2.0870485025244028,0.2567218479734044,0.6706271741503008,0.10453824926790861
65581,0.80848163,0.25571543,0.09,0.013888290969627364,0.1346025637516633,14.932491452730062,H,7454.03763834191,552.6890105977802,152.5638914045176,visa,222.47372388986096,credit,206.18795785162496,83.88935831349514,-998.6094905256032,2.8660360182530784,0.9019823033779542,0.0015289938396479043,1.5507245514721912,-0.3446549441808662,1.2149696460454118,0.40006191645571,2.4326893927922972,0.18865267356401905,-1.313495235307096,1.4429309988243606,-0.2237554649802025,-0.26730602063109643,0.940039619972203,21.389420356855513,-998.4624055763863,-972.3885688487401,-1011.2017944677444,-1051.9049369300049,-952.9680036775223,-38.872134398129155,-22.900719138334953,-1021.6265658631706,-996.94490559108,-990.5446247743643,-987.7309327443169,-986.8493705726655,-951.4632177831071,-999,-999,-999,-999,-999,-999,-999,-999,-999,-9.561382491245695,32009.72409845296,3.018052306375239,-0.5546458891765269,-4.475991700352438,10.101180573612396,-6.166955274222232,-1.2170158010675323,106.96749070280987,Found,51.091778364457355,-301.902094159665,Found,Found,158.8347122719273,-998.7815568614424,216.80463457350425,162.23875733429827,Found,Found,22.311466928893424,match_status:2,T,F,T,T,desktop,comcast,net,comcast,net,Windows,1276.695498029656,806.8997477532307,firefox,windows,0.014336980013503364,9.850354464861644,11.96135606015893,31.235579705357782,-1.0583832184526354,-5.3994552087045555,1.2632330825933622,0.4000483246080825,1.008186228518116,-0.15450215181131466,-0.22956736174241363,-0.5391180964056421
174665,0.711002,0.3406273,0.01,0.0025521382703821843,0.018555935005670748,23.849813304356445,W,10060.58634452576,224.60475715547997,149.95912674966326,mastercard,224.15771588427552,debit,268.095502212306,87.38323317116487,-1000.2453981842068,0.8736818574279912,1.7711186434975925,0.00027967412153830865,0.12420239828533752,0.0153970394549372,0.3272309238217801,0.25309301195193434,0.2041312726761424,-0.03409452953353043,-0.23613888491529877,0.8642657416700654,0.36412386635305216,2.278454571257914,0.9303182995696275,2.7648605279612277,7.038000195210393,2.084911020294731,-998.4141290489599,-999.8187110814694,-995.0681906015021,-997.6382630037898,-1002.302694939892,-3.808839157341301,-1001.5441758609812,-1000.4595492028233,-996.0221996538683,-993.3140620218843,4.839841574400624,-999,-999,-999,M0,F,T,-999,-999,-999,-998.9361888307103,-849.6969175291451,-999.7643590646777,-998.9590954711045,-999.287078797659,-999.0970297340089,-998.6919834486309,-998.4278786985972,-998.0810112570892,-999,-997.1082292175008,-998.3114306227297,-999,-999,-998.4232089940355,-998.7361866409555,-1002.7048431677251,-997.7138544681247,-999,-999,-999.355787673517,-999,-999,-999,-999,-999,-999,nan,,nan,,nan,-998.1523255430767,-999.4803761149569,nan,nan,6.001482488855567,16.993729385382302,1.0105655118347263,-4.894900186858422,0.5659462485909574,-3.254872074680701,0.24514599081099736,0.37390148933216844,-7.2614417745977216,1.0076593295559155,-1.8170696417275605,1.0746172702889885
38173,0.7778784,0.43887886,0.01,0.0025521382703821843,0.02083694747753431,49.02188714175989,W,6160.506269067977,490.4334403057255,150.03987639743858,visa,225.45558149412972,debit,388.31468864339234,86.55372297243919,-998.5673143006729,0.6377434422164843,1.3460033902082014,-8.118972126556958e-05,0.22290661840995618,0.052411574392230875,-0.03871289116981558,0.1896878497560901,0.05790020540805241,1.9450978763138655,0.23412142320458074,0.6923919976597919,-0.05269077686302914,5.447361069743863,1.0381791502762816,62.721805679870904,54.91587045188736,-0.21993657108414513,-998.1995057763476,-996.9568806118582,-1002.8014627153568,-994.106256207315,-998.089316629565,53.062060514825596,-995.2329310197467,-1000.5572225509355,-997.6972996496842,-994.6715717102448,58.256156165893216,-999,-999,-999,M1,T,T,-999,-999,-999,-999.9734074663598,-1197.8111363342396,-997.9671385108787,-998.20075252333,-997.8685272645534,-998.7307952516485,-997.8724592683963,-999.4693892817382,-998.8532098575481,-999,-1000.4834646890813,-999.6338493686364,-999,-999,-998.9964440332783,-999.1751697402841,-998.5649852519805,-1000.4556594617644,-999,-999,-998.6374056753676,-999,-999,-999,-999,-999,-999,nan,,nan,,nan,-999.9540262120868,-1000.3105330106551,nan,nan,0.006085319549668622,23.014744925929683,12.008808321917485,-4.896237335859765,0.8402184129527842,-3.2428201421229006,0.09817622732924765,0.2863890352677169,-7.2622453167192855,0.9289201361279193,-1.740109981528291,1.2473273087149996
470879,0.72243434,0.43124816,0.12,0.02389616287845446,0.19098695011694117,49.81229327946827,C,12687.364844888009,491.764274438504,187.12746787518063,mastercard,227.16444744129495,credit,-1013.6260072546681,-988.4834983880163,-1004.6430266470686,1.1604052270521006,2.2328760962435084,0.010123006328594562,1.2987500637272076,-0.1848323602179507,1.7353127810408102,-0.7605543922340225,6.195195732343927,0.41914593243166554,0.603626008730858,3.282566735672904,-0.2764198425846418,3.8483552932486127,-0.7431501185911067,-6.570309027432744,-1048.190415911853,-1020.3821440953392,-39.51425358897396,-915.829606866533,31.940110216700464,64.6418168778609,25.47164018610133,20.893555252323182,-956.5502116919532,25.05847900008902,53.92081576578544,118.7933731780776,-24.267604928526882,-999,-999,-999,M2,-999,-999,-999,-999,-999,-18.07886513929077,276022.5959444095,-0.9958753221284269,-4.589011939474062,6.929795302744878,-7.242188795312018,4.751743312497638,-5.185333528637443,85.19781108821508,NotFound,63.93936449027126,-995.0420042148943,Found,Found,217.69056640042345,-989.8065483175485,171.14448539103796,602.0519063283931,Found,Found,-1002.2631978755915,-999,F,F,T,F,mobile,gmail,com,gmail,com,nan,-1006.8569795793203,-997.1850608983442,samsung,samsung,0.040213944955982406,19.97186433393477,4.002647976732128,9.526785385185528,-2.678314089761285,15.849027684747542,-0.5921447605140724,-0.11975665654074345,-2.168902984556241,0.143026474621481,0.5678826952427548,-0.6226894291629587
54105,0.94965756,0.06827777,0.16,0.04640734643340897,0.3682474412859769,102.97038707463443,H,10899.002345760668,588.9652236162058,149.62743591159028,visa,229.43365516609038,credit,440.25495970006136,86.78733558491948,-945.6818642338731,0.6180616500755374,4.386437427395647,-0.0008267004356650662,4.11025646785807,1.7301122263696316,-0.27753430960982683,1.846329267452128,-6.543577175445941,-0.43071622942854315,6.71202610133829,7.734234319746042,-4.910354299775713,-2.8395830625122684,-2.077357752444179,26.688659767554316,-916.8224808763335,-920.5264203529296,-875.2523505506236,-987.1668785050713,-1022.9981362255124,299.1290873327333,-9.36720278182967,-1045.9406851841773,-865.8171942497565,-951.4683808150635,-1208.2369254243515,-1020.8955783068407,-945.1968772978344,-999,-999,-999,-999,-999,-999,-999,-999,-999,-14.57226711007138,137492.87853570422,19.616936539460198,12.828332862489333,-1.136580362481709,2.884833786175932,4.586083449655916,-2.9830460708380997,103.10842742190994,Found,-984.0422430710325,-365.9143593508734,Found,Found,157.01541135279388,-969.5019494434874,577.67672601938,251.7905688472025,Found,Found,25.375231374925647,match_status:2,T,T,T,T,desktop,ymail,com,ymail,com,Windows,-1006.1661019728986,-975.766130680795,ie,trident/7.0,3.9182746674542743,18.901644262548853,12.044364307764432,32.316291745555596,-0.7683159552035209,-4.737965929268782,0.9313902161445876,0.31476977130196604,1.122676531283235,0.14263076976288808,0.5058124995463149,0.7809199186858216
207674,0.89810884,0.24487665,0.04,0.005058857517455529,0.04238397596192725,15.726193833431182,H,5439.243322950462,554.8563176394129,159.79506523897402,visa,101.68254044154827,credit,292.2511932025003,92.07132875498823,-1000.5894797466206,0.24170238658197896,1.6530383803760493,-0.0003401306145832464,0.5716179704874724,-0.09073323638713404,1.325863584270654,-0.14245091403130195,0.9342516975057098,7.825105228143059e-05,2.186194699040914,0.9785432209229032,0.18834630831189614,1.3846094154258104,0.4078807091741359,-2.5581949491391978,-1002.0407989951599,-1003.8679791150263,-1004.8140656118735,-989.9766266405927,-998.9321881809368,48.95165685030695,3.285973974731517,-1007.4022709321672,-1011.6015751565609,-1000.1667262840333,-1003.6250377489796,-995.3495502293232,-1006.1417051602893,-999,-999,-999,-999,-999,-999,-999,-999,-999,-4.6314557136622625,69292.54388270748,0.5978831590277878,0.823117886107525,1.6282172983785586,-2.1165502273423726,-1.190237302607784,2.3393966955029555,103.04493758433898,NotFound,50.77421791429674,240.0037060367281,Found,Found,117.30669027820113,-997.3090053366426,405.2050431338638,456.88602606639927,Found,Found,26.011602282957483,match_status:2,T,F,T,T,desktop,anonymous,com,anonymous,com,Windows,1670.8564076069515,1044.713388882639,chrome,windows,4.002569752559136,13.98521301878256,0.9666017401250517,31.154837456986368,-1.1961034633280692,-5.410031524788433,1.1601816391689084,0.09016183915620916,0.979106401530769,-0.12388636916359722,-0.20481100576706168,-0.5366941577324932
344687,0.5166069,0.44595832,0.03,0.004056900182200707,0.030264504518992454,49.876241350510746,W,18364.82785387319,547.4770158043365,150.00942945666134,visa,225.85522033729114,debit,250.83698124087715,87.86928339630929,-1000.0303414044016,2.887596525333713,1.4350232025437126,-0.0007429430406679632,-0.008341218832869757,-0.14489811196554037,2.76125247209871,0.33921970230089826,-0.15005097571798665,1.0065095821412777,-0.1061636866067115,2.45731207502381,-0.10727248675701606,2.6511226459305988,1.175665255113401,71.83684506791992,-993.9071569175576,81.42469679560789,0.3910882218218926,-4.722161598321991,-1009.1361854387628,-998.2561682214543,-994.8099189334754,-3.2942738422262265,83.19564908850205,-997.1814244904866,-984.0103718349081,-1010.7111937461364,76.18781458800537,T,T,F,M0,T,F,T,T,T,-998.1109757704604,-1331.4475543656881,-997.8159901996397,-999.1442010302746,-998.7711995407963,-1000.5712464472576,-999.561547803233,-998.8740767920794,-999.5114708377724,-999,-998.9008479895732,-1000.0306377990269,-999,-999,-1001.0706157741095,-998.0496740851399,-999.8211431863612,-1001.1646344922889,-999,-999,-996.3367948203652,-999,-999,-999,-999,-999,-999,yahoo,com,nan,,nan,-993.7607021618898,-1001.3746580298291,nan,nan,5.00631614807794,21.995835457183105,2.9761150277889974,-7.52751169523055,0.0968489284508546,-0.5787662283428936,0.31636904195148613,-0.1450406462739285,2.186977680849956,-0.13512241509956538,1.2128312084035178,-0.5956654027263678
573929,0.9120847,0.38881862,0.16,0.04640734643340897,0.3606626981065776,325.683490737431,R,16857.86040114012,127.30235607074246,147.10147653750394,visa,223.5509984959522,credit,517.9038072603901,102.93228580974156,-1008.4016039047071,-7.771207432842033,4.535730530065713,0.0024508634565870123,0.3502716074239758,0.5156101737854621,-1.165792473138385,1.0568456210622483,7.636341343839357,0.6262247655692681,-6.967428960965832,5.142214075482574,2.413976499676453,5.7255372302509215,-5.0878143216005345,119.52609619533901,-860.4940936960368,-1047.346616795936,-983.637843776795,-1148.6641520991668,-1034.5634797594255,193.85587941004903,1.3961854698045117,-1015.5063255625423,-893.6687133498388,-969.2717826798547,-1061.936596035764,-997.1429211182246,-1096.9656970236726,-999,-999,-999,-999,-999,-999,-999,-999,-999,-25.58428971845342,405262.73847426346,-8.956339447871187,-15.305506412950649,32.92513162512046,14.997736711902235,-10.866898022073997,0.387216922695643,128.37437237715494,NotFound,15.49571298675221,-277.66951158481413,Found,Found,133.90832863940238,17.829895771929955,282.78699406929536,357.14463247690924,Found,Found,31.7869103981036,match_status:1,T,F,F,T,mobile,gmail,com,gmail,com,iOS,1070.8163706087153,627.3309421775848,mobile,ios,2.0808380822004393,17.575938436559316,4.833291166710241,31.29699510821881,-0.8261404215183576,-5.295067950236133,1.0136442321203567,0.15898670597073142,0.9947052666665512,-0.09758697936887742,-0.02985652443888237,-0.2405109037426622
65625,0.9424629,0.31742966,0.09,0.013888290969627364,0.12089853736821574,198.17806218494758,R,9372.837077597604,223.406921516102,149.68692957827966,mastercard,126.38840199708417,debit,123.45790405651756,86.27506382846477,-1007.1568316342455,2.131775323114992,-1.5171751479224689,-0.0011624173860083319,1.4453397424221794,-0.4502553167635135,1.762744169407891,-0.7118404126656976,3.5669869868299537,-0.34039361757623166,0.5838545730242242,4.180721979181089,-0.7900833697648855,-1.200320133095687,2.2134299532600314,-16.680316303023577,-997.3678176517379,-990.3974361944878,46.84745825325223,-2.7601253997288957,-16.617608421477776,25.12232002149273,17.858142054478893,-922.967237067799,-999.9667150695269,-1012.1372093395332,-967.3759788848736,-971.4754753321473,-1007.2722328660808,-999,-999,-999,-999,-999,-999,-999,-999,-999,-16.06606225021062,130569.81229813174,-0.17064971349918778,5.276533704994222,-4.758960213988303,0.8242447365545331,3.1469600365095403,6.004478937060071,94.38174609960458,Found,50.53496907374108,-295.4320572633263,Found,Found,154.8211513609092,10.893083487063791,415.8487106644196,272.7510935541045,Found,Found,19.814685898985886,match_status:2,T,F,T,T,desktop,yahoo,com,yahoo,com,Windows,1383.460601153146,768.8100934823492,edge,windows,-0.004593908685493364,11.95325946056429,12.018836148790175,29.977801149447235,-0.9550806976102129,-1.594659732829098,0.6564335241100395,-0.05328479430223885,8.68903813998504,-1.524208748325332,-2.2710670434426263,0.8110493649356428
539692,0.8393142,0.48627684,0.09999999999999999,0.01672075323499393,0.1219768360005297,227.06482554015423,W,15463.103055876174,489.89624182809496,150.48880038557482,visa,223.91189961503846,debit,331.0331187024471,79.2732534683963,-990.0859703972706,-4.324442374078814,-1.2950035782522775,0.0015178014150587114,0.8627513596653689,-0.3619338455156642,1.5488066130339204,-0.1314369146186265,1.0511002097122857,1.7441403491235579,-1.5011620719835674,1.4214189665796724,1.015994383468549,2.044895033266279,0.730453346162351,-38.66186203272189,-21.7232675438566,-7.547320785138047,-1.5896598507842283,-998.8333394272403,-961.3116520990388,-972.3595082726188,-1011.1438066373005,-4.949760489754112,-4.952127654198216,-1020.8965102728813,-1009.0063195359157,-986.8869871282847,6.308846873523866,T,F,F,M0,T,T,F,F,F,-1006.9685319424967,-709.3335736814333,-1013.1572470371007,-1001.6652441508982,-998.0002125422471,-997.0956036887383,-999.815789707069,-1000.3592816617181,-1010.6538333539781,-999,-994.8939871465318,-1005.9530524202082,-999,-999,-997.0508741024114,-996.687490385931,-987.0652199722431,-1019.6908868469511,-999,-999,-1002.8456606499284,-999,-999,-999,-999,-999,-999,nan,,nan,,nan,-1003.0564960059538,-997.6317586701106,nan,nan,3.0604314510413917,17.95247704458744,4.969234692530308,-7.557082287246885,1.1146005465794568,-0.5067538667506569,0.13808957842665215,0.07229681111661716,2.3802258558372493,1.414301599651174,1.2585216002323385,0.5688009603548438
319879,0.9739499,0.24985756,0.15000000000000002,0.03954065143898942,0.3466789484648516,119.36692220148706,C,9026.826840764259,549.3183231152414,182.85026290713841,visa,144.0416195932688,credit,-1020.9278153102266,-991.1148393417193,-992.0194048676192,-3.3351339591644305,-4.065130760950726,-0.0025005802375676596,-4.208647876527672,-0.4356030681582652,-1.1785389942382505,0.4562669302231175,0.4803783094234282,-0.31621771694644707,0.49537158219793476,-0.8311713278801385,-3.4225577366261843,7.968495857584614,1.9518908525899459,32.90406069287645,-987.4770684345887,-1107.8713137954526,-80.91660308956372,-972.8715966798117,-85.88858899992293,-20.76763542989011,77.50485784009375,78.14792933486652,-976.9921524703893,-25.136565848953513,6.319893477352043,-143.98833195983642,-253.655957976498,-999,-999,-999,M2,-999,-999,-999,-999,-999,10.914602564317306,420146.3815010254,7.777133683484976,-5.231540409137438,-13.481847440730917,-8.17460881521174,-30.685585203194023,14.624301034751056,98.78381318533991,NotFound,59.63506692014039,-1001.5126783041178,Found,Found,233.23361655101428,-996.2226050626482,160.30473547607835,574.0919911046914,Found,Found,-967.6367655919919,-999,F,F,T,F,mobile,gmail,com,gmail,com,nan,-968.5688000772124,-970.5030327297134,chrome,motorolao,4.999771342784008,19.914859489177335,3.3299963729440973,9.681975377992313,-2.616696617994633,16.040463570343686,-0.616395887667802,-0.1384673968841752,-2.159251565889462,0.2601567431322456,0.693137940187544,-0.277287280667147
25960,0.8660925,0.24439432,0.15000000000000002,0.03954065143898942,0.3016748312071039,763.3418576930502,W,16043.218232411753,-1006.0661866833138,152.46601302777103,visa,-996.1264564341268,credit,142.33031709885717,85.22325738741347,-14.693897867497071,48.453178355628566,0.7795079952719011,-0.0009441138905204828,-3.1501733354994146,-1.887338213218702,1.7746960980012094,-2.1135633029706504,-7.975301835018017,3.071258069269061,3.6007072124996897,-0.641689115925967,-5.055061241337781,10.866860787899846,2.9422500048878355,-51.9079963803696,-922.096253904705,-1064.1100454912262,456.4587051667778,38.37000229143853,-1040.6303634537164,-814.1442518931021,-1022.7521081564939,477.5867485120002,323.9061206593943,-954.8248269018408,-987.0630577161345,-961.9856760434245,452.05949112692167,T,T,F,M1,T,T,-999,-999,-999,-1011.7049471844546,1883.740222854256,-997.4101012884347,-998.998119705826,-991.8054030551525,-989.9863812230387,-978.3712908530098,-968.0259670046142,-1008.9279145225028,-999,-988.691891487953,-999.9291685393592,-999,-999,-965.7098447409693,-996.1873665244977,-1003.9764090814501,-989.4540426807341,-999,-999,-984.9316000059065,-999,-999,-999,-999,-999,-999,gmail,com,nan,,nan,-1007.9498112292983,-983.0073729675444,nan,nan,4.017804111921922,18.779715064919465,12.03644444303875,-7.472224403498058,0.49569769913785555,-0.6300383230524489,0.09382472935494798,-0.2675479694861942,2.1881012851124817,-0.09376813669421948,1.1434485796304081,-0.8245731922225379
330732,0.9986058,0.024380367,0.21000000000000002,0.0982356594956918,0.8030545257786613,284.0942560707995,H,16808.01890811765,312.64703702180236,142.94987115300606,visa,222.47401463307537,debit,181.05231068803084,143.13168685300698,-935.5126818420374,-5.880415858219973,10.605677345371218,-0.01257229819834007,2.7272195087678943,1.0225331177993109,-3.947745349752168,2.0794386530499076,-15.876121303441765,-1.5891399789259655,3.338102411846471,-13.500845172886313,-15.076942111942774,15.357963303459776,-5.385195866191827,218.26462476271587,-995.4145048896817,-787.1551017553448,-820.4196796781763,-975.0751061356074,-965.3274947703567,462.60463106255764,-101.36221856129048,-1281.5091317380598,-1165.214115996729,-934.5825016933942,-1132.6258601827246,-671.385355576737,-1016.0827729537635,-999,-999,-999,-999,-999,-999,-999,-999,-999,54.56728900465714,969953.6052997914,18.948080615565004,20.318359010126755,-43.17118154716832,-42.587818229620666,47.34595822296512,42.900247939116525,123.72625999599393,NotFound,92.86860720712048,-997.8445082001494,Found,Found,220.75478860749183,-1023.4926957761309,502.2821526913359,288.0547833959721,Found,Found,-1050.4093909891487,match_status:2,F,F,T,T,desktop,gmail,com,gmail,com,nan,-1077.0816936942624,-878.1274560598897,firefox,rv52.0,1.0037370363463411,16.707007047502685,3.273108683634404,31.824710142185754,-0.748804622097184,-4.683914592918188,0.8513392900631824,-0.06407056637438516,0.9606792180501709,0.04758244990175793,0.6214358996873786,1.352934646259055
483673,0.99639314,0.09401788,0.25,0.16975275626876413,1.358335124386458,-3.9931966543873756,C,1627.434312441619,563.159069991354,169.06595070324119,visa,200.0327049179129,credit,-967.8619263060075,-968.9533167379919,-1009.8215759658552,209.89695442110164,354.4401385717441,0.024622518639378442,52.8729430239216,-5.837052834233647,68.57629271265388,28.680374607432938,191.19289691932715,-2.54907164494594,36.17801514911726,171.76026905061013,164.8488432929517,38.4194863352924,6.30212438002133,-37.678720852931875,-1196.7234942602981,-1331.2342405448344,697.5393023825477,58.53698440594971,171.42320206793391,-869.1661818694598,-1035.170635906076,212.95324059882694,-1124.13850582619,536.3265535486644,-1039.8252426609554,392.3605394465741,465.34530399997624,-999,-999,-999,M2,-999,-999,-999,-999,-999,-10.897877995890553,268284.81615163275,-1021.4943726667577,-1001.8946823708902,52.77468344629801,-50.94624047047523,-1003.1872616244758,-924.6487359444977,105.63889419417842,NotFound,66.66397834855536,-960.2922532388717,New,NotFound,183.37866462693103,-1007.8041938123271,224.2978814997756,599.2768769161381,New,NotFound,-1054.008889983899,-999,F,F,T,F,desktop,hotmail,com,hotmail,com,nan,-1125.3254033542482,-854.5986931839732,chrome,motorolao,4.527177380317902,14.354737802358523,3.1401579400878266,9.512308678341117,-2.7876852150705074,15.803839504552375,-0.8481235948830029,-0.3722163484893569,-2.4060858995019783,0.257136900721089,0.4259924211933651,-0.7770197068549907
223793,0.97553295,0.38972944,0.01,0.0025521382703821843,0.0189264705232414,76.95905028288898,C,9637.873616261786,295.38896175322594,184.8086337284982,visa,138.18321094366468,debit,-998.9647838198289,-998.2753304750443,-997.2640380305065,4.9182957084881735,5.126926350523789,0.0003183198128603841,0.9696106203086137,-0.021660359548219432,1.1333349361220932,1.006489364752196,2.138257146280835,0.05170210835113931,3.1664655433181785,1.7534369280007809,1.9659706421568188,2.0645887516049157,2.0423473765323665,2.7523889260813994,-999.1954876498764,-1003.0368619356498,12.040734273508889,5.002951961359518,26.16135695192622,9.13902636133866,-2.4263810961675145,3.877040429351943,-994.1505171024772,18.716683647113257,21.2165432660971,-1.607868953884896,13.480916774863546,-999,-999,-999,M2,-999,-999,-999,-999,-999,-5.523811505758545,120414.20926471539,0.9096475772581698,-0.45081921503651756,1.3472620662099644,-0.948799312327651,0.19453612357358452,0.147542493332935,98.33936307922852,NotFound,52.021911519350624,-999.1589381871199,Found,Found,224.14603841215228,-999.2698958493297,265.6855901557234,417.14321372238476,Found,Found,-998.1297335799152,-999,F,F,T,F,desktop,gmail,com,gmail,com,nan,-997.1470033274361,-999.7409116516443,chrome,windows,2.9933305811820854,0.9941261248789246,0.99674157735042,9.622146692358939,-2.6382927892733075,15.955362746887966,-0.5978971702681701,-0.1189122421456997,-2.1742253798559625,0.15068599137723526,0.6020323672492081,-0.4912414098078408
554773,0.75206304,0.45461,0.01,0.0025521382703821843,0.017994909668981273,177.37937460340908,C,9023.254445821542,545.3284333167194,184.80378331286738,visa,136.90549540582415,credit,-999.3745546971807,-998.535244433903,-999.065607621036,1.2310324899279657,0.8760744504378479,0.00011889664274557232,1.130843910421123,0.1416698736635782,0.7507311938210481,1.224062965930358,0.8247262515110734,-0.04935021627037184,0.8330251024599837,0.6947111871713165,0.977098618974892,1.0712964614307516,1.160925967023597,0.7753357991553894,-999.4140970544115,-994.8873664435614,4.47997476976604,-1000.468082564462,3.8364395018023205,-998.5700434638328,-1000.1411418264629,-6.153091901428734,-1000.8157628898052,-0.6820956157168636,5.858033748013236,3.368802125657758,1.3488424271709363,-999,-999,-999,M2,-999,-999,-999,-999,-999,-18.935952926707614,287424.26345421147,-999.451856581127,-999.2321864570824,1.9856997045916387,-5.754197681762207,-998.447709971692,-999.7537584416365,100.5855996893273,NotFound,28.29811626891876,-999.1732270241154,Unknown,-999,222.35540434087386,-998.2721283768599,289.9444542047512,587.5442688877841,New,NotFound,-999.3588854990127,-999,F,F,F,F,mobile,hotmail,com,hotmail,com,nan,-997.6234809735591,-999.9790583447077,mobile,nan,0.9952695633004414,22.98936182587409,5.008708829919732,9.509611686348784,-2.6789556354645776,15.845514368298913,-0.5673838313867096,-0.1142697319661792,-2.1648380637592552,0.12879567297428413,0.5240042255890236,-0.6300722965979856
90791,0.99511683,0.29733557,0.22,0.11308859038292954,1.1651236800226703,51.24860903098774,C,1010.9421966527043,542.134022661023,188.22649420967795,visa,115.07487569452961,credit,-1036.7489850302402,-1019.319842305366,-1097.60219575583,122.02236884983822,172.97865092303044,0.013039304667589041,44.8210069041934,-1.920666718984175,42.46080514959107,33.51728185898434,64.2225157859654,0.45403627746106245,39.77730966379236,74.44876071904893,101.3516610493626,27.558412152866254,5.307051099034506,399.0562138827123,-772.8274939353254,-464.06683762990514,432.1121052600381,90.94167916479361,310.71708449596764,14.083251911807299,86.76629269965738,456.0213039241636,-1210.9179071073333,544.3361745071215,99.67293222342889,-10.669265526107479,-414.40334862823204,-999,-999,-999,M2,-999,-999,-999,-999,-999,-99.35718515038468,184776.211101247,70.02147473987861,59.968916122105384,24.57040531047869,-43.574092057659755,-66.85699560791932,25.96726740357724,139.89084832242042,NotFound,-1071.5940939162913,-977.4938111151413,Found,Found,236.59722460492196,-976.2019943641828,228.38057799487615,621.3479116337481,Found,Found,-1014.3326004182552,-999,F,F,T,T,mobile,hotmail,com,hotmail,com,nan,-1105.7292987171422,-991.6320404520952,chrome,samsung-a300h,4.8446093612823455,2.255638446094231,13.12532501151604,14.021674809896128,-3.691851832744308,11.804438923755555,0.15387660028911393,-0.05770128605103485,1.020781349993804,-0.19399220414988388,-0.025261170212172473,-1.0591344299319276
502991,0.7718392,0.33422276,0.02,0.0032300924127905565,0.028331436871589198,58.66570124916607,W,17151.784454027824,322.14674635159935,149.59235066600056,visa,226.1932581381071,debit,265.64967050005276,88.00775669292625,1.1504042839271733,1.1709971104878196,3.193297541138909,-0.00048817902831547154,-0.4067358673281447,2.7600162738611043,0.3990432697151842,0.2094730805086189,-0.14779836180475048,1.9422349097237244,0.044080905083698774,1.9613351694794652,-0.21622790532902592,12.736077309276904,2.046720700951787,236.98400047264863,17.764294339544776,-2.62828975293756,-997.4982565894434,-993.9970903583757,-998.2337051419664,-988.7528679193781,-995.9992987967063,240.26813621715462,247.4815794730357,-1010.0863596278737,-996.1231622501762,-1008.5278407106772,233.98811270819024,T,T,T,M0,T,F,F,T,T,-999.0942655352457,-906.9377970599962,-1000.2838500997566,-999.7372923958652,-997.8135047732662,-998.7911515948279,-999.3428529440131,-999.5376962801556,-997.7902677986741,-999,-998.7954894422794,-1000.8412563882943,-999,-999,-997.6599593758551,-999.5521558724246,-998.0149562065051,-999.0789764279539,-999,-999,-997.7944811086134,-999,-999,-999,-999,-999,-999,nan,,nan,,nan,-997.6265239948052,-998.691460180743,nan,nan,3.992885485388265,22.00719381690734,4.997751170144775,-5.858741634588016,1.1060972981196924,-4.139938278812441,0.27265944858074254,0.6959405918192437,-5.400701670129713,1.568772488334968,3.858736712578687,-0.5869051192305118
547995,0.66196615,0.4889248,0.01,0.0025521382703821843,0.01948762339397673,499.6158694125172,W,6814.420314002853,463.5543046894451,150.2849986452576,visa,226.40431393283666,debit,176.00505458082085,85.8393447633692,-996.7218083605258,0.8092994524524038,0.7605092783196667,-0.00023383823131303567,-0.18032580155327782,0.003701738193398363,1.1860137739857528,0.3436104794969932,0.32180496739441455,3.045243726852936,-0.03381226231567247,1.151326248646841,0.18586826100931564,0.5299194563202576,1.0941470274631424,14.489657966324787,16.916317836585556,-1.6581217724789366,20.23192086499185,-2.5999147707584216,-998.3341358693834,-1004.5677105674462,-1000.3438007234522,6.971663989757069,0.9763273561703656,-1003.4096457920697,-994.0535058529892,-1000.2184820460701,18.040829726501364,T,T,F,M0,T,F,F,T,T,-1000.1353903277984,-988.7464357763456,-999.4003467201304,-998.894726172512,-997.9423162062163,-999.1864390765322,-1000.0320192996279,-999.1323895858186,-997.9588427701856,-999,-998.7081735229435,-1000.8535236063933,-999,-999,-998.9388093005223,-999.1059773092315,-998.5934736482484,-998.0945555565613,-999,-999,-998.9914165256392,-999,-999,-999,-999,-999,-999,gmail,com,nan,,nan,-999.1435765848621,-998.9094488145697,nan,nan,5.997185237279135,16.995878019700452,4.997471019344471,-7.697092117088092,2.038940878272719,-0.5056839345149421,0.3070211571911795,0.04175176655263502,2.9887084453032924,5.990751526060169,0.40795573832224574,1.0973591181997226
514467,0.8807207,0.49918547,0.11,0.020034599671098444,0.14866200917980849,137.0811493853254,W,18030.08421051136,481.79016580357086,151.54827149304137,visa,227.88957990637888,debit,288.6834580875387,78.56119766460014,15.837096131949693,-0.9203299480499556,8.641371600863913,-0.0050363168734432395,1.4868752051763874,-0.34747528428026797,4.7240871115242715,-0.5283898026448766,-2.778891018112984,2.856579319433939,0.2907006287571008,3.9673668983963335,0.6388669435286074,8.59166486142519,2.5623127125923144,34.866133171936056,75.59715786976783,-14.241828722778193,-34.64371159299414,-986.3699459848998,-988.161750961658,-944.0000854628589,-991.071562299634,-52.965993004567686,42.11897314321526,-1031.2292720345483,-1025.2418857151276,-951.3858148248233,380.84180627473415,T,F,F,M1,T,F,F,F,T,-988.4731742327828,395.82808536399534,-1007.5541516380537,-1005.4940674897496,-1006.8318300162344,-995.6890633764847,-1004.9005061653959,-995.2499080036565,-1006.4747049816979,-999,-1001.8360307001088,-989.8550041070674,-999,-999,-1011.7820247948207,-998.2684829649302,-991.7208137959336,-981.0008225034292,-999,-999,-997.1114941174492,-999,-999,-999,-999,-999,-999,yahoo,com,nan,,nan,-1014.6496174856263,-1008.5412514391949,nan,nan,2.0088728191917644,-0.13334578747240933,5.0890488732048915,-7.5224712594375625,0.5677156526754262,-0.5829624747858351,-0.06842106008542044,0.5105479321194707,2.241303213121679,0.04758515374582761,1.351490630906915,-0.03402167192030117
248797,0.5649106,0.47190544,0.060000000000000005,0.00771172199313132,0.05977776547474848,117.6702311676699,W,11190.788156111785,362.8756261880607,150.00424407083648,visa,226.71838374700633,debit,324.5997596609167,90.13810945051443,1.6693769457365306,0.5786935040463987,0.8386300415586732,-0.0015062397128280695,0.6722256709382308,-0.3787410518635861,0.5568493598625803,-0.9601816042854252,-0.10499834433930655,0.9030732759369298,-0.18710168673465244,1.4520575346288265,-0.32308638808959067,0.2661597440098049,-0.024282769230774548,22.95407694296195,-985.4168427086096,11.51638351181801,-15.18112281983714,-5.7236932595748184,-1018.2775353915744,-1026.6659829377065,-993.5953376940429,2.7149141186769774,-0.46452469122647866,-1013.1435909575547,-984.9377014789139,-983.8043147371474,-5.124877610289024,T,F,F,M0,T,F,F,T,T,-1005.5897261519594,-352.2241838386399,-1000.2564519724008,-996.1497913948318,-994.4470861286846,-997.9525698433057,-1000.6296620820349,-997.4507505401971,-1001.3839918245919,-999,-999.2150913523853,-1001.447596950066,-999,-999,-1001.642263351829,-999.3370196682845,-1003.3735062190347,-991.6871002743135,-999,-999,-1004.8463042308388,-999,-999,-999,-999,-999,-999,aol,com,nan,,nan,-1000.2746629821227,-996.425786453254,nan,nan,3.023135498451978,20.035338000532647,1.994957891874038,-7.517082816703831,0.1808018308897031,-0.5996125648293147,0.1794621595767381,-0.1652352940823233,2.2088693255103626,-0.13502982374377348,1.1603949420887416,-0.7688675549472569
393705,0.98854,0.4096096,0.15000000000000002,0.03954065143898942,0.29519697436054965,64.19769075098938,C,9891.305905118514,142.2620967121489,187.07090533927442,visa,136.38151301126612,debit,-1003.3413053075442,-1010.327573832455,-979.3987033444611,4.986256199597193,13.619459095066167,0.004562358054080382,-2.6144505560822378,-0.994275399864649,2.43057114694672,3.2012185906460235,6.662449115668819,0.023242340414272533,-3.0526884894538204,0.5968538686723157,11.31080335597519,4.613775610562342,0.4585985762239426,7.031660439458134,-1026.6761402168374,89.05407404661561,27.971672575136818,-13.885831625068132,-8.2783210370053,14.028727336223646,-52.90461891827597,-76.75190112466903,-1015.1220878703688,-6.782211207508111,95.43406579879198,157.2955839679024,-61.478029250884816,-999,-999,-999,M2,-999,-999,-999,-999,-999,10.807927240072218,48568.933430202596,-1.321284128059233,-7.523653010809539,-20.602813568006695,24.810963425789623,-1.5805932505566034,8.090670672613783,92.66177665021087,NotFound,33.25696609344482,-992.5036238071862,Found,Found,233.93675274328416,-1012.8432167406181,171.95494447894498,611.613186764146,Found,Found,-983.3687481531346,-999,F,F,T,F,desktop,gmail,com,gmail,com,nan,-1021.1648082099949,-981.9109514749018,chrome,windows,0.9841952325442418,19.796899629272467,2.661474354936025,9.580093446774187,-2.4006625649284468,16.000527908917658,-0.7461520572266166,0.5336577380833721,-2.1820666646151055,0.19429939990776757,0.6223649511506439,-0.43291615784266885
362285,0.99710935,0.1679441,0.18000000000000002,0.06325205919758363,0.5453849931825423,196.22510338027547,R,18842.320634454212,581.9073344579514,155.90375417162673,visa,225.26876865915645,credit,489.0401688808821,87.97105921423083,-1015.8133428737879,-8.670935820049667,14.008478795690205,0.019147231781204855,3.802673524960099,-0.4541069136795466,10.85139816712619,-3.9538273585893817,-1.0867612948628143,-1.2288857726952518,11.189687569266201,11.27122010473464,0.5605916595345768,10.844726012035093,-5.095812449740318,-94.90199050431323,-898.090648228142,-1043.9351809458192,-1167.683877983735,-1134.4370329911753,-1174.1852499672266,43.30466688934267,-129.09899016648518,-1262.1195339511394,-976.0752769166941,-909.6240364596903,-835.8179784173814,-935.5423629257023,-866.9446164559145,-999,-999,-999,-999,-999,-999,-999,-999,-999,12.099752543060958,422237.5563561649,-11.826725638561584,29.93016804065121,55.72690642140242,-5.744507060570754,32.736486395960924,21.83359134370744,98.56798605324275,NotFound,48.52936941905887,-300.49336456874255,Found,Found,205.41385643327465,1.0009467749940768,349.28407450409884,273.8925824856683,Found,Found,-23.544796597093637,match_status:2,T,F,T,F,desktop,anonymous,com,gmail,com,Windows,1317.1673121078015,847.3315446914849,chrome,windows,4.004825032356997,22.254458868428724,3.0537636125270855,31.20316937604098,-1.0421884361886218,-5.410576812476759,0.9890529850077882,0.07211682957244105,0.926652174558703,-0.0968808391680234,-0.2131391570783693,-0.4259365483703078
176664,0.9968945,0.46297827,0.17,0.05427181375432048,0.47847469625266403,18.922873302241868,C,5677.078492943662,97.05364461143432,182.69426242706987,visa,229.24543971559115,credit,-1020.6109005137903,-983.6113851623545,-989.3826729391826,4.216403906214403,10.302982750237225,-0.012369610685608545,-4.604713448603522,1.3358658549867606,-0.3219247810084145,-2.060505583982666,13.224985414127163,0.13032355604311618,-1.436066146355671,0.46002422873859317,7.629926288387969,9.096381703870804,-0.583317274191435,34.69711599919754,-1047.7174101429405,-930.4734881362745,51.49203063653525,-312.34978984484434,-254.30310741139226,-46.57839541248116,-0.552872826354324,-19.677153726323986,-1085.7931153962481,200.82381219053045,143.1119175990279,-912.6069725249796,-231.44081951099267,-999,-999,-999,M2,-999,-999,-999,-999,-999,-13.154825563370991,416153.4542148969,-18.175904337085854,-6.038830466341892,-8.493349530822115,-100.66170481851964,-2.3257394453501092,1.144181011694286,52.44651618947148,NotFound,61.456391859548035,-1005.9295383954434,Found,Found,226.5057734897756,27.030265596688423,381.87330645546433,472.0788732244022,Found,Found,-1015.1002833320266,-999,F,F,T,F,mobile,gmail,com,gmail,com,nan,-1020.9432501933996,-1028.2535166457621,chrome,samsung,0.039967610932231334,10.481354324964517,0.5250648036011913,2.866132247124276,-0.65893433728758,9.696426452818102,-0.8872833897983546,-0.30101194903399736,-1.2694536316416947,-0.5856989620056035,-3.1945762390319152,-1.9882031305520647
194658,0.9658523,0.07884621,0.09999999999999999,0.01672075323499393,0.1408117475514832,198.26485570895377,R,6013.2929177497135,585.8243470481075,148.99522953525127,visa,231.5676018737222,credit,230.75700502902544,94.21685227274563,-988.6019088253481,2.5005525696892974,11.522555916525645,-0.0007505821993685803,1.5358821906612592,-0.2912527965902507,0.8741120397787032,-0.9479739111303207,4.253647376321117,-0.40857150890477545,1.2453562232871827,6.5414042228734814,1.409100599174868,1.9156607664960958,1.118330353942114,-45.19686583095934,-1006.8392734898023,-980.1329164235408,-1000.8694697651792,-1022.8217507216029,-1038.592100046365,1168.7384673892682,-12.601256325815193,-993.2417937188475,-1035.3813198435269,-1022.8467060233897,-1007.8025053782814,-1016.3039640574542,-964.3738477609404,-999,-999,-999,-999,-999,-999,-999,-999,-999,-30.004608254355503,223862.07462456374,-991.5519987453756,-999.9523851692595,3.150019630476777,-6.456998012249301,8.879993646601974,-6.7772166386613435,102.32235110254248,Found,49.401756109048165,-998.0297446936441,Unknown,-999,173.33823127875075,10.453187197137026,228.21066708357534,216.57541689145467,Found,Found,-1006.8062514591973,-999,F,F,F,T,desktop,hotmail,com,icloud,com,nan,-1014.9827693727636,-1013.0935084840752,ie,rv11.0,6.015657002640423,16.973067446725253,1.0032394897757024,26.511942533388385,5.681616340002725,-9.905104056566051,-2.1003508216923055,-0.2709145652338822,2.1732478698927626,-0.6052984076900856,-2.89255972865319,0.5541403365786337
124871,0.8084954,0.45208642,0.01,0.0025521382703821843,0.019327504224099994,48.808962363038454,W,14518.153328921884,531.7018048304013,149.95344769167446,mastercard,-999.2755425803086,debit,249.50132076112644,86.16770914867084,-996.2488737825216,0.8662744803419624,1.7964037620120354,0.0001397409837799674,-0.17912718946217598,0.08040604198677936,0.062029368822420494,-0.004742709596635475,0.04802484164877718,2.0307992765881657,-0.27353942412704857,2.537445816477147,-0.03662843432739127,2.49554327704816,1.0593289902140777,10.451543417358838,0.8360020673155893,-3.5041570506475246,-996.9356412045998,-1000.0143530963167,-1004.0715668520237,-995.8805802150514,-1001.0574767313069,3.3007444853690693,-993.8545828640727,-1005.5804624061095,-1002.0681612589773,-995.9931075371782,6.268154069042628,-999,-999,-999,M0,T,T,-999,-999,-999,-998.4656160333419,-1372.7953228011902,-998.6622237276822,-999.4066678743874,-1000.096185582606,-999.8366265767977,-1000.1856368466331,-997.7000588750432,-998.1061233058932,-999,-997.9757469989165,-998.8107028088755,-999,-999,-998.1390864417691,-998.8840280244547,-999.3792720156907,-999.2688700567373,-999,-999,-998.2615515909284,-999,-999,-999,-999,-999,-999,nan,,nan,,nan,-995.2334874653927,-1000.9052020601598,nan,nan,3.999430074990138,23.034316420060044,11.987308244913379,-4.888857216731598,0.9272832759123756,-3.224305266779443,0.1489783795380256,0.29258694400658475,-7.229909567921234,1.2110948829877246,-1.8777892639060503,1.0059786992509874
421495,0.9956605,0.03589841,0.21000000000000002,0.0982356594956918,0.8320377102901864,-6.054638122762981,H,10567.923687900913,555.1513199301353,145.97856827399747,visa,196.09443017368693,credit,322.0450928423648,60.16533147910167,-1023.3073593078601,0.4692605723260783,-4.74713393158288,0.003441398580341712,4.36456124323153,0.9893370414713472,-6.525311722880712,-3.1268948634963696,-6.876347690427188,0.5603887807345704,-10.776147683726307,0.9235670003446934,3.65128695932822,5.380874719761717,4.106506654813684,-40.81946756316492,-1127.199135752084,-1451.3605674819216,-648.3408567207729,-1170.9365765922628,-803.578483322899,-43.14291228886531,48.41691066273245,-1107.3277349489265,-1023.5649410174567,-1188.804611780685,-1279.9328265546762,-1324.673522229713,-1194.1425532071933,-999,-999,-999,-999,-999,-999,-999,-999,-999,55.544371924671054,28142.04057911032,-19.847100767684765,-44.042755765820516,-1065.3519290753165,-975.8346859866582,51.874684509519625,0.5523822900615869,155.00900743013142,Found,133.82588285338522,475.5463173787266,Found,Found,-1074.0241951095677,-993.012932288441,-893.5983333911518,-975.429126971891,Found,Found,11.917661633482112,match_status:1,T,F,F,T,mobile,gmail,com,gmail,com,iOS,2208.8850760100377,1143.1384202409472,mobile,ios,3.1966750429886988,10.085377935739961,3.9856067372207407,31.380744557713626,-1.0247585802227943,-5.434427232728403,1.3799614020175284,0.0197446285484865,0.919325175354391,-0.15867899746778585,-0.10826168093197559,-0.509565539884198
235605,0.99974054,0.35800925,0.21000000000000002,0.0982356594956918,0.8311966806262534,30.09145271599384,C,9158.210259590707,572.2229585979585,185.42328808449398,visa,149.03182129441723,credit,-990.6430776180653,-974.9194843157619,-1056.6547026161227,21.59241550377883,12.443234677880227,-0.024851203554230743,0.5359031458848502,-0.16233268211045804,1.2030540480882985,-1.133637297285877,3.3425154154754715,1.538318122867393,11.003037166685266,0.29132876419515163,7.982069144359402,43.13091576094497,-3.946731886877986,-38.57432521217631,-943.5664868497278,-944.9960998672028,309.0085846446242,404.0329552635843,-67.02388506035354,218.45711138382717,67.52589643960239,238.80155880354582,-1300.6361185879564,100.40735635132043,28.189136032053547,-183.26329836228152,196.5653141526246,-999,-999,-999,M0,-999,-999,-999,-999,-999,-62.10041927993905,53631.63973145381,41.74134570972694,-14.71342469858098,2.4538979322768455,-95.59679896309012,17.205841967837614,-27.50577637820254,31.840775659742917,NotFound,99.36436762043138,-996.9704800959275,Found,Found,257.4429257466817,-1073.7774870040168,238.3314330362182,490.5882380358547,Found,Found,-999.4455008268095,-999,F,F,T,F,desktop,gmail,com,gmail,com,nan,-1056.6955103425141,-933.2883329587021,chrome,windows,5.667197036369412,7.958818798745148,1.5956067588980472,9.622903067090126,-2.6814053839602523,16.00787868747491,-0.5832580479938344,0.06837543044948902,-2.1914366940986576,0.16414496422927918,0.5694279531590896,-0.5932990191996199
219389,0.99913484,0.14888911,0.18000000000000002,0.06325205919758363,0.48266672637346164,32.74011475857451,C,3049.4791787431923,294.5470419820331,185.9930655148155,visa,135.19553364916226,credit,-996.1170028841575,-988.8790859946889,-953.6848124047801,-4.871144459134641,7.457375372412329,0.013858464569824272,2.9563048162644225,-1.0451106112088953,-1.2739228678987207,1.8941198094036134,-5.543205755010581,2.0925245390183833,3.4857662796778834,2.7029756340325815,13.245981432618745,8.69096940616678,1.4176851534341424,-86.59045019108294,-966.259362465653,-1050.4957075709315,-972.0007576001736,-945.9965420352219,-768.3699279547247,175.28911058326977,-112.05612127185799,-104.63842940887312,-900.0214146952474,271.95612635752553,-26.015696467325697,-96.58686067565405,233.76354743982318,-999,-999,-999,M2,-999,-999,-999,-999,-999,4.1409235686547845,39741.89921500252,-14.598478408790925,13.877363486622698,37.42644014851135,1.37209337682782,8.356096474815558,20.765443870743297,83.71021737962792,NotFound,49.70771078222447,-390.7972159319323,Found,Found,275.18087996465545,-984.8844786052063,314.6584287799352,433.55514873338996,Found,Found,-983.4607021678121,-999,F,T,T,F,desktop,nan,,nan,,nan,-1095.0163404397622,-1042.8779327409925,chrome,nan,1.1115524001656378,17.942228592045595,1.1307366254560316,11.13112279684665,-2.17303845158797,12.370166931395465,-0.5352141580259575,0.11871598344620227,-9.727765233405172,1.7645348625432755,2.95857846455483,-1.3202951027939733
267751,0.96278524,0.13263944,0.13,0.028378895023486856,0.24150834911587166,143.58136803334725,W,14401.507390612125,545.7127826578771,148.92810311526586,visa,219.3613402761999,debit,456.8928541194101,89.64966993622633,-997.8245527619056,2.8953823673062917,-1.0952928041518177,-0.0024051605132579057,0.40178453602552056,-0.34900728666114933,0.7610009799901007,1.4770551179430746,0.6210948954627282,2.311429953393514,-1.3104588487230675,5.745531870292373,3.2601635236616375,8.450752878568913,0.32570133368033005,54.52139813022833,111.05302594350925,89.85563967407407,82.73278191737688,-96.51491254659805,-1085.6245162954126,-1096.4645333166113,-1021.2018049082834,259.9945798657799,-962.9677461234182,-904.489526682204,-1040.188150253736,-930.2036799510412,86.08107532079359,-999,-999,-999,M0,T,F,-999,-999,-999,-1001.5185205677209,-1372.9888185824602,-1003.7615455228582,-1020.3666459743484,-1009.9062338166268,-1014.0082868602874,-993.9673120278954,-1000.506845710877,-998.2946955515916,-999,-994.4121806070004,-993.1110925552011,-999,-999,-984.6012882505379,-996.9726100284397,-1027.8676415889856,-1001.4523014553413,-999,-999,-1004.2404915341017,-999,-999,-999,-999,-999,-999,yahoo,com,nan,,nan,-1031.3403836635196,-981.2874546089728,nan,nan,2.9515663260371787,10.74254968660247,1.9561793678499777,-6.54076576661932,0.8781718215105927,0.4546833928653075,-0.2618031394087619,0.3532968489830441,0.5123294363027533,0.18374629223625596,-4.549407600063054,1.5698553655022367
138519,0.99776113,0.39287117,0.24000000000000002,0.1486439774738485,1.1246952835736268,43.33598164760467,C,9309.933248785717,322.3294638364174,194.54951071759322,visa,135.23676927229621,debit,-1004.441473570562,-1063.7247885266088,-1040.9232276960872,22.353953736628192,36.37156134074267,-0.05071544074396242,-14.959711445682721,4.985527557055382,11.31785060811324,-2.727921589043305,-1.8971662130415332,-1.1305048394725343,10.893556760532963,-9.779062873711487,32.500077791500786,1.212132930746506,9.971573733612095,-209.3813899096231,-782.7597151357216,-420.34634669876755,292.66615272088444,9.290164421104139,168.31035270079758,-320.8677812860489,-4.29745156356778,-315.80384358987135,-1184.5525262643266,-185.5408837149043,359.8295986871995,-113.39671342348076,75.33717223135856,-999,-999,-999,M2,-999,-999,-999,-999,-999,-19.27609372800066,73920.61380445989,7.988293129916542,12.382590218379164,-46.02261261389879,45.75473668782911,23.95311328068624,78.82065729527028,148.66684514764745,NotFound,45.62162288979107,-987.1954719106407,Found,Found,165.50230844725252,-1071.992059693122,177.9604269775549,537.9130439641855,Found,Found,-942.7328682680402,-999,F,F,T,T,desktop,gmail,com,gmail,com,nan,-1052.3651512545407,-1088.5794625386034,chrome,nan,2.127916533601481,3.8735631363949903,1.4667190235309042,14.246563938137465,-3.0778224386786825,12.006892036601624,0.34853196711268114,0.18426262514828035,1.3107187784928003,-0.1687671989938327,0.5055195260409999,-0.6671283487155589
226882,0.99645716,0.089369595,0.15000000000000002,0.03954065143898942,0.3114884563914492,9.906683410746112,C,1614.8288146187824,545.0127791476757,189.53327093787186,visa,105.36710709359022,credit,-996.9376113445753,-991.828171753628,-992.5666125992338,0.34669584558972666,12.207888945175064,0.00044979700817635634,-0.25897436742713253,-0.9494947348969545,4.283489580835253,7.60629444909752,5.516804681920378,-0.797722115107546,3.1922872458081195,4.993417990670143,-0.8333883951303207,-3.4592839670643727,-1.299340917781274,50.53458557556911,-1010.0293011448106,52.14367099302527,30.223830436384596,154.1481832399302,115.59845658762637,-988.9882112637354,-980.8798665810184,163.93677720139644,-921.5474106057846,80.63131680243896,42.29771837855355,7.220679629230555,5.832524891088434,-999,-999,-999,M2,-999,-999,-999,-999,-999,1.931514196307603,81101.6937037726,-1019.2230959090148,-998.6411069648029,-7.411832489907852,-16.658970645631143,-982.978497493537,-991.3619903861197,96.07738513079926,NotFound,48.29736702796754,-1006.5715499715564,New,NotFound,230.36384499019334,-1023.8376871728988,462.1242455799771,485.88633620222674,New,NotFound,-984.1736300983165,-999,F,F,T,F,desktop,gmail,com,gmail,com,nan,-963.8757198153606,-1014.5836832674325,firefox,rv58.0,3.9366812967818476,2.148974799720108,1.786576603924349,9.615074181480274,-2.5677720214047315,15.928423063591568,-0.6178355593465689,0.17000993841940723,-2.181930463072267,0.14983392841378498,0.6681287212119289,-0.3537032501288196
472173,0.9436655,0.3964067,0.04,0.005058857517455529,0.041636325952478466,53.55129438717057,W,12728.28778901789,488.3995872063282,150.47258229047065,visa,225.91768986706563,debit,325.37740634199577,85.61315850068019,3.0411011400202597,1.1062998965202482,3.759874959869288,-3.0248810295942404e-05,-0.45255666064171685,-0.16800240962374868,1.5593411053378317,0.2462452387404661,-0.8467594928106905,0.9171167581826967,0.37656256330072946,1.312836941493245,0.6705669871285056,11.956126628763617,1.0096313448807157,636.6663382562134,629.3700931254106,6.752448479091491,629.3042174364377,3.403868225576726,-1000.2473404373278,-985.1618749341934,-1001.6407787908892,22.051265644621317,569.896038662493,-992.6185984249978,-997.968108044895,-1016.3360774137582,623.6332132551125,T,T,T,M0,T,F,F,F,T,-993.2820826565884,-485.2313625799943,-998.6087543278579,-999.0063369561074,-998.3324934233193,-1001.9966090007038,-1000.0367484866963,-1000.5927424530438,-998.6698236451871,-999,-994.5958264164701,-998.657655296301,-999,-999,-1001.7101600135015,-998.4077164154445,-998.3470787172141,-998.2493138843021,-999,-999,-1001.0899040069995,-999,-999,-999,-999,-999,-999,yahoo,com,nan,,nan,-1002.4233186864219,-995.6604273594337,nan,nan,1.0038610188527377,10.971656425885127,4.04581241923896,-7.535480743352749,0.21992064645813766,-0.5963806873841455,0.18793208412798726,0.21002989085806903,2.2012464679272647,-0.05254381515342378,1.2655009862229247,-0.3808168609793448
394804,0.9990897,0.16335154,0.26,0.19338051145240298,1.532729972245149,24.38693399069976,C,9839.138767633423,166.04146590987315,188.85166455748572,visa,117.49188668084481,debit,-1027.6089801573594,-938.7437814521928,-1143.691931380739,38.105607135907476,38.5681491209039,-0.002042062649539679,9.292815121711989,-1.1878530601889281,-10.35745006290367,1.8902763911385545,12.912948693897818,1.0407732177193951,60.23665341106113,44.41088295598765,37.79718482539896,57.475408975010644,11.330720469783868,160.14068601068152,-1013.8982319051206,110.2425010563591,271.80908429076,-1267.805317710699,40.87790004710496,-2235.445592016302,-1030.078945340335,115.69337061975084,-1006.1975443772053,-355.3930949801252,-298.67447231989644,298.1440480941684,130.84977244289854,-999,-999,-999,M2,-999,-999,-999,-999,-999,-22.12641494207992,245939.14520166809,-968.3526302795859,-1021.2610932501577,93.6526203218292,102.26704272358882,-1001.5644268694284,-1096.6551940551606,312.10711931440073,NotFound,98.77368101804427,-1009.7869219685037,Unknown,-999,259.4919964448941,-1064.5581394798253,179.14437857619987,523.4319968670401,New,NotFound,-895.1031585020453,-999,F,F,F,F,mobile,hotmail,com,hotmail,com,nan,-1138.9690404440648,-968.6646238583592,mobile,nan,1.912872188444972,0.4664825530255303,4.818716328711549,9.703724920799432,-2.8607404691292215,15.760150623323844,-0.43595143656319046,-0.03941315706477605,-2.3913450840424035,0.34243274990505235,0.3906025893792677,-0.66843398858116
50028,0.69433784,0.42454392,0.13,0.028378895023486856,0.2381546042702309,70.7539309438836,C,15810.072721807279,539.479458009661,187.51312172856035,visa,141.0190885005757,debit,-1026.0466088018845,-1000.8322701003233,-994.7902400975158,2001.2789020808132,2534.5104325454604,-0.003704051605578954,1212.6081783916136,0.44092464113625063,1214.0660270484047,1215.1650569290114,1804.785216024384,0.03772781328354835,1971.192895235348,1634.0075363670185,1639.7232330851848,1758.599438970212,807.2084844421937,-3.1004246213543007,-945.6736224378102,-38.15941013947695,147.56804852669876,-12.800756064870937,21.23066750551626,-15.179154766336111,-37.385743463142546,-972.3271564878132,-1032.4909189851687,40.25139280615097,25.868091156246162,-63.45843635700023,62.55947658407826,-999,-999,-999,M2,-999,-999,-999,-999,-999,10.305371583916099,54878.6400736872,8.366338885731466,-2.111130529142315,-8.99280487345527,14.663612031568846,-8.1690889853528,9.726434936118949,108.17128931402783,NotFound,47.56165275854471,-993.2101168121163,Found,Found,220.35186441220185,-1013.2890214251696,413.4440838411077,302.65509658443966,Found,Found,-978.9076639530422,-999,F,F,T,T,desktop,gmail,com,gmail,com,nan,-1011.4648285606895,-966.1073714055316,chrome,windows,2.9005106297457104,20.13107389217508,11.93276489448346,14.172972917636567,-3.29193801502809,11.80878359189514,0.29504429912831287,0.21444522391693893,1.1198032935947233,-0.45300486914639737,-0.2910775552351081,-1.069459980667126
568900,0.99639064,0.2437503,0.14,0.03356392623053241,0.27481477217795636,32.80503592007567,S,2700.6049460575114,321.41625236505575,149.18072478162145,discover,225.1970319619943,credit,338.86931082653075,79.44221663875294,-1016.0335671822656,2.7087480927602527,-3.1731885606913295,0.0005555033156893702,3.109805744268572,1.3577638336983222,0.9793513196029888,-1.5953789100411333,0.6089158362729217,-0.5507215399702012,1.30660466168254,0.5373004938079706,-0.27008209521912985,5.433875560432792,1.231318962090727,-6.5126848075790456,-971.2091019879216,-1008.9829838505219,-1144.2916287990129,-1043.1283916643945,-926.6873991755925,322.96554012942465,-13.787743297393416,-998.218697789463,-903.5537097798765,-997.8225862119872,-972.3065050951209,-1049.3490632420678,-931.7684747218918,-999,-999,-999,-999,-999,-999,-999,-999,-999,-17.035645080999984,-794.0024761224922,16.960689163231336,-14.52626468011374,-992.6116640543341,-1004.0789750793981,-14.056337861593533,-2.7211290191155513,102.16269819373929,Found,16.45798400167007,-1012.1663085109639,Found,Found,-968.0660180248187,-994.3865563053653,-1011.6134757123239,-998.1900143024741,Found,Found,-977.6569485524387,-999,T,F,T,F,desktop,nan,,gmail,com,nan,-956.649607554241,-976.006273633562,nan,nan,0.052091688789256185,10.687340403401947,5.2150392131620755,31.428210258286594,-0.8594230594431072,-5.268722084761342,1.0101014243314235,0.290611806337871,0.9865227987466532,-0.09551183367343609,0.0226911217735039,0.028117854911024892
363378,0.9988187,0.36589983,0.3,0.3182832888392961,2.8432818408871436,4.362401052043381,C,3041.0859845020805,525.554634868474,172.1234859166606,visa,256.8238118379096,credit,-1049.4110029669655,-1046.9800503099668,-1215.5173386793895,213.74360890763262,174.58775246346823,-0.007126941772121296,8.59080477984534,6.464649781124139,70.17246078960738,33.518150054891635,177.20260589855286,-13.230004483714158,42.74039109701461,125.43156787558442,128.62732727828364,3.1734949010922193,-3.55275925594494,878.0392762628062,-1372.827263230756,-729.6426175773048,1003.9434999735647,-1201.2049404937131,-810.3695181811808,270.91604965304754,-268.0590797206563,-1299.9293990188003,-12.620832675962866,662.6774388669223,-914.1917231904845,-147.7708625442476,-63.88978016978956,-999,-999,-999,M2,-999,-999,-999,-999,-999,-131.41408607321227,226207.15585579694,-78.33423524443674,-53.09883525563657,35.06826230191837,-89.64756207866822,112.69184634546559,-205.16818767964673,93.48568916095383,NotFound,121.40083062605197,-1003.3488918520759,Found,Found,239.68619115114063,-859.7551249071444,387.6181328827246,686.7971322652676,Found,Found,-1202.31886163617,-999,F,F,T,F,desktop,hotmail,com,hotmail,com,nan,-551.2652774678709,-996.8610627504088,chrome,samsung-a300h,4.3318713308610155,10.902144304444771,4.976578760823407,14.25575579775847,-2.793096758732206,12.30856047831441,-0.20493538829489016,0.4097251614438973,1.2854059315311863,0.22147159756227858,0.266720716108196,0.026994553114803255
560232,0.9994443,0.49558273,0.16,0.04640734643340897,0.34194355113920444,304.0393473338313,R,10469.063391891352,119.45185953459972,151.79651601776513,visa,230.81834974549838,debit,475.81954527119353,72.32972464190406,-1014.0987715482524,-5.857609926721814,7.83212917762196,0.0026152913763464285,-0.4113450194492545,-0.4709632901628007,3.2427145256363827,-2.3334035976985783,3.3923088314522483,1.4256385651277927,3.8876327397310053,3.432600030829743,-5.742491736312748,3.1471966679789,-0.029193371316361905,50.509265429190975,-944.8455902242298,-987.7272693684835,-874.7721631945587,-907.7207787768978,-922.8349284373077,83.29755463536974,75.58392270537709,-1039.8085425328222,-1065.225890335982,-966.4076882862978,-1000.5821022608321,2.8172537022141877,-914.381657898431,-999,-999,-999,-999,-999,-999,-999,-999,-999,-52.416389886194224,124102.40071666431,-996.9571637574261,-1021.0138127841456,40.33691173499983,-53.46665503969177,-19.771209724539062,9.044998588199405,76.06754266104144,NotFound,-2.4567767399473723,-307.633965617047,New,NotFound,166.64001188382474,13.043630374327222,330.33505972094895,521.5795886465461,Found,Found,55.13241210320825,match_status:2,T,F,F,F,mobile,gmail,com,gmail,com,iOS,2179.609765957506,1226.7169101294528,mobile,ios,2.971384387985037,22.56886042362538,5.194784548462612,32.129682985933876,-0.7477621426303597,-4.676166202044164,0.8406486948566659,-0.08992011214689144,0.9381093854571345,0.11479187027808707,0.8695022277620471,1.7442155753900281
128442,0.87661886,0.4944691,0.01,0.0025521382703821843,0.01944200434674578,151.13791736289457,W,9180.747748555978,111.41473541462253,150.07826177070564,visa,226.1597790376235,debit,124.9635887453152,86.76214167506036,-1001.367067214258,6.4610166657594785,1.4704628499995724,0.0004227446306902822,-0.14512379191689107,0.027761175930565152,0.620940453985602,0.04995502996551915,-0.035710103422900374,2.014892212633133,0.16671868844454174,1.682791748472832,0.06750146221800346,8.004164095277595,4.85597180854265,339.6485202773568,132.95976505077863,-3.073097553508215,334.625575305916,-4.434995127726588,-996.9156877741021,-1009.977119130732,-1000.9865761187322,336.84961627435104,-997.5408430049749,-1000.3128544927487,-992.9867726352745,-1000.9267173321889,333.8922845536203,-999,-999,-999,M0,F,F,-999,-999,-999,-997.7781913062496,-1090.1971089177532,-998.522955166405,-999.6044909464639,-1000.3333041386968,-1000.0483821362845,-998.640637737635,-998.1211934162118,-998.7754211694403,-999,-998.6779225464152,-1000.4651541100629,-999,-999,-998.7455009815465,-999.3196046542461,-998.8745617471493,-997.6309224944857,-999,-999,-997.510694970272,-999,-999,-999,-999,-999,-999,aol,com,nan,,nan,-1001.3569153044878,-1001.2486575794212,nan,nan,4.997808415877778,21.01167806702483,12.00802714794613,-6.523281169087496,0.4190306626851312,0.36269403276556794,-0.11629063592906014,-0.27015354039838896,0.3317717898165723,-0.9446304023672346,-4.335789548291474,1.3058883636188163
192642,0.84827685,0.47960183,0.05,0.006265852597583031,0.050363773760889206,33.16011266147653,C,9961.378215506536,140.94208955860034,185.4319255155764,visa,137.30058531857514,debit,-1002.4369470040581,-997.2166972487036,-1001.9708598606601,0.7771299989951217,8.500215334346095,-0.0009317029842289331,2.0918023273740203,-0.0631532648172275,2.5340096204573497,1.6425882372091516,1.8061479701903878,0.029095699515905515,3.4265613448892385,3.367601980060779,2.971719923376405,3.2269786973474375,1.1587392413571589,10.500109603208136,35.87380939407465,10.826558239863147,6.43492608810624,-2.7307729231365627,-0.18073237121946642,-1.8029478095186726,-3.9410164081194017,4.05576255427031,-1010.5956928558063,-13.02040441323213,-0.6144383144047406,381.1514832866083,1.0843863057504535,-999,-999,-999,M2,-999,-999,-999,-999,-999,-2.698444376091402,404483.9725112468,-0.5130342778854811,2.645607007540889,2.0441999782763105,3.345406567922737,4.603387819852514,0.9337051805565579,97.87699228375243,NotFound,50.87279193135055,-1001.3456733680807,Found,Found,226.0687350391645,16.49498853736486,292.7676560757957,400.7688116164667,Found,Found,-997.3650956339344,-999,F,F,T,F,mobile,hotmail,com,hotmail,com,nan,-987.9060168889632,-1001.7448802408746,chrome,samsung-j701m,5.025795270638998,21.018740229029213,1.0099430296696168,9.53772654009647,-2.464404194175429,15.893290740264518,-0.6553205388422736,0.2216527644265843,-2.129044517678938,0.3706020060387348,0.515529802084181,-0.52277201335155
302434,0.8329762,0.1925426,0.17,0.05427181375432048,0.4611240351663002,133.33142586936165,W,2100.5405747771138,521.7275938972684,153.91758551826715,mastercard,225.6305865171103,credit,311.8316798104188,131.57955785053946,-989.619465711539,2.451836517922395,12.56539150323962,-0.004205027708272679,-0.03630791012018442,-0.22928499346464548,-3.208483327624764,-1.3354988995794779,-2.112730773145386,1.0543627498601613,6.128841290315375,3.659688815070851,5.806626829946522,2.8772307279396614,4.92231683302157,-246.42195700469279,-948.9398992752322,-1064.8448947318366,-986.8720050793966,-906.227456628066,-1005.0660936952482,-985.4988361261821,-1014.3200358540095,82.8786246893956,-878.0667202636082,-930.8384805596137,-1050.7648161624256,-1177.8818926244783,-951.823211401215,-999,-999,-999,-999,-999,-999,-999,-999,-999,-980.1897883491288,4069.2924382574056,-999.4782733470462,-1027.3619587150167,-1026.5723180078555,-1003.6189603939577,-982.6945634849113,-1022.6703982752657,-1009.9550597682849,-999,-1001.1819060361947,-991.1336241717245,-999,-999,-969.0964153875474,-957.1645914597295,-1006.459896769766,-1000.9643731586826,-999,-999,-1042.5066724980531,-999,-999,-999,-999,-999,-999,nan,,nan,,nan,-1035.6713366412664,-1031.1141643363128,nan,nan,1.0016224473530668,7.823304506596414,2.117888609846941,-1.353230872056724,0.7334064069630198,-7.35124724220485,0.18110562255984503,0.06723049305114594,-8.812933695469892,-0.3817499581152022,-4.556790821850729,0.9957225985657356
435077,0.9166145,0.45373297,0.06999999999999999,0.009434629620313228,0.06649457283114502,319.49659722922735,W,7053.923574775317,110.88778542112175,149.74203474631526,mastercard,165.24696076848792,debit,326.71763932522805,90.26032090450293,236.37921407163344,1.3601118475806722,2.729726345100861,-0.0006543560506222599,0.05438182916273693,0.03697102708555189,4.142823137856089,0.09134148601960446,-1.2358363072933205,2.09165936281496,-1.8895152249340201,0.6448639240551763,-0.5571948110055116,3.748870325338988,1.215880429407858,28.10499811177121,43.56391336506235,16.162751941432653,-1008.9947555059392,-996.7983482220764,-977.0139018397202,-954.7958408005888,-999.4073270291194,9.660321331794107,20.04047563224182,-998.7368408572214,-1024.8747404353103,-980.6758729101595,-1006.3382273040403,T,F,F,M0,F,F,F,F,F,-1001.190438445406,-1374.0971534467171,-996.5628000551258,-1004.6381231276295,-994.5752060109237,-999.9554652529937,-1001.6370029455563,-998.4047467086511,-1008.8484592778402,-999,-997.3808744155209,-999.3768555084118,-999,-999,-995.4837790793628,-1001.1999370064701,-999.452211340644,-994.2147826213529,-999,-999,-1003.0030157180985,-999,-999,-999,-999,-999,-999,gmail,com,nan,,nan,-997.9395735002273,-1011.306630759206,nan,nan,-0.0036559154296362806,23.01569184240764,4.028887813322181,-2.4203225281927607,2.0488304361230973,-8.11629441812769,0.11504098948128531,0.502335557761932,-6.578711366246517,2.4650552390831533,0.5001855625789732,-0.7301877522443958
426071,0.5844476,0.37588266,0.01,0.0025521382703821843,0.019980562558408434,166.0905482169197,W,16072.68915545437,514.6961323394559,149.65405255193028,mastercard,101.64335495343657,credit,127.2415003164958,87.16553615497492,-999.9237652199918,0.9879156020941213,0.6747972773968165,0.0003109726182253447,-0.22669437514193902,0.02912370389111718,0.8312882585954551,0.07254412943126587,0.17886911426990615,0.9984956625864743,-0.5285168253518941,0.9840268958544947,0.01018677617378394,1.2259522725685983,1.0937218675460985,2.014547505582801,-996.826159276331,-994.6785189586731,-5.5322335846806165,-1002.2499007107556,-1007.22557218767,-989.5375140087572,-997.5452099667328,547.9916807838323,-0.538280135189519,-1000.677824633383,-1003.3033450769469,-999.8883236992339,3.093275649912066,T,T,T,M0,T,F,F,F,T,-999.0522924495322,-441.4873883791661,-999.3753813127166,-997.7691154141935,-1000.6976569253536,-999.712961996717,-997.5099190091287,-998.2615998212557,-999.1912102548674,-999,-998.1568946778666,-999.5845350271416,-999,-999,-997.4099396525748,-999.4105873515065,-997.9139942672191,-999.9079912455132,-999,-999,-999.0308874672083,-999,-999,-999,-999,-999,-999,gmail,com,nan,,nan,-997.3928609229743,-1000.8176545678664,nan,nan,3.994512276745033,18.999210163788465,3.999163682526838,-7.531024203368516,-0.008705478556423583,-0.59944827252747,0.2619408508999874,-0.13766027823094218,2.193136582078366,-0.14091343628658531,1.175966116553054,-0.71976196637737
171975,0.99929523,0.42756152,0.26,0.19338051145240298,1.6339715858402029,72.83072424331462,C,8868.496656116551,87.61924969399035,161.104719943534,visa,143.29862402183625,debit,-929.4708835551819,-1014.649840815575,-980.8722689996923,178.80861511101122,231.10465125825036,0.007176486124850134,35.08513790140658,6.166681187922696,20.194541941836928,35.44797938443262,72.4400311228102,-2.6161556230979155,30.78986556744093,95.12517404286255,97.46343421189258,51.85618910060164,24.116192113385537,12.37176771006352,-1424.7369786488184,689.8551453818095,496.5176777675524,-55.513140224924506,-102.77065485819688,68.53468375156946,252.99140073399596,160.99096338965094,-603.433367316348,74.25676224694796,-336.47812491395814,-280.55308714833507,15.227162687347889,-999,-999,-999,M0,-999,-999,-999,-999,-999,30.859935050285003,72559.24131266901,-1029.8334089522348,-1014.7081626332676,122.50840925752914,-130.90835468033026,42.29692828742736,65.49372796279556,-27.100463191099266,NotFound,198.02492260070403,-1023.7169207039811,New,NotFound,393.74844417502743,-1012.428379303278,96.12496066864196,303.60958928276705,Found,Found,-1080.5695253838435,-999,F,F,T,F,desktop,gmail,com,gmail,com,nan,-1113.5613948990429,-865.5637003788092,opera,windows,4.940595085814148,18.226818846962686,1.5450286710447116,9.764526516918,-2.720753300092479,16.10354903727664,-0.8392864338301624,0.1975995669882417,-1.9490929857576793,-0.06418533386102793,0.3764336591044543,-0.8406744391000471
67105,0.9150383,0.3214799,0.14,0.03356392623053241,0.2863209332249917,34.53060658322978,C,16012.279650162718,199.90875234575876,185.99421568249636,visa,138.31769727976126,debit,-1005.1220740967594,-997.2123794797992,-966.5690844743144,129.16764861005885,341.06232167178166,0.006198713123263583,71.11138449784335,-0.38529726078445226,72.91995096871835,71.54097577242327,66.63827078530178,0.6616949234948177,85.22882200674111,122.89526265512069,127.71119415807703,169.93137641515787,35.33524891072814,-26.878339609131096,-983.3958951408774,-9.634150951608373,207.1727683939532,55.01122587836197,222.0616572905035,-43.76493686842544,71.91505939845108,71.14199246016572,-953.671801196212,135.56550771068873,63.38136619445059,-5.3749363267137324,129.46385006990357,-999,-999,-999,M2,-999,-999,-999,-999,-999,-14.567089635098796,168752.93822751212,-12.178850279942026,-5.5734850035509,-6.771038302629563,-24.955961510517113,3.5016177964776034,12.657837746008568,123.54918028519558,NotFound,54.471130046019425,-987.2956983531394,Found,Found,190.825858450331,-1002.2984960286867,157.7321386175613,510.45543796301774,Found,Found,-1012.559001526133,-999,F,F,T,T,desktop,hotmail,com,hotmail,com,nan,-992.7873330198017,-1005.7649599953853,chrome,nan,-0.0398232295426002,18.91164050686304,12.005154248159355,9.78008458753403,-2.470446703250509,16.226787422562698,-0.8537298240690355,0.10517754743130595,-2.2218938534990653,0.21607195652341063,0.9996002031767931,0.15595276246073275
369217,0.90570766,0.17006582,0.09,0.013888290969627364,0.12001165330963608,68.90891185702516,W,7575.033810262612,485.9117032428585,149.6013185927538,visa,223.6242492845517,debit,256.47059324618294,90.96846386915958,12.408517247760301,8.706916207809794,11.635236710998095,-0.004807569747038648,-0.684904683432614,13.3915122672325,5.777102650954879,-1.370237227732921,-0.862805641593595,5.071587284603474,0.028555778114639274,7.495705263111679,0.3325361197382586,70.22527130267667,9.05982044562142,295.6859686625152,308.20114751130205,33.00541611457213,-980.7919722918144,-978.9885620930971,-1001.7991987145006,-963.6732283390447,-992.5180790171548,185.93171507923134,244.157170890376,-957.5051431366973,-997.6390409055132,-1028.0938625822912,237.3091562736565,T,T,T,-999,-999,F,F,F,T,-1006.5812070550941,618.4452425721465,-998.568728240148,-992.2118759376409,-1004.0985206687096,-1007.9498114430189,-994.3859051450552,-1005.3838203359082,-1001.0549190677474,-999,-990.111612017006,-996.4489043016108,-999,-999,-990.528117061383,-993.3910093751176,-997.6711460655658,-996.410451744156,-999,-999,-1002.4260675596963,-999,-999,-999,-999,-999,-999,nan,,nan,,nan,-977.660695803734,-991.2598540139702,nan,nan,-0.006366243586139131,13.90820757589761,2.9786124427017926,-5.884714442402497,0.7055755473866987,-4.178196865343784,0.24329809063049854,0.401482618317962,-5.4010687720798165,1.4794592994284763,3.715964365381752,-1.0896397251445382
526407,0.9911965,0.017251765,0.13,0.028378895023486856,0.23328686765019763,18.598191883887665,C,15931.178592104065,203.50724899292587,187.41199164689692,visa,141.98672051523445,debit,-985.3315356863789,-995.0853894927367,-1002.225754591173,0.14647994727039482,3.908760811480162,-0.004996331977394846,-0.6384964115762575,-0.9802266125192913,1.814354073953103,0.44935833026718264,5.262339991855435,-0.638831919925746,2.144782095538558,3.9794037934750817,0.3716615582632814,2.2729857298027447,1.1692175256923196,74.59841919916026,-867.8850003294891,-941.9168174737563,37.877500616557846,10.284494296721023,-41.230119846525064,67.42717834113608,27.998008703079897,-10.174857888625205,-971.9199527076554,-38.94317105303919,15.203298092311542,21.97065988102424,-28.028711086506114,-999,-999,-999,M0,-999,-999,-999,-999,-999,-26.734193032680082,61992.52565261256,-10.237050356145119,3.505418913626613,-22.87846022680219,-4.052835663034557,-8.033695024539952,5.29808573329467,112.69557787710278,NotFound,44.97626849299559,-1006.1587916226034,Found,Found,191.41258122955367,-997.9741443337853,254.031076951243,593.3234307506056,Found,Found,-1014.2069983880928,-999,F,F,T,F,desktop,gmail,com,gmail,com,nan,-1028.5157422310695,-1029.7706107931363,chrome,windows,6.007129935322681,1.1203062730651432,4.9650297966826535,9.607815848477747,-2.64800110834966,15.935569368630288,-0.5917614604359631,-0.09038639466929746,-2.1369867947877488,0.12224092784726644,0.5888316939219977,-0.5112410458809007
211541,0.5349352,0.2618894,0.02,0.0032300924127905565,0.025552467655323288,129.62247053123374,H,17412.076930287298,174.12349568345064,149.8840528609006,visa,225.61183320773353,debit,122.05055184270192,87.66665687587046,-994.8353217231383,1.7567932829596504,2.392913846094485,0.00044060834310925747,0.9521429400823975,-0.04247358498730858,0.7457721420665759,0.06040902312587537,0.8687864704216741,0.02324055396850344,0.8365484390906577,1.771191163435681,0.0392483078240673,0.07185211387984225,1.110248769998285,-11.636929264913512,-992.8419199361101,-994.9093115167702,-989.9672844469836,-1014.8726833415009,-1007.8744821454453,0.23908570095528683,2.4421984021135663,-991.7187308309306,-1002.0720165679211,-997.6799415280004,-996.6059742978844,-1000.5480531754145,-996.873481985865,-999,-999,-999,-999,-999,-999,-999,-999,-999,-0.0984846860168318,313004.6975437034,1.4581715599736071,0.4559618821568847,0.5061073832980583,-0.6599558309960685,0.407293589105052,-2.1832571698136007,99.41746098563385,NotFound,-998.2889726517416,-298.9157832096972,Found,Found,166.5670893913216,-999.4846027285,530.5377867172564,254.4295138127818,Found,Found,32.642135158631845,match_status:1,T,F,T,T,mobile,yahoo,com,yahoo,com,iOS,1135.027983441912,637.629564761794,mobile,ios,4.996392405500018,18.985642641507482,1.007429905816049,31.26687892326671,-1.1643807553293197,-5.308708375855662,1.1283481840680758,0.07353535541458171,0.9701999740693363,-0.09450481391681811,-0.10308935111387198,-0.388788091861626
512973,0.9426193,0.1574464,0.01,0.0025521382703821843,0.020812686437426963,28.115452779618124,C,16646.532657107662,168.86981513054235,149.8586419096022,visa,225.90229053324995,credit,-999.3494908194541,-998.4349014674157,-1001.0377491976158,4.69068354660646,6.135142087992703,0.00047251939189712263,2.898835992746985,0.07824537815440635,2.9822968988533445,3.032937148884901,1.9333950856866928,0.0954944306529093,3.5507086949783178,1.7762509880422108,1.8772888708018902,1.8343454585602075,2.009295866151632,-1.1878377174456478,-995.9220609993635,-997.4605372456978,18.941150976996088,-8.785452639933792,27.78518463379588,28.34467845557465,4.733788831382881,3.0414936014703766,-1003.7271432828337,26.658488086822253,31.234717408441742,1.048020506236375,25.59501268720053,-999,-999,-999,M2,-999,-999,-999,-999,-999,-69.24248246489503,78774.00270828276,-0.3689006323719468,-1.741195777108942,-0.8138344100440236,-1.040774615417149,-0.28719911422615496,0.3406999041852714,99.13061286516893,NotFound,52.18663466655664,-998.7160148602794,Found,Found,225.81698491117527,-1000.0044608800933,264.0725632704206,125.96333947889309,Found,Found,-1000.4410803208916,-999,F,F,T,F,desktop,gmail,com,gmail,com,nan,-996.5451142454452,-999.4507919411272,chrome,windows,1.0043812082188341,16.026401554632574,5.003977132093688,9.623023846195569,-2.6510899407082453,15.964221668886061,-0.5982830947471068,-0.12315849062430749,-2.186865355385114,0.137176172083926,0.5629247395156001,-0.6151202748314211
392973,0.99037045,0.3557611,0.12,0.02389616287845446,0.18055753024265767,28.74927440303712,C,10058.792614538073,142.7750911857599,183.54917853590706,visa,138.0200661007093,debit,-1022.4520963448249,-999.9739430196593,-1008.702348934112,12.43475317270539,2.2362807211264126,0.0017421297618951089,1.502982241837199,-0.3721827727576521,-0.6898218257703341,1.6206655748583692,5.948834091388491,-0.42795298184553143,-0.004391771392752375,-0.4616536515916856,1.5694071479252876,0.9485079032513326,2.7178476943614296,8.182642831669925,-949.4885070480686,-60.43288998404125,146.6200245731031,-30.87065501094712,273.37758536433194,-1004.9183459476689,-1033.640568399526,24.11714322048273,-971.2541682499843,229.41959352868247,47.412818098401,19.001467534321073,12.998649990027001,-999,-999,-999,M2,-999,-999,-999,-999,-999,-15.289394021738872,199010.1400741021,-1003.6469490093202,-1000.5931527191342,1.8959681789187925,-1.0477262277514683,-1013.406473961454,-999.3891539300622,106.68988136696498,NotFound,63.32906311554052,-995.8935137924441,Unknown,-999,217.55119966875156,-1000.3202666416303,249.1707435979746,331.16525445028344,New,NotFound,-1003.7989726464511,-999,F,F,F,F,mobile,gmail,com,gmail,com,nan,-1024.8849912736266,-977.4047408140644,chrome,motorolao,1.0635478479328961,17.244736013145022,3.104917487064561,9.99401866100402,-2.431937884614569,16.403996082552073,-0.6533232522882874,0.2249870003721367,-2.25484462407829,0.29915433478856673,1.2231641869681216,0.5469867144698924
70939,0.9401813,0.46801233,0.08,0.011477469205752985,0.09650807616764133,97.41165664428674,S,11310.18421127811,399.42621077914094,150.7629447477014,american express,146.35488899043477,credit,327.40569950736665,82.8788520729321,-997.4431086765968,-1.2698127686288672,1.609545193774819,0.0013765226786308909,3.338528449130355,0.015750498299424542,-1.0183181034653064,0.4954282420149365,2.9515810636227964,-0.04393121429319802,5.995846025021391,0.7891280475841036,0.7223459564668171,0.4623816487859358,0.6035760750686583,56.507491859457595,-17.881895014043916,-1016.7397209108411,-1005.2165387426816,-994.417109932866,-1016.8739951043973,23.720248000002023,6.560301137179541,-993.307138664149,-1012.3372817529663,-1001.1719865927499,-1007.2729770284534,-965.272740624327,-952.0821182153903,-999,-999,-999,-999,-999,-999,-999,-999,-999,-48.60460427207511,107305.73486665534,-1000.6459577163479,-997.7289758982464,1.7626022567683322,-1.5911300453681179,10.28291887480043,0.2693967152109735,97.21287564128875,Found,27.94421260839897,-306.2968229673601,New,NotFound,160.9824779459069,-1002.6677051999472,207.88313517079575,537.7004606719494,Found,Found,33.767881031841625,match_status:2,T,F,T,T,desktop,nan,,gmail,com,Linux,-1011.141132718514,-1006.8876419663027,chrome,nan,0.9998286318059675,15.969017976998048,12.019537585058146,31.304864416747666,-0.5564701413375932,-5.258293707075701,0.9559114361699964,0.5460029279841973,1.0371831002949763,0.24578209005411186,-0.08509736742922769,-0.13493245622416752
80572,0.9850507,0.227871,0.17,0.05427181375432048,0.4546472149967155,68.1804641218578,C,8145.1648597560825,158.92931531905654,144.12518768110283,visa,222.82435641446597,debit,-990.5699624800072,-1016.0720596093141,-1029.5537463524888,1154.1391188963341,1023.0603372463206,-0.020970592964961347,205.18904630807805,-0.015359906182299987,209.9476719140748,201.92802453580532,489.9896194612972,1.069766869908304,280.16603855506025,415.77118334994674,416.8462444087839,236.01394327503147,108.05308380213569,135.95847908095305,-896.557963232681,-840.4635431097558,135.52165681360185,-105.82175539746778,5.527250078992765,-101.57631602286813,84.5725139682895,58.27025091442817,-917.4912192146592,48.187682720112356,94.6919960511664,-145.50582617132855,-39.716904488097505,-999,-999,-999,M2,-999,-999,-999,-999,-999,-52.706032257353854,30421.840448896444,28.04556053449926,-0.6339132560041207,16.176788802084047,34.81414500349149,-19.540515522465512,-11.172768566009267,109.56930845044576,NotFound,67.536388851722,-992.4628821705496,Found,Found,257.1587156941155,-1032.7189036335496,253.39412167862486,335.36681533269814,Found,Found,-989.4331168698106,-999,F,F,T,T,desktop,gmail,com,gmail,com,nan,-959.6350911007356,-1006.2393468663448,chrome,windows,2.910181814448201,5.245583815860469,11.99941834432077,9.568126587152635,-2.6380791701481354,15.890122806914329,-0.5385855452744966,-0.14592612828804397,-2.2308916911742673,0.1686306405781816,0.5957238142582841,-0.475863038131485
577618,0.9872207,0.4182435,0.21000000000000002,0.0982356594956918,0.793468518795051,12.488370706738124,C,16863.42414775108,308.9396683369904,190.38985449607634,visa,213.95078959410833,credit,-1061.6917956028897,-996.4817679116359,-1009.1338885608493,31.4715567789933,42.15750924102761,0.011774691259373238,17.864423085295964,2.7391181677446763,24.649792402075963,12.39104112576984,-7.485899799337277,0.9979221813962615,25.425797755639376,15.625691023672012,-6.421206835177379,8.445886335656173,5.569610515416432,-37.56008269357439,-791.0360773268786,-276.7783413689108,-265.1774094481513,-1078.0039236276946,187.84871734391606,-47.576555398372136,61.33325333422101,-62.240547501942245,-961.6383157692218,-209.93952398378303,469.5043676652273,-140.544270705556,174.87851281638913,-999,-999,-999,M0,-999,-999,-999,-999,-999,-32.4704610450226,171344.0469741206,-15.063439292486692,-21.161853326962728,-12.487874074785736,-20.790559201645237,-22.348739768440737,-47.89430064918656,87.74989494477018,NotFound,32.20118641742215,-1040.9440774155003,Found,Found,205.7199249765132,-971.6606663776018,366.14447872961966,528.5039637556255,Found,Found,-1023.4892720361737,-999,F,F,T,F,desktop,anonymous,com,anonymous,com,nan,-996.8910749363104,-1047.953329635535,chrome,windows,2.914473849877865,23.608497087060847,4.271271386452626,9.568565089904505,-2.561396075337349,15.871983016228308,-0.6431699569550559,0.07154687827113562,-2.235632026234406,-0.11093117424852417,0.5069726250733315,-0.5814413523213892
272694,0.9637584,0.44302684,0.13,0.028378895023486856,0.24272661013631447,66.14801594125808,W,17561.19643671209,486.58828266857734,153.67651050862034,visa,226.36933044720664,debit,318.17024379359793,103.86858390161066,1827.552345175341,1.1701923702614714,0.20856752861593897,7.566352315316414e-05,-1.9948682644742268,0.6068154590909378,3.25575922405255,0.0133186031813457,3.8361136441525856,2.8890132264535997,-0.363778618924421,0.8418158882420972,-3.9950674785975044,13.91208701092377,1.9852667882247461,-49.67809389702087,20.9708561260387,-76.63105779989597,-46.46970013106857,-11.646345820891856,-1061.8292743705417,-908.8753509610341,-1064.7887819603095,18.84143865200418,342.401365656319,-1093.1983910703432,-1030.592383712773,-962.4635462365017,-51.2213444644778,T,F,F,M0,F,T,F,F,F,-1007.3180006986839,-403.4993504336817,-1006.5885079795299,-1009.847158265983,-994.2996210834278,-1013.1372500064045,-982.8455121952877,-1005.9874087640354,-992.387623473833,-999,-985.7395359639196,-1000.2677875066411,-999,-999,-980.700617984475,-1003.0455985816202,-968.6207951368965,-1022.8629170895142,-999,-999,-988.9010988531784,-999,-999,-999,-999,-999,-999,gmail,com,nan,,nan,-997.0225023142762,-1004.147694100512,nan,nan,4.006586755411119,20.87869940149566,1.9114991040002596,-7.608256205012544,0.8259217566682961,-0.6084520005461507,0.2010385912704651,0.4265276009321109,2.3666658772452296,1.528436240311156,1.0781412218859285,0.09583270677094763
395274,0.99817514,0.34061414,0.28,0.24919445743323487,1.7002514995272187,61.892659276388926,C,11087.985640811461,85.01536943181475,175.94529839566277,visa,80.22127649307686,debit,-1100.0604527298813,-997.1740685630614,-1032.3607816715657,71.62487155448304,109.71264534662676,0.03657507286587996,26.422028233236215,1.746229098215072,51.52272516213632,39.11537961551274,47.401727772206726,6.475340790109625,51.03122611540864,73.11933623433616,45.59385815840389,-11.143168027926762,16.406538025696392,-29.41702478016607,-41.93377879955405,-262.50533607387507,723.7784469795455,524.9416874059572,-28.33964438120295,-2029.2155399740434,-705.0301046674441,-290.030677578583,-1121.8086738707086,-366.2385363046466,125.62501371823623,-845.5995181553697,705.3458977310598,-999,-999,-999,M2,-999,-999,-999,-999,-999,0.4058291281737638,345106.43407957186,-1027.6610500594238,-928.1325904028041,-8.593894644219745,8.109423248623784,-1033.4226370425383,-924.2205124467996,192.03392167149957,NotFound,132.80766163943917,-915.8502230365691,Unknown,-999,178.17260113665952,65.72829709680354,206.38064122976687,455.7626719984304,New,NotFound,-1024.9569285559073,-999,F,F,F,F,mobile,gmail,com,gmail,com,nan,-916.3401947304449,-1087.2238045880567,chrome,samsung-n920v,2.3454317535948492,5.728206892502346,4.031977399821054,2.9843307535292003,-0.47733964401288853,9.796697269410142,-0.9044529328201574,0.3551239830977014,-0.9361698694697411,-0.5149315258723843,-3.1239313381012486,-1.684923333399722
480351,0.8014343,0.23398677,0.11,0.020034599671098444,0.16118904764543474,100.69615591684698,H,4380.73534085057,494.60907950280546,151.25763015861864,visa,196.30175643777739,debit,323.47869431812524,77.20246536344922,-1000.7416275203229,-0.18728024786431163,2.3825977409199695,-0.005909535923146389,1.9892023004436785,0.3609176951147539,0.6027838500047817,1.1957174759859137,-0.833800388109851,0.028140333467908896,-0.0015515278444295788,-0.7438015151731125,1.83422989915393,6.457463844084167,-1.2980888050509254,30.132512308181944,-1000.8546911690466,-1001.2423950166527,-1002.3872692298581,-1054.2384622386928,-1021.4609506871877,-14.097908886668007,36.37420276053189,-955.3386497575827,-996.0847353487973,-993.1499946615836,-1008.1758275851222,-959.7921168233996,-988.1735593803262,-999,-999,-999,-999,-999,-999,-999,-999,-999,-15.83126477504186,143286.36475846058,11.274083174344241,-9.78110271522155,-1012.4596791639859,-995.0087422972372,-2.5414964811309346,-6.984327692753936,88.55323645107273,NotFound,46.22821270277575,-472.17457948245783,Found,Found,-1014.83553654927,-1003.6827551593753,-1013.6846533906539,-1007.5469478740073,Found,Found,19.922654073000103,match_status:2,T,F,T,T,desktop,mail,com,mail,com,Mac,1364.9280438212968,778.4035747058103,safari,macos,4.05176065358061,8.981790347647038,3.9313477639340233,31.17500291815789,-1.2180126916739125,-5.38556323121478,1.1793842866330273,0.0962431419297514,0.9872771648206845,-0.15046331930060075,-0.21803232091571212,-0.527890810706359
369044,0.9338063,0.41347203,0.17,0.05427181375432048,0.44964466673456177,534.7717981773891,W,6090.579870022273,302.1460095437574,147.60013584036415,discover,223.43443513074934,credit,119.69831104846993,104.37484678726358,-974.051041282911,-5.564356426387707,-12.805825245326186,0.00850044791452781,-1.2603964653798476,-0.27946518685288346,5.18490832472532,-1.5011693490261866,5.623465842343021,-0.19469105276137189,-4.979412205660723,5.542863868026243,6.5278326676871234,5.246912593960722,-2.299091628964632,-33.09182064058077,-997.9694337788477,-1027.0894990390134,-310.69357041039723,-1211.8592312629262,-931.8539352967321,-904.0925702078912,-958.3616114817047,97.24369800195338,-896.2953736321149,-820.6259008186292,-1020.571070025374,-956.550541491818,48.352578492710656,-999,-999,-999,M0,T,T,-999,-999,-999,-983.9824745797767,-3041.687767616677,-966.0863790768799,-1016.0129270954577,-1028.4623517321952,-1020.336053484474,-1007.0215534584515,-996.5451687221873,-1032.8361802635216,-999,-994.2624237198887,-991.0297100183964,-999,-999,-966.996146384689,-988.178358761331,-979.290574437284,-926.0500939485241,-999,-999,-1001.5162143671812,-999,-999,-999,-999,-999,-999,gmail,com,nan,,nan,-1008.1787181490665,-1003.9265213855978,nan,nan,0.05493846621955356,8.770656654424364,3.2424707857685156,-6.514400909694969,-0.17273811107156908,0.2849853383591996,0.15933541260600864,-0.23575733960207418,0.356002041948511,-0.9378253912687974,-4.386714503807252,1.4917884126327738
61497,0.9959602,0.30065256,0.24000000000000002,0.1486439774738485,1.3885673845093063,63.961098083596326,C,14492.035286603048,432.84411797806786,202.57570756997276,mastercard,221.96880774414646,debit,-1097.494691179629,-996.6160540910059,-918.0961666783757,82.27631047434292,14.313263563663043,0.0008426183093633187,21.03997418236763,8.886302059251026,7.523324504066847,22.16759183922658,28.10056822968093,2.1784348394113366,25.345545055924767,21.497578561900305,38.960772085927545,5.682419587341176,6.495445990405101,238.1512890839472,-830.1307216401087,247.86868557425174,-102.47712212660616,-60.20908941087405,-175.75892872312502,959.5355204570587,-62.48136497900534,-214.1052328214853,-1178.4210623490221,271.709132538796,-126.05155278725614,-147.93569799998812,152.48497635686294,-999,-999,-999,M0,-999,-999,-999,-999,-999,-74.08385689098941,50436.491849642865,-58.30819736627143,110.48514651050095,18.302335434028237,-135.67072600056713,-33.5406138773194,64.1241174590815,149.6036577655617,NotFound,72.22761355208479,-1023.7660625558838,Found,Found,196.3996614067771,-968.7899292941734,174.72321585087093,491.9354470415602,Found,Found,-863.3665777668477,-999,F,F,T,T,desktop,hotmail,com,hotmail,com,nan,-1221.2756381887125,-1105.7908572179877,chrome,nan,5.470210144874996,11.732603079737457,12.27717112005913,9.36907719407249,-2.7050253647460663,16.03628737225544,-0.6325840528447341,-0.03150249845854869,-2.33164328374266,-0.05176974309738969,0.9612353961444201,-0.5596022769234018
380210,0.93314505,0.37931284,0.08,0.011477469205752985,0.08779460223837375,11.759195133825074,C,8955.693686180564,546.6408226938591,184.58841091277014,visa,138.2990707973048,credit,-1003.4732335882909,-1000.29785849792,-998.0964324054779,3.4288131522707666,1.9001399309967706,-0.0004135583456030432,2.907636402730761,0.3149507969144887,0.5153252497017906,2.9044905511751717,-0.015166410198543367,-0.15899750518274125,-1.0095639574325244,2.2821243833304923,2.567262369485089,2.006441441436724,1.6835342947281324,0.32387672692965264,22.006533239018093,-13.233730258685151,-1.0066392114680978,-1015.1872260813174,3.207590572796928,42.31738702044598,-11.920755458982741,20.422587411499784,-996.8584748998912,-27.405378022991457,14.786024408743017,-982.3490348978543,18.39140941778091,-999,-999,-999,M2,-999,-999,-999,-999,-999,-12.84793419553614,177776.0558454123,-0.06846771437710686,-1.3799791402030905,4.822634089088751,-6.254396350449156,-0.0053946388217127605,-10.775346626435862,101.78581963995248,NotFound,35.936769705244956,-995.064773932516,Found,Found,229.06885504564593,16.164407399328184,411.7228479825036,566.9013486861119,Found,Found,-992.0161383522211,-999,F,F,T,F,desktop,gmail,com,gmail,com,nan,-1007.4918239089183,-1002.0097806375695,chrome,motorolao,3.99878122164509,1.0580527838363718,3.0025304540813376,2.831213679516196,-0.6819648403268637,9.716051870340403,-0.8608001703208008,-0.12720447118457084,-1.2389521359204865,-0.5630586243720767,-3.143543847255659,-2.0031084679315283
240888,0.99067795,0.39289123,0.23,0.12982628505779303,1.0899325526796395,1.6110079132197228,C,1055.3448403711336,499.2952475198165,193.90013746313906,visa,135.2878377670246,debit,-1023.9786644813721,-1004.0581731347144,-1058.74841809682,51.73038664115519,48.57641226101782,-0.01710451538926844,11.405360824931536,0.21003663810296302,12.622413006751016,12.9214834042111,10.856706562518223,1.205345408754094,23.96271070962658,-3.9753580267775934,25.157998914776222,-22.150699058084577,-17.86569986267694,-23.2237311225706,-762.6927517774413,-416.9818566940835,-221.90020350897095,-32.10342689393581,-10.308842614944663,479.6520928134681,-241.1963585218546,36.062156114334506,-682.0990150963835,-135.75667481829555,-27.274127903820627,-1187.2239356112254,228.57132951344082,-999,-999,-999,M2,-999,-999,-999,-999,-999,-6.254682982182089,143031.18764855305,10.727877721290497,48.58023323473458,102.50658147516299,7.201711763168305,-78.13683227781723,-19.167679204852448,44.19703430875302,NotFound,-9.547478662139838,-983.7192422273686,Found,Found,201.19919991655888,11.024977251607197,401.3902278701179,531.4065382336001,Found,Found,-986.106401736131,-999,F,F,T,F,mobile,yahoo,com,yahoo,com,nan,-936.6080209526883,-1014.3432758153481,chrome,lg-k580,1.0392110152820075,3.4626622063917054,1.3821189271258834,2.679570698067316,-0.6601446446806915,9.96787644209698,-0.7497656736638574,-0.23677502456831678,-1.1304724707623446,-0.7291633726594982,-3.2422685237705102,-2.1364258333162223
259889,0.9808833,0.44649488,0.03,0.004056900182200707,0.03186699143934176,50.54204924902382,S,12989.11876850268,399.3371417882962,149.8684786180237,american express,198.3074857696136,credit,123.61960932649325,88.34393619523978,-993.8159681071427,2.087134574956309,1.5628174285265288,0.0006392713006129402,3.0663643405269165,-0.12382281582207888,0.29163258986884166,-0.05343181336096192,6.864350360982392,-0.07904645494583562,6.006808074470928,0.9384187414328089,0.19956646384946364,24.97232270923143,1.812288273390128,20.42576997045802,20.039918022484876,-996.1766951630647,-994.424719346978,-1000.0632136635443,15.682504247118148,-0.792042393113947,-0.8945075977149756,13.27544347726864,-1000.1469493491961,-990.0650451625703,-1006.5367726263404,-991.6876997540812,18.207318270410834,-999,-999,-999,-999,-999,-999,-999,-999,-999,-1.9944788857782214,7445.402152286188,1.0081742950228545,-1.1340413167775978,2.3493751951781405,-0.6611932208227245,1.0500987614464066,-1.4801386618021297,95.9333737540992,Found,40.92249229250683,-297.9020910476519,Found,Found,167.28132504475172,-1000.3242853817277,533.3344307397582,255.5482815282112,Found,Found,22.252059121682464,match_status:2,T,F,T,T,mobile,nan,,gmail,com,Android,1279.188985105733,724.6525575881781,chrome,nan,-0.005456489430199607,18.995952664949897,2.0273703067740176,25.80498444908145,2.9617442348491676,4.037220734238191,-0.392392511883684,1.5694223395498845,0.1478141002571488,5.159101420126341,5.8264986481045575,7.236919382849985
547124,0.92348266,0.42388436,0.03,0.004056900182200707,0.03361902655282839,14.880140987218937,C,3183.0142051020803,409.06223660861474,184.4717243752216,mastercard,224.29443189150794,debit,-999.0138280129704,-998.0742120138415,-995.3734706569026,2.483436297459358,31.60023954684057,0.0001900657157566871,2.0336484119137994,0.0218530258830123,1.9863936547448455,1.8777302545054684,0.35716316003469917,0.16468423298239987,3.73152611224223,2.4795241374364396,1.9811288421178999,1.699522238689262,1.3041441720814362,8.26794182613638,-1006.4704688469251,-1.6565567172615896,-1.9592278715436324,-1.8765524295227336,14.48438296686997,-5.590245739977941,1.341697059802376,-3.7946004405924025,-1001.2176148964943,2.4237600343409818,5.64963769140571,-994.8138825827768,5.018868718150134,-999,-999,-999,M2,-999,-999,-999,-999,-999,-101.14518639901246,521574.7281690311,0.4446212328073216,-0.2637909770811575,-3.342343335262285,-27.264756929207692,-2.3017896988570783,0.5029441177282479,102.11171568441102,NotFound,25.42161593838739,-1001.6245898070865,Found,Found,228.51993845569393,14.026699169369977,568.9340248795055,512.4044577439821,Found,Found,-999.3320221951825,-999,F,F,T,F,mobile,gmail,com,gmail,com,nan,-1005.8509953682726,-997.6960185128713,chrome,huawei03,5.986870259529714,2.9834792205118372,4.997292269579119,9.599411119436043,-2.4501675575707877,15.979038912017705,-0.7064617258003004,-0.007408872033648431,-2.1417417900071523,0.14953778383381636,0.5302427897427596,-0.6623154423860076
179515,0.5868948,0.2153168,0.01,0.0025521382703821843,0.022896285081572675,54.74307221694947,W,17455.078490287728,245.11674061795065,150.07863871819507,visa,226.3418095742024,debit,203.7487900177221,86.30795181434475,16.21050198606747,1.3165943323846818,-0.1007351339553697,0.0005402239904929379,0.12568377118636054,-0.0741601600321955,1.9995531209929682,0.0992288893018336,0.046131899043976965,0.9660882929164312,-0.08459218796029244,1.6260489445396065,-0.06731540427743443,1.5615053905481275,1.2498461309679652,-3.1270370525059454,-3.468482203691059,2.3042654124716058,7.783967638648721,-1.7690517330978173,-1000.3317211476469,-1007.7747326289868,-1002.3523542684396,-9.033735500253583,-3.333288655502048,-989.6511229016294,-1002.5672876493478,-1000.838588061212,2.0718567150815144,T,T,T,M0,T,F,-999,-999,-999,-997.4817625207419,-1001.889779231089,-999.9028576461226,-998.6560401911571,-997.833857143,-999.8049017213282,-998.4098850772815,-999.4886199714126,-999.3130488348568,-999,-997.1563276076256,-999.527914447778,-999,-999,-999.0541464662003,-1000.6067265024035,-999.4996007574681,-1002.413075211919,-999,-999,-998.5870600895287,-999,-999,-999,-999,-999,-999,gmail,com,nan,,nan,-997.712607804122,-996.6211915252184,nan,nan,1.0006253997726855,16.002610155493983,1.011991315642427,-7.52964190575325,0.16814712060020168,-0.5807051964761323,0.22435828333638536,0.14831057547078327,2.2338486557806845,0.13803524443035706,1.1485370897443246,-0.6070960273432144
454171,0.76526976,0.48408017,0.04,0.005058857517455529,0.04923596254949358,58.598170989159904,W,14518.592152836136,386.62993604738807,150.2068080114253,visa,225.9937415961171,credit,225.81157850473394,83.99675682486576,8.134471266335709,3.1620104970702325,2.035234268382304,0.0006257062810214311,0.38187207683911595,2.049169523269791,3.7087457535995165,-0.30512565077757614,0.7059185776379726,2.9329136843285974,-0.16358989828685733,2.6792478181179185,0.6282491133390247,14.110181895398501,3.066276874371683,90.74966487262667,82.49500302165336,7.463328469778941,30.36546834025316,-16.39180689728129,-1000.5120655963719,-994.8008745972946,-992.6270079013045,15.434291137202102,31.467481901497507,-1001.9870725800401,-1016.9638035816473,-993.7325516745043,17.444653289377165,T,T,T,M1,T,T,F,F,T,-996.6382496699296,-544.9922927955195,-997.2684460891498,-998.348005344812,-997.1341860728635,-997.2509661234812,-999.4669054838007,-999.8948266772638,-998.9636904279532,-999,-996.627753414142,-1002.1819617683539,-999,-999,-997.8229636501147,-999.3475442556418,-1000.8183221186218,-1001.5609890370188,-999,-999,-1000.2999069926959,-999,-999,-999,-999,-999,-999,gmail,com,nan,,nan,-988.4382511799984,-1006.7316993221857,nan,nan,0.9855919738534822,12.047312429214276,4.029262796463561,-7.535652221382584,0.3015981128178741,-0.604051815518243,0.16856412843561366,0.2533137762265085,2.2116159262106083,-0.02963575550675241,1.2798281777943379,-0.31867121887018063
467033,0.9791934,0.40487847,0.18000000000000002,0.06325205919758363,0.4590089263898482,160.44841556199628,H,3198.153548231555,317.76099139238494,156.74592753673554,discover,107.95497741234671,credit,181.8788309619536,71.53332714194323,-952.8298329902848,0.5426519117304061,7.990510503739155,0.017272796404810085,-1.723432668039126,0.6386365275096733,4.421805579729829,-3.9290349682642276,-2.6514761239662246,-0.30470797787657755,3.3297729321679457,2.5808574334298724,8.879429638479044,7.599859910278727,2.8893158176821583,68.22509095950285,-988.6257042154003,-1178.0523713951864,-913.4291143576812,-946.1889330012901,-1103.3572622919949,-718.880569177036,-963.7057639233631,-947.6285004338189,-877.9560246050045,-920.4482379028001,-1088.206993401015,-1160.8470769366031,-970.1384561515328,-999,-999,-999,-999,-999,-999,-999,-999,-999,10.989474117317059,237162.5517297131,-1007.8510889718749,-1003.4963099450504,-8.786294546541058,12.887467099292962,-1021.2009187142419,-1015.7568808185711,113.794202514056,NotFound,-978.4485311543717,-346.79868682893243,New,NotFound,190.41334705013765,-1002.7750220617368,294.5645527265376,369.5857796740685,New,NotFound,17.474345656452556,match_status:1,T,F,T,T,mobile,yahoo,com,yahoo,com,iOS,2429.4330642578734,1216.9592013224212,mobile,ios,4.956185755327421,23.64087273416311,3.7375190153435556,31.21374692158561,-1.1856493987107466,-5.35714572255603,1.1803972605499808,0.12063618256454076,1.0124387355290296,-0.0637763394846034,-0.05530261028533818,-0.26128377642213435
442213,0.9753559,0.34245288,0.11,0.020034599671098444,0.14954857211816322,307.2025649219161,W,6293.224160179949,336.8272546641093,148.003540804615,discover,224.8167900466903,credit,252.59679885567783,88.9330237172559,-998.8025326061609,178.97448104913542,175.5549414275608,0.004923254082483447,1.2312288832094542,157.02234788281334,149.45188746557707,0.9327648851567589,-0.8621008687081071,88.73687591156826,-1.6925700304236608,159.76266949069,2.618135184592683,342.2373796218653,103.00114928900949,49.120884808370555,18.739914735199758,12.434954811617072,-6.251327539013819,28.811758744730234,-998.5208511887299,-995.9139068450997,-992.840222819459,-33.84168112628213,12.335577836536702,-975.8836498809279,-1029.7732104647062,-995.1768084511392,48.924614794499846,T,T,T,-999,-999,T,T,T,T,-1000.595379778515,-775.2127465719532,-1007.3474518996699,-1002.5300726402432,-995.9432697062579,-995.7369945082946,-988.2015851787219,-1006.3441797924436,-982.5020060668335,-999,-1000.0999008333678,-1004.3827612346563,-999,-999,-998.6503310565586,-998.7014314092556,-999.5031048553511,-998.8406498741699,-999,-999,-997.8447971894083,-999,-999,-999,-999,-999,-999,yahoo,com,nan,,nan,-1007.5385898885727,-992.1664222921388,nan,nan,3.045736464866003,17.0020915038076,4.069037186924471,-7.68224400598452,1.690806554121663,-0.47480729571009783,0.4969786664429569,0.7706846601628983,2.7729555031794604,4.288525355388199,1.7345742147142933,4.088699113223002
371945,0.8915581,0.48690432,0.02,0.0032300924127905565,0.026148114459187723,334.5722982249803,W,1907.8407229572267,444.2225341912755,149.91743349150167,mastercard,224.5090807451375,debit,323.30282789064137,87.33886936366805,-997.9104729246742,0.5049388854658243,1.1230728162271042,0.0008119156780810313,0.11222633667168136,0.05129650105756145,1.9670350129750354,0.2016399857456892,0.2231368137037979,1.0610245733571229,-0.3244931517488796,1.2308128560198508,1.1106811143019155,3.3772246962274366,0.7704120115858526,31.118811816696113,34.270418887116136,-11.42006326470963,22.702061162764764,1.8809088996930765,-1006.0078765227307,-1006.7247200331764,-1003.3204420734075,25.795249969860336,-990.5994332643543,-996.5417621486923,-1006.5345201625329,-994.9414887889063,31.9795600101912,-999,-999,-999,M0,T,F,-999,-999,-999,-1000.3891198132461,-1184.3695023399196,-999.5294928554079,-999.062245329836,-1001.2448871286416,-997.8826977560475,-998.649035515282,-998.4393714898681,-997.1620321413122,-999,-996.5545368770363,-999.489481929819,-999,-999,-998.8615854481882,-1000.4033214283587,-1000.3075728215639,-997.8720331328823,-999,-999,-997.5333446187382,-999,-999,-999,-999,-999,-999,gmail,com,nan,,nan,-997.1275200394456,-1000.70450166069,nan,nan,1.0058643743011948,14.000913594800004,3.015857162956124,-6.596968086627329,2.2575188985580636,0.42092845073515606,-0.6594268683050714,-0.038762291609712445,0.5809983275302484,0.8627612232959824,-4.061207607319351,3.3626320543240364
242315,0.8334748,0.3742485,0.09999999999999999,0.01672075323499393,0.13373385662395632,336.4044961477692,W,2722.0898045770737,-998.1716070826546,148.56367929955815,discover,101.61994074566654,credit,478.8510011835032,79.06974104946246,421.6157343124736,3.0125977579022187,-3.511928622258921,-0.0022944240154213784,0.6645927835889291,0.0765416538610495,1.3728138548019322,1.59033656941226,-1.4346817864800734,0.664934622900319,0.7561658331694616,1.2861810842952153,-0.5732158911567833,1.587051624025456,-0.03210337223896431,22.005756603767814,-989.6835033821915,-995.579791833352,-34.01539906893033,-1033.406197037967,-992.3614781611658,-958.4908687462699,-964.3277199041096,4.720200167494536,-11.32402069511238,-997.9594903152193,-980.8341395085722,-978.7527137433389,-37.35152188952027,T,T,T,M2,T,F,-999,-999,-999,-1007.760544008934,352.6220041272463,-999.0044591171566,-1010.7214684189745,-1000.9124383165872,-1001.9854822536092,-1007.5084155374079,-993.4693729884428,-1001.488206589272,-999,-994.7296314709779,-1001.5024878099987,-999,-999,-976.624360617617,-1003.0709246130606,-985.8030021455406,-983.2009203199409,-999,-999,-1001.6407167417304,-999,-999,-999,-999,-999,-999,yahoo,com,nan,,nan,-996.7851578859213,-989.0151897620032,nan,nan,0.9574978879995024,17.898911340343926,1.9573199991787438,-7.536303504961703,-0.013939913832722233,-0.5776479461433078,0.24544942542930087,-0.12559014924025708,2.2019471393674066,-0.13562845656741893,1.1812549082466541,-0.7047021381388916
445960,0.9924776,0.49148715,0.16,0.04640734643340897,0.4209162229108972,50.46062861801542,C,9131.409430388154,534.1882533244387,183.8666025798536,visa,134.26928791568554,credit,-1021.5576788994379,-988.4852387598036,-994.1435019618448,0.05180526550811848,2.8933509880670254,0.011445110820798327,-0.15634946029986452,1.0539349514117609,-4.390257126574609,-0.18737576353026064,3.5844570938094913,-0.5441658689813762,8.228727053575472,-2.572534061213201,0.7662561115169084,4.946670452992915,-2.771807167173572,-117.60035653983009,-1045.432566555833,-938.1990572746007,73.0414026527739,-52.17467891081416,-130.26462015834798,-145.2283831347596,22.772981379872352,72.44758143164607,-1019.2139664647636,20.368966960101027,45.877510320424385,-71.67270898912109,-112.15672112290436,-999,-999,-999,M0,-999,-999,-999,-999,-999,-9.77889617969754,72285.88037418749,-6.825406080592643,11.057121163860302,8.59400224241324,64.31417229262854,-43.63531550682001,11.12007498996968,65.37564787076394,NotFound,69.85223420766397,-977.6208725313643,Found,Found,233.66574758593276,-1006.9962115740896,451.71973998808346,596.7717583542936,Found,Found,-1001.9640987841593,-999,F,F,T,F,desktop,outlook,com,outlook,com,nan,-937.8735716776768,-1023.6750351319133,chrome,nan,3.950598910982043,22.78060197712154,3.9383559668115513,11.460236721070356,-2.949960809528974,9.47167742151984,0.4062011458176982,0.12405574247379063,1.4669675400232616,-0.26827033290852326,0.0196717790647231,0.16222507970500258
483677,0.9965821,0.11213261,0.26,0.19338051145240298,1.6190074916935362,52.613397446236156,C,3580.023476962592,409.3572095053471,175.94493549372578,mastercard,214.23135290939538,debit,-1006.9615938405375,-1110.483559737123,-1131.041466195339,196.08919800276624,294.36746283075104,0.011170219652091511,37.386346099046065,0.050717864588896155,57.504271618040335,60.88789465639022,148.1701623092302,5.663253602660209,60.599244265301614,186.2119318594364,182.43928470071995,35.300461030713755,2.1409925599017905,101.4332898454711,-1184.380090910859,-367.39496163775846,657.5237933180284,-382.7419209443639,796.2747274454006,69.34188240621343,-272.16094286374516,-355.72259450958114,-1434.1074520014204,609.9587689576438,-845.7750665681118,993.168650825052,108.53653724539714,-999,-999,-999,M2,-999,-999,-999,-999,-999,-55.8462123194563,350540.8930516087,26.116488996223552,18.932572635686483,-13.732524878156141,105.21715673819756,84.34840222868763,72.3805520966655,192.66559129672316,NotFound,-10.900672701289409,-1098.4512369278982,Found,Found,81.23881033474072,-968.9366129379945,94.10712392387893,476.9840784742411,Found,Found,-923.1076919626314,-999,F,F,T,F,desktop,hotmail,com,hotmail,com,nan,-1060.6921685655989,-1059.1325695818362,chrome,motorolao,4.612683073726035,13.878866428675877,2.869597877660627,9.52266359254853,-2.6148160574184507,15.979894663046455,-0.6536501261561923,-0.4935687740652705,-2.6444326300115826,0.1059330120590812,0.5270499582145962,-0.5858364744360111
142213,0.96310425,0.3508312,0.14,0.03356392623053241,0.2479543987037883,20.205256774018025,C,1280.5747927226912,404.0746381029105,186.86387438994305,visa,219.72450295170046,credit,-997.2261979330578,-1017.7021594034051,-991.6665947737537,-0.007025160021454369,3.4754588649586893,-0.0030252412693645937,-0.17691732535995186,-0.478898181879436,1.7746364942413653,-1.8311745505177104,3.571138961515919,0.1835652801719121,2.50285716491324,1.0666279434621373,-0.7327023682787122,5.2389325613160835,-3.9354595963030388,-29.870030925864306,-1023.4194599460175,-910.6066799889746,191.6193788262092,143.46925102501896,286.45933756242505,-966.9803491985124,-1045.3831135947394,70.12513027577934,-989.4320231196366,188.73565115714865,-47.59852103595079,-44.493861650986084,114.33183860595433,-999,-999,-999,M2,-999,-999,-999,-999,-999,-18.285478752783547,115486.34349723662,-1015.3902435562575,-995.2386043569309,-16.744520122538916,-25.03446080194783,-998.4427442078133,-1003.8983857980027,92.6304975168946,NotFound,16.614937335659647,-998.946750453876,New,NotFound,256.37809684311753,-989.1645855100048,254.84594106545114,321.8761430922207,New,NotFound,-977.6364894977554,-999,F,F,T,T,mobile,gmail,com,gmail,com,nan,-1005.8618061959571,-1002.145167150946,chrome,samsung-a510m,2.976522194367007,5.53071354473918,1.0610256929682356,9.506023299559159,-2.6725161043477432,15.853974487279313,-0.509408635565934,-0.11524862469939987,-2.1501588255138597,0.10050668333058875,0.5346557696422255,-0.6544854361189284
338208,0.9093757,0.42927706,0.060000000000000005,0.00771172199313132,0.05994703216639948,312.0320214969996,W,2722.623202280989,488.316522643631,148.6718326008825,visa,196.7554003211691,debit,310.1326972332742,84.50769857868401,10.837766662409535,3.2551967526387493,3.89306790051665,0.0011630883145094606,-0.0942730444083697,2.0453386782051397,2.9193060917527234,0.013284686512204491,-0.4874741859140137,0.8679217209540795,-1.1201955990948873,1.144484853412072,0.2067629782054361,4.353771648485829,0.9357049392624512,409.6169875566221,414.2797377825287,-5.860528547117535,114.32727278490144,-12.136571396170018,-998.8801119083839,-1020.384990802044,-1005.9220261006568,444.68950482316166,353.78461749711903,-999.1458512461052,-994.3852976436499,-1011.2912582960962,404.68539123706086,T,T,T,-999,-999,T,F,F,T,-997.9813421782628,-2174.769765105586,-1000.5179860221081,-1000.1671477126745,-995.5874866159382,-999.1940944284495,-999.1892931353206,-995.7534943192935,-999.685204959866,-999,-1001.213837819747,-1000.8215230540491,-999,-999,-997.824038574281,-999.6749951286387,-1006.367225974699,-1000.3377457315328,-999,-999,-998.5484124511306,-999,-999,-999,-999,-999,-999,gmail,com,nan,,nan,-996.6270533175598,-1001.6063426140934,nan,nan,4.013206611673548,-0.005758224165711923,3.016979850708174,-7.533467299020991,1.2019578972440972,-0.5045888128984346,-0.06084239819057024,0.22338813277136937,2.2959292862160585,0.434221268564369,1.766869249185462,1.5048862986622842
241858,0.7462993,0.07317473,0.08,0.011477469205752985,0.0918759234681329,51.959743791932645,H,16196.06410715212,543.624789527543,150.39061300818148,mastercard,223.00648933606186,debit,265.78337342614304,90.08686901697844,-989.8425433658463,2.849333135595648,2.546445646467731,-0.00031579887179717953,-0.2549865898136323,0.32826822399313915,1.8737762399855482,-0.5343282578881801,1.6959243898711542,0.04268501288125215,1.3939562429450092,1.8766319055492584,-0.09511793404072666,-1.2601898516140864,1.0378185882144013,32.0237270216751,-999.1290643690851,-1031.6539479239188,-1018.1258730206072,-995.5803099880121,-956.0479364135939,-1001.2849675387378,-1000.5028325247574,-995.0960905891264,-1061.5629183032443,-1007.9178005321447,-975.9686986149168,-976.065358228914,-1006.4211092422322,-999,-999,-999,-999,-999,-999,-999,-999,-999,0.9556005269826073,138635.6009493578,-1000.2263324382681,-1003.9949404057012,-1.5813102328314699,-1.7641663407774786,-993.5153104903309,-999.4668296569074,96.40936804144712,NotFound,60.524023492497236,-361.55586572273967,New,NotFound,159.87340032409213,-998.1557179763131,548.8940834492934,212.41959911980064,New,NotFound,28.19637207607218,match_status:2,T,F,T,T,desktop,yahoo,com,yahoo,com,Windows,1276.292590856212,1005.8368231020877,chrome,windows,1.0080070051874297,15.897184036026463,2.0341246322285826,31.18426637970897,-1.1870587522112115,-5.3875078701444234,1.168090808658699,0.09099257712841242,0.9772664342391908,-0.12356812634913805,-0.16665818250965891,-0.4876165526172243
264756,0.83146113,0.48251167,0.13,0.028378895023486856,0.24317997255130175,246.11476723868418,R,4394.56571295881,230.32307066650486,150.91440256038496,visa,193.79499758857744,debit,206.51005248906773,95.93047139629948,-971.0231106071365,-2.2669292572984325,-3.1297221368487804,0.0032424902834977095,0.2994570803797374,1.014096595147076,-0.5255716821448342,-2.3598642002483006,2.4408424920820773,-0.08979686928810704,2.758189248471256,1.5738845814833908,-0.1300844018471352,-2.7143711868743097,1.0755827318479056,-7.618023472512446,-967.7294887168048,-912.8013007655481,-963.9335937597294,-1079.6666221161415,-1060.8943530446015,469.4190250155196,87.24160041542027,-1104.7329642687414,-1050.731100038008,-1045.1364939397995,-1023.1790173558534,-991.6398846491736,-1018.256272165466,-999,-999,-999,-999,-999,-999,-999,-999,-999,-62.161574466524144,87154.84776133744,2.5202758469770288,-0.3928416647936501,7.03923871421182,-22.129409627284986,5.645844689437467,-5.211027315270371,107.32777365645461,NotFound,32.71616719643123,-490.4941555912784,Found,Found,167.78888669190542,14.745937009458885,536.0804310689183,575.7959761841176,Found,Found,24.552956454991204,match_status:1,T,F,T,F,desktop,anonymous,com,mail,com,Windows,1344.0039522054954,773.9305855642185,opera,windows,1.8684337798148989,9.992412199818373,2.0772864713941788,31.15367192947632,-1.218885122169768,-5.439668067278946,1.1352946815610827,0.0619673007395601,1.003963004435032,-0.08861963883159825,-0.20006997441209054,-0.5663802054498509
194654,0.9778367,0.2939262,0.09999999999999999,0.01672075323499393,0.14653754130564192,197.51111810979688,R,5932.522320788606,585.987308991611,147.42376925527338,visa,226.7826755583264,credit,234.400054979181,83.74932112880973,-984.8312216767247,1.3017716501886252,8.302037514270154,0.0016620467149798647,3.3535344093115897,0.17690594313120744,5.203635977242933,0.542176775244922,4.830351155328793,0.1448854853722148,3.021601589414315,6.569674479248,0.8381696699524017,-3.7329899205470625,-1.5321322979368759,22.60863149446895,-980.439413512791,-1020.1800390331928,-1005.954814357388,-1053.78908744898,-1014.1291251201669,1196.4460765979522,-22.636103211441817,-1012.4981277390566,-1003.9407139490482,-985.1417231129446,-1014.7584192525742,-1026.7487160606101,-1001.4220019164885,-999,-999,-999,-999,-999,-999,-999,-999,-999,-27.156252327223797,188745.96000970458,-1000.3168891677531,-992.0265040551288,-8.536190855347058,-1.36784187244848,5.72567184366153,3.1525541090717297,102.25536200628164,NotFound,59.345590090623205,-1007.3657062976055,Unknown,-999,180.02560011926505,14.616317185460503,230.88124869061585,212.05294875709808,Found,Found,-1001.7456840709526,-999,F,F,F,T,desktop,hotmail,com,icloud,com,nan,-1007.8753164051333,-995.6255535266163,ie,rv11.0,5.934510380264892,17.06089455019186,0.9283748062566222,26.358448842942202,5.15043392121325,-9.941253720399553,-1.8018425230912338,-0.37395053505896236,2.0823462654504534,-0.7317971949610553,-3.251340712630959,-0.461120117688977
532316,0.9713336,0.42707536,0.060000000000000005,0.00771172199313132,0.06417902330138958,108.73623793967052,C,5854.795696949083,406.65287881927753,184.81928336174786,mastercard,223.10178107841844,debit,-1003.3691640972556,-1000.376816094531,-993.3544329299318,1.670923150549397,-0.4800102044626122,-0.0008954970800709961,0.7595130880833278,0.1415323387033931,0.7801587752748862,1.4669352027974543,1.121316719708262,-0.0658273425317546,0.8561751787653735,-0.19734983607467882,-0.13556341341816225,-0.4545567008105209,0.3456009322268514,-4.300213718785616,-983.0866747873927,-999.4338944031571,-10.860718085006665,-6.311860874785998,29.77477866723206,16.1352376550432,-6.707849117640901,20.882456591058723,-972.5634731824582,7.138203389063714,27.051642325012132,-27.845538153356163,22.990879111210145,-999,-999,-999,M2,-999,-999,-999,-999,-999,-10.590053827157817,414556.7247125258,0.9559446231457969,-1.3029052544118258,6.028863285634998,-0.07890610897936767,-0.1772742623539898,2.548200820305169,102.8068408458746,NotFound,69.57403072732598,-999.4253418482061,Found,Found,226.98349609181025,-1003.0121339867561,266.04166846903183,327.0517852192364,Found,Found,-997.1932243085348,-999,F,F,T,F,mobile,gmail,com,gmail,com,nan,-985.8577044199517,-994.0643766596256,chrome,samsung-g920p,0.9849129968230352,2.9856009129287617,5.033287821377289,9.554733620633183,-2.564837564219341,15.903063085681005,-0.5781203203024765,-0.13020654007539448,-2.181786806927045,0.13719360353608992,0.589652861157708,-0.5380010806673259
379964,0.9306685,0.35236004,0.060000000000000005,0.00771172199313132,0.05755956324799036,160.54456230353878,W,14077.943058845745,297.23805147667787,149.43636630010545,visa,194.96303041811788,debit,339.5442943367072,86.77133566902556,18.808583848745002,2.382229630591743,0.22929724510765226,0.0008880552224414971,-0.46782226208063005,0.2889048366596967,1.0711150379008743,-0.13136034834639565,0.3093854121314479,0.7192306811563003,-0.44508139740035535,1.312958879174861,1.6603612630878786,1.9828985564905004,1.3486606022177918,-7.479761790538079,14.29263775531676,7.754151225635105,12.947123120169381,-1.704274981367933,-993.1982326774818,-1007.2079790871308,-994.3448115941094,27.7121540010728,19.15252230600751,-995.1672609890114,-986.8623599229715,-1000.3728998264662,-20.763051737736923,T,T,T,M1,T,F,F,F,T,-999.5063896156113,-371.4294212999157,-999.620042810104,-997.3577241890737,-991.8978006938083,-1000.7489483312017,-1000.6760388213681,-998.7547080366483,-997.7371242419808,-999,-997.9978315400892,-1002.2649447976169,-999,-999,-999.9937277229797,-998.812559475977,-1005.1148496004337,-992.3317967491187,-999,-999,-999.3424170272125,-999,-999,-999,-999,-999,-999,aim,com,nan,,nan,-1008.6036214832179,-993.6713608850011,nan,nan,4.008409199527847,-0.023279884626939307,3.028964718327539,-7.511691674338874,0.885588895838239,-0.5115499648390055,-0.05871976006059747,0.1592684807194732,2.3207090307406255,0.7117473354424105,1.0524618406631505,-0.515251923806571
495769,0.9361732,0.05573319,0.12,0.02389616287845446,0.21653020255999922,198.95399211564865,H,17517.30694690904,169.12267930592532,149.72394274450332,visa,225.3803313383209,credit,297.7985113346347,65.21693692273399,-1018.2355738979794,-0.284706339414468,13.004992012185856,0.0004858184312137668,2.460880129574564,-1.6278861420177382,-0.04573743166409017,-0.9653816181736201,3.0147428386116166,0.10668895135001044,3.866709939117185,-0.2871102014781428,-0.2338913189976246,2.5809480227950594,-0.90615294484504,-20.282755543268397,-1017.3060622721931,-994.5291193273633,-1088.6590541594096,-926.4175135245011,-919.6094662044627,130.04654991942877,32.325931552937014,-1044.2137008950133,-1036.8627342155792,-1038.6015002775864,-1047.1125557851647,105.49277055643884,78.93765250773951,-999,-999,-999,-999,-999,-999,-999,-999,-999,-0.02144427000393989,95807.64473437048,-6.201242183089789,8.985124031192527,12.41126236002492,-8.265926284225202,16.35837851923975,-1.510680117238394,103.51163503736393,NotFound,57.08837688099925,-468.5268128280278,Found,Found,147.8804868921369,8.536090260443302,318.67449736844765,221.41521997315522,Found,Found,28.88096186392886,match_status:2,T,F,T,T,desktop,yahoo,com,yahoo,com,Windows,1363.3525013377694,755.2707066737926,edge,windows,2.030093464808944,20.105384486469365,4.93166502219949,27.643633566985322,-1.6936900099900372,-1.4589810809672483,1.1757682490678119,0.07301821130265175,2.4153495653446893,0.9193685929820506,2.62155171804036,-0.7585803004721463
499675,0.8261019,0.15288332,0.060000000000000005,0.00771172199313132,0.06834947330554667,92.35521253195691,C,3898.4113414776575,132.82707804618724,183.61013956800824,visa,226.54976905586784,credit,-1001.9816564753255,-999.2221117689543,-1000.0329078547759,0.3752781387624289,0.7361303076811723,-0.0006307065143693067,1.544669874663854,0.314213058857697,0.9620984350203496,1.7312545348345532,2.2529314804553744,-0.12027980722455922,-0.26690368151950494,1.3707967655226359,0.03326895129269225,3.6600362522640353,1.2998958248640466,-6.076836609891978,-5.690675811963402,10.601454347229547,-13.164865706180004,-15.626206289354004,3.228567130363046,-967.728222601264,-994.8363698956715,29.782063808105807,-1000.3673428490255,4.3052238978813735,3.2270486375692014,-992.9176912614173,-11.998708595826377,-999,-999,-999,M2,-999,-999,-999,-999,-999,-18.80079348966376,166820.47912773277,-998.1685563390326,-999.6455128152077,-10.208350788914231,-33.580210143261525,-1004.7285885638571,-997.4569957263094,106.74589496982037,NotFound,60.529226666051045,-998.2892711195183,Unknown,-999,219.21878861501727,11.41734387577003,413.95759150617835,588.6513525390004,New,NotFound,-999.1838806090899,-999,F,F,F,F,mobile,gmail,com,gmail,com,nan,-998.9607217875546,-986.9302419577159,android,lenovo,3.003338864711467,23.15429275941227,5.008515637515797,2.830770463971881,-0.6205571576047623,9.731896532745461,-0.8966641075678368,0.2637072260618378,-1.2073614986213108,-0.46154569673438917,-3.1408988531588067,-1.9107128411868084
300618,0.9775708,0.35479853,0.14,0.03356392623053241,0.2613578057632862,340.1102535326155,W,9429.882635226539,195.81615869198617,146.78276474777283,visa,224.7530021434779,credit,222.8396030654202,92.8745947922992,6.683294392557741,20.82846675725934,4.7113087367792925,0.005169148126841306,2.2588432323780534,0.14247878011574322,6.888067626244208,0.4027572619525399,0.6894210131649592,8.592011914415473,-1.37260748471512,11.792422304103782,6.090039938057641,78.38224610391501,4.5176324557775835,57.68202324301732,26.022742040190696,97.46750442528436,304.00106215984937,-14.088913136996018,-1027.7071573910814,-1061.7925879660033,-1013.2618706982262,311.9717518769209,335.20840707482614,-1026.2038264778264,-1020.8597344298423,-1065.030552881876,337.16585782933345,T,T,T,M0,T,T,T,T,T,-1019.1059333440876,-678.4523394389907,-1006.83743180506,-994.1520300813786,-1002.5848381187645,-1008.9671027191844,-1000.9064555615491,-994.601915315561,-1000.5239596573263,-999,-962.4949715908464,-985.9135978580654,-999,-999,-995.0077457496409,-994.4497768790565,-1015.3944235376731,-976.43124896598,-999,-999,-996.2981070021676,-999,-999,-999,-999,-999,-999,yahoo,com,nan,,nan,-974.5642406659445,-1024.9748637694402,nan,nan,0.003810764213015183,19.30977640810922,2.1010860805838822,-7.726858300358476,2.6131020589878124,-0.5524653233511208,-0.5022249223304237,0.9745859933698223,2.329202533727587,1.1382986721317754,2.30020507873673,3.5725144336562358
273096,0.9797586,0.35230643,0.08,0.011477469205752985,0.1091098763856224,57.70663115319188,C,5638.5267947163475,551.1674759866129,186.2629111177673,visa,139.33084110887435,debit,-1002.5849567987523,-997.7939794938931,-1000.1665566683423,3.763233578111908,1.8988866743367812,-0.0009663501999661117,0.617863869601075,-0.4420622291279077,1.1466413298172888,2.354915449105964,5.918680463356644,0.08852606050282485,1.606854494540761,0.0966951463265513,2.499605564233083,-0.9185059364468984,-0.5001662887541851,6.234180420124173,-979.8085753300904,-1010.2079408938974,10.742810001059752,-10.004328794989203,22.597193858052176,-960.8829579642614,-998.2748473009578,-9.682905307116833,-990.1582688787423,-6.827057259245511,60.129798119971085,154.71450454368772,-18.43995488981389,-999,-999,-999,M2,-999,-999,-999,-999,-999,-28.203442566870763,601369.5298538236,-993.0053103201955,-1005.3312589530224,8.536591204536762,-4.92253818117058,-1000.0989536470009,-1000.4967706707265,103.30215565168669,NotFound,26.852162815182623,-1001.9886655709445,Unknown,-999,222.06841383391338,-998.235177675803,440.732925988484,502.43912569396605,New,NotFound,-992.9310877746603,-999,F,F,F,F,mobile,icloud,com,icloud,com,nan,-981.6619027758375,-1008.8081193986995,mobile,nan,4.95434186874933,-0.016842757275782105,2.0637256168417917,9.60259199455332,-2.421367392589514,15.962523140615211,-0.44408044223972054,-0.14392301092441864,-2.1887224571263144,0.10437201812463189,0.6695193589024101,-0.41123872153182217
389909,0.99348974,0.46191138,0.2,0.08508720268939021,0.6787681102903932,279.5252056532543,R,13202.828886863985,566.4757834865931,149.57557389338984,mastercard,226.05269347371785,debit,154.18906491284227,126.49002761542604,-1048.2136763932135,-10.641931211613631,17.451245835891946,0.01732071951474402,-6.422563113600144,1.5870787687063048,15.967105768397623,7.6101681097921965,8.699358908072057,-0.4848533829247623,12.41952806724245,23.755280421860114,-1.3818787364662422,-12.80198345761152,-4.843881661392473,130.2771855903874,-821.6094556305163,-619.8261172219969,-1137.2041590619397,-976.560009981359,596.2977845062022,-1013.1077438091315,-839.9692642693656,-1136.168169714883,-901.7109098989126,-980.6056642167285,-863.7114917726268,-983.1214589896096,-973.4191473021509,-999,-999,-999,-999,-999,-999,-999,-999,-999,16.270615994849777,31312.381673454398,-1006.1494940985248,-970.1155011485082,7.7899734904948446,16.68410544582116,-993.9851485670814,-976.1647635577264,124.66031677483136,NotFound,2.5343266851702992,-312.15631251671846,New,NotFound,209.4586938815089,55.86460019867036,562.1125945574262,581.1123449815672,New,NotFound,-26.326035837108293,match_status:2,T,F,T,F,desktop,gmail,com,gmail,com,Windows,1837.9515004031732,1057.12915564097,firefox,windows,-0.0077556145374817476,13.762780855172403,2.7700436296204254,31.137546417574914,-1.0954542714339874,-5.4761885747724515,1.147470165422187,0.04469818829419075,0.9730994999417554,-0.020017366937437733,-0.19120153381338112,-0.5385055294607204
294743,0.9914364,0.4414004,0.09999999999999999,0.01672075323499393,0.15122670587727427,20.11444444947729,C,4574.080414361429,374.0206391489011,184.73364556944932,mastercard,228.2332711574976,debit,-1002.0951502452431,-1006.0730891080103,-1006.7161657964031,2.072181461848748,2.7460982199886033,-0.0033231559268850465,0.6726562177771043,0.2364664545778723,-0.7700060395550707,3.371457624043072,-0.7774481593875917,0.0980468330048021,3.2093307005093332,3.4126389803256707,0.015938195173061942,2.092004755451807,1.599357131480276,-39.983886176440585,-975.8926026883956,-990.7441757395711,23.842993635243438,-21.293716631281285,27.046181699044595,85.0207103355966,-0.7073813131446895,-17.42906645192332,-973.6735453260476,84.41974020268766,-1007.7608747955915,4.861515699646236,-20.466797688202522,-999,-999,-999,M0,-999,-999,-999,-999,-999,-12.788866001976999,76152.08205407424,-7.339660649955022,1.6086033233231092,1.9249992977895545,2.002572138158939,-0.024114275167562482,0.7300866602835185,94.82457170761825,NotFound,28.16186614363619,-999.8135055243439,Found,Found,229.9340114603084,-1000.7575378491963,252.1467001063629,138.8302911999525,Found,Found,-989.7662463372322,-999,F,F,T,F,desktop,gmail,com,gmail,com,nan,-988.2651791212618,-1021.8142330617868,opera,nan,4.979739257333742,16.953350314666967,2.044007383350801,9.554130335543258,-2.649827826346493,15.852835524621723,-0.5860467946621923,-0.10898017731959543,-2.196140960063355,0.12162323105433923,0.5799586205454951,-0.566535757291436
10213,0.9922754,0.16285732,0.25,0.16975275626876413,1.4706169972418917,138.43391711020675,H,2951.3364905433928,328.5887519812033,133.08845116209338,discover,96.59518967643146,credit,362.1719888971307,-90.2205863257281,-1195.7077839030756,-6.84025879209058,-3.3645577353375806,0.014370396329044289,5.348786842435163,-1.9481051532156322,-19.425031620650604,-1.3916322622133723,12.641100122677472,-0.3243822017430009,-11.323632780310277,-4.2226124778976,-2.896722941936985,-30.035127272570648,-1.123945562436246,596.4140918704428,-744.7925105415051,-1192.3582649812292,-1080.8396233409103,-895.2850999810609,-610.4282857430013,408.5644004852719,-56.56660834415312,-1123.4935883165354,-1374.269796175824,-809.7012419571423,-1108.3699732777318,12.665714074648294,-826.2716977230735,-999,-999,-999,-999,-999,-999,-999,-999,-999,55.67981329204815,305322.537493302,0.190297305547233,-38.25055740303742,111.84029330458543,3.68233128923157,125.25527564582535,79.28709213178593,-19.240278304850108,NotFound,-20.535241183496737,-326.85975680691536,Found,Found,202.901658434492,24.089102092477106,372.61659428155883,600.2946530290805,Found,Found,-25.69557410002369,match_status:2,T,F,T,T,mobile,gmail,com,gmail,com,Android,1613.3762928410233,719.8926954756757,chrome,samsung-g550t,-0.39053173296250154,15.021973434419072,12.213467840325247,31.7094036273444,-0.7912261576984649,-5.454279145932076,1.222800976489055,-0.01997096708303074,1.0541790665747999,-0.1484852701730872,-0.4653508016779987,-0.4448757136142961
8673,0.8401788,0.4686306,0.11,0.020034599671098444,0.16721590690309518,38.890278951724355,W,10680.622227093894,569.3491542003637,149.20853245603473,visa,224.70642763736504,credit,217.36510885274743,94.59651682054147,-998.5329533699205,4.581099452457725,3.7330976722059663,0.0009161820580769909,1.831910670523079,0.10157356786791638,2.253850013557191,-0.652747239433698,-1.9342795158124826,0.9994136096119792,1.0564984243194004,0.4079644446478099,0.0390925806016007,1.1386565236332409,2.391342539517363,2.792047202869021,41.59292700497438,-12.30613816521517,-1066.4689503629916,-970.8797922327796,-1031.408040117281,-1007.476956555287,-1005.021772342377,39.23745006799685,-1025.2921520675943,-1042.8476369306143,-984.6084803597877,-972.229478467159,-1059.6366277505804,-999,-999,-999,M0,T,F,-999,-999,-999,-990.8433877295817,-446.515867587761,-986.7696167826431,-997.7994434573634,-997.2296164290783,-1014.0984265858298,-990.8214487069366,-1015.2870544350583,-1018.3590985899164,-999,-992.4647227893183,-1001.3257490259953,-999,-999,-995.4242954039755,-985.1140023220526,-1012.5368599073533,-998.4490662926113,-999,-999,-1004.2565270670648,-999,-999,-999,-999,-999,-999,icloud,com,nan,,nan,-979.7600002993145,-989.5805357741656,nan,nan,5.991361620758963,23.178421211203702,12.048060997025615,-1.4431691718319535,0.9999473190566533,-7.26860833086925,0.24578805096936654,0.3078786721140285,-8.692202552099056,0.026534323079201283,-4.713166028456933,1.064346585195809
440040,0.9951389,0.3571115,0.23,0.12982628505779303,1.1127934467934275,61.73843487476617,C,15351.24757431665,442.9832106144075,191.4128134892981,mastercard,137.22178428956187,credit,-950.0979543680567,-964.8652451387925,-1043.1274420928726,-9.777755789786426,64.29051679301564,-0.004775681668151785,-4.639450365102481,-5.1903898630087095,-4.903880791322528,10.20831625678291,30.758313286518202,-1.3804115746494734,4.279821380953479,12.03193368763982,-10.512447418764705,-11.284234860339282,5.10415709004479,-140.51352685884848,-1203.7140617494151,-1113.852296556091,-1158.3027475176664,-1236.324848885512,-1045.900065534724,366.70048030410845,-72.51057273036656,-895.9084347431581,-1243.064676639585,-1005.7644776009945,-1036.7034645189717,-314.53425513230655,-1326.3002898632647,-999,-999,-999,M2,-999,-999,-999,-999,-999,-19.63894601387301,186010.26672141714,69.88024689912424,17.155759903349235,13.108699438682493,67.4211914151947,56.62666050130326,17.219390747695797,139.74909739694988,NotFound,26.12177541250594,-1003.0709188359311,Found,Found,135.6808983534304,-996.5895582961988,317.05231109876695,264.9386174555831,Found,Found,-1090.0469659391438,-999,F,F,T,F,desktop,gmail,com,gmail,com,nan,-1121.3695284076523,-1022.3872893579371,chrome,windows,2.640342670802095,20.31235450763739,4.803832604889628,19.100599631885284,-2.3110783659652845,4.099028932367537,0.47919271906317196,0.36243739321219165,-8.206401840205201,0.011713806402862594,-0.7227125185944356,-2.030089011742435
473777,0.87847435,0.49591357,0.01,0.0025521382703821843,0.022247078397391137,88.46082391345466,W,5004.669146131803,268.5297007428143,149.90070565628784,mastercard,223.95065197896574,debit,264.8095586907474,88.29616317128459,20.367232036416226,0.5165616092103118,1.1070858840963211,0.00045718065861018696,-0.3307904311026233,-0.049914500843865284,1.9989375017505937,0.24347737969040306,0.28512862445720266,1.0276446151696637,-0.2824635754749023,3.180092024119081,2.1903069972045257,7.729461617783365,0.9167414213687932,29.87122170717953,31.88641424751571,12.37248182223531,31.517382571653574,0.6056911445809519,-1007.7707511370431,-1009.7200970659404,-999.7077261203501,37.83931372150231,54.238656537363546,-999.5531101478523,-1008.1201815986207,-996.9898130142432,-0.537041012616013,T,T,F,M0,T,T,F,F,T,-998.7261655189541,-1229.8482225473635,-998.638119472361,-998.452123204215,-997.942595625919,-998.0041035708689,-1000.9821170197885,-998.7078409718602,-997.0278019678799,-999,-999.0135392409137,-998.3864743890124,-999,-999,-998.8219864563564,-998.0110653590322,-1000.0856640333081,-1000.0680167291683,-999,-999,-999.6159395562559,-999,-999,-999,-999,-999,-999,gmail,com,nan,,nan,-1001.485740644649,-999.1030547203231,nan,nan,0.9903710761942537,21.015118660279555,4.008316596754429,-7.594584155765996,1.8527781418319456,-0.5086921890718745,-0.3621918427863847,0.49302640537286924,2.562459293929117,2.5014844591302,1.0015694906986308,0.6194695168973435
292487,0.7674134,0.43829477,0.04,0.005058857517455529,0.04146949099604526,53.75708640057389,W,11723.59071053844,555.3349730298594,149.62297820193982,visa,225.78653688490994,debit,107.52881963373014,83.04963845139635,-1000.0247133418791,0.39033334493712957,0.9309948461403916,0.0014497157598881791,-0.5390909024691206,-0.015637836918774184,0.21524233553405558,-0.14330832426904472,-0.4706568432148268,-0.010600789222407592,-0.17808203970840708,0.6639579395805004,-0.25422959973267023,1.5454789488839609,0.8040613294816898,-15.570022080017154,4.089226947641366,2.156733101553965,-989.1352576212948,-987.8701806511144,-997.7429332037865,-1012.6952295044536,-997.7997283579917,8.426859256040773,-995.0830357069243,-992.9938867437605,-1009.6862700078228,-981.4963219975194,384.3137498316854,-999,-999,-999,M0,T,F,-999,-999,-999,-996.3620364637598,-2033.9164867371073,-997.0888216317853,-996.0004750877938,-1001.1134466530907,-997.8708845048716,-997.8289222831802,-1000.4977704857782,-1001.2280046106061,-999,-1003.1688780662156,-998.2031856140841,-999,-999,-998.1346365863994,-997.1538227395345,-994.6574626728291,-1000.6315545321428,-999,-999,-999.9724741012868,-999,-999,-999,-999,-999,-999,nan,,nan,,nan,-995.51014423692,-1003.3006888324142,nan,nan,4.002401136378387,21.97421573878109,1.9815889400542983,-4.897263226813868,0.5291508243829087,-3.2536708975484476,0.25755091955088033,0.2734724445335116,-7.2565886873622665,1.012067031960782,-1.8135621194130613,1.099153373378131
48381,0.9105068,0.43916884,0.09999999999999999,0.01672075323499393,0.12073590945983881,42.81384712822414,W,2468.8258324659128,-992.8934836708102,150.42236582556671,discover,103.13347533553947,credit,205.35243261460272,84.57071382043931,-1005.1798736743167,-0.44674727128406033,2.2119730902992227,3.230768144189301e-05,-0.6395629909471419,0.056590324812805015,0.8992704101273752,-0.054901284292920405,-1.5077024516807498,0.9773404551168232,-0.15127314126852553,0.5676621215946511,-1.8285058601258042,1.4808629044206043,-0.5236276215151978,8.15244721635755,-5.75527906895529,22.00933611684595,-23.32573867169748,42.01359419569485,-1038.2078377638313,-937.0302336879763,-999.3894129249007,-2.668838132282533,-1019.9913665099922,-1023.468382932974,-1012.4233109512917,-1002.5968590610629,-45.77810777351326,-999,-999,-999,M0,T,F,-999,-999,-999,-1002.1867754362788,-2488.9837568480143,-997.1085507711199,-994.8313789599599,-997.6038934410574,-996.205085270542,-997.953099271539,-990.5326957792826,-990.1129356590181,-999,-991.2145796057575,-997.3132255372303,-999,-999,-997.5786264769516,-998.1367649521162,-1002.7693337343085,-995.4916838835327,-999,-999,-991.1390704646017,-999,-999,-999,-999,-999,-999,gmail,com,nan,,nan,-984.3611630668362,-1007.6405761882149,nan,nan,3.0601922055612927,14.794591517086072,11.93985686627666,-6.569239158503958,0.009245145710035596,0.33098612029792074,0.16536775639033285,-0.03692464483827115,0.34936323671993835,-0.5744515119935218,-4.359059189645763,1.6100362273587059
578631,0.8631869,0.45864612,0.06999999999999999,0.009434629620313228,0.07882312150008525,76.96208732932232,S,15029.818480852648,170.6170783838708,150.17709709813914,mastercard,101.84333418181573,credit,188.74112386720014,96.50491865270101,-1006.2748084676509,2.0823190204960955,1.9810713628771524,-0.0002880653070280667,2.813247654136563,-0.17068477358693634,0.15620781894465274,-0.6117394488459489,0.33137382908386837,0.16237347592833196,1.590542470258867,2.031049719060494,-0.2602295816338893,0.5955274690047077,1.3458571923925238,9.23769646475619,-10.481247374726337,-986.5406360664792,-991.1911286193819,-986.7360531229001,-1041.0497087820127,27.545037930935376,-3.1947025648152674,-1013.7892893205967,-987.5409920302016,-1010.9572978101221,-988.2134465441253,-1007.9131549142529,-997.5284401168481,-999,-999,-999,-999,-999,-999,-999,-999,-999,-103.63171605566811,1731.7624258886572,-0.58155821604214,-5.044073704819766,8.895807229451748,-20.63660574936091,4.475629947459993,-3.301191286832818,99.00852630978625,Found,49.82172222874067,3.821181833032824,Found,Found,158.0581362763869,22.182715205338127,402.73456231347507,218.30937551559975,Found,Found,25.41541671448863,match_status:2,T,F,T,T,desktop,nan,,gmail,com,Windows,1587.3708911884578,900.7677492315513,edge,windows,3.9886942608845164,13.062049991627713,5.055741188457815,31.33249746175428,-0.7409459326472375,-5.2739232501368685,1.1229609167554293,0.45679111929839783,1.1128518393381905,0.6400255780569535,-0.08321790885278033,0.2500531904533699
271627,0.92595524,0.31283167,0.03,0.004056900182200707,0.03187401590893185,54.48785454581891,W,7201.3945772617135,110.58776906310936,149.98971301525867,visa,226.23051450607852,debit,439.6387245765276,86.9303562924592,496.5837652453441,2.2418701219919477,6.093863940147852,0.00045121282310099826,0.026317425678629824,-0.045166115837103504,4.969364397761552,-0.05652198945219844,-0.5220789595496287,2.926075790676529,-0.16065042643773708,3.8690183021363955,2.700260483108667,6.297595911901279,1.6657590374354347,77.27159451985338,55.65444223508481,3.2151393212988495,13.542264054145136,-9.945402053879613,-990.3858163201864,-985.5797319484805,-1003.7756233364848,21.855716107511306,32.55119556560778,-992.6906699996139,-993.0762071466055,-989.9769304523246,8.27347575925339,T,T,T,M0,F,F,-999,-999,-999,-999.8032029303329,-882.5889066946766,-998.5504817998047,-1000.4341143024709,-1000.6110073689307,-999.6921437421797,-997.9260825208569,-1000.6786974969668,-999.703065566978,-999,-999.453599693082,-997.6741518145578,-999,-999,-994.8330935169183,-999.3200006315294,-997.8877278425078,-997.5149925631081,-999,-999,-999.5683596076531,-999,-999,-999,-999,-999,-999,yahoo,com,nan,,nan,-1004.0913796635373,-1001.0605935293956,nan,nan,3.9894559226613038,16.020953299217805,1.980082417203818,-7.535179546810567,0.23204927770790865,-0.5847409235974357,0.18614345214568304,0.1623511191655398,2.2296023425832283,0.028004773218127405,1.2178097361150444,-0.4791432250134728
558333,0.996514,0.076671176,0.18000000000000002,0.06325205919758363,0.5643466893932914,123.29779356563265,C,5710.051200471806,413.4584844368556,182.8325684003967,mastercard,225.4589242177704,debit,-988.7707374691033,-981.0578754193651,-1006.3908749661202,25.399444242974184,7.067459099405863,0.004412765656131584,1.490369779984786,0.5733802146272362,-4.150808477951511,6.507605796238243,6.528499260288799,-1.6753793166845057,4.781974988157837,0.8377014413356534,0.883222271874232,-5.996069682827752,4.916648198266792,56.76880838412813,-920.5217142968446,279.77805728645257,52.63775763860962,41.569335744096485,327.38220575009376,-502.4359517822082,57.13926909489665,-124.56901735099845,-1019.0047572814558,-97.26309084532186,32.83365745373471,-118.6060697566219,72.56214300441393,-999,-999,-999,M2,-999,-999,-999,-999,-999,-17.07609904781873,467558.77995248174,-4.3511402177924765,53.16816040805679,46.36613704036233,-33.215548837399865,-20.929445992489946,39.99500759737339,103.33443551000607,NotFound,37.97417258377334,-989.1091296336368,Found,Found,200.93306226350114,-977.0532960834945,114.33055610863926,273.73374472974945,Found,Found,-964.4696060617906,-999,F,F,T,F,mobile,gmail,com,gmail,com,nan,-927.3329608272461,-1011.7646794062034,chrome,5010g,2.9928767249954986,5.210025229890908,5.141174121530524,9.893349439710947,-2.2149839929109683,16.42433059325962,-0.6726190265658601,0.46026873826803316,-2.1273139411218422,0.33371810511005845,1.116324948804189,0.4416193901487133
90983,0.9157594,0.4069067,0.12,0.02389616287845446,0.19814030168060348,26.58050549594121,C,2810.8467496949797,303.82144637861006,186.74375853245064,visa,138.50240944518512,credit,-988.7773019573192,-1002.2816865647627,-1000.6378895941784,4.076248125369123,1.3543583040127078,0.007389248811217572,-1.243700489670676,-0.14964567040412113,-2.0804516046412154,3.12659397627366,0.6532633885636852,-0.47105106106794725,-0.18250229752610725,0.054604334612514904,4.089709380555271,-4.43910846059903,-0.5698547407897401,51.850518119267946,-1026.9519952666028,17.483869117766293,-38.17250023608539,16.93220269074958,-43.57957642066346,-1022.6958952474106,-967.6517192722312,-17.017523147642738,-1015.3282893784724,-42.38988290227714,57.92671389291524,-50.93945377420319,21.18773647272179,-999,-999,-999,M2,-999,-999,-999,-999,-999,-25.746614447626712,124087.48372333833,-1003.7138222218473,-1016.5010904659026,10.906845764204718,-12.681610326938653,-1002.3328955587854,-993.0611173961507,96.41357594146882,NotFound,42.97918782115471,-995.2741641719776,New,NotFound,239.84997139112613,-1001.3521697874817,441.1601790892422,451.9022602791125,New,NotFound,-1017.8204584348643,-999,F,F,T,T,desktop,hotmail,com,hotmail,com,nan,-1034.7226577932229,-1003.3939979840172,chrome,nan,4.944160191931609,1.1192852834740101,11.862937269220314,9.513027859936201,-2.599651942219684,15.88317923378215,-0.6233873635866611,0.3372864265725266,-2.185668117286513,0.17141333606131684,0.5111043252895686,-0.5888692040630705
244953,0.9936452,0.43720448,0.09999999999999999,0.01672075323499393,0.13246874647423554,278.4112298238613,W,16910.475659413678,305.07058732904073,148.79839432917615,mastercard,223.1250866732329,debit,198.21628120559504,95.5069959576025,264.7397273736633,3.864332660721603,2.2831229061442766,-0.001419716575942029,2.262812052267247,-0.10430898278496947,0.704880506469058,-0.9695017659183889,0.6072211062856185,2.343265152163998,0.06756013873620059,1.8000153576591256,1.072349170324033,57.51409298544728,2.7725320845661274,574.7893057357325,538.7067822267599,-15.4700297187011,543.4212989184325,-66.51734545444988,-968.7738582184494,-1060.2059815925838,-1007.6124157252426,530.9783915530066,30.760562796806234,-989.2081020822054,-1003.1101182253011,-992.0501625096038,529.35237172421,T,F,F,M0,F,F,F,F,F,-992.3041328380484,-2250.481216056258,-999.3319237708898,-1006.099189397423,-1014.0720996297093,-1000.7720138627195,-1003.5852804420184,-995.1325519859253,-1002.5650557693599,-999,-987.3823461427927,-1004.2308304529287,-999,-999,-1008.1788400615471,-997.523221610174,-993.5129512835088,-1001.1825042812876,-999,-999,-1002.705672011665,-999,-999,-999,-999,-999,-999,aol,com,nan,,nan,-997.3220448584798,-997.7298222636404,nan,nan,1.9953085747275863,15.840182480266897,1.9528981753269266,-7.529962692536172,8.346409168807284,-0.14539227760141316,-2.788237069326946,0.2954713668007855,2.639397396407202,2.2059341619025505,3.1277230154546234,6.918151395820203
557625,0.99422175,0.4649593,0.13,0.028378895023486856,0.24952494860558938,68.0852777556737,C,5741.323879257553,414.09960228285036,186.83958318594674,mastercard,221.57994066120787,debit,-978.5546622663294,-1000.9646672605935,-1003.7410390590874,8.050305848376983,9.753190643461965,0.005254262847273447,0.5782250394135668,0.17530848565645396,-0.05358448214799516,3.5329034302520705,1.6756543083150284,-0.40963267395336356,-1.3772139945057207,6.190202356548395,2.871720511104866,-2.3639517806553343,1.6861354751328763,-60.245442274038254,-988.3116807230974,67.89765267226014,-14.201892430908039,27.7517526875404,-67.23407819964974,76.59979935679806,62.64508660244209,-109.18510790394225,-987.2733145320418,-29.30651487372251,116.67866063133408,-68.5723592594031,-119.6553144166067,-999,-999,-999,M2,-999,-999,-999,-999,-999,-18.8911496833191,306398.1913899389,-6.444335761246066,1.8505307840687237,10.836771413897623,-11.936851359584352,18.6949777705247,-4.891298678793646,116.22059500412206,NotFound,10.085412665915328,-985.9707542131413,Found,Found,225.55023934256337,-1006.5371482252448,142.8427113604123,350.35446708483437,Found,Found,-987.5626508150738,-999,F,F,T,F,mobile,hotmail,com,hotmail,com,nan,-1006.9680672528145,-1034.606870293041,chrome,m4,2.002954037834484,23.027531201257958,4.995225503688517,10.00209070754085,-2.447083783045976,16.296703092537506,-0.7965094521213675,-0.0024100389821541737,-2.243174218098124,0.2676713546346041,0.96195826326731,0.03747395521702983
399305,0.90415555,0.43275845,0.09,0.013888290969627364,0.10894703131920165,150.28924640499702,R,16620.096718453216,512.9124056996866,150.33941798060926,mastercard,227.21871418262154,credit,319.75919859950136,80.07219231672914,-988.5959756605164,-1.7638480717801244,2.1167588640956527,-0.0019195188147008366,0.5046665848695429,-0.2890018092455948,0.8864898810381892,-1.5571613680897398,3.348158780700289,0.03744195849045706,2.2971053724601216,0.5090123935799351,0.36129666431464535,2.749194839524076,-0.9644780439376408,-1.4572592040323018,-1004.6954761617127,-993.8086117782955,-1058.2741532411446,-1008.412852254651,-1035.9545256179254,69.54909110828034,9.566005744268896,-998.5734629311434,-1026.8863044560032,-1005.0339497072026,-1017.5367100121358,-1041.367400462179,-1036.4304019243368,-999,-999,-999,-999,-999,-999,-999,-999,-999,-1.6201501414706172,236525.53638315876,-7.037517437155657,4.699681667344862,1.8299867183327478,0.17225259466238185,1.0961581581963173,-0.33253452482119883,97.15104643140967,NotFound,54.21207789394691,-479.3869166983945,Found,Found,164.7040170271066,-998.4996581806157,322.68611164641163,327.93783006718877,Found,Found,27.61918916336731,match_status:2,T,F,T,T,desktop,gmail,com,yahoo,com,Windows,1380.0005429065068,762.945789306169,edge,windows,3.0122174723508834,16.90473226538882,2.9949490788190385,31.291435634155498,-1.1405030494520823,-5.302588730323612,1.1304815309465628,0.04474668926926515,0.978557726409781,-0.08313958274815009,-0.03166455673406094,-0.20840928834623013
418109,0.6560458,0.3669134,0.01,0.0025521382703821843,0.01853899039834171,553.8966557935474,W,2425.5495881999805,321.56577073102744,149.9474423517161,visa,226.10171102374647,credit,125.63413352994078,86.35208411162729,-996.6300078446865,0.8794650258547279,1.7214415116911734,0.00011582828397775548,0.28098765814398563,0.044841841903418,0.8369460567267293,-0.0020222991994343076,-0.13796456278095182,0.9420351541096079,0.12207056172805153,1.4049108891190016,0.4001558955555673,1.0986126310122408,0.9076174683282936,-3.7219861215758323,-993.8738701475005,-995.6174334358551,-4.792729577227648,-1002.962837004534,-998.6481183524455,-1008.4164992205955,-997.3505262564986,1.9582750406560052,-4.2779213858376055,-999.6106075334941,-1002.3001211091803,-1000.7428733245267,-1.980707395212433,T,T,T,M0,F,T,F,F,T,-998.9571896385731,-966.933183014924,-998.0042881524924,-999.1435437734779,-998.5723675706557,-999.5237716152116,-999.3886631160477,-998.1715753632329,-998.568846044079,-999,-998.5777454345298,-999.467221767479,-999,-999,-1000.5752045269019,-998.2890103357128,-1000.4866376042108,-999.2606628273552,-999,-999,-998.2551694386251,-999,-999,-999,-999,-999,-999,comcast,net,nan,,nan,-997.5442046218118,-999.102407110182,nan,nan,1.998025685126123,13.998561450866205,4.013582509219118,-7.522306805111255,-0.013024142445095597,-0.6021872416345211,0.2629162570238883,-0.13740839188642112,2.1951862667977706,-0.13831004365000615,1.176023073251312,-0.7192111638791681
91528,0.988235,0.37830156,0.13,0.028378895023486856,0.22627372345922253,159.73679210300602,W,17004.619977438037,326.9450437311242,152.63436404303766,visa,227.0046546369847,debit,117.21734489648878,96.70567028878602,-990.0571206487887,3.3246864862354,1.6303982165540898,0.0016437893655191884,2.7016055116189808,-0.051785028616443185,1.92689588601732,-0.5894439992045175,-2.001698661346741,8.561756274370575,2.7015707191067544,3.0933037027807533,3.493527108075481,20.37452931464371,3.9112728923949858,172.04478787112635,183.69895918682604,1.4368622540842204,-1002.9217663008756,-1052.8090419886807,-1021.2052885876057,-1021.4626480477311,-1025.7728401742368,210.4182498163321,-957.5110807007459,-963.7715623155783,-1138.768026522523,-891.5877879483083,195.6371655966211,-999,-999,-999,M0,T,F,-999,-999,-999,-986.1539962589767,2739.912072017978,-997.4622801702089,-1011.7932061709066,-1006.4683542079792,-996.5530839355961,-985.761357386976,-985.1938936320491,-988.8770606396407,-999,-971.4856196940874,-991.1949771264232,-999,-999,-979.7018899019477,-1010.2496744994122,-1013.7171060774803,-1009.3561691652121,-999,-999,-998.3265093998667,-999,-999,-999,-999,-999,-999,nan,,nan,,nan,-963.8300367856594,-990.1390862524856,nan,nan,4.997935993865551,2.951660786913152,12.139072420252468,-4.530301234208902,7.064582055535977,-2.638358013413399,-2.5042626858297448,2.0026680153294105,-6.900219502991217,1.334388129823662,0.791525431365336,9.296326072983884
277947,0.99800485,0.4078702,0.19,0.0734769996100588,0.6476579562039212,41.97915586534492,C,6831.450931641701,541.516491746194,187.34713294820665,visa,190.9414694899541,credit,-946.0890402947339,-1013.2018832098238,-956.2568445545357,37.951711382620076,43.17798346032432,-0.016770895783527893,9.805271501908809,1.9560121468521823,1.5454269343219718,0.3810274172759085,11.615213745708909,0.5835293093182581,4.071765710579803,-0.48448021406734476,-2.2547849304038374,16.915465544280774,9.934995114336596,-183.0505170646666,-799.3637547879308,-1109.9620529769413,418.65025523351187,235.03777762261788,373.6297759602671,163.46885161701675,-33.570374927556415,-5.413695177877618,-1194.4836006091823,354.49625021609444,-79.21065849490776,15.886984575768667,304.66269198955723,-999,-999,-999,M2,-999,-999,-999,-999,-999,-28.942270240316475,123715.92785483951,-13.657041926573243,7.549091584994244,2.9611883471834517,30.076192211373836,23.256187189075717,15.215500457353187,121.06081328780704,NotFound,115.42813532518767,-1023.6495052842859,Found,Found,260.76142817524135,-973.5546134319711,520.5856438134275,509.7297657534174,Found,Found,-1060.9098114720093,-999,F,F,T,F,desktop,outlook,com,outlook,com,nan,-1021.1755344771605,-979.3647229783418,chrome,windows,6.056235127812702,19.548843000534607,1.533400695115374,9.576865977833942,-2.737145107240379,15.809088763934461,-0.44351909625280117,0.015381668233290402,-2.2419201692629693,0.07413919060675954,0.4936856078783363,-0.6795511959747365
328835,0.5862522,0.23497576,0.01,0.0025521382703821843,0.021999751408335124,225.75851445467737,W,16121.4491700595,111.05309937129672,149.8831143072361,visa,225.99246874365286,debit,298.1303993311968,87.0220134945081,2.6434616156875563,0.21437779672735857,0.9868804189634357,0.00035234697427667834,0.00802716667060821,-0.005312489599530679,0.06129992921332139,-0.07828740350416474,-0.16061180802515285,0.9613036591983102,0.4158230026937195,0.9594697552195566,0.20596394893795855,2.1140563524428444,0.8876606865332626,1.1184484072676335,3.909114669705555,0.35582376039600205,-1003.0502429016072,-992.9278906324539,-1004.2037192931335,-1004.871955123057,-999.9072440562649,498.58564256516337,-1.779917313341359,-996.1709457044896,-1006.708969038051,-995.3708342248185,-2.1141637828221955,T,T,T,M0,T,T,F,T,T,-999.0901055256373,-1457.3052084301016,-1000.7031209346126,-999.415918551048,-1000.1438082783949,-999.817621703734,-999.9630718518152,-997.54007413201,-997.4545885156499,-999,-1000.3418405803192,-998.6902202261153,-999,-999,-998.4777216349655,-998.351131653958,-1003.3130295821906,-1000.9035556625407,-999,-999,-999.7100617925944,-999,-999,-999,-999,-999,-999,nan,,nan,,nan,-999.3795444799237,-996.5681707417596,nan,nan,1.0023140049204295,2.0093777780026887,3.007495684213291,-5.927539512180849,1.1867060769424345,-4.169967449348061,0.40127606539456606,0.32471049967878635,-5.1715471644932425,3.458539648234655,3.574939266656045,-0.20653661518777572
388090,0.9216095,0.029836513,0.14,0.03356392623053241,0.32106957880306325,102.40710736260375,R,11271.883652827279,178.87088475857655,143.19764309267768,visa,231.12616009423346,credit,438.77259539260183,119.80608132898513,-1022.4519943577811,-5.739966938421933,1.8026970186037339,-0.0035592620458506146,4.6965144840497635,-0.4403522080159936,2.512175043003694,-2.018725129189699,0.659992343110062,-0.9114865530213665,5.064846803619241,-0.3823241208698889,6.466947213735858,16.04804616558245,-1.0388463098924792,33.4272355582732,-984.5046807622792,-1015.7849520493933,-978.9438320528063,-1185.4184397782676,-902.15272466046,-81.01031592823472,-4.046221475764405,-1052.9449636402883,-971.7505483275928,-1026.994727306701,-872.5083614650651,-867.923990930365,-1024.019763096794,-999,-999,-999,-999,-999,-999,-999,-999,-999,5.256796297997994,158187.85513930942,7.024864155428645,1.0857651945522093,13.401830821690282,9.454156076660865,-9.804398499150011,-11.043051842833734,115.8666956360886,NotFound,73.25599015760656,-295.27633867831844,Found,Found,102.39055824690092,-0.3403967209168286,440.36277538512593,381.9674727742296,Found,Found,-1.0267774657111204,match_status:2,T,F,T,T,desktop,gmail,com,anonymous,com,Windows,1868.8410934537146,1068.3280282265926,edge,windows,5.983035609891427,18.91713130748959,2.8627525044375446,31.26494290972279,-0.8242841684305323,-5.342345842395366,0.9435645719392501,0.8083194284413873,1.0375211105388167,-0.029397362467341676,-0.019600713410090915,0.07919267476119418
114708,0.9848669,0.17403522,0.11,0.020034599671098444,0.1496652341922206,31.624950279284818,C,6509.7529804091955,346.5338835621168,184.02343224224276,visa,225.5569825210087,credit,-994.2005139623229,-991.5232525223298,-998.020728638157,0.9859320543669021,-0.3428953478553378,0.006766406238480918,2.4830747633382786,-0.17523250891664954,0.43818876394421835,0.7449084523192564,0.8527189745825012,0.16328191923323576,-4.107006854984511,-1.337311033862921,-0.3379883776733772,2.685692589708598,1.0001702478413765,34.02127864980636,-980.5898816322081,-1073.5519896722915,48.39944536831895,-1000.8065787249994,-32.23724949965125,-1040.600765685697,-994.1804594163066,-37.5169469780621,-1004.4692426944963,22.84541901657041,66.95445621805816,57.12701699102929,11.783255842240045,-999,-999,-999,M2,-999,-999,-999,-999,-999,-20.935420168837027,138427.51752623793,-1000.7013129064329,-989.1253658759723,-5.325066718265248,-38.44217354025761,-1001.1697739008616,-1006.8905120567208,108.56396222268711,NotFound,45.98025107848298,-1002.4258399039718,Unknown,-999,216.2543622527719,13.481010163039628,348.183968055847,555.3958741522027,New,NotFound,-994.2042623797196,-999,F,F,F,T,mobile,hotmail,com,hotmail,com,nan,-1007.8844929991884,-997.0885780927056,mobile,nan,0.9929579059266378,22.883669311502693,11.948657322905738,13.946129895184267,-3.249953916950217,11.924662319887467,0.33433784687348556,0.008016948421610662,1.244861134343465,-0.11807028127414619,0.1760238499370359,-0.9414601279672011
498873,0.6954767,0.41212425,0.060000000000000005,0.00771172199313132,0.054653901779503786,275.12436438706703,R,5851.987754344547,397.7835684638701,149.97922338484994,american express,149.64979805383464,credit,336.14433907233376,91.34983040956342,-995.5812543598271,0.6932193811678395,0.7766702408751698,0.0017290819304891791,0.8325095130072446,-0.057749465932027455,1.3620363632668129,0.09214949378771475,1.2525580938314795,0.20178952202795575,-0.39202131591254563,0.7314327924299775,0.40179515817180267,1.0624710113416604,0.5175442614084762,7.9634303075071236,-988.6835139836304,-989.7237750803959,15.231176851884575,-995.8124319702916,6.018547097339491,-997.908922007435,-1004.3798147203586,-981.5074675138704,-1015.5018162275339,-1008.8416630544713,-1001.0003577649187,-1005.3010977435438,0.8109516304500116,-999,-999,-999,-999,-999,-999,-999,-999,-999,-6.965793003843601,217453.85317525733,-999.1682138323418,-1002.0276801654458,3.3820085985452124,-3.23732835810938,-996.5778378447382,-997.74043871993,97.50346318428387,NotFound,51.72382806742689,-298.234437066193,New,NotFound,163.44313067408802,13.180808136145401,106.45624974182613,226.48550333193054,New,NotFound,24.796646373273575,match_status:2,T,F,T,F,desktop,gmail,com,gmail,com,Windows,1918.6113797819817,1084.4583213808162,chrome,windows,3.0118110272051837,18.961865347234543,4.940234817956856,26.002193356689947,-2.1652607699121775,2.1739165956210544,1.072197304393781,-0.18927300987172893,10.044686985255876,-0.6340643445359393,0.14327437252636255,-0.07137366230743437
304985,0.9428903,0.017366793,0.14,0.03356392623053241,0.3017408846997485,9.989422934299753,H,7566.572102437969,562.393658973016,133.10417625277836,mastercard,228.00664304966523,credit,409.7953306501794,121.30218617385333,-990.0468668756901,-4.4357089159878385,8.868532719667304,0.003420666018241673,4.0174205623408925,-0.4013202330049106,-1.5954903859620249,-5.309764290851019,6.255721077734365,0.19786572779082867,5.271358939931722,6.114259501833492,2.8132394642581042,6.669887110160335,1.1386969481164808,38.68290143311697,-1010.4538716233398,-892.3356307450578,-969.9596279899495,-934.2997098241244,-939.268610428825,254.51185278237062,-5.457879914639067,-1013.0645189217671,-954.8902621896129,-920.8575355291473,-956.6013823525082,-900.6779295510557,-1028.4174562176772,-999,-999,-999,-999,-999,-999,-999,-999,-999,-3.040020226518209,13349.545221349515,-3.219260335624199,-26.23445500031255,24.01638185468323,-13.259371398416306,4.143474485106367,-10.737356331496244,79.85178736731189,Found,61.721768725474135,532.4760103857845,Found,Found,125.05188004124659,16.66912453337227,446.87144205266907,454.149351597713,Found,Found,29.53296341381474,match_status:2,T,F,T,T,desktop,anonymous,com,anonymous,com,Windows,2881.1903077991187,1803.243955840579,chrome,windows,1.9492855403646911,0.6628569596805693,1.9911530093642504,31.132666925067547,-1.1612752537096334,-5.3423172869736515,1.1461075812838997,0.1266546841834092,1.0339447788379386,-0.09007211780081613,-0.17959486590009546,-0.5757345402213129
1674,0.9922023,0.24405007,0.16,0.04640734643340897,0.35662996853323325,451.7602135145264,H,17619.150616957842,156.143626925728,150.14735608167624,visa,189.49241756940728,credit,301.19355135745104,87.89231840737754,-1009.5553526539791,2.2162890733211746,-0.07747135543797334,0.009609798403149248,5.169784969428653,0.44436535563852875,4.512343350453016,-4.342611777638127,4.110355202980379,-0.6734522522377118,7.249764613370569,-2.1638115641258953,0.3626710354619256,7.219650603278801,-1.744426380176641,20.592170451447757,-957.2612392449245,-942.064685184341,-934.726889188943,-1033.268319540939,-923.4945609300521,-137.13739503570412,-85.35038983565242,-1049.792989667156,-1090.0565516808292,-977.0064781767644,-953.9464395513127,-19.900159355584137,-961.2861824361433,-999,-999,-999,-999,-999,-999,-999,-999,-999,-13.182959277289797,163628.16383205535,-3.636118016057253,7.477440420311723,43.20176678574114,-9.37922122981206,10.817853407017196,-8.418969644748586,42.05243603628662,NotFound,37.69982004504982,-302.04748708282864,Found,Found,156.8529243643561,-3.326874153864196,348.09650736442586,554.3339707417887,Found,Found,19.034813450117895,match_status:1,T,F,T,T,mobile,gmail,com,gmail,com,iOS,2199.466198836929,1276.8722987175333,mobile,ios,4.898024484832589,13.639735776054119,12.01722819337866,31.21421919859602,-0.983131497782019,-5.237015224037143,1.023390428601453,0.06915282845006585,0.9907578663652573,-0.19943577874326796,-0.13961173344275635,-0.4550225213471338
51829,0.7808742,0.2594472,0.15000000000000002,0.03954065143898942,0.29372449617961083,40.03734010839801,C,2930.4118568854938,394.561203437241,187.28470906569157,mastercard,226.10230425382505,debit,-1009.9828185688364,-999.3533218772152,-1004.6025798511365,3609.018241060903,4016.0572476211305,-0.00878772659984985,1738.6445734587178,0.16085331620774657,1736.2864249340025,1738.2518874203379,2706.831996623139,0.047766802176435696,2623.0961061915036,2457.4219448991335,2456.8108424304905,2336.467502366728,1120.285450453374,6.374492013515092,80.82672369336193,4.6286227241503095,-178.64915523950663,25.16305233066565,26.265677337461586,-127.35902986188802,1.4128928105214351,-1054.9292051169386,-1050.4357786434791,-26.02282761941113,62.949199633048885,158.62075829148694,4.505563129670303,-999,-999,-999,M2,-999,-999,-999,-999,-999,20.43482754043555,50343.690343606744,-12.082767010875727,-3.0027813810536372,-27.20911900583269,-21.041853994585495,-1.2574376449479132,-2.681872105536513,108.91192489888522,NotFound,51.52890379574876,-995.2612578266429,Found,Found,219.43993095336327,-997.0139262579028,289.0745542184062,384.4087194986038,Found,Found,-989.7495309135945,-999,F,F,T,T,desktop,hotmail,com,hotmail,com,nan,-997.4833447838867,-975.7375282965029,chrome,windows,4.007162996985977,3.731434392587989,12.265478770904078,14.13291129552743,-3.0940581203372908,11.70815846915335,0.34355447615412316,0.22066990102390777,1.119732411805857,-0.06730379217278418,-0.26645073805267583,-0.8168837727915963
34226,0.99985087,0.39460638,0.23,0.12982628505779303,1.004863349915525,296.1816215699712,H,4936.231189735021,372.4597816844985,157.28574027081362,mastercard,106.32300007642476,credit,353.60054476495577,155.11943178697567,-1082.2071763368247,-1.0668558863906696,0.35589420557477425,-0.008145442925105394,-0.32441181738766645,-2.877040149274471,-7.330368105732326,-17.704274332487913,7.207676627119605,-2.4645462629787787,4.735316638476428,-0.42445941602735004,-16.665403545076867,0.5006603540374996,1.3503973199977457,344.96053451227993,-789.4344520786301,-1053.7325200950283,-824.6680847170674,-868.6004078789142,-1092.7846944687788,-330.2308428440281,-1038.7387016325195,-1056.0391465520568,-992.9290345567879,-1600.8418959031608,-955.4540576334547,159.88723977612804,-728.0360568425721,-999,-999,-999,-999,-999,-999,-999,-999,-999,20.070419851817178,177641.864972534,-1010.53516251111,-1049.4702992498435,-15.857558261495,-118.33445424650267,-1014.2392001007613,-995.795867076571,97.5833003685268,NotFound,-10.623336257188953,-318.803500974058,Unknown,-999,75.38722314604308,-14.512885832016082,27.606074862460787,633.0811802765737,New,NotFound,37.429684441624545,match_status:1,T,F,F,T,mobile,gmail,com,gmail,com,iOS,2253.5482905919457,1352.7243822663163,mobile,ios,6.14687423390119,20.3764012631486,12.866150170404737,31.58548102606271,-1.147789499432283,-5.180466164364024,1.4306414118478488,-0.07977529338454736,1.0050190515609279,-0.13753960859333175,0.26591453186010733,0.0502478896562486
435704,0.9624092,0.37655333,0.2,0.08508720268939021,0.7008658576680855,34.712983745056505,C,8818.273629478976,484.69659658100056,188.69516440841457,mastercard,219.62550311078047,credit,-1006.3735871105071,-989.6168822171547,-1032.9712928937993,5.709633053892112,13.740701879786993,0.001841129445201135,8.431034304739319,-0.9326958542339545,4.66879533291483,3.314963172436714,-11.644808342628897,-1.004012031315713,4.1500529573558635,5.619446852303436,-13.648142984170612,-16.582306258589703,-1.915982417150886,-268.88048806231774,-1059.7765413852208,214.80957243375127,644.4422501009378,103.27624151581985,443.982996782038,169.8343966596034,104.22687116552447,-1081.8554831502286,-1125.5533826000005,355.47736172949027,-1024.6738576988553,-798.2071974863529,-1364.1151637229577,-999,-999,-999,M2,-999,-999,-999,-999,-999,-6.727738451617142,511595.3283914639,-4.912442527842927,13.213905717332295,34.97318089749672,-18.70321727604562,-11.000524549410784,12.74733388431821,59.06283558263556,NotFound,149.8892407568968,-1030.398540337276,Found,Found,209.6089157786579,54.72428545711671,288.1028680554108,582.6765947976688,Found,Found,-1002.8221062107843,-999,F,F,T,F,mobile,gmail,com,gmail,com,nan,-940.7284147263566,-1001.6616733841723,chrome,samsung-g610m,0.889758404316189,5.609125749821162,3.849651167947349,10.95241064451995,-0.920792733208463,1.6022757386648558,0.13897957454420118,-0.02535149787689328,0.639762346872665,-2.241526920608524,-6.769603264615861,-2.5886027108218252
390070,0.97263646,0.47680497,0.12,0.02389616287845446,0.18245375582407997,420.25347102298167,W,5917.119599696299,329.9470398353936,153.47008013735456,discover,-999.0389997550024,credit,270.5533255348858,90.98974923314431,4.4714663326199116,-0.9854294170425071,-0.7956082608819948,0.00278672258910227,1.8549682215344965,-0.8564961066725338,1.3381520470914916,1.5742586186618197,-1.3493431594606102,1.8859877405205014,1.9703653295837689,-1.1549545554334912,1.8321029405107137,5.426181803471593,1.387946715069222,35.7856718774106,5.401674043656414,74.7564455483032,427.46603989615727,3.753995537313059,-1054.1339171001473,-924.7065670530692,-995.2198122976738,14.76535272490202,-21.708055729181154,-1080.8008013973486,-988.5792621195279,-948.8083497562093,-15.62186743275595,T,T,T,M1,F,F,T,T,T,-1010.2206207630497,1494.2833959278069,-1007.496480851955,-996.2567513648744,-1008.7381344440777,-987.5798359511987,-1002.1355866510612,-988.0514675511932,-1019.2652285097176,-999,-988.407840027314,-999.6124092898598,-999,-999,-991.7376294829394,-998.7819866104408,-981.3415172197557,-1008.0958670470776,-999,-999,-1002.6428128023771,-999,-999,-999,-999,-999,-999,gmail,com,nan,,nan,-1000.0094989232894,-981.1369783033824,nan,nan,0.027790746498263186,15.738678334820232,2.9596630817168337,-7.721378080646162,2.1613245227404976,-0.5444435862560938,0.022371911136286334,0.17139736714936218,2.823375334315791,4.663294813675623,0.9143289120051987,1.624609637380677
453096,0.93793267,0.15006982,0.15000000000000002,0.03954065143898942,0.3338993921082974,447.90070315843815,W,10338.611980185904,559.813349186823,150.66184134979693,visa,231.60637134770934,credit,475.6527379138854,105.36967656493434,-965.0501188445018,-5.907487759110744,4.977435249314421,-0.010503552539135597,-1.954649156868828,1.3183686642412304,1.9785218447942405,5.790590373585449,3.86256312310683,0.955070915617453,-5.9640370496788,4.391486460750593,-1.3803411815317697,4.110376071412471,0.13862251941123205,-5.5880865748104664,-6.113544743231577,31.474571355745123,34.334364572294746,-134.4430937788842,-1009.7919316407023,-1028.948315850176,-926.8546858763368,-141.31330304879404,-981.628579463918,-1003.7793795709374,-1066.2858079161645,-1008.977380176555,-29.82454150338013,-999,-999,-999,M0,T,F,-999,-999,-999,-991.87666192521,-5568.656421763917,-990.1060939009031,-996.0998581004735,-992.8993915300035,-1010.6777590260033,-988.8112161430306,-992.8013170081559,-1024.4287326878991,-999,-983.3804814006367,-981.528874306538,-999,-999,-1014.4723432820176,-980.958391860407,-984.2334242255247,-991.291437699495,-999,-999,-991.0247805811711,-999,-999,-999,-999,-999,-999,gmail,com,nan,,nan,-986.4677286867834,-968.6257396663365,nan,nan,-0.04261907927035358,23.009965451529105,3.786054202478428,-6.656297990319206,1.3820604855069363,0.3896640404510682,-0.06346669104375552,-0.03093376277505545,0.6856558985509887,1.7611314765304484,-4.356172845365671,2.984177886593566
281754,0.9988066,0.061188053,0.24000000000000002,0.1486439774738485,1.4058317782127092,65.23651428337021,C,15208.406583835873,371.28126714876385,189.71761905890293,mastercard,246.15316583837938,debit,-1087.7742779355535,-962.0549353624729,-1025.8684156160102,3.5924894535799528,42.22500424707837,0.017340467526686828,1.2382041145341214,-1.6762343862994413,18.357885533208137,3.607461759168196,41.12220419150614,-3.0173697314318204,28.82046281383375,16.490978963948926,3.374031632682559,70.61560996580303,2.454403152890862,-273.4160414609596,-1420.0034383444968,-1173.2139118883765,-625.6463413962573,-430.72043436940953,527.9057845316911,-42.88741956812621,-113.4391301441666,278.1791290929027,-528.8449894468225,-127.26038436918178,-158.277783294225,189.35149048982737,211.59956201093306,-999,-999,-999,M2,-999,-999,-999,-999,-999,-97.05836172752254,363943.8693188903,5.164255965740381,-54.16233931643387,-26.478974609107468,-31.289873649963397,-6.117397748769349,32.42408566146662,-6.868954098393033,NotFound,-116.7301648791472,-1033.665466400038,Found,Found,220.2517084394716,-1007.9681567995273,353.95021035117145,320.2558992575164,Found,Found,-943.0000213296413,-999,F,F,T,F,mobile,gmail,com,gmail,com,nan,-1021.2133366236953,-950.5074463039523,chrome,lg-h650,1.5222588035670377,6.218013304363762,1.4772208353664689,13.96522502057073,-3.0800715891820825,12.061290481083068,0.42909827698668074,-0.07064423596563513,1.0750584054422596,-0.40795537532156595,0.6652829015526195,-0.7875462618425981
281127,0.9681941,0.4638924,0.09999999999999999,0.01672075323499393,0.1295803838910576,218.4619590393528,W,11243.526286158904,202.77899788830217,151.64239590412777,mastercard,225.2677954469969,credit,322.65994093345194,81.48698565780673,-988.5915061214383,-0.5007484881164057,-0.06956784304687957,0.001431487236441117,1.5961785019735624,-0.6351002326025066,2.9881909787083316,-0.353597303412684,-0.23309935090175404,1.9851051177913135,1.124386066400131,2.3198153168097875,1.1142576322064297,2.5349119840588017,0.5300577880998549,-26.397159785074834,-9.317602816966454,14.50076813073772,12.64541406000213,-990.0311692618161,-1017.3044856322701,-978.8893357294869,-1008.8039955493367,-38.48361394928477,-1025.9032841663825,-1007.2911168602283,-1040.9707256311501,-995.8607430481372,35.37558414894939,-999,-999,-999,M0,F,T,-999,-999,-999,-1001.1521766983461,-388.79897734881524,-994.0293776057633,-990.2668155925428,-1006.6070956944823,-994.822649161365,-1005.183278358008,-998.9056597810923,-988.8858701486062,-999,-1006.6354433842461,-997.8090533974939,-999,-999,-1018.6753429271248,-997.2305725036105,-1001.3726909128045,-997.8828988501909,-999,-999,-1010.7906063363073,-999,-999,-999,-999,-999,-999,yahoo,com,nan,,nan,-985.8096406099064,-986.5519890394578,nan,nan,1.0164069229544679,-0.10262146830130625,2.103485405152538,-6.588491254973984,1.813427589197938,0.4592090477818568,-0.39204582366374713,0.7645985211262556,0.8161562839858898,2.488885376067267,-4.596779411201686,3.0203190476972472
368788,0.88207245,0.30847946,0.13,0.028378895023486856,0.22290336893032256,19.04144143999025,H,6704.384854801954,277.62250490499616,151.99554929564835,visa,101.68158958413363,debit,310.54183819024297,94.13696512365902,-995.7340738046547,-3.065971392456337,-4.21054941068482,-0.002999653532743525,-0.32507102910538777,0.6045411937980933,0.1398968832059282,1.0177028159745967,-2.2200368137431123,-0.08752527433260404,0.20371845186304416,-0.5640183003958228,-0.8008128992438097,-1.2481376112321243,1.4839557306426476,0.06854196448738782,-926.8439848688519,-961.4658104688698,-1080.638677646182,-1008.8269985277896,-984.0382316105948,-924.816782181828,-977.3069468171318,-1007.4690756272547,-1035.8968730250488,-995.6380025350983,-937.0171225995908,-1074.0133870220038,-963.5398714822261,-999,-999,-999,-999,-999,-999,-999,-999,-999,3.0100664314707046,92218.81600114665,-995.323844889745,-1005.55679306731,9.546803792714513,0.7546696116980911,-1010.9939924371637,-1000.7603820837717,86.0140813294629,NotFound,41.727483500820085,-300.69643423877926,New,NotFound,175.12714298941842,9.059990967753947,358.6847614853983,595.1621790262797,New,NotFound,23.70267423381688,match_status:1,T,F,F,T,mobile,anonymous,com,anonymous,com,iOS,2014.8642658262293,1542.1454972302959,mobile,ios,0.050794236620193445,0.5334542832694549,2.841727440449191,31.165658594228944,-1.1384330113085734,-5.413506938335612,1.1890677148637,0.13059374367842413,0.9680660711822465,-0.09503752957689571,-0.17641340826352414,-0.5334026020708943
213114,0.99880946,0.095863216,0.2,0.08508720268939021,0.7028209737857221,27.772834937719708,C,13656.605614534576,156.27206886423625,180.0273467542227,mastercard,128.8333735860507,credit,-1009.8783998078491,-1010.376641831885,-1053.5958725076632,6.129999930264191,-0.22437372583953596,-0.011312802196373015,-13.221257611434453,1.9667883475049655,2.542023195181801,9.16409178003097,-11.624000423390227,2.8801168653129796,7.045801539451449,-2.7557924100367295,0.3488628628752841,13.831776697634925,-0.2853003366622424,34.256238778362594,-970.2800302063778,-724.9205466572365,-182.60953559487922,-30.597536319324043,-80.03975883094324,-212.1103661516394,-60.40628745353963,224.66292195207492,-1027.8810692447905,-171.6966927724319,88.65345236991293,-11.100075198850773,190.30750091040838,-999,-999,-999,M2,-999,-999,-999,-999,-999,-48.05480380075812,59122.82256847284,-15.435168280882749,-18.454240687420338,26.442184641555173,18.314690709200704,6.2778694636971295,15.921733381320223,74.85070070712982,NotFound,25.918489713867643,-974.8961637684791,Found,Found,196.7250522300801,-942.6922172538364,262.20276201528475,341.1894990491419,Found,Found,-923.6402298553941,-999,F,F,T,F,desktop,gmail,com,gmail,com,nan,-896.9214078138626,-1056.7501901476571,chrome,windows,5.865433608141993,2.1375541291908053,1.2278359771906837,9.596582694567397,-2.724992804779705,15.837452931895324,-0.5499136115172645,-0.24967572839856075,-2.1758368736363245,0.11053176669953953,0.5669655943466179,-0.5758006068748005
446379,0.7649702,0.48917753,0.01,0.0025521382703821843,0.022696232649506997,160.91636339267941,W,5493.027708151163,113.8758803969784,150.04826984029572,visa,226.08884952578126,debit,190.910914417806,88.03407647692646,5.76579215118943,1.1283407190745294,2.108144525364228,0.0004247932424441287,0.1823642484377448,0.014233026963684559,2.055947954729497,0.17975343986375103,-0.1198998040511503,1.0700032441827871,-0.012605268864867014,1.8364674054223116,1.0182208871959664,1.2820075021651043,0.9767889209634619,20.95750676862447,-0.9444906085844069,-2.8629125843402425,-0.7378396688141576,-3.061208243325638,-997.0911891615295,-1003.4457402025655,-1003.1806074550069,-1.4414496936244645,5.109978350781674,-998.0129046825031,-1001.4689021334028,-1005.1245829575303,3.180807317503848,T,T,F,M0,F,F,F,F,T,-998.8331903078283,-1066.7251167223803,-998.7882313361679,-1001.0189977746775,-999.4987848719366,-998.4920219227948,-997.9056613922879,-998.6337398389012,-999.9343656239362,-999,-1001.5117755179662,-998.2709278650091,-999,-999,-1000.025575185695,-998.7613664278981,-1002.5061458582958,-1003.6730921388622,-999,-999,-999.1458074999503,-999,-999,-999,-999,-999,-999,gmail,com,nan,,nan,-992.491635203897,-997.5554353456081,nan,nan,5.002599741012341,2.9791631693247425,4.000184409551332,-7.511801671854809,0.8757807328953584,-0.533705759072853,-0.0031972952561098666,-0.0001489821573914486,2.2449398820137993,0.09995983700966007,1.2784053428732336,-0.223321504738753
188651,0.99727947,0.112565756,0.28,0.24919445743323487,1.9518712655520465,75.39352966705728,C,2815.147516806156,95.77656623388043,175.33516884169572,visa,138.81714042050396,credit,-1142.1519955966276,-1024.4574723759304,-936.4391653715687,183.37394669237392,246.29773978239106,0.021314310437637575,-3.8060546916169127,9.999335569091933,65.28018264673676,18.338660148426946,94.36965722644524,-2.5352562227497035,65.49633166860839,99.3291716176665,81.3779741311869,6.379534314359471,1.5449825926502898,-26.781080839448354,-952.4617320517124,-1316.2834685455064,706.847900734329,-2.185645685630125,-239.43086235802957,593.2626458479716,234.04502531952335,240.21676148760946,-471.67275822362916,-837.7820764195527,-765.8080482806905,697.2366885525611,301.4875687880561,-999,-999,-999,M0,-999,-999,-999,-999,-999,-246.17103416412726,769028.4740036534,82.70763143057434,10.923733367935483,131.87172153296888,-91.21197442513858,114.10815623651638,10.909283792774204,169.56336596025506,NotFound,25.640669636285224,-974.6181610146289,Found,Found,154.72788056191234,-928.8131420359409,179.08710013302039,-118.37037094463801,Found,Found,-896.6950728466005,-999,F,F,T,F,desktop,gmail,com,gmail,com,nan,-976.9166288612956,-1035.5610820446748,chrome,nan,3.313751289509092,17.873631245065628,0.8561551609983118,9.517280579600287,-2.888232317171841,15.930556129527446,-1.053209023533234,-0.056290319324672135,-2.003382172054303,0.12519837082449886,0.738192576724195,-0.5453828766770774
476469,0.9972031,0.21725488,0.16,0.04640734643340897,0.41241783960185074,49.09429099995344,C,14621.168400960742,188.85232576801744,190.36045588353912,mastercard,139.21423244497703,credit,-1029.4111554917413,-1000.6591209428453,-971.2150757471734,4.629270475955282,-4.684401145640567,0.0007539436319444464,1.691508829176724,1.096769037773571,9.414483195336352,-1.4290048395696289,2.0391959739152528,-2.37544000758571,2.1397781795557944,2.9763361252908904,2.0817781930667563,6.631039479395941,1.5726688347912328,-54.55375858964843,-977.2230177533544,-1070.3189383457222,110.01001674002366,35.00277244745027,-81.35644474083387,103.1996322376095,-22.298115589952204,-98.71389967992079,-837.0072603631304,90.94420489632674,112.18167298806715,213.4907914091839,-20.231394580874024,-999,-999,-999,M2,-999,-999,-999,-999,-999,-9.362078481303001,84096.00991779604,25.874510487470047,21.481956904371486,21.74783743485216,-41.37752871348357,19.372280147516335,32.185456096923986,126.9659139588706,NotFound,44.39575875080743,-994.9700962431273,Found,Found,240.9063534547513,-1009.3447147559926,235.5007183471721,545.8876992943173,Found,Found,-1000.2003941215893,-999,F,F,T,F,desktop,gmail,com,gmail,com,nan,-956.9561390875278,-1048.336266839296,chrome,windows,1.9879826636278604,22.227595404735354,4.064157488372092,9.614517525025954,-2.672549054699154,15.912210709217824,-0.5591547026354988,-0.13867247145615227,-2.136875867876199,0.08719180703516463,0.4921612206843458,-0.624519121567073
197646,0.69186026,0.37248376,0.02,0.0032300924127905565,0.025224140343428725,30.032848283212957,S,6034.545515206041,581.329202524539,149.8710283340193,visa,226.2174306285355,credit,330.5111699526628,87.2093407912783,-994.8477356422206,1.66564229584373,2.1556350304799317,0.00019824408918761062,2.2248799011081584,-0.0008604903515339046,0.1386817837295684,-0.16026989724817664,0.7123215269517535,0.02073431657063196,0.8993673904960193,2.1323544983372553,0.10331787478820686,1.7175055045625598,1.973787615020072,1.2216022109565048,-1003.0375491478998,-1009.3410647212226,-1005.105160320827,-995.5481914126805,-993.0237665067726,-0.31128644821540313,10.637834923898167,1.8032064577234934,-1003.68526805562,-992.5585048068252,-988.8593761615064,16.357566196138354,-1003.6469723129055,-999,-999,-999,-999,-999,-999,-999,-999,-999,-5.804789648595033,4565.334194918796,-999.4740772088117,-1000.2177316631592,-0.849429221482751,0.43684115917005784,1.3228938380572117,0.7324143873603361,96.84760288057203,NotFound,51.76723410064392,-360.3908336380174,New,NotFound,165.25632653668208,12.710383055623538,632.4455411030527,529.7739662312596,Found,Found,23.871255536706485,match_status:2,T,F,T,T,desktop,nan,,gmail,com,Windows,1364.9678549530745,765.4734408599629,edge,windows,0.010641161850537983,20.003447530869064,0.9858532354086131,26.666074876943842,-0.4615098094332553,-1.1979155964106707,0.20389173178671202,-0.028021667323014785,-2.251151978110687,0.514408235056719,0.7237474525272403,0.23278117934815215
529722,0.8238047,0.48856056,0.02,0.0032300924127905565,0.02565754101074207,64.53468998437643,C,8111.426254453078,160.33597396816873,149.89937316819206,visa,225.98924273320245,debit,-998.9331231728834,-1000.3219024119605,-998.4954212275422,1.328272377694562,1.5376741836877503,0.000853438445583503,0.8966032818255596,-0.012538025748610515,0.9829302185212008,1.3400442716571603,2.2544485274366055,-0.11098048168478147,0.4215563477827189,0.5872775686588483,1.2551678510987272,0.025241897608985653,0.08451589540704063,2.4558115697492724,-1005.9227800415268,-997.9532254471414,11.998923091827978,-0.49410313306286024,-0.24752342638617222,-1005.1983490578975,-994.678105422523,-11.20395891025199,-998.6363738142414,1.2000518190611607,8.214345355200853,0.8456035263311477,5.167510477519386,-999,-999,-999,M2,-999,-999,-999,-999,-999,-37.97984320497824,427207.7548091612,-998.9977344103745,-998.9216611683087,0.047940545937990464,0.809767801477733,-997.6405305690523,-999.8390779117349,100.04069435385293,NotFound,61.51413734552443,-999.57618798331,Unknown,-999,224.8317323007135,-998.7291518536513,288.5916953796341,588.6134090625347,New,NotFound,-999.7191813928517,-999,F,F,F,F,mobile,hotmail,com,hotmail,com,nan,-998.6110783015779,-1001.0736238389482,firefox,nan,0.0029405073079651345,13.015626440907361,4.994306767471817,9.534814668528586,-2.617616034081869,15.883143714584039,-0.5504808829070971,-0.11114174227261996,-2.1815522040300452,0.13104726379350476,0.5576380148892088,-0.5658057725795731
485907,0.9971507,0.34722704,0.12,0.02389616287845446,0.18281177893298992,87.5565124943729,C,10637.158347756598,204.34888902058427,185.08164200607615,visa,227.81503735816858,credit,-997.1400696155699,-990.9127146458652,-1004.1173110346876,3.391955746219704,6.847152551426586,-0.004215452093692898,8.066386989534767,0.5879238568200265,5.246381506776293,6.3539423410661655,12.05250339427148,-0.08916272570560224,-0.1204465463311033,4.843393411638827,4.497112186175203,3.9644973666077057,2.780008571215957,53.7305935814581,-63.59998042464942,26.50752385231311,-50.180962802128036,3.3276505054986507,51.07187288676395,-44.40548612859516,-16.310076809650692,68.52023967286894,-1001.6719357614348,-14.68737190341467,-65.35135430194798,-1008.1356288624008,23.340155853215247,-999,-999,-999,M2,-999,-999,-999,-999,-999,-2.360519662430306,418090.94536262966,9.618372371119221,0.7927736148718623,-1.1384300988768246,3.3866833030134558,-21.83615056940448,-11.503075073405853,109.17477563802413,NotFound,66.61634717546235,-1000.7071510257856,Found,Found,221.551997183828,13.949201896161526,430.82902972135355,319.3645928963143,Found,Found,-998.4207512996264,-999,F,F,T,F,mobile,gmail,com,gmail,com,nan,-1018.2931655037019,-998.1595217021622,chrome,samsung-j320m,6.030943836284507,5.842674354576124,3.887674329288357,2.828226092370616,-0.3891193707427492,9.758795448792576,-0.8916533868292522,0.1974254720347119,-1.1366730335752957,-0.00015974823059721616,-3.185209126956213,-1.7038390349667534
226854,0.53810334,0.24782568,0.04,0.005058857517455529,0.04316758744463516,248.92888040154156,W,16124.799063497201,515.3251539580631,149.98320474576025,mastercard,101.52689186729992,credit,202.44135781199932,86.48742271861282,2.3915076577698073,1.5586191078955238,0.2370863996603525,0.00044465037083059235,-0.012950177624539094,-0.09213244245466523,1.1087553039647222,0.021957175447578248,0.2505002180587743,1.0440129145120363,-0.25274387295234657,0.4973803014963085,-0.6376516058655435,0.9011954150564208,1.23657987855447,16.11426599413326,-989.5592762140644,-1001.2776896216627,-25.25962478167105,-13.480539360260243,-1004.691622359831,-1008.6985683727441,-1001.1093192702261,13.432499655544849,-7.381505415498215,-1009.0456168443942,-1000.4416736933977,-1000.0917050418034,-7.901044301796251,T,T,T,M0,F,-999,F,F,T,-995.6791488752327,55.710351147310575,-1000.9690927758008,-999.3324049836056,-998.812636394143,-998.1472277689563,-1000.3475603300697,-997.8799832601989,-1000.4810915611824,-999,-1000.2137281206145,-999.3383582607659,-999,-999,-996.8128007300934,-998.9288272351183,-1000.2650895741052,-998.7323682140735,-999,-999,-999.224148091376,-999,-999,-999,-999,-999,-999,yahoo,com,nan,,nan,-997.6718156233032,-992.6086641403682,nan,nan,4.005608987517854,0.9506720208983133,1.9898022233749835,-7.510613019443554,0.23758052511234992,-0.5781556079495813,0.20546877184621204,-0.180782016983172,2.1968875774819026,-0.12868931822783358,1.3217392270760255,-0.23663417226089967
372768,0.99056315,0.4274382,0.16,0.04640734643340897,0.31912583645102355,31.263465459247556,C,5180.65048959487,161.88713426166925,184.90707213241626,mastercard,223.6214948773129,credit,-994.2913002983751,-1022.6470045908729,-988.0401271390069,3.07167315908265,1.260674595450709,0.0020406220145351584,3.727428920330068,0.18542130479303243,-0.7450636626053324,-1.91437485962219,-2.8590605571141143,0.17845881094508442,13.786322453102514,7.372636610835516,1.521869901836788,3.7204111769276835,0.44775745120841925,72.54842599527414,-1067.4124790419023,-979.4688118517597,-0.5104547038186152,93.81380829154322,58.357747499913074,-1265.735588366319,-1000.2044645573279,44.918769553651146,-1044.9073993633197,72.35896182067617,135.76660692169023,442.44575011301373,-31.390261705000984,-999,-999,-999,M2,-999,-999,-999,-999,-999,-3.39226812692732,203792.29034464638,-999.9979841524425,-1000.3680574159821,6.034353937018182,-12.990768634576511,-996.6711627014776,-982.9081000547808,129.10847515149987,NotFound,26.847838793361348,-989.0203207180245,New,NotFound,243.35021549737246,15.657179123448714,542.0491797897329,494.66050506370914,New,NotFound,-989.6592678906748,-999,F,F,T,F,mobile,hotmail,com,hotmail,com,nan,-976.2392653888339,-979.5360384379451,chrome,samsung-j700m,1.034930725472519,18.48682889388431,2.9737097588309855,9.495974297045205,-2.682913869135102,15.893090783944293,-0.563793243196286,-0.10009818554320943,-2.1378419242322217,0.12496985563099604,0.6435505796158686,-0.48552224839769786
509005,0.673738,0.36848512,0.01,0.0025521382703821843,0.020189099860643985,250.2367662265699,R,7473.434606558645,398.6979350698325,149.99948867828627,american express,101.9888919659037,credit,309.9224130968952,88.82805991613955,-998.2100638674954,1.0988782620148054,0.9802472074525621,8.148220718438761e-05,0.8429122711863739,-0.008970548882970775,1.0333061871070246,0.08725062651393367,1.2241590425729276,0.04645187101835013,1.3119282973689064,1.008725902375458,0.08771188163336419,-0.2740852128633975,0.06378805636902918,-2.4791301637046916,-1005.3239215134603,-1003.0231285463123,-1000.6444789817764,-999.0398508701962,-1002.9067441518362,-999.3751418842359,-1001.7132849131611,-992.9916048814476,-992.9243923912878,-999.957334867269,-1001.758963118848,-4.739266564080414,-1006.2515211313773,-999,-999,-999,-999,-999,-999,-999,-999,-999,-6.9722005072391084,144756.7779507573,-999.699269939568,-998.4016401316447,14.866159053823822,-38.29128082210866,-998.7302767364633,-998.6602650106043,100.07236223609243,NotFound,51.0314212882073,-300.27913083256783,New,NotFound,166.89702845672116,15.398326040670895,522.0756330467747,224.33265879932082,New,NotFound,24.052683737242774,match_status:2,T,F,T,T,desktop,cox,net,cox,net,Windows,1369.1286134230686,767.3836657934335,edge,windows,5.9992238057984135,22.02979114852538,5.010222929151403,31.16361968674711,-1.193817998952038,-5.414578927729129,1.1616808727917984,0.08669048459690645,0.9777195846017809,-0.11729201573298974,-0.19838385051040888,-0.5385726128344059
399321,0.96115047,0.22402117,0.14,0.03356392623053241,0.24985865324544418,148.5909584808282,R,13991.684985337077,583.317569947231,152.36563721791913,visa,228.59578349304144,credit,300.6184690886177,74.1799745025644,-1011.024985200398,-2.4526962575002997,2.920818564753226,0.00079462370876799,0.15405002629400721,1.0337863377592624,2.015552824646159,2.741125837215919,2.9749749402441923,-0.7507542810735037,5.577288684374876,0.21846051736272365,2.8446502143802848,0.48437503163070517,1.6731713365799745,85.93791300770495,-1001.5017167933379,-1048.483088553001,-1056.646919475233,-965.8630465676556,-1017.811237943271,-17.605992326365765,-23.34882555404531,-1043.4111656344764,-1014.3759319273972,-961.4477111683943,-1019.8416682228841,-936.7522106882263,-998.3454564676625,-999,-999,-999,-999,-999,-999,-999,-999,-999,-7.715916085790695,388661.1025680776,-9.612926357554215,-15.250487079606387,19.72024231454725,3.479085474579165,-7.083245238516838,12.162880982477077,105.07932601496816,NotFound,48.446227881862455,-485.5386539270438,Found,Found,162.24118386508394,-1002.8480489949708,293.8231904798563,342.00673105545195,Found,Found,16.66002437399925,match_status:2,T,F,T,T,desktop,gmail,com,yahoo,com,Windows,1392.3026274259519,762.0990543005655,edge,windows,2.9414976579837036,16.62730139816002,2.902780669774151,31.475546678303385,-1.0372479922668323,-5.110747200830863,1.0210719077131434,-0.06871370427820436,0.9618833150236997,-0.06597364379883354,0.11899185199209472,0.2063235544133168
174255,0.9574561,0.3960485,0.03,0.004056900182200707,0.03180328270975241,81.87296403166582,W,2929.7832459517513,109.36611911285453,149.93317840574278,mastercard,101.59469359324747,credit,205.22713701882284,88.88558950847512,-998.1334568014497,2.4985478585540903,1.916128687691895,0.0003247539184227117,0.050959921096609406,0.06327298317527408,4.987948389684627,-0.1474948052896723,0.5221921480937128,3.910037864136595,0.28380322465285435,2.312832746560428,0.03302969119659949,27.305229394076978,1.879034212497583,183.29978067642296,176.06544622585943,0.45668251998617987,-2.2849285043958263,5.46294955066268,-996.0876257420279,-983.7253827012714,-1002.2941595336359,505.95712915196776,-1010.1348951115291,-999.49003269967,-993.3465270738824,-1014.9726083829587,511.54986361326206,-999,-999,-999,M0,F,T,-999,-999,-999,-1000.7119509334766,-1092.8768444687012,-1000.2947453171688,-997.9971440326174,-999.17775809005,-999.6224263714365,-996.9310273220754,-999.0051974984528,-997.8538378400663,-999,-999.0336907114231,-1000.149237344807,-999,-999,-998.0019861602591,-999.7397895975001,-999.9414169924843,-997.2489571264966,-999,-999,-998.7949612283448,-999,-999,-999,-999,-999,-999,gmail,com,nan,,nan,-1005.5946751474729,-1004.668477062875,nan,nan,6.005871756265298,14.025663147971947,1.001318490796165,-6.542083679286659,1.2383291783936714,0.42094733410808577,-0.27665183002094745,0.6060370524902455,0.37842873235547403,-0.7587247161145025,-4.101854991069949,2.182702019565879
378235,0.98645705,0.40737858,0.15000000000000002,0.03954065143898942,0.2778824231463146,257.4399775310581,S,9161.29227390126,334.11595481488405,150.41226382555251,visa,227.47550959879413,debit,198.21773092821888,111.40315681070379,-1005.8757342848447,-1.1580456303059066,2.4931493765002966,-0.0021687523265615976,-1.484048226704071,0.13311744074679854,1.5100810914249845,0.39977136918709943,-5.536457412517663,0.49524550874749185,2.214797747042553,0.7243297500643244,2.476238672691948,-3.938533128952713,1.838593312474818,81.53985230998487,-906.3183551048611,-963.8629367316529,-1031.9375877668115,-1016.2998921950258,-1073.4829010223511,93.2933316293457,38.892681078884536,-999.9278670431933,-1064.5278360915934,-980.0121662628706,-854.893798194444,-982.2958330709075,-1022.6104256478898,-999,-999,-999,-999,-999,-999,-999,-999,-999,17.859925969297592,-660.0088884575234,10.892334880165322,2.930037435838244,31.427001754453954,29.96220858160143,17.002907729278263,12.754313305650157,101.86488701017777,NotFound,-1006.4870938491314,-306.2123313786825,Found,Found,150.67538077740608,13.928154017458041,337.6075195397251,544.47989767777,Found,Found,11.185432464066366,match_status:2,T,F,T,T,mobile,nan,,gmail,com,Android,837.288654433837,492.3931132049827,chrome,nan,3.0701258234193576,14.710984146358884,3.0280398844313097,31.434792310552247,-1.1296231838035249,-5.248856909242533,1.0599257688178252,0.010831934267352357,0.9981400981141864,-0.07878240901353223,0.037915193084537384,-0.010741210882621241
120153,0.94417024,0.38914073,0.04,0.005058857517455529,0.03743692472508594,64.97635039072011,C,15242.226679622152,373.31746948428594,184.90163316279177,mastercard,224.04655366943825,debit,-997.4327519900794,-998.5387986577389,-1000.5848748026635,1.4429624013764233,-0.4205872996428006,0.0002505672559274348,-0.030249977675762096,-0.08644613486317976,0.5535409997780416,0.684022702704429,1.7209887574081888,-0.12689563196359277,1.0346283530822458,1.0424666295027407,1.3262886220074894,0.24440382826706042,-0.16786751386212018,1.3974754225955175,-1008.8007542382717,-986.0380361583075,3.438413141519788,-12.890230988958235,-3.1666392078654675,-1002.0145558299997,-1003.98465128815,3.0200073930800824,-999.9782582771307,5.379004979653306,18.6825762863163,5.643059972365681,5.820998101271361,-999,-999,-999,M2,-999,-999,-999,-999,-999,-20.935861289966965,106294.6469041054,-1000.0428450043615,-999.9472194882495,3.9699839905144927,-12.88996795098933,-1001.1291043711751,-998.2262534337431,98.82675788454378,NotFound,50.42270140924859,-1000.0419393409003,Unknown,-999,222.74721197419808,16.65564795590069,388.01379084034613,503.2874274592483,New,NotFound,-997.2867601560666,-999,F,F,F,T,mobile,gmail,com,gmail,com,nan,-1003.3924050337009,-998.4105649958234,mobile,nan,2.9913573863669933,16.991397335135908,12.010716759018301,9.53979341730224,-2.5901412663198675,15.89323025352593,-0.5447698266716157,-0.12811769419198032,-2.176281007793996,0.13424284205263162,0.6098198006360959,-0.40828091226479035
127431,0.9803382,0.40793455,0.09999999999999999,0.01672075323499393,0.1792951537531769,58.356708209998814,W,2934.969952057818,111.00504673857802,151.69673675398664,mastercard,105.70642555268675,credit,213.29179486471412,92.39988486595442,-1017.7497633232383,-4.837400073832203,8.741182231589377,-0.0003355169398162371,0.16049357526471297,-0.1344945846150205,2.164810559821305,0.8797156981175331,0.33138537851883676,3.2146048273115815,2.6937456680080536,2.584037268704159,3.500472266747915,26.698776773960937,1.4996360143541505,126.92874963772475,225.08057482085013,3.153363809374294,555.8871063802502,43.20141831581018,-983.5387445338932,-983.0291239821686,-1001.3982100029821,41.02704324760787,-1052.8943143779766,-986.9344850835449,-1004.0491747583885,-928.6131439682065,53.581630315105684,-999,-999,-999,M0,F,F,-999,-999,-999,-997.7768737866003,20.79231550786062,-1001.4041495115853,-1001.4797581760406,-1012.4616462721058,-1019.0914320607181,-998.4071636507174,-1006.316759277852,-996.1834987150824,-999,-1001.7096632109268,-995.7917015051399,-999,-999,-991.8226206006121,-997.9861724124477,-1009.7348631443401,-965.5345123325937,-999,-999,-994.2423669341376,-999,-999,-999,-999,-999,-999,gmail,com,nan,,nan,-1003.0677402341664,-983.9112017667205,nan,nan,4.966782402262314,16.787983907484772,11.867804763732678,-6.582716424506995,0.8406587953229883,0.4232743057265211,-0.05033456603220269,0.6600571578032859,0.35716905046993097,-0.7142017249590382,-4.064709648825192,2.2749706103497833
415466,0.9914522,0.3565479,0.14,0.03356392623053241,0.3054307581813789,22.210714176021,C,2262.2239884486507,539.3771622414548,193.24279941801552,visa,221.77886266245028,credit,-1003.9549901589453,-1007.4046871966204,-994.8332214733457,6.479948873089876,5.6671668239030275,-0.004260137769364258,3.8059209791445863,-0.5117896118970133,5.07767887265011,1.4477889804073594,3.5436131311173455,-0.9329656726864055,0.06715796508813021,6.362787522942556,5.1170843125640255,4.681929910201642,4.915038621948114,-41.43202629497446,-1098.527225932392,-1018.4277966029196,-43.93445915170423,45.82365930799571,-79.86561417013769,149.32336110964513,-30.200319066427777,-125.31850457032019,-1072.6918170184376,58.88976866011935,-15.771118345148286,-122.97223306766321,-25.24543381054454,-999,-999,-999,M2,-999,-999,-999,-999,-999,-40.28787723484504,230607.33443822956,-992.562628755446,-1005.52431615024,0.6286562973509717,6.88346324069812,-15.32803045706271,7.776958029062939,103.15130343102635,NotFound,38.080917752166215,-1003.5330730966122,New,NotFound,192.16565029976493,-998.3894467363465,419.7521859387426,531.0687022240396,Found,Found,-1000.2616754834796,-999,F,F,T,F,desktop,gmail,com,gmail,com,nan,-1037.748691234782,-953.194120804045,chrome,nan,0.9985012345641731,18.799888499746846,3.868856013233743,9.64302914343627,-2.6260848163154416,16.009846170808256,-0.6308405979473362,-0.09927391500003667,-2.1424663409998916,0.1790773761546576,0.5912998653877606,-0.4382760377970068
491548,0.9972459,0.40960512,0.24000000000000002,0.1486439774738485,1.2178603016561556,48.01564554761883,C,3378.751990056212,303.60280509481913,190.9098274758707,visa,86.48580830709203,debit,-1032.8379296804367,-895.5248253763793,-1026.4344867624945,33.07656761842222,67.05317789014786,-0.04017912839164383,5.285040338565807,-4.796835015683822,12.75406107678828,8.54692496304419,38.5088188257409,-2.074133574940131,21.032799278888984,36.10641109531568,12.113504179761208,41.67179941738082,-8.169251357417169,-214.6302740165019,-790.5984577118983,138.92029131164043,163.6885681530189,248.7536912266649,-15.456300656192543,-1050.0985767700743,-805.7694132576413,473.8590463779258,-1271.0887537462834,-291.4774283357493,283.99445338425227,-1374.1909087462498,393.20616009512344,-999,-999,-999,M2,-999,-999,-999,-999,-999,13.538347571443978,136108.3096405071,-982.9512406512541,-1015.9637352117356,-992.1658012013379,-976.3518458822746,-958.7980557722396,-1007.8809532233818,75.06781271330044,NotFound,80.75177244274084,-1013.3336993200917,New,NotFound,-896.4959057256311,-1006.6947050153216,-887.8798188297358,-1101.404786889005,New,NotFound,-969.1015844059364,-999,F,F,T,F,mobile,gmail,com,gmail,com,nan,-1004.0260087896166,-972.7103515745721,chrome,zte,1.0048128832052123,15.245462040257012,4.602334051551211,0.15577925580949956,-0.6968461659737681,7.209522280515071,-1.0939841958276235,0.13860499218070416,-0.7301178174874725,-0.6972894937008801,-3.5151336275771636,-0.9948879994113637
19613,0.92719865,0.4551922,0.05,0.006265852597583031,0.05138190871696146,249.87124589704348,W,2401.2240385407367,319.5740039494769,150.3739445438372,visa,225.30632634623225,credit,160.19959564291486,89.71906874896406,-1000.5568927697084,0.6495547878700307,0.10420076303175918,0.0006725089580656143,-0.6045013267926658,-0.22154811464871926,0.5301343850126923,0.6212965674357482,0.5157778085306646,1.0109205885421608,-0.3991256748120522,0.1951987905160415,-0.6830192532356154,7.643114825527633,0.8352422977755456,19.116596713365134,3.503016221970307,22.8491168127516,12.650162890301205,-5.304961949350285,-1003.5011773116423,-1004.324129361213,-996.0104526282724,15.881250184315562,-1005.1828379285018,-1014.9014190229493,-1006.0292405510417,-998.9199215831518,17.548333095100485,-999,-999,-999,M0,T,T,-999,-999,-999,-999.747814638647,-1113.8087927720917,-998.6128955847914,-999.7911634768434,-997.0943339715633,-999.6737180170343,-1001.3836882688183,-996.2935732082977,-999.2844975060734,-999,-994.2059759148918,-997.147593180914,-999,-999,-993.3421591193071,-998.5622112754206,-997.7283495239101,-995.7891117021697,-999,-999,-997.5693123299827,-999,-999,-999,-999,-999,-999,hotmail,com,nan,,nan,-993.4114956353103,-1012.4370673689868,nan,nan,2.0046479347475508,22.98374496148056,12.009501963976037,-6.690475879146515,3.6745065624871294,0.469207157137291,-1.0218006069402144,0.27502557331061533,0.920593379014115,3.501502536946762,-4.250567637043799,4.671539886173703
539384,0.88160664,0.47583443,0.05,0.006265852597583031,0.051175344537022334,145.4803609792595,W,10641.971701878178,513.0014819938826,149.92286988513837,mastercard,222.68706229699396,debit,299.2060877430895,87.52483360782773,4.5380284965905275,2.2095875518137937,5.8696560958797726,0.0007516816869350207,-0.652891754070799,0.925835068842237,4.218636483728669,0.0389274019382988,-0.7013286599631687,1.9601388858047115,0.4200992964087371,3.43060293461515,0.1513165002773489,29.897518369771646,3.2585394755719186,109.50745096429674,115.71933697143774,6.7500388254236645,100.04868240966,-12.934626508175636,-1016.2722749603565,-999.2660566312496,-984.749325808761,61.82928505290291,122.15283437197868,-1020.0132013477041,-993.7089723473437,-982.0735132967246,118.22918471857318,T,T,F,M1,T,F,F,F,T,-998.0218741817903,689.7806022203076,-1000.7944029623648,-1000.242626044554,-999.7051090997984,-999.1057511502886,-999.2108406314269,-997.8542877146298,-1000.0942002791191,-999,-994.1527094170432,-999.2894876010811,-999,-999,-1000.9587330645206,-1001.1726888867292,-992.67201572765,-1001.9767355730439,-999,-999,-995.2104886817314,-999,-999,-999,-999,-999,-999,yahoo,com,nan,,nan,-999.0718232094146,-1002.5159108771193,nan,nan,3.013363337195109,17.018957481830125,5.025721476511739,-7.613552954936133,1.3875021240978387,-0.5948607256320287,-0.13244150917071043,0.40878801485751126,2.2857304411760166,0.5245091000839259,1.7592578521361706,1.4265226471417836
577608,0.9885196,0.08123902,0.17,0.05427181375432048,0.41491412814467216,4.162555739059357,C,16241.738361271002,336.0183399672885,188.18949323663725,visa,227.0531822682839,credit,-1012.9953959246866,-1011.8214146478866,-1026.7378663096702,27.78264030520397,40.99487744209,0.004924237290643542,14.876970685123588,-0.535919710969762,6.603431259496572,7.662055072819037,4.143447119755865,0.512905877883191,-9.23092344079667,-2.094058295319,7.282919434571323,1.1899031252651469,3.5863395953759953,169.43930249821264,-939.6147646122387,-925.6143551243964,-102.0882660582012,-1119.2902993884536,168.24796674823412,254.59702585814446,13.895520024385343,152.01514901467664,-997.3733981896256,-24.10183260009149,74.54406724368268,40.684576127595065,-57.32286132110664,-999,-999,-999,M0,-999,-999,-999,-999,-999,11.133159268351392,250230.26627094403,-13.576598705563583,-15.268836025207065,23.862386509818975,-10.512420927911535,-6.331218986851468,6.0012904387332355,101.83890626351331,NotFound,53.24701559188793,-1004.62042209748,Found,Found,237.2132844649434,-1006.3832346776053,449.16548228441513,548.280807090685,Found,Found,-1002.2128121339168,-999,F,F,T,F,desktop,anonymous,com,anonymous,com,nan,-898.9847545319094,-957.7790734841633,chrome,windows,3.19452589782479,22.830154834645246,4.826126547033336,9.55778631574336,-2.674866942901205,15.89474621847223,-0.6165937291848113,-0.18965385507455823,-2.1236155022752037,0.09561944747911497,0.5638212662887977,-0.5772064795895221
240963,0.7457194,0.46629417,0.01,0.0025521382703821843,0.019703982374892428,67.13484766556608,C,5836.368761324366,407.8461471979,185.16921917587558,mastercard,223.84618217700535,debit,-999.2348472662125,-998.7700208771118,-999.0929040391541,0.8293049467577092,0.3597465977852785,0.00021165450470687214,0.7711296941350341,0.07841541548084052,1.2176091455901323,0.9304498384885662,1.243388342814919,-0.07096907292100152,0.3722522397797823,1.546171499970816,0.8759481117939472,-0.03408585066087966,0.06547628411185435,-0.2158232967266444,-998.9256870472504,-998.9392533495355,1.122328364681359,-1007.5398244132057,8.149772718328359,55.216577019996336,2.0214626655061108,-0.013256879181699406,-1002.164912286362,0.4305596505581355,3.1643440502135167,141.61369204686082,1.6691974102075458,-999,-999,-999,M2,-999,-999,-999,-999,-999,-18.676469669157655,108756.47929746487,-1.147611279914372,0.644455648949247,1.4030157500980067,0.836149415953173,-0.656936585648964,-0.53637383874036,99.64578589843666,NotFound,48.443523205871315,-999.408226803718,Found,Found,226.07259538106734,-998.4938916937588,290.17696524198175,401.1997385227172,Found,Found,-998.314141516832,-999,F,F,T,F,mobile,live,com.mx,live,com.mx,nan,-996.4018932154813,-999.4286530895432,chrome,htc,1.0007401802850202,4.011464250386698,2.0000781988125147,9.511922680507276,-2.6790646817395345,15.844745372427472,-0.5698679290592021,-0.10929608539759791,-2.167084779258219,0.13088510643129106,0.5221985267297511,-0.631571730048192
397154,0.9795226,0.13795662,0.18000000000000002,0.06325205919758363,0.5109025314377522,219.04458620478465,W,9457.780909136525,190.34076804155728,149.47918965753738,visa,231.16427451749706,credit,225.0196113458166,86.03974283910507,55.16344298122283,19.160390225246967,0.9357600323420794,-0.011024962538771225,-3.4726561762378463,0.9913756967093867,6.117002769289774,-0.2993680505251195,-1.791834705407978,11.411024864612978,14.396753417612047,21.04980013973807,-1.2042823576394275,108.89592916087864,10.635048061793505,190.66127351053652,104.86651516372636,-80.08038755242305,429.9176149203722,63.77562529505016,-1158.407067660265,-1101.8308757646641,-1004.7473796843349,484.8155050640883,87.37576951929691,-992.963079374471,-1096.46816273607,-1146.2017382100792,122.07006690104464,T,T,F,M0,T,T,F,F,T,-939.2400608441395,2361.0962973338683,-985.890001177407,-957.6751241548102,-1019.1830802466665,-959.527405985302,-1016.213757952093,-1012.9836426283638,-964.2958569762002,-999,-1012.6452663153717,-1001.2607759686655,-999,-999,-964.6954165815989,-1017.1059223016813,-1051.6551918187283,-1021.512221187996,-999,-999,-1034.0663525046361,-999,-999,-999,-999,-999,-999,yahoo,com,nan,,nan,-1001.4322337908718,-993.184111555433,nan,nan,1.7588198930021086,22.575854290653176,2.876334338907599,-7.555079117424698,3.6173017222148465,-0.43368269757994893,-1.0256094784945513,0.7436922576117244,2.4316719796650874,1.3153232767424825,3.1823658293336097,6.093566611573381
230114,0.76691604,0.32256705,0.01,0.0025521382703821843,0.01791034678548568,58.96038470961761,W,9497.799212978067,320.9072011942693,150.08753518949058,visa,225.97090614842574,debit,336.8672781939464,86.2148142924663,76.00724140610339,0.6282855655770554,0.8757689376823379,-3.270803600604992e-05,0.3676318686916842,0.017726980935962366,0.8436115543830702,-0.07898393736757559,0.10828919117006741,1.0452319752103332,0.052200012241358174,1.34390092791382,1.0222081862529349,1.3175626370430962,0.8733203842078536,-2.326449700191066,3.8963013239960897,0.9923524892158583,-6.185494492332347,0.6886494191468631,-1000.6159421806938,-1001.6167863503978,-1001.6839036473541,-1.7075939698425866,-3.12004240828899,-1006.1730451007726,-1000.0666127981029,-997.1729914029378,-0.9352217569888668,T,T,T,M0,F,F,-999,-999,-999,-998.4624575585706,-690.1866965378213,-999.1720548622973,-999.4502421878963,-998.1307809103959,-998.7738278856284,-999.9246107404053,-999.6020308239029,-999.5246264582263,-999,-997.0583165810032,-999.9577925645629,-999,-999,-999.340324379888,-999.0290202463984,-1000.698253835192,-999.410847026176,-999,-999,-997.6818823595751,-999,-999,-999,-999,-999,-999,gmail,com,nan,,nan,-999.3547166414513,-997.8478158998281,nan,nan,4.0019243440273655,21.995112177586606,2.015476503745481,-7.5285130479616695,0.27589171141638896,-0.5677850680757403,0.21301825567667873,0.304230843150329,2.267852461273183,0.2847322295968604,1.2147653149914943,-0.2840514770764265
543512,0.9629042,0.43633115,0.05,0.006265852597583031,0.050358086262644625,9.316094874574958,S,14395.023512487973,479.30370769861156,149.71665019888113,mastercard,224.07704440903154,credit,328.5240503708974,83.65833567190008,-993.7949293556335,2.846350095769033,2.127722159931295,0.000194879181181668,0.7478819160812931,-0.008130430936231114,-0.26783251758456394,-0.0647848830491573,4.815903868239157,0.003341102479257785,5.121622075179556,0.984213319734744,-0.54186375332272,8.874433658288343,2.7800271948335835,3.8990673845267905,13.337869932716382,-1001.2281010243489,-1010.7287711992032,-996.0638716945662,-1004.7441738213572,-1.0165531880690541,-3.6736965961673866,-996.8851412670376,-993.5625775972442,-990.0295736028962,-994.1082029966695,-979.5719204941008,-1012.5014980896732,-999,-999,-999,-999,-999,-999,-999,-999,-999,-6.7879290561569405,41657.016451380885,0.5529937178230284,-2.549898045374107,8.237630746097125,-103.09433436522409,-1.700732438455475,0.8777205756127842,104.31074716368016,Found,26.110917744695485,-300.8527403617164,Found,Found,162.12143416188542,15.33978850061294,126.88297863495347,254.1872168233091,Found,Found,33.776469181620314,match_status:2,T,F,F,T,mobile,nan,,gmail,com,iOS,2214.683216761454,1252.8248021179436,chrome,ios,3.999557889379232,23.03039437036673,5.007393543053968,31.169407763897443,-1.0518137276108859,-5.383299843533645,1.1566046591384984,0.3541608385502086,0.9955773742809765,0.04508846708486492,-0.19251411204725047,-0.4369738278487291
223401,0.8740242,0.24275689,0.14,0.03356392623053241,0.27587654110144694,454.26495067070545,H,16254.014583873733,515.0477002215666,149.17083369867552,mastercard,96.72132827182052,credit,311.35811581671305,107.92583200539408,-985.9608813551016,2.9755067918024523,-4.911804463045122,-0.005632159959446573,0.9781092873092057,2.043207427462482,-2.4101724121337345,-0.3595067755865897,0.15485058249487071,-0.1876757681150094,-4.375266655354401,-2.804498404039448,1.8203826406237331,3.3424261215152846,1.048647042624384,-44.26978973916392,-1071.075638534611,-936.9006051193534,-949.017870212542,-984.2238738281192,-1006.0230219663349,-1063.9863649035365,-972.1803094017674,-927.4244742079084,-966.761529133867,-894.0015939827298,-850.2653141899191,-1035.839373746704,-1012.3660384383651,-999,-999,-999,-999,-999,-999,-999,-999,-999,8.248797272315414,223927.545523868,-994.5846979841585,-997.6504434180601,3.306969580512373,3.6311927218231403,-1016.2681484348338,-995.2737243077947,114.97775209012514,Found,63.529481167030326,-481.76501189666754,New,NotFound,189.96301248581165,-990.2716026558993,384.8676199451123,538.4702133556005,New,NotFound,29.225805880345774,match_status:2,T,F,T,T,desktop,optonline,net,optonline,net,Windows,1924.5931402626597,1077.9403784838291,chrome,windows,2.144762803336431,23.044169769918664,1.072199456798077,31.389319775418603,-0.7198478129203083,-5.315335193621739,0.9856817021191289,0.01596244513965356,1.128002987529447,-0.03695726634098994,0.3405424480237166,0.7042954479101057
556716,0.8441546,0.47540292,0.06999999999999999,0.009434629620313228,0.08116146204389099,106.79613394732287,W,9506.488450016455,317.9592896280834,150.01584340156862,visa,227.39508328598268,debit,234.28943107685234,87.62889992181364,-994.3582498509849,-0.15497412711381386,-1.34098929593074,-0.0028121036536598943,-0.7653914950061518,-0.005658171862951811,-1.1567153387704074,0.677641486598783,-0.5140436048905936,0.7953715481586539,0.05608036667964278,0.13211147027785763,1.913054379996289,1.6245292380014789,-0.08677778411871984,-15.482954544891957,-21.265237199292347,-7.222434339093235,-984.1369451617105,-1018.7502375501363,-976.8517002510413,-1034.5214001109862,-1010.6715274396079,-17.81849140243106,1.7954993736038931,-983.6183425586694,-990.4296490852403,-995.7598046581886,-28.173970175372602,T,T,T,M0,F,F,F,F,T,-1007.8667519288922,1475.2878829208275,-998.7612103759931,-999.1355712217534,-995.0145988346967,-998.5658152904542,-1000.7017623278484,-1003.2972131638003,-996.2965013043173,-999,-1000.5561489364177,-998.3594889611788,-999,-999,-999.3360969982093,-994.7846437302351,-1003.5635010791582,-997.6653652589349,-999,-999,-996.9817984690278,-999,-999,-999,-999,-999,-999,nan,,nan,,nan,-988.5864900188561,-999.7098977080539,nan,nan,1.9844774827377825,18.00535975161599,5.02658489254216,-5.881247886658975,1.0680875706044664,-4.134970315575459,0.26820162479926984,0.5351509969520835,-5.303723427399281,2.2262324300687766,3.8657274599905054,-0.1602603610248273
162827,0.97548735,0.4943667,0.21000000000000002,0.0982356594956918,0.8367163935119749,80.87141700616448,C,3068.879303120608,373.7487168544302,189.11020090381407,mastercard,237.93665331885435,debit,-1060.4917460212655,-959.4484259390659,-964.8273126155709,32.2550704913113,-18.530802352484013,0.02557312017079266,6.870806416400349,-0.8967853684635774,0.48184976823015724,1.7047832664024296,-7.722959824522892,-0.7007399750796894,1.5691282661924202,4.745273280510769,8.153893046950387,3.5533241164035516,6.452601583534216,-201.7674704466263,-726.8350095809824,-1076.4645193507547,-1235.3458920636274,-1170.3473931723306,-1021.4890459242625,-49.19415239602808,-72.39480956109513,48.969276541444586,-1045.0300933194683,98.09619997957027,-1146.2452613975336,-349.82101134018626,-107.42412934214369,-999,-999,-999,M2,-999,-999,-999,-999,-999,-117.78796835122853,94995.45340173639,14.928130306974026,-18.44819908334989,6.985615487059931,-22.213602410618364,69.33477945964785,-67.6989535614207,89.89134251011967,NotFound,-6.812633938792715,-987.829560935286,Found,Found,120.54978618572738,-1009.4334552587284,250.61650642864322,297.1263521386196,Found,Found,-1005.4553420421106,-999,F,F,T,T,desktop,nan,,nan,,nan,-831.2586687450749,-982.3977218261552,chrome,nan,2.1753367654600386,19.45757663481762,1.3668575193564667,11.461468550487384,-2.085939892063853,12.598100639462782,-0.7379628690208745,0.11767044250231087,-9.876547179241575,1.6717893493886804,3.6041382662951307,-0.3819723084145644
226482,0.99010545,0.07724714,0.15000000000000002,0.03954065143898942,0.3189638212787027,39.374665599021895,C,2119.241984020304,560.0403422323616,186.17035348358868,visa,227.8715090349399,credit,-1000.5322641607477,-984.3900417340192,-987.3297871172958,1.8123807428592755,3.963113048883846,0.0016783837791441653,0.28613503002279517,-0.20466401229572906,3.095650947270422,1.6270305117195625,-3.8948488419758043,1.8632619061589089,-3.562004266955305,-4.793858361420895,2.4352654899289403,4.174814025709356,0.9814632190427339,36.79397707065381,-1018.9716702939994,-1040.0613748301332,67.67155284105411,-130.21138699803097,161.79460550150077,-24.125385344691054,-38.754856652733345,31.789479447534358,-947.2220827464179,-27.87654202198916,46.509403262170665,485.8094246672522,-175.80599038568917,-999,-999,-999,M2,-999,-999,-999,-999,-999,-104.89908542037006,370467.00086749025,-1.3657180662613655,13.157661430744042,-21.947476530208746,-10.575745538792376,-8.296107086791494,8.082951957414252,84.86060070959616,NotFound,58.409331957640916,-1008.6843672590227,Found,Found,216.85774570281683,17.85929296864913,335.15470283760123,533.1473449187578,Found,Found,-994.6384342778006,-999,F,F,T,F,mobile,gmail,com,gmail,com,nan,-1001.719985734983,-966.3651152864938,chrome,motorolao,3.939389231893592,-0.38430823739810016,2.108710396438974,9.58924371465556,-2.4983335869351073,15.995543672128589,-0.4554211162497298,-0.14527797761058628,-2.185395934201988,0.12693271157516411,0.5768825208831388,-0.5658263218883541
253237,0.98959583,0.09086709,0.17,0.05427181375432048,0.48410178662339287,96.10610776405058,S,5655.6520293515,155.14847510539994,148.30567338867164,mastercard,106.79048198026231,credit,164.42725317143473,80.33487848059443,-940.5379281601859,-6.284074452032886,8.38324362790118,0.0008429180393399486,1.6424394691395046,0.3694540669525468,-6.333028844150732,1.1043300417060067,2.1953638084636538,-0.9834184814892373,8.443633239164807,-8.54411046093758,9.057274421427728,2.701585747677779,6.578252786193183,66.76846405306138,22.540797330971056,-1069.90353612904,-993.7447826528759,-1065.5598091250126,-945.1062023486419,-142.01502720705918,-14.702688250188068,65.63319849960402,-1075.283280854085,-1038.6028616585918,-1229.6762928363692,-1076.856196909491,191.55688267816123,-999,-999,-999,-999,-999,-999,-999,-999,-999,-18.60083353960954,136443.96370004347,3.3212858457858374,-19.259048289977272,-0.6979594167274854,-29.580430691408765,43.836761356146894,-14.861374211365614,87.25176402311138,Found,-1021.2980870232734,-301.91116791925856,Found,Found,189.56096576313314,-991.3401520036172,516.2829980477219,309.86552219354303,Found,Found,9.160897998536825,match_status:2,T,F,T,T,mobile,nan,,aol,com,Android,1356.8200375718407,687.7618045118459,chrome,nan,4.983421213584666,6.887000833683286,1.864290157267769,24.537122687845876,1.79948030347216,3.1079862146584087,-0.30176848879866797,1.4086355242765805,0.16747100049336144,4.99366233272846,4.212483569069792,3.3025153775998994
339064,0.9982622,0.25199762,0.23,0.12982628505779303,1.1146888644094115,31.704583432820357,C,6793.7073308696845,479.4896021446081,179.3184497750977,mastercard,255.8287274192274,debit,-927.793938581435,-1024.8148105499713,-999.5585183322344,63.37450478422733,83.68893188195872,0.0014617500513747711,4.664949707269676,-1.815222542680127,4.13815069726728,22.596611453045504,34.88731506873021,-5.151098860604061,5.232961028415035,14.475361833160957,30.889096116597848,31.132357350390556,3.017142124822394,-272.31712858326995,-1022.458212301982,-1396.4114799873958,-935.2898949689247,-1562.3099134186732,-1104.6675061586386,447.3459488174907,-59.23735005260078,206.69096316614718,-876.3897724786603,-1136.6997055206564,380.4203546221806,99.58803957874792,-996.4127674909593,-999,-999,-999,-999,-999,-999,-999,-999,-999,-5.495011989320801,354110.3904761763,-4.605158279432203,19.52874841047492,-4.093236769653004,-39.35222206430194,29.46275767326881,-39.39948418453878,101.29677045810024,NotFound,129.32535238355922,-986.6195877497904,Found,Found,84.03334429915844,-972.3647485055297,262.21039974563814,405.1422289882754,Found,Found,-1001.335889324535,-999,F,F,T,F,mobile,nan,,nan,,nan,-984.9501499139594,-946.8805648181042,chrome,htc,3.380295754727684,6.837458199374345,2.8250013863872754,14.628675018013793,-1.5012441815056106,8.51799264401713,-0.30068761988791626,0.3803616699306484,-11.207635842310625,0.5440933151761123,0.27212267100567167,-1.1007891453826295
104698,0.8452491,0.3806009,0.08,0.011477469205752985,0.08381494387463377,448.886026904699,R,7563.899434091631,554.1179339844173,150.7909684010664,visa,226.6735118119942,credit,301.67828479717616,85.35497849153496,-1004.1249291797826,-0.9406496020680066,1.2842629450515854,0.0011313899843884328,0.7609863091342062,0.180218794011882,2.9767372168686963,0.6680260637929551,-1.5256359531786456,0.05322115246508652,0.7709698386613653,0.7192519896809753,-0.65316488436806,4.178071771412235,1.4767372835235921,15.309186961245535,3.9887603861676895,-968.6635094809318,-1000.6274147589718,-1012.5339693099994,-975.5892702395627,1163.5958292425544,10.371027615261273,-1016.3564748219094,-996.3336891023783,-1005.1777550982417,-1003.0433260332267,-993.9065957236826,-1009.9004441504187,-999,-999,-999,-999,-999,-999,-999,-999,-999,-5.021732007716878,346310.6140733358,2.7444902454400335,-0.33680140613068943,4.928689092256036,-1.824855461538732,5.743680369686331,2.5941380625887405,95.46829807081406,Found,62.105329521058366,-997.9539186217193,Found,Found,165.64650249357692,11.299429430736382,225.16804040186662,215.32055425025214,Found,Found,-1000.8361847155381,-999,F,F,T,F,desktop,yahoo,com,outlook,com,nan,-1007.142642982084,-994.8005900728072,ie,rv11.0,-0.014315939211188677,10.909039330576357,12.070043263052547,28.118963068619863,6.973211777836739,-8.753153622836841,-2.200455447877662,-0.7217725838960362,2.5902997479531336,2.466724901812695,-2.944189785720205,1.7361174865550504
553421,0.6562597,0.340103,0.03,0.004056900182200707,0.029837530389140634,369.63918795842665,W,6856.669907973398,134.91322953282233,149.99355108368533,visa,225.90579863555305,credit,264.900960622046,85.59811926477497,18.82186766344148,1.0395277328019734,1.0166057958622297,0.000537153225357424,-0.1535706393670102,0.07666385404630827,0.8899466007656454,-0.03759754065075116,0.27101533362737396,0.9665980386538187,-0.17417072381863719,0.5554564718893005,-0.3623566596220398,1.5647123959881348,1.3334915065543278,10.278190397597221,12.99935598756972,7.205248926241583,-0.28380462126589184,12.286114692031104,-987.4423523654284,-1007.324971550232,-1002.9136608337911,-0.4879827646383522,12.64318649436865,-992.7869567185276,-997.4117360473699,-990.4867792175994,0.4945331937539642,T,T,T,M2,T,T,F,F,T,-1001.9109137717173,-1119.501966022959,-1000.8628288817642,-998.8795855417624,-998.1250931213378,-998.8770728591694,-998.3544135733354,-997.2197731438923,-997.2025450824191,-999,-1000.4965032662163,-999.7940337685129,-999,-999,-997.0191849706957,-999.5664990263422,-999.8467984715006,-1001.3440340424115,-999,-999,-1000.3374388716946,-999,-999,-999,-999,-999,-999,anonymous,com,nan,,nan,-989.2104031099061,-1001.9969095422782,nan,nan,1.0082148263883615,16.035068042351824,5.015023592111547,-7.619999301684702,0.5142087132368842,-0.5834627431702049,0.4985135596514522,0.03941570130945997,2.5731713545503077,2.880558304743101,0.7514331109502845,0.049620065247484586
54871,0.97225285,0.4733198,0.19,0.0734769996100588,0.5820336914790338,19.817891241042872,C,9096.630867139449,302.3295091075422,182.50213288067303,visa,135.29640345070587,debit,-1025.037443533453,-1001.2036882560483,-988.6214455533435,4527.495414625077,5311.1571931116005,0.00932985737441468,2176.676594072149,0.34476905823092174,2162.1887381920455,2173.0004109082347,3233.886576355691,0.31975218721710785,3144.430331831178,3057.9416798920597,3062.656412919674,2746.9840280945527,1368.5741548944736,192.20136065228996,-861.4472673307222,2.4263689170555964,-135.02992819537405,-140.4619462654544,56.75627240268028,-265.88708733696933,-82.75563697417715,-1125.3421166387784,-1011.0333937214754,194.64931586398012,-318.4047259155492,-157.03364512420788,194.20108784143545,-999,-999,-999,M2,-999,-999,-999,-999,-999,-12.514848919455744,122967.46910463572,-18.712401380491883,-7.480341937637945,28.85572032607945,25.510817895254945,-5.888614271747542,-18.8961971455426,104.95549745677624,NotFound,56.845794789692604,-984.9129547626737,Found,Found,183.7245684738093,-994.8024916007317,130.1632876045378,570.6521052175598,Found,Found,-1008.8819162136015,-999,F,F,T,T,mobile,hotmail,com,hotmail,com,nan,-970.5705090309057,-976.8198059212737,chrome,huaweix3,4.088199948069336,22.30071998566501,11.560825493957006,14.32748148908149,-2.801928047418478,11.79252498442233,0.18737087166408964,0.17497055441182785,1.2173160070940532,-0.35745065762025197,-0.2354114257082574,-1.2563930113589012
421095,0.9929871,0.041512027,0.19,0.0734769996100588,0.650420784066699,69.69502622047523,C,9014.151872038627,545.171554902129,189.5295437466396,visa,140.39233769333663,credit,-982.293793992345,-993.5270116744136,-992.6908685389669,4.201573634380999,-13.663477143416788,0.02146267543793802,1.8029843196680133,-2.8664923627856496,4.569876333861516,7.329714711326278,3.8145552496997936,-1.1883797811324461,-1.2890680491221902,18.456254836401442,13.01361665074598,19.26396537249879,-0.04605877764613986,87.85357622056003,-1140.3454289244014,-1230.5628718964047,57.18862168827452,344.25824988730176,-113.07258142466104,339.05392669946895,-136.48746725988636,70.74398791243848,-793.7635980002746,99.67150869022859,25.251896427087235,558.7103729372822,-217.15290581456185,-999,-999,-999,M2,-999,-999,-999,-999,-999,-6.380004931644976,539652.9263507938,28.67549902452197,3.424874181574978,-38.36655333322312,-31.59793258094612,-53.86168511521407,77.3384759149917,123.45050069227818,NotFound,77.97842797611736,-1016.8918596880418,Found,Found,211.98898335408228,1.5860828802318565,571.6243241071041,533.2371735825558,Found,Found,-971.7824388332967,-999,F,F,T,F,mobile,gmail,com,gmail,com,nan,-905.3673451421573,-1031.8635302161424,chrome,samsung-g955u,3.0224691807294977,1.7048614476330783,3.8008240962896687,9.598296639779077,-2.503407020948367,15.944400130373555,-0.48527225753094444,-0.13362819481556956,-2.1755249455069974,0.14327993139583767,0.7205101041506758,-0.5629994919276455
445134,0.83196896,0.4035667,0.03,0.004056900182200707,0.02769137833749207,110.80504151441303,C,10879.60043343124,103.02687201000398,184.9302780484523,visa,136.74170432769313,credit,-1000.6301032970916,-998.3213736543936,-997.1473670342076,1.0416176189605117,0.7336837591490983,-0.00030651210809850074,0.8493034928920009,-0.20985760963644928,1.1314536104036073,0.9756477743385377,-0.22862531875748626,-0.09215528625504543,0.14201537180196144,0.5827450562311647,1.3586759079418864,-0.4703608442165077,0.21799575940846694,-2.542766901099515,-993.9702969367871,-1001.2242348395522,4.1373243924110366,-989.5112916859672,-5.7237215034317375,-1007.1710218684589,-993.9142841302287,5.594858967525886,-994.6941723734839,6.432447324029694,-1003.7911324731822,-997.2111654542052,-10.48610639011383,-999,-999,-999,M2,-999,-999,-999,-999,-999,-999.2568030009363,-1354.282041125858,-997.5069005437823,-998.2863272664588,-997.7397192985396,-999.8085001834883,-998.8030956408671,-998.1539155557413,-997.2173249981595,-999,-998.5438751640303,-999.7913478574268,-999,-999,-997.9607595515956,-997.5149613190614,-997.058049301602,-1000.4147045241489,-999,-999,-999.9306740860832,-999,-999,-999,-999,-999,-999,gmail,com,gmail,com,nan,-999.9496094548382,-999.1155276874402,nan,nan,3.9996186321163694,17.990086502935057,3.996571526920033,-6.560720333544333,-0.1518712216907171,0.3235804923775733,0.1502433000165775,-0.18196416125079637,0.3147466956917995,-0.9084305950815623,-4.293204464839545,1.4384568885139482
296495,0.96703655,0.4574834,0.08,0.011477469205752985,0.10677438504310818,224.19189682718576,W,12419.612371066236,558.4408006362769,147.8547951799787,visa,225.02650081076834,credit,302.20079430663964,89.5217369854918,109.33894904957037,0.834553607742297,4.200270722242307,-0.0018188083512737018,0.23256569624733903,-0.015237503878712921,5.48969890443521,1.0792166828909682,1.9581713181188731,2.860545648433246,0.45740359202204317,3.8042067349386572,2.5950691851200984,8.899094823456224,1.9743520854529972,15.140535082968244,7.998300169245317,6.653918909546248,31.43846977856448,-42.7457866847296,-970.7355060794381,-1003.296541789976,-1004.8450956634156,25.939507341667426,-10.158739779306098,-975.0604888007512,-949.5372811949602,-969.3771631704449,28.81541856447718,T,T,F,M0,T,F,F,F,T,-992.1516731235172,-1669.7117099155148,-1008.001414425159,-996.5161892339308,-1002.2598544289635,-1002.4649304658799,-1008.3128008035856,-1001.2425069874325,-1001.7959882333096,-999,-997.022985821228,-1000.8458473432366,-999,-999,-998.3883102834884,-1000.3601465564998,-996.1187180805391,-1005.7174658138396,-999,-999,-1001.4068218241176,-999,-999,-999,-999,-999,-999,aol,com,nan,,nan,-1015.9184210563001,-1001.9910964513307,nan,nan,5.9753689105825165,-0.07502458744399654,2.0118451364891192,-7.553299403266051,2.592462303703632,-0.4017596298738914,-0.4998202797901729,0.5738707317165822,2.6469888553325553,2.947240168875372,1.1459103382008968,1.356749408166729
367501,0.8979022,0.36126265,0.06999999999999999,0.009434629620313228,0.07431348277265269,75.49352249787648,C,15889.152031746678,544.0106106441399,184.69316922243024,visa,138.44672451346477,debit,-996.68913596016,-999.9895211141522,-989.6400588289202,1.1171452163686642,4.631239302238585,0.0008486570020048989,1.0409159264032497,-0.18723351488811524,0.7886906634771051,0.3684096383890636,-0.8991419693108069,0.10779313191458151,2.5470256418262514,1.507530392681364,1.297692279706002,1.1020818193924278,1.05375175450148,26.64176272637346,-19.41377482305245,-15.673645908691205,30.822884931125962,22.19886739399665,-2.4901523934946415,20.694982313446662,-7.5800929281175895,13.31394909283377,-1009.6401358917803,5.058384697127985,34.33655190453729,-3.5457103058955695,3.2199305242219007,-999,-999,-999,M2,-999,-999,-999,-999,-999,-5.523595532961281,82246.8696111665,1.0633448377561763,8.021321368258668,3.895003104269449,0.23201524227306436,2.7229543068800695,-1.7079541297184733,101.32756180342665,NotFound,52.46206454541914,-1000.738063538746,Found,Found,226.95304779689468,-997.7761206960668,421.3941286773178,498.97953624811805,Found,Found,-1000.3324882083598,-999,F,F,T,F,desktop,gmail,com,gmail,com,nan,-996.9351915731329,-1003.1476644927044,chrome,windows,5.9939634819154985,18.164717792547275,3.023361150949427,9.659739189336891,-2.4264195600663054,16.039374631596555,-0.6302380808336244,0.37537416074958,-2.126108463493326,0.6755892877469638,0.6125571043418323,-0.158810229468451
403548,0.8103198,0.4926678,0.11,0.020034599671098444,0.18433831675532308,446.0133499786792,W,15951.90065392592,360.2101947354167,153.57254953928535,mastercard,230.52862399387206,debit,374.4839830978784,77.87289886364988,-982.411174148368,1.5391294537502187,-6.843944521313762,-0.004859943271714683,0.5393193778661733,-0.4933355860526474,1.260541315882639,-1.5773343157512727,1.414199809318196,0.6390170014552972,-0.3598104083194329,-0.31150477091827256,-2.155287592683994,0.4702967025209901,-0.9054581994764561,49.065495997997985,-987.1738507064839,-1010.6521854104211,-46.81972858677521,-957.7735713651018,-1055.3683144313754,-994.4934799681212,-971.9502327033596,-24.130892059072792,-10.581425892158094,-979.6441788038276,-986.6550580434628,-1000.6179803242078,-47.618982459424004,T,F,F,M0,T,F,F,F,T,-1002.6147496767069,-499.5577528121212,-1009.5094262317978,-989.9816217128747,-995.5503694030615,-996.8554978816646,-998.385607151268,-1007.5026961573806,-992.3622545657778,-999,-982.9367755241485,-1000.7991876477578,-999,-999,-997.0684335806266,-1002.2566989669972,-985.0588022787076,-994.7902830845237,-999,-999,-1002.7007837528104,-999,-999,-999,-999,-999,-999,gmail,com,nan,,nan,-985.5189193502125,-1006.1910579055989,nan,nan,4.093802013552641,21.884191287118803,3.1158757595154034,-7.515518078848802,0.019605650873488284,-0.5728685669282476,0.26452675218557503,-0.0745722700420097,2.205257788467243,-0.14499164929106112,1.1498648194777477,-0.7339472540347409
576002,0.5749607,0.39623293,0.060000000000000005,0.00771172199313132,0.06051971278427958,663.4532021951583,W,7637.904263404986,555.0962390928648,149.5794620400861,visa,225.77907784911616,credit,326.796572510712,88.46769033135534,-1001.7167149404636,1.4337459259101806,1.6979247443677128,-0.001879737670084358,-0.6076691604467861,-0.05180053141213836,1.0884217208403264,0.27811536161358585,-1.0331376119505409,2.1905880256320125,-0.14499292164113253,1.389765511140908,0.07605812502232823,2.5779728413374627,0.8334515410409296,15.918319766487274,-996.8129986796341,9.634782363464824,5.456263302866287,6.606353431825015,-992.5970742513138,-961.1462037151028,-1000.1898463750903,-12.416826748770584,9.85497388833921,-984.9501646345639,-1023.0328578105623,-975.2433371542245,11.718279204220494,T,F,F,M0,T,F,F,F,F,-999.8301676751677,-1159.9507813326345,-998.4674402002854,-996.5294070579564,-995.1552618900052,-1000.4453421536475,-997.1028515209371,-998.6735862100381,-995.9591941650104,-999,-1002.7329716096913,-997.3120156411942,-999,-999,-1002.0937651363329,-996.4905582023471,-999.2036476955982,-998.204501840738,-999,-999,-999.337487787271,-999,-999,-999,-999,-999,-999,anonymous,com,nan,,nan,-985.7305560885225,-995.6163988576025,nan,nan,2.988151705172533,12.890256292615883,5.038561832820044,-7.483524618026015,0.6377333641019004,-0.5613972970784629,-0.07353823648751406,-0.25598994481688625,2.2140765484864673,-0.14201192762023018,1.1186566910875078,-0.8734998224234595
421404,0.9713372,0.10628063,0.13,0.028378895023486856,0.22313967030915258,96.60391672402957,H,2623.6482002359935,547.1704326052422,150.85801793943284,mastercard,129.73804430821292,debit,295.60137193180753,80.82730872204506,-1015.1610373999172,-0.26595513126593673,9.3532594245465,-0.0008889675151560767,0.23660019499442253,0.15557697729799624,0.7748313250240049,3.829138323014274,4.428971650676491,-0.02202654202929555,-0.8177146514548399,1.1287915114484317,-1.4704709858460658,3.079204107441864,2.811785767311913,6.978975721855403,-937.6055301874555,-1010.7529856571368,-1003.91365424391,-992.9543223383473,-945.7036906300681,-73.67862230201591,10.688092092034417,-937.7303028573997,-968.663159573818,-1031.0053594080475,-1062.3458147925126,-973.0811694120628,32.504686428391686,-999,-999,-999,-999,-999,-999,-999,-999,-999,-12.409460827455405,165865.52741130616,-975.6553513137856,-1005.3568286573119,-1.3618768452732866,16.442857501579624,6.849393143114639,3.3232026458640576,92.21613997155873,NotFound,60.64359300861361,118.58830176596712,New,NotFound,157.84017602085635,-990.5968631167652,420.558906522912,360.5599357137604,Found,Found,27.305031169259678,match_status:2,T,F,T,T,desktop,gmail,com,gmail,com,Windows,1396.2226602342657,807.5919633987355,chrome,windows,3.1134536079052473,4.968600026718645,3.967180643250016,27.681241354074324,-1.6963953135979812,-1.4096745886661661,1.0963840935131337,0.06096699430218964,2.4015415409486573,0.923335633715906,2.5819124370962987,-0.7854378315893374
70233,0.5111686,0.39478582,0.01,0.0025521382703821843,0.01763601050407212,15.103961695153089,C,15886.478935078434,545.3258558162162,184.86159255597505,visa,137.91385674390068,debit,-997.6663566312402,-999.38815164462,-996.5133083394321,1.4514844738406651,1.0499410014686479,-0.00010609319280834549,1.0045469489002055,0.03679457368942618,1.0176458558745836,1.08009700578115,1.1278087156393504,0.05152164729055553,1.1974390635568506,1.1334726208713466,0.8568614390170466,0.05190256345269262,-0.07989816367735791,3.0320337329141447,-991.1291912734149,-1000.8017741042047,-2.3575609051717255,-997.3773832917068,3.30200431461862,-996.7356237690465,-1001.4130001632425,-1.674346279899888,-997.789249567995,4.656624540440234,7.337676573420888,331.3652899119104,5.346285797034807,-999,-999,-999,M2,-999,-999,-999,-999,-999,-90.77905865541993,419131.30744887755,-999.1655464081099,-1000.1260843147732,-2.6714537641981906,-30.291716031354326,-998.9644532299653,-999.147846369083,101.01846663851165,NotFound,42.56732447349191,-999.298161639594,New,NotFound,224.40056566991245,15.520734542625519,344.4896314715952,561.8915636422365,New,NotFound,-1000.5035073033789,-999,F,F,T,T,mobile,hotmail,com,hotmail,com,nan,-996.173154842646,-998.5435698870017,mobile,nan,0.9964952971730385,13.977366093602495,12.006709718099149,9.509218019079265,-2.673614803081885,15.846972730185975,-0.5657182317982004,-0.11373614799037321,-2.1691228650725978,0.1319460688548915,0.5156945401096125,-0.6322197346720313
67986,0.9434714,0.36499682,0.05,0.006265852597583031,0.047725639209061976,74.53492878667078,S,3695.0877800624276,262.9894426070958,150.73148838628376,visa,161.850738624595,credit,124.76749192533616,89.61837366978959,-1007.1724083212282,3.6062155885973475,1.9790062410667524,0.0005039638588932444,4.308167565532699,0.10116203500832821,-0.14855274491333503,-0.08934099825955766,3.517930724187007,-0.013532929360721369,1.1836506218205827,2.5473840123417855,-0.7536187294192151,7.756199727585962,4.120976726266949,30.52895337536629,9.656185174535693,-992.7222518976528,-1014.9368921549598,-1017.2260830703076,-996.9738476807555,-11.428708322079741,-6.113599574227646,20.200850942058764,-1000.4409290148287,-996.9470887555739,-1017.017651912426,-1004.8823446832832,-1026.2998727768443,-999,-999,-999,-999,-999,-999,-999,-999,-999,-2.4225202489770936,48311.796789818705,-0.10914367700456751,0.12320891611705065,6.41170974572367,-7.244768711993515,3.390031087547186,-0.6181706887705332,106.76293886389146,Found,-997.7671494985595,-299.8917562261339,Found,Found,162.71458544487234,14.467976348745424,350.0610240250636,215.18188355492953,Found,Found,33.99180172826743,match_status:2,T,F,T,T,mobile,nan,,gmail,com,Android,2565.639896544908,1600.273613865083,chrome,nan,-0.02691287069313164,21.95926979715106,12.005359697624838,26.769996567683627,0.20265918521589327,-1.2625392188813602,0.10940968001601385,0.4533985906115817,-2.0682338921631938,1.0918454209827024,0.8800620933628811,1.0870073744314563
342333,0.88881403,0.4476199,0.06999999999999999,0.009434629620313228,0.08779361106910036,14.030018475011019,C,8997.736092063908,547.7562787252335,184.50852900526,visa,136.14067991304907,credit,-993.880107295538,-995.223383274984,-998.8615168420066,0.6509698273894493,-1.3971548022215288,0.002413137775330706,0.7133576772660781,-0.12056785968067452,0.7794351283116914,1.0630373425135966,1.3679197680773911,-0.04330515528052192,3.6527481925406162,2.9585084624911655,0.9894703072676068,0.17432385051262145,0.7681215895684419,-27.061582839340108,13.716645488244753,10.041251595861853,-1013.5237128117767,-1009.2156739833666,-981.8932747351952,-34.10461106310704,-10.870925794065158,-9.37631529711513,-986.7215033149835,-1031.5827807119567,5.6723724518874254,-0.321741368632288,-972.9496318460106,-999,-999,-999,-999,-999,-999,-999,-999,-999,-12.890323485850445,303676.1377419809,5.688139766723566,-3.975062519193102,0.16009495879836777,3.0964087170685843,-1.527628724611077,-3.8123299305318596,105.32972066754667,NotFound,59.10711848377514,-1000.6725216075381,Found,Found,227.6278197406175,-998.8365418893137,262.72778670123193,507.39568726844175,Found,Found,-996.0557809912482,-999,F,F,T,F,desktop,nan,,nan,,nan,-1002.0026705848062,-993.5586661789439,chrome,windows,4.994101059329867,3.021231216404569,2.9647309637722308,14.75011848177164,-1.632636639659549,8.3415927527131,-0.5030954395985746,0.3159846760156889,-11.216238863886803,0.9534453142108241,0.1804198939766097,-0.9306345899984955
299817,0.98187155,0.39668256,0.17,0.05427181375432048,0.4342065702308024,36.43973945263113,W,5093.424527085348,534.8045906392392,146.08073984825856,visa,216.84770987987184,debit,510.1106195539479,110.66971563045885,-24.168790063139795,-15.379267979254742,10.356148680911158,0.0045748502558602315,1.8185298464384307,0.46800994058622525,3.2964596683399616,0.50472920000258,-2.164920913076899,1.8088074313054676,3.588119251115165,-1.1348832529836272,-0.9396658917078948,-1.825706371862438,1.2104195618335982,76.47301872508991,-1020.9307765930369,61.848110515862544,186.9447594815439,112.66515479918571,-998.0332272457273,-896.8567488542078,-961.8407463106757,-120.18434529387106,108.10475512636455,-1039.5689351913327,-937.844915936438,-1031.7078215168967,69.23463987643048,T,T,F,M0,T,F,-999,-999,-999,-978.653584917144,-3929.7766201148115,-965.6993695135704,-990.7796627132178,-988.6225219082191,-966.2854644331876,-1013.298989015688,-986.2666087435039,-993.04193253586,-999,-994.5605459325573,-992.0390587853544,-999,-999,-1031.4242221965642,-1010.523636956503,-938.8613083759219,-992.0345200438483,-999,-999,-1007.7330220801671,-999,-999,-999,-999,-999,-999,nan,,nan,,nan,-991.6999543694533,-987.5579997406012,nan,nan,0.08906731579858107,6.766701988625196,1.8602813972267875,-7.349044077105434,0.25847156171713137,-0.6531781778268015,0.13128952331119564,0.019577671214903072,2.3460584514888314,-0.2164554651201397,1.202786474987466,-0.605348632542779
422823,0.9981889,0.21103403,0.17,0.05427181375432048,0.45956696269218944,59.2066872986581,C,14039.798466784949,189.68903971987675,183.3389102896124,mastercard,130.95296905730004,credit,-1005.2481516224977,-1031.4397992830618,-986.4595880588275,8.648754761823046,-6.399712246601389,0.015091622455397805,4.682066024573881,-0.531110695036908,-1.7345322845030253,-3.011242852655471,12.623992417097458,-0.6659639552121517,1.6545322996789116,-3.1210599797294716,-4.000476160368168,13.077329880495938,-0.7839745830580416,5.883490849518297,-1069.2119593263978,-1100.1852037795225,209.42946059790827,22.465490348641026,34.55388513561931,-8.599821430357755,88.40444751612227,63.00870958826036,-1049.083180098589,58.72781670301945,115.81264209487586,172.63790991904392,144.6650192393275,-999,-999,-999,M2,-999,-999,-999,-999,-999,-8.065410999009032,231889.64531234017,-25.45864160201461,6.276463858432635,36.33414309954253,-2.7285780693825927,18.978966855157523,9.629155678073175,85.42433461430949,NotFound,81.7432691016204,-1011.655919974194,Found,Found,217.78517632117735,42.45126653024454,348.3190484176166,106.7209826247672,Found,Found,-963.0065006416307,-999,F,F,T,F,desktop,gmail,com,gmail,com,nan,-925.19037170261,-1022.2412130704884,chrome,motorolao,2.8594967294816747,17.503123063492875,3.6504367945154566,9.61577061318439,-2.562536776098073,15.858509001605286,-0.5343130247315695,-0.1701719063755865,-2.2532331711402267,0.07301118291157908,0.5781834981010269,-0.46698499777656427
213185,0.9994931,0.4585679,0.26,0.19338051145240298,1.584040400428486,9.359310760815518,C,14656.887934883363,199.48607217231702,178.58191325053207,mastercard,107.87555279496384,credit,-832.8637300468351,-1056.5552414609335,-1024.1891064820259,58.03502121598652,-16.310391713836754,-0.022609729636483986,8.681062324939969,3.887208994984122,31.68240811763442,24.130647648722125,-21.619728981999977,-2.300835563113276,-21.735502156475214,-10.215428321211318,-12.059008620186098,-30.540034956006195,5.560463719777075,22.57833338405913,-549.2658551933192,-1120.8680555787155,623.9610198716591,623.0269577925044,-87.35717366725878,-626.7325046307529,-210.37856355164044,164.9798393134995,-1073.4230455914826,13.688440371178071,-235.16621259362785,418.56836490231774,41.759717657841506,-999,-999,-999,M2,-999,-999,-999,-999,-999,-16.054567113051576,131979.5266203462,24.595222842560247,-34.67095490728411,104.97313327035477,11.418384729593868,100.60385825043227,39.86078302988824,139.795634554535,NotFound,6.9702842717507565,-916.7594681794363,Found,Found,209.03031494167578,-930.9476058767033,262.5895348034768,329.96096249776895,Found,Found,-863.6553389151264,-999,F,F,T,F,desktop,gmail,com,gmail,com,nan,-1034.5834331642127,-1014.9489637703502,chrome,windows,6.970214307781988,4.0635007715040885,1.547367666127153,14.196459308592308,-3.547371532518071,12.02611372797033,0.19097006355575902,-0.12078691189201356,1.1186288795345907,-0.042330573173685104,0.36689647964936595,-0.6606378745795419
13890,0.97936136,0.1958971,0.09999999999999999,0.01672075323499393,0.13240074990066358,38.73348567534234,C,2299.823968827958,539.5842664272213,184.2059445728603,visa,224.7297997983377,credit,-1001.7658486332989,-999.1377820653636,-1004.8926662392953,0.8167074104160754,70.158529671927,-0.0010108393260794312,3.560806809980282,1.6619477787466441,2.5389751256377853,6.051548861331556,6.098352694797336,0.011665349164025507,2.797577454786804,31.75666552908325,31.6747064573453,3.6720121545592725,1.3212092253526055,95.82916298866712,109.42609090450014,21.424835431636446,-979.979434068565,-1027.185440023763,-1008.4784579707891,-1039.1318698151047,-1004.5545764781479,-974.1849246847648,-978.0750378697162,-1026.6987382394182,-1018.6175883652608,-1032.2726903182736,-989.0553724701432,-999,-999,-999,-999,-999,-999,-999,-999,-999,-995.1230920288094,1553.331224649155,-1002.3724453726323,-992.4097817476528,-995.6988670305168,-996.3721242519756,-1009.5027004177322,-985.7730616108879,-1006.2999990703029,-999,-987.6397755670686,-997.794800653996,-999,-999,-999.634766811403,-996.2783708731051,-1016.8986492837626,-1000.2250905109152,-999,-999,-1000.5945188983637,-999,-999,-999,-999,-999,-999,nan,,nan,,nan,-999.5614541815844,-1007.9764204669038,nan,nan,1.0212704478989156,16.041072414064498,12.034752238837044,3.1751056716383754,0.39209448941394265,-11.391315470571612,1.0047943636404615,1.2294211777767101,-5.4566934945381504,-1.039862923735295,-5.566871618932817,0.31003936995258335
367211,0.73519593,0.40411484,0.060000000000000005,0.00771172199313132,0.06890172372708933,31.721384866275116,C,5426.247109839446,178.89259387730698,184.6547233860573,mastercard,224.41194676310772,credit,-998.6171856214983,-998.5804389910306,-992.4344639954102,0.06196012943489748,1.2482025678912354,0.0009359508257463494,0.6350108375013623,-0.12466699400891912,-0.014086964954564962,0.6861879255918795,1.3152137300495168,0.08904106636876108,1.5223911174173819,-0.2162041180649421,1.040709920538518,1.9843023105198832,0.6986221591492505,3.2796168402569297,0.11691830639808001,0.6162077506627089,0.985928023680561,1.5035497538369504,41.335131731154256,20.600992277338758,14.466747390258503,-21.72090500300082,-1026.6873576469939,4.265978361788978,-1.572022367142514,21.98883382098844,-11.768745390957777,-999,-999,-999,M2,-999,-999,-999,-999,-999,-2.481691178204869,192152.58439511096,-0.9079151696356575,6.709430774044108,-2.7024489802762446,-2.186617968790074,-0.24166892795221884,4.386417270927154,101.11251688397385,NotFound,31.380440545161832,-1002.4226432667438,Found,Found,229.369914012339,-1000.8945464656538,274.18846659075496,320.7461319196109,Found,Found,-999.3366385434014,-999,F,F,T,F,desktop,hotmail,com,hotmail,com,nan,-986.4199976530459,-995.997389043368,chrome,ilium,5.978496360706551,16.02233764530012,2.957321214328973,9.524716102125597,-2.559374528843152,15.891073962178059,-0.6205127613775436,0.15791113388174768,-2.142114498305811,0.3272038515098168,0.5116520596615444,-0.551325984661414
130519,0.95057386,0.41773614,0.060000000000000005,0.00771172199313132,0.07063411566782184,183.85456268684362,W,17981.532171650913,451.6472554760658,150.010154085261,mastercard,116.19239989337936,debit,267.3230216441971,86.14557514567669,-1001.9553927458877,4.377385009108174,0.619112856709938,0.00017624778785694378,-0.5924866829879081,-0.17870638008051198,2.2948930623437267,0.6603117219550678,-0.9968412789553334,1.9564931811360946,0.1980545784636547,2.873609392749989,-1.8887417749360162,3.5480116198286353,4.13801061983884,11.994807758524697,9.33404564932487,26.160948081621196,34.42252309961513,-5.367160767295073,-998.2080369249467,-1006.964989312333,-1003.1563200539289,9.989553525694392,-1021.3838071744351,-997.6780865065555,-999.8525226123369,-962.2739512432848,-12.60578463898524,-999,-999,-999,M0,T,F,-999,-999,-999,-995.8830421123611,-754.517199214708,-999.1133097666258,-1000.3918941249299,-994.3113959525464,-1002.9191341617657,-998.6100264930667,-999.7529447678131,-1000.1999801360589,-999,-996.8701356630811,-998.3004200444809,-999,-999,-987.4433694695746,-998.0454639538711,-998.5392307194768,-995.6113778745996,-999,-999,-1001.4968448124964,-999,-999,-999,-999,-999,-999,gmail,com,nan,,nan,-1008.5905776475477,-1001.5009672159334,nan,nan,6.009593487163172,13.883093703999625,11.987729898792612,-6.53589646327,0.9715257729714799,0.41168016203216856,-0.08737649762013616,-0.14384474610380513,0.38269666381873585,-0.5826383280722301,-4.323730972510079,1.6082877784271832
69557,0.99608165,0.0808924,0.17,0.05427181375432048,0.42944191424722167,46.0604736947672,C,8042.600556988876,145.33067726865343,184.93475995724262,visa,223.4449080665666,credit,-1003.4402001824928,-1009.3689687603433,-952.582901107704,3.375869060612807,-10.461446504959415,-0.003399051904487597,-3.3611697548566664,1.7223289890858657,-3.779430638108453,9.552998063741452,9.081571454580368,-0.0514940277827014,1.5113875036846616,0.4526212232184168,0.789187937096147,8.29645655010987,2.3400846964030784,188.68632487884693,-940.5394989235771,-1106.9506316473723,103.42124421804975,-61.62793186322891,-45.64943354142153,47.132819042539,37.83864168553975,22.971732408552146,-937.2101287184208,-27.714675034842216,-1077.914464535691,-18.385330581955785,160.64826795914135,-999,-999,-999,M2,-999,-999,-999,-999,-999,-5.704757622111856,119548.81264151764,-1018.4200512161624,-1003.3478311384374,-18.491032158482426,-32.35209577252442,8.873729166124008,-11.559897669692418,131.8612126052417,NotFound,47.66151401716161,-992.0550187653647,New,NotFound,235.46631400571084,-976.310071159001,251.34993706426417,411.0416999913731,Found,Found,-955.5635548673127,-999,F,F,T,T,desktop,hotmail,com,hotmail,com,nan,-995.6621372665284,-1014.1995962892868,chrome,windows,1.0442403569953305,3.9379464688370795,12.096135316798776,9.6049556178432,-2.680346962275079,15.972482591995284,-0.6455912580628105,-0.14658516788102288,-2.2073146152250382,0.11138359504550087,0.6526808356250616,-0.49286633981657746
206372,0.809537,0.16280496,0.14,0.03356392623053241,0.29618644080606465,47.306200473142795,C,4023.1950886370523,304.56175025076186,185.23528847101028,visa,228.57324792062093,credit,-979.6255267379931,-1010.7983522410431,-1017.6541796151301,2.227047263577102,-5.135166465459491,-0.0032656372565536924,2.1935021336959064,-0.9941833649372791,3.110122922301252,2.834678896658841,1.02653702983108,-0.9618899240595216,1.2259916012012635,2.6550060401873523,2.3904666569976714,-3.965960311517499,1.4912706768703048,25.144473168832267,-984.2197594568231,-1005.1617128164676,148.64427806869838,-900.256642123775,105.81629886524222,-14.518102874450856,-55.90664001580399,-51.30998827168823,-1088.6683117695445,54.837731476645075,78.61533923356771,93.02358920040645,-144.31904274280575,-999,-999,-999,M0,-999,-999,-999,-999,-999,2.9271186307491917,335145.1429129893,4.682575574486805,-10.311358676706163,17.607052238234473,-19.896399964248644,-15.34215414502728,4.838552474875428,94.66223160833385,NotFound,27.16839116796166,-988.2149581075804,Found,Found,248.61326073724695,-994.2990209246732,239.01271492573414,513.1247234753768,Found,Found,-997.25551109495,-999,F,F,T,F,desktop,hotmail,com,hotmail,com,nan,-1010.5309800442693,-1041.0349194920566,edge,windows,2.962313578882546,22.35562274890865,1.0460617340771758,9.4539598635986,-2.6746258797158085,15.88114876778193,-0.5695450194919481,-0.09913450056242185,-2.1409307252203527,0.056184018508725536,0.5074991502264399,-0.5725885035676667
535375,0.54600656,0.40631747,0.03,0.004056900182200707,0.03233018195955754,8.752554810232013,C,15216.733555187871,374.8041835509691,184.88659438662353,mastercard,224.34759528071334,debit,-994.9086955698153,-997.6934112202018,-999.5505087612919,0.35957301417684384,2.3063777185454377,-0.0010227003004316792,1.8128234492179978,-0.1926214058217397,2.018243886138942,2.4200590929286685,1.0682897898293566,0.09974198934694023,1.8767622022349855,2.542927007586014,2.269114544503539,0.09813265445238528,-0.16134528532236203,19.934975487046483,-988.5194187862188,6.154477100699945,5.400490878670235,-993.0338672137469,5.642827828218359,17.095374156262995,-3.5193119883546577,6.680553008925941,-1010.2955354411919,4.426690338777795,14.983641092313347,-14.22252436622602,-12.93629336822822,-999,-999,-999,M2,-999,-999,-999,-999,-999,-3.8636497150964715,242059.4588903237,-2.2271222851345556,0.6263362196923481,0.26514360257965564,0.4030982663083478,-0.9382507056790246,-0.11802601703914206,102.78028854087142,NotFound,50.83630635907946,-999.0483767812214,Found,Found,227.322615351649,-999.9479939749629,428.1829443292239,563.4031807684968,Found,Found,-997.4048432290454,-999,F,F,T,F,desktop,hotmail,com,hotmail,com,nan,-998.6095959071665,-997.4189618160464,chrome,windows,1.9897564374400722,3.018818912630236,4.998333668471297,9.510489400000495,-2.6523276045926374,15.848109006318497,-0.5738940418272854,-0.06857700989101742,-2.1616484119222807,0.14814778171602894,0.5167672227285105,-0.6318857255119924
337663,0.776808,0.42618072,0.09,0.013888290969627364,0.12196645374090001,91.2513718499425,W,16292.933680112732,550.7907727377608,149.52018850827247,visa,225.04181933804364,debit,515.8010437722536,89.07655787356066,-988.6183122960479,5.128431092693553,-4.4257287003066565,0.0028857505867710158,1.0000634391940668,0.37604318215768817,0.32781282297878,-0.13690838642111203,3.3789769362192343,4.925020107737149,0.08578298052113631,1.3019173688586978,-2.4347945940368882,5.37167113844847,1.0953986464099108,9.600391925911898,-976.8926064431784,7.8979626979824875,-23.279473255931084,-49.2282210840946,-981.6828719822445,-1023.4194752994885,-1001.368658255373,21.721993878785952,-65.3276004104791,-987.7537803363689,-1009.8640181889697,-1016.3315037286299,77.32428782265157,T,F,F,M0,T,F,F,F,T,-1005.9793523613176,0.10385417951329146,-991.8882991777805,-1002.9622280620755,-1012.4531823033915,-995.6554019756737,-1003.889794525024,-1006.7476051422743,-998.3506366732213,-999,-998.9384555527478,-997.8924106841188,-999,-999,-996.0642095560779,-998.9431993033663,-994.5793757652381,-1000.9435163719887,-999,-999,-998.9830248617959,-999,-999,-999,-999,-999,-999,anonymous,com,nan,,nan,-1007.8465869946015,-1003.0972782967756,nan,nan,3.0258159650799588,21.156299106443235,2.9723961475717346,-7.536011604923858,0.7102084141235683,-0.5358858194656916,0.16364065371777764,-0.1780975264374017,2.2477319714963806,0.07317106936625259,1.3781047502776684,0.07077816299991398
129834,0.9929085,0.42959654,0.11,0.020034599671098444,0.17785308248286746,174.7329870423141,S,4091.8953765354026,552.8179211632673,150.3728171340733,visa,160.97273369964046,credit,311.43923999511776,86.49113927555543,-1002.5067413870602,8.000750856864583,-2.8767912700135874,-0.0026970040354086745,1.2931192532117817,1.0555347345705988,-1.6462807148133134,0.5200208762023686,6.440097082521141,-0.11201922065264025,10.286186675344686,6.471778364709142,-1.371465412385251,13.813689866386397,5.351013735773314,0.3447158998926036,-11.08319815792714,-1038.325192297062,-1008.6302163641162,-992.249194154477,-1001.4910367046615,123.22920681176944,-2.099552705392711,-1047.9024601009721,-937.6897418255372,-1003.4624967106143,-938.8730079404634,-1009.590133839893,-1068.9668251937169,-999,-999,-999,-999,-999,-999,-999,-999,-999,-18.658877998188927,39108.408615904256,2.4369523484390356,6.714499835247807,-2.3054255953047686,1.2430482588856648,5.354276550278541,2.6032444453425114,110.23398167988614,Found,-995.9684949128768,-302.32177482321424,Found,Found,171.86619138613707,-998.4187037236112,641.4933999044025,522.8618621536124,Found,Found,27.93147372694841,match_status:2,T,F,T,T,mobile,nan,,gmail,com,Android,1035.433367042126,590.3391944761795,chrome,kffowi,5.986285436173185,1.9704211538871093,12.005096356728636,31.716257113949922,-0.30967462548128194,-5.28054577192408,1.0532616271388027,0.4421861438862381,1.4064051757153944,1.7937909681597661,-0.06549767227726011,0.7535952446978458
563653,0.67983085,0.25897133,0.06999999999999999,0.009434629620313228,0.07047390350398544,59.38152705469845,C,17168.096431307964,272.74523313256725,184.8392478271088,mastercard,196.50515031952446,credit,-998.489303925584,-1002.0246608455839,-996.5233790936677,-0.800035459446022,0.34496382254460833,0.00032551697262842103,0.47201730471933656,0.12375636294486814,0.7637452772475815,1.4708424159872457,0.7315368446874952,0.0888801091124467,2.159650901465766,2.040250500097782,1.5937051520273848,1.5836431669735518,1.1131854305803204,-16.17321103910063,-2.1435863655238205,0.37094542333385566,-3.174998206678601,10.359844813333607,-9.929881375643019,30.548050952131142,1.6484924848590767,-25.862897122741565,-1027.1831514423186,-2.356497322086382,-30.10381327203648,-1020.7640461911192,-7.868362862573452,-999,-999,-999,M2,-999,-999,-999,-999,-999,-5.278684269845144,234509.97407766763,-0.762415074552564,2.471287067430353,12.620649920888013,-28.295915287445496,-1.2372478436238907,-8.347128587156021,104.36439630623192,NotFound,24.066088656314264,-1001.9828304303905,Found,Found,228.78760237793256,11.727819398500287,271.37322010490084,566.2017398092563,Found,Found,-1002.6270576556744,-999,F,F,T,F,mobile,hotmail,com,hotmail,com,nan,-994.7395465523853,-1002.6781714655988,chrome,lg-h840,5.018669305427787,4.914349331252232,5.011687070213161,2.8816212959643317,-0.5825402435723869,9.788416700788757,-0.8867199942400039,0.098303391083794,-1.1996073087365966,-0.25069556266268644,-3.1089381012253536,-1.7870626527601756
573935,0.90833735,0.37835592,0.13,0.028378895023486856,0.22980589526117876,314.84670027656676,R,16986.330949429124,122.00275070766668,144.28662225102,visa,226.9048737669811,credit,524.4273553058131,101.06627139751345,-1031.6817849346808,-3.0352803575650498,0.6528467760397749,0.0005341562751164366,3.4376921692557514,0.8539359165355052,4.000634551985778,0.6666214461296369,3.3207318202984952,0.506675334931888,0.076853608145254,2.2667079414770406,-1.8846452500032829,2.3975850765707776,0.35938998412163947,-15.333174355877016,-1032.6961199633622,-1001.8862422773321,-1029.9463324756246,-1099.8121788633423,-991.4607856752338,-67.410581305916,3.796197994362552,-1019.680815633484,-1022.4762258321515,-993.7755204313578,-996.4375634173464,-863.904516394565,-875.3346699666876,-999,-999,-999,-999,-999,-999,-999,-999,-999,-4.715807221086834,464085.7098031086,2.583600691744209,-7.995550262858387,15.478130610083099,12.960319751509473,-1.8272127750353775,-4.320004871323363,80.305760088449,NotFound,14.062905024484166,-295.2462801587533,Found,Found,129.22515760214173,15.965417164778387,264.3727493711074,347.81941309124716,Found,Found,20.40999032835748,match_status:1,T,F,F,T,mobile,gmail,com,gmail,com,iOS,1093.3191124336809,661.1658463478025,mobile,ios,1.965420744747512,16.91756593114538,5.041404722940855,31.44495059138755,-0.5174252095625432,-5.103773099594199,0.7482493413119201,0.18783670664967678,0.9877457696171936,-0.010221801687943592,0.15477223082344915,-0.0449541731248942
12138,0.69357204,0.37891838,0.03,0.004056900182200707,0.03491854668441852,225.05839406803327,R,3049.380118562345,180.4022234146738,150.31596254560375,visa,141.2470413749786,credit,296.6003545419686,87.06038981232498,-999.0322386891412,1.2698394115912794,0.36530512813539495,-0.00028985487732617783,1.3415394073887295,-0.022316228652202064,0.6968010313434547,-0.4490740734409808,1.3850755616070418,0.08819041415095175,1.9393795780161192,1.1005694887301694,0.006471495866736454,1.073590898484433,-0.12190643306615634,9.66920473413879,-989.9120538867384,-999.6757468159248,-1000.4516070278931,-1002.3543846461038,-999.1409598257094,19.266265383155176,-4.8418267472311864,-1000.2973309649003,-1001.148869367482,-997.3507525613684,-995.751851990688,-993.6620927988129,-1006.9038991723797,-999,-999,-999,-999,-999,-999,-999,-999,-999,-4.391523432957683,224967.234740044,1.5934942729163595,2.1022933477943297,0.9192805140745577,0.5313504995614267,1.2156779325655407,1.6836261032524362,105.29800341031125,Found,48.632343703862716,-298.98799582151526,Found,Found,166.41853700496904,-999.225014639799,634.4360397641693,599.243943985014,Found,Found,28.61282512967182,match_status:2,T,F,F,F,desktop,gmail,com,gmail,com,Mac,1440.6751921081168,896.7703633724018,safari,macos,0.9966272552926876,0.017173650433949916,12.007600070981178,31.20964100235376,-1.0326891242812077,-5.363239277912923,1.0792594592798623,0.06692541825818277,0.9843220914144437,-0.08540541226989289,-0.14491980347810812,-0.4133079522657954
444878,0.93295,0.33575925,0.060000000000000005,0.00771172199313132,0.05730807097160395,53.06182058961756,W,14682.034777313653,548.5589490764343,149.763388967502,visa,225.94789614647192,debit,438.2717285055785,86.64117643075357,82.00310183792408,0.16987927935812053,2.339450976457128,-0.0014893715687015283,0.21751410152687756,0.04585276349201273,1.7139421101773955,-0.12012780981340798,0.07071449592815426,2.8635006453969263,-0.7471552581417091,3.7771290289455512,0.18745324101393068,36.79120820030811,1.920984424758438,53.56873181607528,78.40009539494025,-8.131075930408548,319.8270716194752,18.11472282328077,-986.9551318684519,-998.6722947206101,-1004.5102747697708,310.4630119145021,50.722178426680145,-1003.2345054423097,-986.8646632400709,-973.3907784481015,66.89355923980231,T,T,T,M0,F,F,F,F,F,-1006.397275850963,-955.9358885510228,-1000.0266733558225,-997.5280942151935,-1001.5590159924025,-1000.8677304972066,-1000.1716817566883,-1003.357331977026,-1000.5444839743091,-999,-993.489599727218,-1000.1187383870387,-999,-999,-1000.951460589862,-996.8973318256603,-996.1130504850564,-999.0270989132882,-999,-999,-1000.2536300871277,-999,-999,-999,-999,-999,-999,yahoo,com,nan,,nan,-1000.1316822315613,-989.9668347480896,nan,nan,3.9917184493453304,17.109056253990456,4.0178975954707745,-7.537414329564226,0.17393998238582592,-0.5879372719606579,0.24600505572340595,0.048462505265724265,2.216718410735417,0.04687917964832039,1.2084194990462573,-0.4888746698680158
382475,0.9959424,0.15748948,0.25,0.16975275626876413,1.3837588320698637,155.57424742911934,C,16251.966904659774,298.13423136603427,192.37155124919144,mastercard,108.31813433359441,credit,-879.6544192841052,-962.2571388773284,-775.4695611670843,39.938707658508676,-11.889381305156633,0.00954020115871531,-0.7703992375191939,-7.608298617345421,29.56536319100483,17.345893661127114,11.379500522811597,-0.9561565030717629,13.372669387517846,5.717525428915497,9.003430080585932,11.485723340720579,3.498385029954557,-646.7142813954304,-941.2310808554715,-403.0514505896559,7.482786974517835,-14.663439629191728,-321.6032905498641,519.3354417401536,-170.84781410050465,92.09373332639602,-977.3553406967545,173.14634032817332,30.298668750735928,-642.900295394277,162.84082994606948,-999,-999,-999,M0,-999,-999,-999,-999,-999,-68.33835935142338,113691.69540949535,30.705581885169863,-67.36645297023051,-67.85192219674832,95.78388858453252,31.89170912200234,51.85556512497169,116.9856766927644,NotFound,69.21670289227416,-1041.4600255771952,Found,Found,153.01488973426842,-1026.4800212336766,150.00092311893638,726.6623636123378,Found,Found,-985.9690098506218,-999,F,F,T,F,desktop,gmail,com,gmail,com,nan,-846.5232781633603,-950.2706096924832,chrome,nan,4.07315527676482,21.56089043496508,3.216585688394364,9.496456791130399,-2.66607993677219,15.787013438368952,-0.8607006054342008,-0.2584497713861092,-2.053058144387657,0.3355111625044134,0.7039559093723063,-0.6782229830899382
282011,0.68934524,0.43390042,0.03,0.004056900182200707,0.03412700005155887,773.9492240833129,W,11147.290594085345,215.10474073494277,150.17969379554512,visa,226.88287885393083,debit,201.0984572230701,86.56262954094849,-1000.8984687976401,1.5758775011479553,0.14548209570781623,0.0008576005976074766,0.18930048218692974,0.06609710988787931,1.2739725253549095,-0.36402423385899985,0.6246382408704809,0.013571299912443102,-0.09727219275638976,1.4732239678683534,-0.4805544718836048,-0.3394402947883748,-0.2087203411262042,11.038281243985965,-999.3870454562077,-1004.6610820532628,7.153495247886553,-1008.5867192921113,-1001.4677791638946,-1001.3370634173139,-997.9042794086264,4.46069732211759,-1004.4750049056439,-1003.8426756844108,-995.9288022283295,-1012.2441138003527,2.300387443837566,-999,-999,-999,M0,F,T,-999,-999,-999,-1001.6501294586728,-443.39694872630207,-996.1968637272427,-999.5163115029914,-1003.1965786253264,-1000.5854574827442,-998.0402418229323,-998.3303873148253,-1000.6426151037126,-999,-999.0011979573585,-999.7604205736178,-999,-999,-1002.4221881182511,-997.725493425397,-995.776276083383,-996.2237755932822,-999,-999,-998.1141620377393,-999,-999,-999,-999,-999,-999,yahoo,com,nan,,nan,-1001.1523844998676,-1003.2062471645295,nan,nan,1.0037578162579277,13.015096199862763,1.9879912253528196,-6.544834561909027,-0.16072825676505828,0.31684559128252754,0.1505859903695009,-0.178715652333213,0.3164608554672149,-0.9085578124612973,-4.2904995781209,1.4481110253905045
293768,0.9917428,0.27528167,0.2,0.08508720268939021,0.6462804100049169,22.942716504783846,C,5588.164935601273,380.7251795511787,181.37093964635358,mastercard,236.79543460136424,debit,-1035.5577573921069,-1006.5553870528481,-1040.8444199073306,3.5907137856604354,-22.96537618593703,-0.01226282320504037,-1.407522297746409,-1.9457092869211978,14.35340902422909,-2.9701365911508635,3.053423482445188,0.3038694674748035,5.168436515268917,-9.120060459487972,4.641439647619673,-6.610819472100523,-0.8039393297842992,-95.22999240846448,-956.1515697144024,-1175.6096441431148,-162.96554468447542,-936.3794759690688,41.71014747790701,-129.36619190116204,29.657009883017206,285.1400990726375,-1119.589690750382,-98.10272100985253,-881.2571321125279,60.74304467543954,227.14999384536833,-999,-999,-999,M2,-999,-999,-999,-999,-999,27.790804737062672,270385.73863213294,0.26639202897865744,3.995427552050046,15.836800819919745,11.681685442971684,0.2986502539330331,-3.803922809615983,111.50739757022131,NotFound,-0.9468886681268032,-1016.0361438801432,Found,Found,197.3401503008473,-928.7400810694091,203.8931766764349,394.20071853410616,Found,Found,-1004.3365527747928,-999,F,F,T,F,mobile,gmail,com,gmail,com,nan,-990.5114832024657,-1054.3343865498944,chrome,huaweisense,5.002748805713207,4.87925916456688,2.3251252831558005,14.062743167071442,-3.251018332718275,11.90141402723493,0.3133777419914282,0.139703029703793,1.241722622665961,-0.10448176377445939,0.14481671119023,-1.0433881019375295
282087,0.9937928,0.060555506,0.14,0.03356392623053241,0.2636621704449061,44.76533684607021,S,1789.7556433540967,177.93089909504346,148.27513956360775,visa,226.54668642509282,debit,346.73126425678606,80.5952060447072,-1013.8560528800206,1.8546472946200279,10.021670323614083,0.004524302132722093,-0.7778830969951844,-0.860784970646912,-1.107066450523666,-2.5898957405825316,0.7152885229781196,-0.31669486303678696,-0.541901933521415,0.1113096481982403,-1.4298631055340296,-5.957063440380367,-2.1302534621408107,65.97011613167781,-1017.9537417491172,-1057.8526579479753,-1023.9710942401593,-987.5548707457485,-984.6422585263073,-48.77365480437653,27.932061119819462,-875.2656047076651,-989.8555812171079,-931.0259474269164,-1031.6161638960564,-1058.4848288489068,-1030.428680359975,-999,-999,-999,-999,-999,-999,-999,-999,-999,-27.56311141124172,-3749.9316724637756,1.4331843371039668,-7.4144454978468275,5.763991324266385,-0.15581347237502996,4.024390950696898,-0.5366179281849099,89.94221761022845,Found,64.90415796824891,-300.1768448795681,Found,Found,159.23785707226307,-1016.3015660154725,580.4893859216687,515.5172219901693,Found,Found,11.137895427259423,match_status:2,T,F,T,T,desktop,nan,,nan,,Windows,1918.303590931505,1072.109887254734,chrome,windows,0.9575281797690582,13.957067458737665,2.093191121453299,26.466014171036726,-1.5390713839355026,-1.5878289269344246,1.031829418750731,0.13358113353038464,-2.6514716222148085,-0.059989669431501906,-0.40129857078466113,-0.7358896963651017
235810,0.6003541,0.39356112,0.01,0.0025521382703821843,0.021421599181504245,59.34194019970578,W,1889.6775057394389,514.0787365245127,150.18001005772354,mastercard,223.81439413809284,credit,205.0795336790032,86.85316197860294,-996.6903049220879,1.5194597046455005,0.606596310380926,-0.0011899739894828216,-0.012525000682237497,-0.10775129048591747,1.0947731982433577,0.16743919707261457,-0.17506360118775177,2.049455579562703,0.022897562343943356,1.3743090192678817,-0.08481459254074153,15.884872068125517,0.8909740297510744,89.06298158433871,82.68267864281582,8.553614928781883,83.51949928635929,5.685876699196589,-1000.1033495088033,-993.569271416404,-1000.9995754035752,87.6697953647279,-990.9312466177948,-990.3100020675987,-999.2992465221284,-1008.3619001157604,74.94228563235762,-999,-999,-999,M1,T,T,-999,-999,-999,-996.206323985683,-1197.592508415888,-999.2615055739742,-998.8388797295913,-999.6227588244665,-998.9543400673699,-999.3526614336836,-999.1050423215547,-998.9067557723646,-999,-998.6777211562502,-999.0173881268629,-999,-999,-999.308722723454,-999.6098271056272,-998.2403207002283,-999.664830608995,-999,-999,-998.0083064560826,-999,-999,-999,-999,-999,-999,aol,com,nan,,nan,-998.9005262734722,-996.2467809293685,nan,nan,6.004888397628696,14.002022807111942,1.9940072003611329,-6.598528218870103,0.5257680239991781,0.3298549065505946,0.012933791717816785,0.3941768462045051,0.35654513063009285,-0.628582638736574,-4.005755673304288,2.4754449604754303
187787,0.83170474,0.46479464,0.01,0.0025521382703821843,0.020659129728920093,29.453904601747524,S,15651.473743010829,417.8825968356396,149.84854741869614,visa,226.41836047350486,debit,330.67283176308365,87.55253395951569,-999.4365402196194,1.479293153257947,1.8527686929578913,-0.0002840980076601442,1.6023693720098158,0.05860629725959754,-0.09208225453786767,-0.21494815112679477,1.0075290235881953,0.044506138045244725,0.7911389114621761,1.952687998617078,0.11183937073617134,1.919614150233702,1.8017049437573016,-1.1701728317763176,-1001.7620816586222,-1000.4558857084801,-1001.9818806581975,-1002.5406353599591,-999.0657195133567,2.270367209868096,2.3786617228507723,-995.2189410706336,-998.3029230791024,-1004.8716632399168,-1000.6417412920641,-1002.1662502478442,-1008.8640916332296,-999,-999,-999,-999,-999,-999,-999,-999,-999,-4.931867187427088,2420.8799855482284,-0.17148481494541556,0.7877771689508108,5.039909631160185,-4.229394868281474,-0.9103356189500573,-0.0753061554477199,100.53234853225842,NotFound,50.212965751380125,-360.7558321666047,Found,Found,165.52881710459656,15.026208431627992,352.41151489202014,535.9196321476912,Found,Found,24.501307156032,match_status:2,T,F,T,T,desktop,nan,,gmail,com,Windows,1370.8434887503909,765.126422523746,edge,windows,3.9967197993180745,6.974550872141972,1.0184283545087034,31.249677423843536,-1.1959474706688236,-5.332641978185973,1.1513333065407212,0.08216348314607864,0.9674215319403654,-0.10728527402439146,-0.16823366671625203,-0.5144604547976842
117422,0.99597543,0.2973494,0.19,0.0734769996100588,0.5242298556640808,156.11512328278232,C,8732.775794020625,147.75919389897842,186.5569382357587,mastercard,161.45954768427973,debit,-984.8538045168862,-1034.1769000405168,-994.1886032699931,8.134215442196904,18.697553116274683,0.01622263233730738,5.1141562483667045,0.7620260180952698,-3.194222057667213,2.3670914328572636,3.6904170165374284,-1.1332544720901172,0.08066008566631311,-3.757013699688393,0.14732390706377663,-8.129819268370447,0.8787173976447571,-235.53196157950018,-916.9478171399066,-1097.038686406188,-157.49178741142734,272.95454121566087,-86.88594245203272,-69.25452376522219,-8.44861610389168,24.077709689221145,-1033.167085510322,-44.59965116668452,241.0575653287287,-24.20026855224735,-36.31877412148482,-999,-999,-999,M0,-999,-999,-999,-999,-999,-26.840115539432304,156943.62586253698,20.62505094851531,-25.409410329910315,37.75137098178436,-20.335755348057887,19.549445666832867,7.52505276976035,45.100564729272264,NotFound,92.74435822486316,-1022.7630269281867,Found,Found,210.69759495667722,13.076123286781126,282.7258689527124,97.7225768362415,Found,Found,-1012.560811580501,-999,F,F,T,T,desktop,hotmail,com,hotmail,com,nan,-910.6455558549991,-1017.7399144103115,chrome,windows,1.7436562052165514,18.93200141228042,11.917820964871503,9.828356068087523,-2.36609404639323,16.225779108752597,-0.6784321952912715,-0.124564124420352,-2.2127777489750966,0.10676857104422621,1.0376861247537206,0.27918704164336766
313340,0.56543,0.28320765,0.01,0.0025521382703821843,0.019341136248291438,116.78826655488017,W,4065.4350490008064,444.46748473116725,149.8452129227451,mastercard,223.38841938526713,debit,123.46442599848162,86.77585034591708,5.7620541031724315,3.521687958301195,0.9215381155846529,-1.5637439550548506e-05,-0.19363717018602244,0.0625585427661779,1.9459957042588591,-0.025793614541969934,-0.010851632629556462,1.0077777125803724,-0.15172682951495187,1.3178010143925754,0.25401677935685685,2.3390487062009377,1.7975682613480188,2.8059268858814104,-1001.990101504774,-998.617676929051,71.69904045151443,75.00760450437792,-995.3631414343043,-992.0754863432842,-997.5090943107463,116.45089562787665,212.07263986210904,-995.0099660073706,-993.3294438146523,-1002.0702039349802,212.65030267092948,T,T,T,M0,T,F,F,F,T,-1001.5258080109065,-892.358122622798,-998.4830942258089,-999.2462808625266,-998.5934150545072,-998.8709329811022,-997.8402930395584,-1001.1274120807258,-998.3670669574929,-999,-1001.2519966148211,-999.4486556825225,-999,-999,-999.8981987453742,-999.1099786202282,-1000.581818665672,-998.4041111809938,-999,-999,-999.9274113329216,-999,-999,-999,-999,-999,-999,gmail,com,nan,,nan,-998.557224625919,-1001.345341213726,nan,nan,4.0051271534687976,18.02974048049399,2.995388550344801,-7.524550739019011,-0.009951361681455329,-0.6016932835545937,0.2600060559799513,-0.14364257180607118,2.196068254304152,-0.14165783300994633,1.176693317642212,-0.7173859587725732
133220,0.88700074,0.4536099,0.06999999999999999,0.009434629620313228,0.08302555829392952,324.72533171820874,R,15049.454108428155,518.2113963988046,150.35187836241428,visa,225.68720597039885,credit,339.7241495936846,95.4091747220227,-996.2041409658405,-0.7159266044623624,1.4331113912939735,0.0018830738154216107,0.44491939182813134,-0.1704275712675516,0.22302652566109948,0.08069770220000949,0.9788913865218554,0.013225196923949412,-0.5681916750203522,0.8120169391668384,0.11802178205616354,1.7441280600543045,0.6202612031345476,-20.93269373805915,-994.4623814273913,-979.6219194672499,-1005.3961483129387,-963.7873064422203,-972.4397181852694,23.7075893791307,-5.174959790201306,-996.3007553973565,-1010.6942468515117,-999.7138324739202,-1020.7418241931631,-33.96581245265448,-995.2993533373914,-999,-999,-999,-999,-999,-999,-999,-999,-999,-10.22626381045825,206171.54408256966,-0.9113308236150033,1.2038481446166998,-12.29343583699415,-47.891055565280226,1.9819754140604573,2.214761343115015,98.40574700289858,NotFound,59.9710771445657,-597.9427644663178,Found,Found,162.41396558116082,-1001.367857491656,111.13968058405237,219.99196607426643,Found,Found,34.55793675449377,match_status:1,T,F,F,F,mobile,gmail,com,gmail,com,iOS,2434.438741025009,1128.2173381578039,mobile,ios,-0.015498168168871729,3.0737697468093916,12.024086177293903,31.600350974700564,-0.618182481672806,-5.191046250574645,0.8020859542728538,0.23872133611246196,1.0895578031530146,0.025609754699706215,0.4034350872275913,1.0122001987008047
241832,0.50230813,0.46843916,0.04,0.005058857517455529,0.038573079165425475,50.22347722914679,H,12371.742424860317,554.861809057601,149.61005458601508,visa,225.43162321872387,debit,261.1882923460277,84.1792981273582,-996.9600608001253,0.19407989362068,0.6266267303007194,0.00137201076498624,1.8051735711557537,-0.29203836690084106,1.3411762825970959,0.38640987538742033,0.5165521007275391,-0.02210264970207021,1.2675516800410414,1.759687300502831,-0.4009511476298844,-0.42930050967567723,0.33540501805363476,-8.692692737755982,-1002.065124427623,-999.7409539370475,-979.0615641003864,-995.8729876979736,-997.1010322620733,-991.5680864711366,-996.9048459700593,-1000.6734973240879,-996.940848909786,-999.2422132801332,-1001.633124085072,-1001.2288319735445,-992.9213882615112,-999,-999,-999,-999,-999,-999,-999,-999,-999,-6.725022032351262,281143.53059316933,-998.226465049458,-998.324078188866,-1.556116901826499,-1.57602192432023,-1001.4308108732383,-996.5370515085133,98.16023966018179,NotFound,50.9858004318711,-359.72681185831846,New,NotFound,165.89893860245343,-998.0060571631741,547.2067417173506,214.0965200838284,New,NotFound,23.52819423841288,match_status:2,T,F,T,T,desktop,yahoo,com,yahoo,com,Windows,1276.8594182537513,1020.3414172353876,firefox,windows,0.9958475508748585,15.999545043596605,2.0356565388905437,31.16375198504909,-1.1910781047131125,-5.418862132247118,1.159674296269641,0.08669277496194258,0.9762836401299223,-0.11569978427746758,-0.20330177881827383,-0.5367821220753056
341769,0.7243331,0.45393333,0.02,0.0032300924127905565,0.025794653117287923,117.05605676127422,W,8399.446027616326,309.9286638945449,150.64631006113152,mastercard,117.06417936796792,debit,126.12615725727841,87.26748754806775,-1000.0325589602444,0.9469187167618074,2.543260363167777,-6.732834523353898e-05,0.1182984097468589,-0.07319087321050333,1.7782485109514408,0.2948072944586664,-0.158055986924186,1.9910440627202548,-0.002129615188898093,1.3568621444915667,-0.23730932057857057,1.144597864532809,1.0793055532029516,1.198960404681315,-0.4468125735106525,1.618570781635551,-14.219342580237917,6.896799827113731,-985.021901595648,-998.152038447533,-1000.5255012303934,-2.4908101375127187,5.316640707839326,-995.6393768780983,-1013.2183770850073,-1001.147920338634,3.5852600195363467,T,T,F,M1,T,F,F,F,T,-998.1864361313419,-1429.9864674463606,-999.6806048729925,-1000.3393577917432,-998.9529562667001,-998.1606618000328,-999.39750448562,-997.2392151707286,-1001.1432473498064,-999,-998.6738739128125,-999.4174904604395,-999,-999,-1002.392526781314,-999.1291645487873,-999.1627036111803,-998.8432567116788,-999,-999,-998.8920939458199,-999,-999,-999,-999,-999,-999,yahoo,com,nan,,nan,-998.8871337180271,-1000.51472026825,nan,nan,4.985183367390543,0.015382813326828781,2.9894347681406916,-7.57001030416696,0.5494608192202322,-0.5613135064902153,0.2311496877459361,0.2388076991148506,2.402331715393723,1.4577429174248535,1.0943736901316028,0.16376170521672273
79540,0.9992594,0.21442865,0.21000000000000002,0.0982356594956918,0.8194347656386687,164.12629343508013,H,2652.7205267650843,151.6178774579711,150.47643957621221,visa,224.41298787706359,debit,298.01681334040126,85.79240958862003,-964.6975315877667,0.9762223819886007,-0.04528684224530011,0.00884235994051708,-2.8871359544940622,2.626159077524167,-9.765287219485238,2.9310044767686843,4.242879791190964,0.7578377609131777,-3.588294787545114,16.63283040716636,2.0119738569590426,9.513177165332664,-6.512062188695364,-101.41050069803603,-958.683717071355,-826.3781074782556,-702.417161335595,-1064.344529730902,-1264.0236068801275,-760.5419196765074,-788.5174345846902,-625.4921225292586,-1385.5315458278176,-974.8352886249847,-901.5251236476802,-321.33887770594316,-763.4521570232629,-999,-999,-999,-999,-999,-999,-999,-999,-999,-2.104230416712312,122895.84993812273,-978.3827029756285,-985.7964003007521,-16.538548834110088,-96.48741723518356,-983.4038884261613,-1041.0273582533139,139.11306624500662,NotFound,-45.39011249321425,-380.9938087292272,New,NotFound,222.710425669105,3.439090119081584,559.4696174724367,304.0108163735689,New,NotFound,42.403040814941846,match_status:1,T,F,T,T,mobile,gmail,com,gmail,com,iOS,2168.308915718092,1250.9287487218292,mobile,ios,3.071671248168477,1.4561964475007585,12.117977666398813,31.160295728802083,-0.9917877957663908,-5.653690306233531,1.1359858788705792,0.09444763067031059,1.1272780997468896,-0.21580312402361918,-0.12203206637366233,-0.5400052006362557
465863,0.8739062,0.25664067,0.14,0.03356392623053241,0.26955714042633894,247.4183222251882,W,5062.1874063969735,363.85955137432114,152.51662792756187,visa,198.9406159162619,debit,322.0919588546959,77.24505345640553,-977.2650164333274,0.9571847850395905,-5.581252528246278,0.003649344784284996,3.9307782527973107,-0.26215373379106044,-0.8870295772622931,0.7223533797704205,-2.0101792753397874,1.3677603219452972,4.107178485167993,5.388007096128727,8.631528195671045,4.389541878206032,-0.08005994681288087,18.570053527777933,37.135906260074755,23.62597266062019,-911.7484919282417,-1018.8080632417449,-938.8106028424904,-909.25320115234,-979.84342556778,-107.77422621909793,-929.6666895169933,-933.6504949163807,-1058.998165805693,-958.0358203794432,-1011.4788028805821,-999,-999,-999,M0,T,F,-999,-999,-999,-975.1675039506797,-3999.289092312145,-999.3300027085805,-994.230589887556,-1007.5172864986021,-992.1874050141002,-991.5959419811102,-997.5492365726184,-986.9304064951966,-999,-968.3724272155539,-1002.156361743384,-999,-999,-972.6846302590645,-993.0106772239935,-967.2482656917891,-976.8962684394508,-999,-999,-1015.9105033459131,-999,-999,-999,-999,-999,-999,gmail,com,nan,,nan,-1047.51554173756,-999.8292766003274,nan,nan,4.966188739882514,16.68240071428115,4.13420329049385,-1.3885240637438931,2.2704707542546276,-7.139178401823274,-0.022484242813841003,0.2873102297879426,-8.469660625487718,1.6253422257783494,-4.513067389619935,2.6076156679790152
289225,0.9987263,0.0057840017,0.26,0.19338051145240298,1.3328294122290878,170.79528780930616,S,4134.769988389424,578.1891097468326,135.4354299169081,visa,189.19057365083333,credit,277.74520020899547,72.73521515927617,-1041.296212375989,3.1012459907709964,4.1528052455606534,0.004756614010990471,15.28495724774432,5.727692945665321,4.377753334129137,-12.675426740682207,-7.43957333543379,0.5067900616229952,23.255801862895854,0.23468337427058295,8.028027780115732,31.91727465071484,22.36715056206478,506.21178401402574,-1142.2235336749688,-1233.295376520595,-582.6654848538507,-1146.6860947377816,-813.2463311051606,287.5163303200777,-41.819227887084416,-558.7379054514827,-765.6286542186789,-719.7458575186988,-562.785713815508,-285.3573039677406,-1197.601540269277,-999,-999,-999,-999,-999,-999,-999,-999,-999,-1.2667570513785904,-15949.937354559122,-148.63718341607228,3.276991200591283,19.773129801738378,11.214341390324535,67.66121217637885,-122.69932201747952,181.71067610030082,NotFound,0.08425453161794394,-289.40256290966875,Found,Found,231.0271942203358,-19.253791000745764,166.73775134016273,387.2720453951082,Found,Found,52.73730081552014,match_status:2,T,F,T,T,mobile,nan,,gmail,com,Android,1328.7536040248983,690.1042434496455,chrome,nan,3.4252086532245505,20.546797388941513,3.093461953865809,31.430286109769362,-1.1337358296037445,-5.523146523757597,0.8968649590401128,0.3233309165038112,1.2197670392211661,-0.2125088780792754,0.04925842670914424,-0.3518847026881106
284569,0.8141168,0.25730085,0.02,0.0032300924127905565,0.02765833156809798,33.9970265758742,W,17413.842137369356,110.73355059561504,149.96823856482158,mastercard,223.71263282316232,debit,203.23950501870834,89.05043763657362,92.16819221045216,1.1949112355527642,0.4294776584509936,0.00046460063678951426,-0.016096022660853748,0.001260072984061722,0.7510643441866804,0.05363551059871918,-0.1352209165654994,0.909632305715331,-0.08947446977628637,0.8189410129456771,-0.07818796711150977,1.3999313313877444,0.8609888301528752,-4.80187577668174,0.9263735392638882,-3.5983675499692254,-997.9042475500302,-997.5898325952458,-1007.8706416204066,-1005.0780505215064,-1003.8813759682545,12.464577399655974,13.517025573933674,-994.9524858543404,-1000.753637816199,-1001.0063325906651,-3.8725719766365914,T,F,F,M0,-999,F,-999,-999,-999,-996.9120312054805,-794.60381881793,-999.147159830394,-999.1763985048727,-999.3466337881969,-997.5350356617931,-999.0030217336816,-997.2423284045533,-999.6913225032526,-999,-997.8726475858152,-1000.1972724764744,-999,-999,-997.4980911120888,-997.5677642710202,-996.8817450375053,-998.7595176462521,-999,-999,-997.2303415677519,-999,-999,-999,-999,-999,-999,nan,,nan,,nan,-998.1903239874205,-1004.1523113227465,nan,nan,1.992708596691788,4.022049903664122,2.002003601413936,-5.8631042775875954,0.6247716524184365,-4.179453680645035,0.361787537580226,0.2936109957779102,-5.398786614032205,1.6566754796095307,3.6512693663377287,-1.188512240729874
459192,0.96262103,0.021128017,0.21000000000000002,0.0982356594956918,0.6538707854414391,26.21339377915656,C,9552.400997657249,126.1513373053485,182.36740781915773,visa,145.9813117695732,debit,-953.240112077367,-1008.1613078168391,-984.3941378737463,-2.2485617971234646,-8.885591156799318,-0.0020560238934933563,-6.05457802656037,4.668891281974758,10.309053714175153,-1.065229613781331,-2.2652493331527923,0.13312350075832047,-9.662992954626183,0.7289035996589206,-5.237951740456716,21.37941619117403,4.681109356069342,-128.24212096315725,-1170.8852775955427,-1152.054527374284,-939.1042111289029,-940.7685404766304,-1184.6968441218658,-848.4483056613252,-1156.0399700089456,-982.4186938716445,-1058.3062224073337,-953.455600659914,-871.2338954662663,-1159.2507403928817,-1062.3415485786522,-999,-999,-999,M2,-999,-999,-999,-999,-999,35.7386251137425,213289.94947818352,-999.6017908423727,-984.6350415382759,-13.11533747381668,-21.469229553104924,-1037.3509578372373,-977.2333770131754,83.98819342046409,NotFound,12.586550404626678,-983.4613715700452,New,NotFound,182.54617912813137,-995.2215624553972,214.2243496198107,493.12043281678814,New,NotFound,-961.4739382529588,-999,F,F,T,F,mobile,gmail,com,gmail,com,nan,-976.370627156926,-865.2281572204836,chrome,samsung-g610m,3.018555866342853,0.5667129759190832,3.8806749220077714,23.619286922766392,-2.9900921794231614,0.22958985296920886,1.3808050312901134,0.25548074927151093,-4.555407384030501,-0.17801108375699498,-1.1581644630465926,-2.0703063605134244
139193,0.6996456,0.22695006,0.02,0.0032300924127905565,0.024499576736652134,31.802553963133207,C,9916.626564093423,142.23391779187438,184.80539802880983,visa,138.43281549400535,debit,-997.1055254625346,-998.2171644891969,-996.6330288285614,0.936824277842403,3.353114015003431,0.0008163231178736057,1.2860472353140686,0.04384255375742452,1.2178705237062246,1.1563706810409586,1.161153853485355,-0.006299559329137061,1.649332010708524,2.036112671468352,2.260358236949793,1.789650546844598,1.185929176509842,7.384941779292253,1.3426171475476998,7.3837568999104715,9.556761619576923,2.8475704994440503,-0.9086568961853149,0.855725462441066,2.8979635946501676,9.388454182094554,-1002.0493596131346,9.091592904444717,17.625941635787022,-993.8554635780275,3.4556589894477407,-999,-999,-999,M2,-999,-999,-999,-999,-999,0.13800349069026652,274627.2822498428,-1.3628297146275372,0.9575184224839859,-5.3684947054285885,-23.606652561881333,-0.23079891450549894,1.9971370651501275,97.22943404012244,NotFound,21.481704471307125,-998.6714903815322,Found,Found,224.65048083742,17.028002865939243,419.49787022348016,505.42711678472904,Found,Found,-999.7010125630848,-999,F,F,T,T,mobile,hotmail,com,hotmail,com,nan,-999.1119684600783,-998.6523952249936,samsung,samsung,1.9930688465494808,14.975032090248613,1.002703142408989,2.8447852003758687,-0.5577652548006975,9.749202482788005,-0.9307324434507771,-0.026662879328969356,-1.2169009138813056,-0.4692300288335927,-3.1746714143153203,-2.028925559971389
435139,0.99639755,0.32363415,0.22,0.11308859038292954,0.9884654733336944,39.411215766871265,C,8870.113037543915,180.9753223320242,192.37302239772754,visa,142.5563440786937,debit,-1029.3014529340899,-921.5356575959133,-999.0335034170325,86.50416515431098,82.48943546017883,0.000109023677928974,-2.0170481066956674,3.0806315620587466,4.73750114021941,10.899127300048098,1.253585514800578,-3.250390241256822,2.2444257431446224,31.512553475111723,-1.854134579436403,16.449286838386033,3.8458357741755185,-57.76021983658913,-930.4725021274188,-740.8294803097701,-988.5400276048881,-1224.825948016238,-895.947328203474,129.7962623984412,-81.93704749073562,-1356.5996725445875,-657.8773654491321,-1397.8927992623574,-1337.1304851337811,-1080.0337686275786,-1334.8316269769857,-999,-999,-999,M2,-999,-999,-999,-999,-999,-13.113257069385782,85943.99889681718,-11.206026059643818,-60.67030593442155,23.00206839581449,47.61415845753277,-2.971171875705977,-10.672086003117215,3.5110220579157385,NotFound,20.02201978183723,-979.112268868309,Found,Found,264.71051986340694,-996.9709516663671,199.68602626677807,680.8946548723308,Found,Found,-1046.3821441510488,-999,F,F,T,F,desktop,gmail,com,gmail,com,nan,-1077.4136519265949,-955.3243188650349,chrome,nan,1.1149855069815506,-0.8920025509948655,4.132795163485932,18.574273606856206,-2.021255049896648,-4.78276672008386,1.2890469677095773,0.25146260507668505,-3.9920037544558835,-0.08162646138750967,-0.607894497598565,1.6424291668117694
558946,0.89215237,0.2466707,0.02,0.0032300924127905565,0.026818343839936858,49.508771901433235,W,1429.9761946696308,488.83535824253613,149.82615432511568,visa,165.9163373669555,debit,202.99941955261068,87.11768325973532,3.6641646472793354,1.711177118942535,3.2032667835181936,-0.0007890805412227508,0.29139515965819474,0.031001939203255446,1.7457412087137003,0.2015640474119933,-0.918408835069334,0.9738385155370803,-0.25220756423980273,0.6509701337251794,-0.1227964255143732,9.083264369125867,1.995033944640574,101.65633818469632,103.74635463104153,7.846743390146409,97.77734805236473,13.808690439751649,-993.1957391495795,-996.6894683824105,-997.7455271753424,526.5862103770775,491.79224079528154,-995.7298638764543,-990.9139619150926,-991.7599939548182,541.798360110617,T,T,T,M0,F,T,F,T,T,-999.1317904883658,-1235.9409142250079,-997.0045195197305,-999.0118391655313,-997.4699098469757,-997.2257645111764,-998.0336140122658,-999.5126393033132,-998.9196162637611,-999,-1000.0237367085012,-998.5857097478337,-999,-999,-1000.568792010127,-999.6493180494152,-1000.2816130806748,-999.5495677145193,-999,-999,-997.1372342040374,-999,-999,-999,-999,-999,-999,yahoo,com,nan,,nan,-1001.1299666052432,-997.9906600212252,nan,nan,3.0109226594745255,14.996825712721902,5.005277673152385,-7.537622712393151,0.20150365323732758,-0.6010334280147599,0.20567136632001284,0.16064726884469402,2.205923329761534,-0.06396930024248809,1.2597931010784396,-0.3980439869054648
55210,0.93277913,0.38236606,0.19,0.0734769996100588,0.6144466108670273,43.2504318029583,C,9089.892860915255,123.98506484487297,196.1752740600748,visa,129.33490398134674,debit,-969.5031118238442,-985.0998163085428,-968.0029915957241,4662.747482578302,5635.898424659154,-0.00044277560007089257,2236.5538574345314,-0.13014561386317958,2236.959432694215,2241.0480177512645,3318.1126841302075,-2.1074747300031698,3231.562771329974,3176.298046995955,3166.362861071362,2889.170797792457,1417.7705111075497,3.95333603601866,-1212.1522531949709,-1080.6807519594186,-23.87070153433696,-1012.6158525992365,39.23268138206508,-205.75850848612052,-17.400656995167623,-1029.7895100000276,-1101.945298392299,9.547568388004658,-870.2269381380939,-7.749056537968424,-86.08985078015502,-999,-999,-999,M0,-999,-999,-999,-999,-999,15.297534231518625,109698.6796690928,-0.8647038032061118,15.706960154344415,-15.278380039400417,16.455035962334705,-33.68632453939358,-15.082534052792084,89.2689781307563,NotFound,32.1970461460586,-963.1911953020198,Found,Found,266.8784546454051,-1014.3750472517941,242.1249823940335,122.98094901009915,Found,Found,-1033.8248675499663,-999,F,F,T,T,desktop,gmail,com,gmail,com,nan,-927.2547890799958,-1003.2518916647394,chrome,nan,3.7692562289204656,22.090636056131835,11.663195714439912,14.205738359440804,-3.487806053160612,11.73336093146352,0.49101117507447073,0.0020767821086104233,1.0908227767407572,-0.6447770857314201,-0.28553045342561334,-1.5375310488542904
465627,0.8467954,0.37197405,0.060000000000000005,0.00771172199313132,0.06470678618515836,39.363651494134245,W,9511.419943525258,321.02049974500835,150.37144865105896,visa,227.612440518396,debit,271.49756022272993,87.02399989448097,4.566822546103026,8.764219494724653,3.344701058582677,-0.0025555930967562515,-0.47514709438577984,0.40009993807509225,5.440581217689896,0.6099592522994555,-1.6295595988628513,1.0146860702449025,1.4272802278036152,3.67538051271001,2.1340048471011945,8.438581219292285,7.063056499448105,13.659164296459096,-10.288844317364916,16.600473227672932,-989.1756967164965,-1007.9534614766338,-1019.8880611082117,-1015.1581552843941,-1006.1948048210647,307.1963615199938,366.6989866687451,-977.1625207742508,-1006.3238207582218,-1006.319727847654,282.77461855194053,T,T,F,M2,T,T,F,F,T,-998.5576290049021,-1557.5550752076524,-996.8634283781748,-1000.9150570837447,-999.0641389423251,-999.4676381935205,-1005.0946201660565,-999.9492225568806,-996.6868092729247,-999,-999.6664946019671,-996.7915015930167,-999,-999,-999.0126659769112,-998.6738461274512,-998.8598934175695,-1005.2827936567194,-999,-999,-1001.7806046333831,-999,-999,-999,-999,-999,-999,nan,,nan,,nan,-1000.5984119205953,-1004.4472454316588,nan,nan,4.992069174601507,16.14604610488496,4.012207166779862,-5.856674796586345,0.6812456551990204,-4.173509786133702,0.32611557804406494,0.23219130268323332,-5.391160990674568,1.7174883397396605,3.616707670308196,-1.2490370854183659
158350,0.994959,0.12661923,0.22,0.11308859038292954,0.9726163592825225,38.63185271957734,C,6472.27241746099,351.35169879953565,187.15803063773944,mastercard,238.42954294161643,debit,-938.3868877560781,-1019.9212914847681,-1046.1392346905402,69.3644264552408,66.52793240772866,0.010381075149948817,16.535083827570634,6.7927548828334485,15.474524409229836,10.10559127329299,41.73810603435183,-1.6716709703741666,20.576177552188057,10.112551467812214,26.805984312744112,8.722032444262911,0.6103146767209724,63.13474181795383,-995.0833698264335,239.96436498712504,-7.353886744084323,259.44224683279367,174.28260468215743,-933.0219654523972,-1070.1754773324242,118.60270735710492,-804.7030396738302,206.3927436625425,420.25217668378696,176.9676795515433,235.5285048290597,-999,-999,-999,M2,-999,-999,-999,-999,-999,55.561049605955304,262665.26597497624,-959.6291169124182,-973.8160860697022,-57.82449260953456,27.534642127811367,-1025.3983367412457,-1004.592997259972,85.06912943605994,NotFound,20.824215023293846,-1053.9933503232464,New,NotFound,283.6484954965182,-1021.7792030303405,71.65912381643943,424.1791769487496,New,NotFound,-1074.4779678077568,-999,F,F,T,T,desktop,hotmail,com,hotmail,com,nan,-861.4982305093437,-1125.2042423691084,chrome,nan,1.0020588062505285,0.018376990872834398,0.6060836248864572,9.44490490119849,-2.648739570765172,15.933972637827106,-0.45622478474469785,0.19087575455755978,-2.1203991105787585,0.1366665315205273,0.7374176917818791,-0.6386999103403392
153686,0.7323349,0.4284875,0.04,0.005058857517455529,0.046565758098911815,116.23735607680814,W,15049.050645264182,168.45183497729272,149.94272522622612,mastercard,101.37754793952091,credit,129.89159652762828,87.48272465311854,-1004.8386825850873,1.5792421288246299,-0.16091133380409772,0.0010112001978033911,0.311240531948096,0.1432681163557037,1.087464933671587,0.6429466275552702,0.5282321138517592,-0.05615078317909816,-0.5753380469213853,0.9319359139726551,-0.339678489454724,3.463467547916263,1.282339468602503,27.553592237290495,15.455573176580387,20.371211914446175,25.116514572235648,-6.037709555017124,-997.0471663088333,-989.4701371539693,-999.1982760506945,15.562512034995574,-991.2737890368244,-1002.6727496508186,-1009.0151922231743,-1009.0231543550053,21.031788186000867,-999,-999,-999,M0,T,F,-999,-999,-999,-1001.1610350938965,315.5871949643624,-999.8711806089111,-1000.0429075356068,-1000.6162624793837,-1002.5956577331971,-998.6406723741059,-997.8128317334618,-998.8037111984861,-999,-997.8272715594484,-999.9150513729961,-999,-999,-998.6199587235479,-998.2106688106237,-1002.2624073151471,-1006.3174178005399,-999,-999,-1000.391181944379,-999,-999,-999,-999,-999,-999,aol,com,nan,,nan,-1004.6974039495705,-1005.9430280431848,nan,nan,6.02057841975547,12.997140623300952,1.00263520521575,-6.546304936727103,0.025827664806904654,0.3316188620647661,0.15728106669424574,-0.07487550742432324,0.36598279829736086,-0.4902286479756123,-4.3444405951392255,1.582506917663132
122711,0.82581997,0.40236744,0.05,0.006265852597583031,0.04531926098516594,445.72689494256974,W,8717.105844947415,169.00499783079565,149.15363625792486,visa,224.31931606628365,credit,302.3358533359951,86.13247019927425,378.9737709627757,0.49470986302438114,0.6792905051533786,0.0010825046041289654,-1.1098677430845862,-0.08606610265096748,2.614412400401066,-0.008184396592821663,-0.39598077233069784,2.8906331604107898,-0.19965822874873318,1.4561197627609328,0.380483706866368,17.3601998683509,1.3276025837300471,57.69311634692918,64.37627983073082,-16.52300505854613,65.3424162249926,4.6742749341760055,-996.876584827606,-1008.1001327878749,-998.8283704856653,50.034210931412524,1.9254108691081033,-1003.1364682848631,-994.5358871671219,-1008.8342564897403,57.8287307284947,T,F,F,M1,F,F,-999,-999,-999,-997.6634140432027,-1597.5066396561597,-998.7694556497979,-1000.7648822547526,-997.8698329025776,-998.9536141108002,-998.3530709119119,-998.7244675934584,-1003.888071946122,-999,-997.2607649812301,-999.5091632741191,-999,-999,-997.0778315392729,-995.9329465565053,-1000.2988039284066,-998.579529466211,-999,-999,-1001.3743111263068,-999,-999,-999,-999,-999,-999,gmail,com,nan,,nan,-993.534568314732,-999.4170534111086,nan,nan,4.010363773067091,10.008626832410542,12.012492256293303,-7.60096863542614,1.3060147983892056,-0.5716991918930255,0.027970689950105068,0.6175144970995201,2.3154947322887316,0.7344877832463264,1.8627975052947614,1.9601660496892819
388729,0.99542624,0.3540059,0.25,0.16975275626876413,1.3011738581812347,36.96842216645027,C,13375.824957390767,405.5732594038112,149.41175426623076,visa,226.43077600717413,credit,-861.8287230958882,-953.8457428914106,-919.626703786005,24.010208697026307,45.747967072597845,-0.03219402942260654,13.641628531039022,0.5987576384680198,26.068659004701445,6.3464784967393015,26.3653638267307,0.35892797017370803,7.06875896349299,18.42084505417651,48.12759581741998,30.324689427940427,2.4155470960540217,-298.5442816390435,-124.30920750944792,260.2206306810402,68.46809661700192,48.77740013617267,81.76242517747255,479.1142262400637,-63.312878985704415,33.56244400152372,-753.0364134169322,314.04715652302366,-11.382682995252859,-966.487749819454,371.1699939914462,-999,-999,-999,M2,-999,-999,-999,-999,-999,-93.7415249056753,736648.713716355,36.728170172072055,46.479962478029165,-12.638973546897887,-70.03751038106077,-20.861998254224318,-18.006163106118834,184.27747780579762,NotFound,75.66198833019462,-914.9545975964874,Found,Found,179.20265652578257,-33.653282068433555,522.6459557664947,265.9534376353099,Found,Found,-957.7180106878577,-999,F,F,T,F,mobile,hotmail,com,hotmail,com,nan,-1005.6534682763549,-1064.6941319270352,chrome,lg-m700,6.093488148700808,23.366327084137673,2.743038081299538,2.9974582269782917,-0.18063476663687594,9.772663799058796,-0.7962925875967612,0.13089825050794296,-1.202397231522746,-0.5099481569545723,-3.607820363608159,-2.0221325377430555
296816,0.9751971,0.46891683,0.09999999999999999,0.01672075323499393,0.15363438282499461,227.04413272088294,W,12511.265531290708,554.4584671558281,149.46435772023636,visa,226.34982146916383,credit,292.5240111217511,88.41979305308902,131.4517900020228,1.226250079845757,5.416616357639377,0.003636792384902383,-0.3671518552728559,-1.068356854177643,6.219924996650384,0.11400331678828124,-1.155349808827169,2.8524047272068986,-2.3470258336918013,6.209866310035952,2.409782375826884,4.9816510137951795,1.6439551890740418,34.29443600698036,-34.736609693262686,53.09166584851213,55.21513541735286,-1026.2194494239095,-985.0762193668377,-1090.5614116960628,-1026.5447228991845,-26.98508442922664,43.72715675176506,-960.5429022631209,-1052.7215497477264,-931.4789118779582,23.767530457028425,T,T,F,M0,T,T,F,F,T,-1005.5955950883142,-1795.697816922213,-993.0089881139355,-999.9466365103192,-997.0269158821202,-990.4660499934647,-984.5225400298727,-1004.7285001232257,-992.955850532556,-999,-998.1124460562853,-997.124490791754,-999,-999,-994.6583942317652,-998.1781301403289,-1012.3570605021205,-986.7808255470213,-999,-999,-994.3401036719893,-999,-999,-999,-999,-999,-999,aol,com,nan,,nan,-980.811650499332,-976.782076979216,nan,nan,6.028839806859361,1.9005143369541084,1.853052563129228,-7.542438717375567,3.3501688881469294,-0.3434924677679859,-0.9589847580776649,0.4217806027649371,2.664326587561817,2.8293070387363812,0.8690364804282561,0.505253431308118
57072,0.9706779,0.10243904,0.13,0.028378895023486856,0.21812005190635286,60.67431416381105,C,10106.743877699892,138.67442852246631,186.05528257559467,visa,139.48907953557173,debit,-990.9113825172958,-986.7801972449412,-1027.230711175795,1.8665723400899008,1.8096620221823123,-0.00974322656284669,-2.078494427030627,0.19231950953723942,2.2726779535352746,2.922997505908272,-0.8926512642006781,0.5810366340879245,1.3994170674192374,3.8250422398176873,1.8070288436880353,3.974018335142272,2.837712454964981,-50.79388364895826,-1017.2751281105426,-978.7284000838399,8.05450612195504,7.470838788296954,41.23651475716145,-39.89701593934259,-4.656918244630145,-970.5310170994154,-1091.1366906271455,-5.924607551322093,75.87528581750422,-28.650571760080613,-60.626283183083,-999,-999,-999,M2,-999,-999,-999,-999,-999,-14.652737496203713,71091.65222396576,-13.457191884984354,-3.0641319487065175,18.81133776325362,10.737906416401756,11.091049544760153,19.56607427178392,93.28251662124694,NotFound,55.176488521729425,-998.0857492513217,Found,Found,211.39544979063953,-1005.9776328664426,272.1083498991562,524.4889960925631,Found,Found,-998.9735007019979,-999,F,F,T,T,desktop,hotmail,com,hotmail,com,nan,-996.830944169069,-989.9573983144483,chrome,windows,5.0149292983558595,13.835344356936606,12.181940879362777,18.739893321954945,-3.8902821880657648,7.964679698172002,1.2492636096465453,0.10630728817570641,4.429414519243504,-0.6841986082160504,-0.4994695454731486,-1.4217821632748173
323998,0.52461123,0.45147318,0.01,0.0025521382703821843,0.022674516869935858,59.476921912486446,W,10597.202810881012,583.4014923189857,150.24130403070777,visa,226.14994590661695,credit,219.7244432564392,86.27725080153044,-998.6842135161804,5.405978324384298,4.327808669032581,-0.00045348777102937124,0.2938167047014928,0.010752314646551575,1.6807516482825706,0.03165715673361236,0.1116654773018606,1.044482817545787,0.1958724080426757,1.1365236907303782,-0.0992599974772519,5.89733357251616,1.1056541692266313,111.42544426747759,109.20902008950927,12.254372196475812,99.15971484264341,19.71567717678461,-1000.2626880951512,-989.9314167152219,-999.9706171691979,108.97741713271425,-999.2728676353139,-1008.21773646306,-997.5093825236257,-1003.8262220783687,110.15522758713244,-999,-999,-999,M0,T,F,-999,-999,-999,-997.4788498635334,-1371.4959252922272,-1001.8984675649361,-999.6634201253526,-997.1782496517005,-999.627183392798,-997.960843561682,-997.8464317480502,-999.9650874369632,-999,-998.1844001543212,-997.9776818170408,-999,-999,-997.369885751429,-998.771300393891,-1001.0156273487021,-999.0358348978177,-999,-999,-999.8558492181371,-999,-999,-999,-999,-999,-999,icloud,com,nan,,nan,-1002.3307093263259,-999.5164601498291,nan,nan,5.998585095500681,19.00205628295143,2.9978605300904295,-6.5505389501368505,-0.11872230482064516,0.3193772813272888,0.14139603955707739,-0.1340778243259252,0.31772073408380264,-0.9152240493333166,-4.279002337565977,1.4906688425732695
127845,0.9973596,0.32723927,0.28,0.24919445743323487,2.1420584909552662,136.93742606827806,C,-1207.4659209102392,619.3996702934464,205.1665172868072,visa,99.35047238146346,credit,-1061.9616754682484,-930.9216652531741,-940.6020284610785,159.79114875269397,237.24718849311031,-0.04900065705184918,74.50413173056542,6.710645540863617,42.44294313803739,54.68958146268512,86.00150990422209,-0.009320492634496524,34.0813848900872,133.68747122386142,102.02040750315065,32.79609544486541,18.754514779462856,-359.1158912961362,-868.2945540283619,-1610.875865276257,33.59979256502089,714.1914143218081,396.0987390871022,-2907.719167182859,-1204.734655475797,-634.6706333041634,-534.74249160454,-331.1195159714308,172.6886210868821,-169.3470960765195,710.543810508879,-999,-999,-999,M2,-999,-999,-999,-999,-999,-152.23415673771558,55725.72653857778,-1036.0598207111084,-1006.5326319568422,-135.28613929747883,4.339096351538274,-1055.9272306281541,-1017.9505602269892,94.6729848438116,NotFound,94.90886150251447,-840.7836743740311,New,NotFound,203.13880578499095,-997.2838880049883,-29.175821221240653,396.0432273209625,New,NotFound,-1039.7884718401237,-999,F,F,T,T,mobile,hotmail,com,hotmail,com,nan,-654.6902466566369,-1019.1956772793251,chrome,samsung-a300h,6.148073527451611,19.945413992252472,11.62329829946811,9.827040229835921,-2.6960668956589724,15.958987187703572,-0.7358671266764558,0.2773497223954826,-1.7806093698828507,0.20254562784885674,0.8079654401284242,-0.1416385293989501
476474,0.99776995,0.40170455,0.22,0.11308859038292954,0.9956678658745355,51.533072779949464,C,10272.136112150449,93.3851121718628,180.43959887373236,visa,130.2144108161528,debit,-1009.819451412344,-1029.747233654694,-954.2318709730033,6.317753013119749,26.271668753710788,-0.016676017069187535,10.926107880395953,0.8473797333975055,5.515796339996377,-0.11256361872821286,8.390796714853323,-1.2849150310396018,-0.7938287810424622,-6.77600573412232,7.946012337816175,13.515865913912656,-7.063751144083234,99.63246050349461,-1198.2807262676445,-941.888970452179,338.3101027507625,182.64145671004624,-127.26043329288687,137.62478387558298,70.2227286210047,365.3506409247021,-745.2623981786409,-45.83442518982897,257.584821944907,453.16553525930914,273.8167031985256,-999,-999,-999,M2,-999,-999,-999,-999,-999,22.855438821498524,84306.4816308249,43.73457392382795,-88.47951764472214,64.8656029102367,61.510609147011905,3.4458779576827965,-52.90608769761434,113.55636563193787,NotFound,29.676673376463327,-1008.871341891673,Found,Found,296.5214731093902,-994.8359862433288,182.9810803127881,611.9433314641609,Found,Found,-919.4677730966365,-999,F,F,T,F,desktop,gmail,com,gmail,com,nan,-988.1819078090525,-1068.479329411587,chrome,windows,1.841160816701984,21.675631204214334,3.901394244888143,9.436031176914668,-2.8102638749625455,15.863221334463224,-0.5210244771933751,-0.0514912498306216,-2.3895225503995805,0.5424732097978919,0.43578874886768243,-0.4569067243024387
300914,0.87699664,0.48787826,0.060000000000000005,0.00771172199313132,0.05807666286033522,470.18192449066044,W,2604.6433107742496,325.42144652226045,149.737634254521,discover,101.57481903783076,credit,208.35336563181997,87.47175431758771,-998.1703333261161,2.348525100511308,-0.7402761750254925,-0.0016315309100188172,-0.055230197713260765,0.13767689088409885,1.0056372855892288,0.23459708868317453,0.39179983953026465,0.09947629309064254,0.8088398155629495,1.112860105909947,-0.7261781923382822,1.8554555163297124,1.2275661890030456,20.174092440808895,-1009.265938244658,-996.8449288738395,-5.862399144826782,-964.25492212305,-996.6889610989065,-1039.986322310306,-1003.8361925816063,0.21885177311526122,-1002.0911482093353,-988.7135891467772,-986.3820457634632,-984.4488628473908,-22.329966542470167,-999,-999,-999,M0,F,T,-999,-999,-999,-996.04676661651,-1190.4650365957423,-1000.1843417701284,-1001.7366616775845,-999.8736290940208,-1000.7228328406774,-999.4680739601617,-999.1278256274111,-995.5629965510448,-999,-995.9315430076,-998.977101412396,-999,-999,-996.897991789659,-996.9696160942324,-996.5182189356321,-1002.1060147642179,-999,-999,-998.6975599026301,-999,-999,-999,-999,-999,-999,gmail,com,nan,,nan,-994.9849902998214,-997.6187673102577,nan,nan,0.01312781190398482,19.881795034011837,1.9860238014508815,-6.541753080022633,-0.16968226626046903,0.3119152634316636,0.13676865805290445,-0.17849024604810532,0.3272912122121875,-0.9193782697943248,-4.291622360056635,1.4346787968595336
247831,0.9925889,0.12049221,0.13,0.028378895023486856,0.21482789832912244,200.22320120513191,H,14129.579397863912,559.6767142643712,152.3649462013228,mastercard,100.84100160117217,credit,221.83289336577474,85.18285744719518,-979.414109941225,-0.20372136260161788,-0.0607245056489365,0.007913741767889781,-0.6132644500762927,0.580118276027128,-1.0881018476800275,-1.520045234501862,-1.2236415377800345,-0.1212242093974556,5.49491198694062,4.81394967984644,-3.702222201240599,2.4445256049457775,2.9374550607978307,-6.449091438333473,-970.6838372569578,-1031.7811968599544,-920.0406512770397,-996.716005512625,-920.1254134898052,-67.96983250179201,0.8699276044210688,-1034.624163848444,-1025.094701528451,-1024.1731015709267,-875.7312114666831,-14.55717334438207,-1025.540089792658,-999,-999,-999,-999,-999,-999,-999,-999,-999,-9.808118397340422,64597.258856813394,-8.521762877901665,-0.28954830856912395,-0.6132187495899188,-24.745867980517346,-2.2312044315845014,-9.942867711613644,108.46481960302947,NotFound,14.979319619695616,-304.8676648489122,Found,Found,170.1472382616745,20.387622178004108,312.0049606073625,540.9600011924136,Found,Found,43.122680440813724,match_status:2,T,F,T,T,mobile,yahoo,com,yahoo,com,Android,1946.0788453122896,1083.726820471152,samsung,samsung,2.9905678997916953,15.352502214861163,2.0276768850210876,31.4998560699398,-0.8095018990031746,-5.250274782409796,0.9460592710597954,0.05277764192539712,1.1051685060744012,-0.0862173174639334,-0.18554782415357168,-0.6020764995931094
178826,0.87250805,0.39981508,0.09,0.013888290969627364,0.10709802212739629,73.51105475452016,C,3125.1033310660705,407.9346299873661,185.974657239507,mastercard,222.49528067545754,debit,-999.8879887525434,-1002.3660662184017,-1000.61569172035,0.2938561180259409,0.6638202805763456,0.000761420544289371,1.4586638219441292,-0.5442639463081527,1.8095141049259302,1.4567687065039288,3.0850442659576993,0.1352140884567694,1.9767666976489697,-0.651199051445376,2.8391848901964485,1.8582279450727555,-0.14467881826274542,36.6472223946639,-999.7863660629706,-1011.8285702239518,-30.439258249220075,-953.9919639825857,-5.9286721497408,-1047.953157083161,-1015.8509142098051,-13.489820438442283,-1019.6770826985515,-5.648521357635375,14.49715915256674,31.72352674647166,-35.929335327198146,-999,-999,-999,M2,-999,-999,-999,-999,-999,-30.94461638363873,331305.2427907259,-1001.0015232367546,-996.0345041835943,0.4930228274668025,12.93647623360971,-1006.5213380088237,-1000.6584492940791,97.05527174684516,NotFound,49.8060914460948,-997.2959461659618,Unknown,-999,219.90100358397274,-1000.0397396048658,435.64774464311415,342.5366903039734,New,NotFound,-1005.380432413552,-999,F,F,F,F,mobile,hotmail,com,hotmail,com,nan,-1007.6340745610548,-998.4562359826504,mobile,nan,0.985325175059641,4.009928412572908,0.9927852564765223,13.951321192888088,-3.295194373034502,11.953955692922586,0.3316046838084605,-0.0271132931952085,1.2367435532102247,-0.08698259038680205,0.16018634245184865,-0.9446233578626939
254557,0.8181309,0.30903953,0.05,0.006265852597583031,0.05768929985293096,40.13811380232221,C,12559.354858453658,490.4575592010856,149.96015475071252,visa,-999.8669934346337,credit,-998.3571008293006,-999.2995768815274,-996.5370919389071,42.43071975986475,328.15563667053976,-0.0003943034569789195,36.42960471883351,0.04868045700909285,37.68825860729511,37.10303397111209,44.637000229450514,0.151088113427714,67.42479343905612,84.26507712470058,83.38508138031558,148.5948210395,20.15110785431743,574.6908988901439,-1002.4705264118251,-984.6494177615157,258.35852732577115,86.32971795575183,237.97995678948135,-996.3984433902198,-1011.4828811118308,26.451748584778517,-991.5876733369219,242.92797429444772,-999.7585513167047,-1021.341319484115,-2.232787605199726,-999,-999,-999,M2,-999,-999,-999,-999,-999,-996.4892565938437,-1873.0014906417855,-991.9180992491534,-997.4173204896322,-1001.6084800487033,-999.9964519978776,-996.9777316309851,-999.5793115889452,-1000.9930153517782,-999,-997.3261111378677,-999.7759201388333,-999,-999,-1001.0875575337355,-1000.2508791307517,-1000.4704169447143,-991.6232933430146,-999,-999,-1001.6411209961188,-999,-999,-999,-999,-999,-999,hotmail,com,hotmail,com,nan,-995.6213558677389,-999.4642886360215,nan,nan,5.001578690959281,19.003788503761168,2.004951056066566,-1.652050094037185,10.36951209148625,-2.4889440037432555,-5.705687814116571,15.978710045020344,4.863936517519977,-2.3137553993724547,-7.186690733955635,-2.559663623243747
219841,0.8982118,0.3233765,0.04,0.005058857517455529,0.03924439285270724,335.1572268977269,W,15104.272413937662,-998.2799573818559,149.93090673012065,visa,226.73531770818943,credit,326.7499585349158,86.20700200829863,33.6392438959092,1.4774785438223113,0.5013461949854712,-0.00013936402966456454,-0.3002245830964769,1.1528143700760909,1.9838588106797754,0.2936349139687797,-0.21254031052595845,1.1517948946419136,-0.12171120917569311,1.8476694699447016,0.20740224237208915,4.228215927405643,0.9149324228586906,74.20185148654026,49.028234892296354,-5.143822230383298,11.941289353817789,3.3424916824830193,-1017.3593335881395,-999.4431520212119,-993.0636724327611,50.502089960212885,-4.373155131529292,-997.242105285769,-994.9153988146361,-1007.193747865129,9.90227838851695,T,T,T,M0,F,T,F,F,T,-998.6726418165119,-203.98923574702349,-1001.3051754595087,-999.4918421435782,-1001.4409216862803,-1004.3029673220781,-998.656817006727,-1000.8681743571901,-1000.239434610082,-999,-1000.6869403292729,-1000.8331301180878,-999,-999,-1001.1771532283137,-996.6612595649399,-994.6377217577567,-999.4156408823742,-999,-999,-997.365496552635,-999,-999,-999,-999,-999,-999,gmail,com,nan,,nan,-997.7719178182679,-996.5488214920696,nan,nan,1.003856431125318,20.0292705438855,0.9937924204739312,-7.523506938951116,1.0504492400422574,-0.5496397732405449,-0.29757582723130954,0.06876979296077271,2.241832464569367,0.05901345598350875,1.2803372585666788,-0.2390065742999021
49886,0.96990126,0.23305424,0.21000000000000002,0.0982356594956918,0.8457124455662133,192.86555654116214,C,3749.8150849234153,403.40682748482163,179.5969670607487,mastercard,209.72938691719307,debit,-1014.1393316076774,-1021.6194587839648,-1067.2584125795984,1975.1128896517316,2522.507379309113,-0.020602642920977556,1201.853939527953,1.3866013907697257,1206.6085009894166,1200.7806260972352,1782.6978693773203,-1.0812558955695808,1968.640060420276,1618.830266131492,1645.197560836263,1715.252357729567,806.6332347261748,252.2286770548163,-1074.9613256195862,-664.1879659182207,95.62076120357719,-79.9528229649658,-455.82927910645446,227.8861533315906,87.29239657125618,-910.2226659831887,-981.8854337063897,-187.90808151138793,-59.719641027520986,-18.619586936237855,-65.34566904553427,-999,-999,-999,M2,-999,-999,-999,-999,-999,10.775269366668226,74365.9997741435,-11.931909177181296,-4.2584609428889735,70.96985199988717,-30.263984673435857,-9.147848635405694,65.84440317646033,44.55379669234674,NotFound,-3.8955517406860736,-1013.2720939863335,Found,Found,190.75243945000568,-1019.4928511921519,199.425467454446,434.30673273210675,Found,Found,-1030.425003678801,-999,F,F,T,T,desktop,gmail,com,gmail,com,nan,-1058.7933641733694,-1072.3443131910844,chrome,windows,2.9989268597749374,20.670016126487802,11.455230151833025,14.35245945440199,-3.320330808514447,11.85779453608932,0.363093628582066,-0.11045103716581156,1.0565905062836383,-0.353925478270756,-0.14904980210333596,-1.1485141172842976
329655,0.8833971,0.37910813,0.02,0.0032300924127905565,0.022493999897871885,28.680175492763965,W,9399.151106011906,110.95173028245003,149.69465102088068,mastercard,223.48174015297386,debit,324.44744921556435,86.40121688818063,-1000.1359883198827,1.9045035964866166,4.690138356980755,-3.6723009054319584e-05,0.055672998659686,0.028354499421078927,3.8813373293590336,0.12466357995736699,-0.5063033311719929,1.0429793551774962,-0.3158575169168536,1.7620336402206718,0.17346359058240113,0.99133626947539,1.1033353593274704,5.040670539978967,5.189834344481336,6.088471904796675,-996.5650738721563,-1006.0567060440945,-1004.6950685207323,-994.1191110116364,-1000.760672408104,-3.224797443070691,-1005.9561172015948,-1001.6872583085642,-987.8233068455759,-1011.5401943490099,-1003.456720499187,-999,-999,-999,-999,-999,-999,-999,-999,-999,-998.2291816983344,-1352.5551117013456,-1000.3850390991748,-998.9495997654348,-998.9607230981971,-998.9057729936633,-999.3531842390671,-998.484602760183,-999.3187883811429,-999,-998.1334357086376,-999.6462607034086,-999,-999,-998.6521416495232,-999.3239420778414,-998.8260188530517,-1002.1121597877604,-999,-999,-1000.9019887067699,-999,-999,-999,-999,-999,-999,nan,,nan,,nan,-1003.3391058503805,-1000.7841630969602,nan,nan,1.0027093061875263,13.991690569935347,3.011740856553812,-1.3869184340119438,1.1855352931187009,-7.220290343197317,0.07023427176644362,1.1306706127557722,-8.674580566218157,-0.09164228103743285,-4.641454337463767,1.2380834373187746
297889,0.63346916,0.43321308,0.01,0.0025521382703821843,0.021621263481169106,171.07463922643066,W,4155.059211227915,549.255490636498,150.01232851510125,visa,225.72837263349896,debit,168.9816976993509,87.91943823295301,2184.3648893733393,10.641985140744854,10.612192294078293,0.0002895054332004718,0.06162400008897517,1.91963830219896,18.142992337313753,0.061844062815560985,0.0039018805304165127,9.032904951975073,-0.4210454017968406,7.740763861222954,0.3855842705194479,101.16614289926324,9.22012354140806,242.38792320372542,247.73128477773244,-0.21432151477010186,-0.679178179985714,9.427440070517376,-992.5037244470909,-1001.3116509952731,-995.1770384797426,341.74178825260077,4.464559658691737,-997.5920105731674,-1003.5421656087409,-1007.9351231180466,335.82028848490785,T,F,F,M1,F,F,-999,-999,-999,-1000.4097891056484,-1239.4289530901297,-999.1142894138474,-999.1381430980364,-996.4106313972327,-999.6272370540196,-998.8633457704174,-997.9392862385032,-998.3621679335174,-999,-998.2339195639768,-1000.194231779911,-999,-999,-999.7369922093732,-1000.2750417971445,-998.876787080311,-1000.8631011352118,-999,-999,-999.088748032666,-999,-999,-999,-999,-999,-999,gmail,com,nan,,nan,-995.3811180908591,-1002.3215078860169,nan,nan,5.989700567923616,17.020999653428028,1.9981888543842032,-7.563230515744729,0.42712812571328346,-0.6008706431605865,0.0876638790378792,0.37354123503314374,2.2260276117554056,0.08919841712695607,1.3796363860802194,0.056581732162261054
194188,0.9972907,0.4969496,0.13,0.028378895023486856,0.2144060220967131,148.72265602823873,H,10619.204240827034,589.7205816873213,150.41582742766636,visa,229.43923402998288,credit,176.7305056231224,106.16729150338787,-1006.6225889024596,1.92501539678622,1.8862988482925651,-0.0033031612440864696,1.3235162285256696,-0.5757003908821545,1.28229509430831,-1.440497384471466,1.427597361634576,0.05055902352053021,2.7135587887483354,2.6610844207692157,-0.8454505823907805,1.664567594463982,-2.4527456016010074,-70.38159864744473,-960.6811813623915,-1078.294475849992,-1027.4459401763465,-1018.2632953597988,-999.5339811932412,105.50545363877427,-4.407675083367866,-911.1262112806329,-1086.9292947595334,-1012.2935919396981,-911.919937900842,-986.870942634574,-981.0521895555934,-999,-999,-999,-999,-999,-999,-999,-999,-999,-15.016955278664796,81530.07278545153,-14.30221361655083,-9.068348637457234,12.706647863761987,-5.134836047307658,-0.6163891572293778,-0.24784090422110694,95.12734239578731,NotFound,58.42509883108892,-349.982679846933,Found,Found,172.15672326049105,-998.9474754212546,193.54766182523338,531.8405679750209,Found,Found,27.75949477836275,match_status:2,T,F,T,T,desktop,gmail,com,aol,com,Windows,1948.1293424045116,1085.8100718275193,chrome,windows,6.00631423074819,13.325640942925487,1.0660342961057347,31.36971610196746,-1.072401612594164,-5.185128716919035,1.1047096442393858,0.05938070496987984,0.9958530534244047,-0.041508491802067934,0.11622990060406588,-0.01746508925058224
305626,0.8167003,0.12772773,0.11,0.020034599671098444,0.18579017498766967,70.17152221445798,W,15366.210809739012,493.4414157847406,147.3797008351065,visa,231.15276782994897,debit,295.18130946648176,88.32695181410564,2091.1376928873024,0.6337799571507876,3.6456243857254638,0.0008124737604999991,1.4121065475109598,-0.2974124756633101,4.746971777322953,2.851915559533868,0.38896481678958583,2.4479801905911915,2.4271162858118718,0.7180917254026848,-1.658909115161781,7.328330990314331,2.5267707395631165,23.362911036973095,17.613571749866274,-14.64079237091737,254.1185308387701,209.80359489142123,-952.646433560756,-1034.5108659701102,-965.1703638265886,339.3975244221587,-47.92090154649959,-999.3652688940748,-1012.8136796120389,-989.1453379278394,287.15994369688616,T,F,F,M0,F,F,F,F,F,-995.8694530701821,-3508.763622164566,-986.0304669516323,-996.9848057445054,-1000.0070824924766,-1000.5213840384843,-999.8848830462616,-1010.9474377046582,-976.5694895988089,-999,-973.3277394255122,-993.5092345212267,-999,-999,-1002.0881703753478,-999.1535003185849,-984.3959220523478,-986.0866814659335,-999,-999,-1011.2944527941398,-999,-999,-999,-999,-999,-999,hotmail,com,nan,,nan,-1009.6111940828142,-985.0820976987266,nan,nan,1.9635816597902584,12.021415713043199,2.0851840842216336,-7.534716950588143,0.3215653487458742,-0.5972847552417954,0.2237850215548178,0.33869142816980136,2.345117192360478,0.9024333941785165,1.106601117191807,-0.12001077639816977
371589,0.76345605,0.42446953,0.03,0.004056900182200707,0.03538099152314948,107.16229464645323,W,4086.170748518769,490.2760501670143,150.22632735018533,visa,226.0564279414786,debit,181.9119581791974,88.3902474533698,-995.3516564261189,1.4974045705662462,0.9584993527601711,-0.00016920687582474593,0.1297872372038924,-0.022049537391627183,-0.422592457473856,-0.5689499852317899,0.07173744038894014,1.053899262679042,-0.6250887726151344,1.135381516866886,-0.09717462585842451,0.8287060784022842,1.2510120225505954,-13.748907995565462,-1.6791557419336463,2.408328857213142,-1003.2099210731868,-1015.052213043959,-995.0965248414567,-1012.4419753441243,-999.6774957328905,-5.335862505938623,-4.923719178628462,-995.9749949143143,-1005.0808006929823,-1003.7010548080359,17.44153657036074,T,T,T,M0,F,F,F,F,T,-998.6980950514387,-951.6727086760657,-997.9503568987835,-1000.6302994666721,-996.6992124296306,-996.9937953483088,-996.7717052328381,-999.8981822915495,-998.5938194547032,-999,-1000.0292436518598,-998.7577641945635,-999,-999,-1001.0299115312903,-1000.1436310337749,-997.4929023137813,-997.5766460042885,-999,-999,-999.1314867991877,-999,-999,-999,-999,-999,-999,nan,,nan,,nan,-1004.1998536820764,-1005.5268025650191,nan,nan,0.983122607843272,8.976886874414003,2.981568397010944,-5.872174449966282,0.6740408313793382,-4.18610341492478,0.33730158572885777,0.4295741736902491,-5.343386594046866,2.0751864741923614,3.6099384601497984,-1.024551990459514
349887,0.95557696,0.15881635,0.12,0.02389616287845446,0.19071744230217696,224.6769918681835,W,9635.100457776465,316.385848305276,151.01970719590523,visa,228.38320820816,debit,222.69734677255894,76.51655575302465,-1013.6807098108053,12.722187831373477,7.907821572945383,0.0030472869588174106,2.223440857314807,25.70812886456625,8.211694429911862,1.6155589356945361,-0.8520043555251355,9.969365943341174,-0.3602253631799126,13.62174250364095,4.0480527646850755,113.9920798969165,10.97324787968042,156.88308225182823,30.444745585227253,29.60456791825562,-1026.0758199365348,-1030.0909066902136,-1006.1414528571373,-1075.572645786614,-958.8607471654454,571.2559902046288,-1004.6517634129034,-990.1178068915242,-973.753430769753,-971.4150256773252,129.96533472409652,-999,-999,-999,M0,T,F,-999,-999,-999,-978.4740512495456,455.0101453592215,-991.5132932386049,-985.327580839469,-1017.0018031752953,-992.4161781177611,-999.7866254956168,-998.6322098110855,-988.7668975111003,-999,-998.0047054110696,-998.0818806157633,-999,-999,-992.0586971035816,-992.5574752383097,-1004.315470479019,-985.670100305236,-999,-999,-1005.699359179135,-999,-999,-999,-999,-999,-999,nan,,nan,,nan,-994.1378431193568,-1014.6766687666372,nan,nan,-0.011442886151289411,20.837616725849458,2.807263265340839,-4.832069980853383,2.3940275349913684,-3.0912252300615175,-0.5148760783923784,0.6537715669595263,-7.149244519297288,1.181738108622543,-0.8156965615656678,4.321062399228961
451188,0.9980876,0.21985744,0.18000000000000002,0.06325205919758363,0.4816387102562305,36.23532702984761,C,16231.161530772475,561.0548815497525,186.87982490765984,visa,125.37812973840738,debit,-997.7655182683723,-1017.4403008073408,-1020.5733073502538,38.35389465658434,33.04697911966177,-0.012223145901840628,1.2145937169836332,1.6532058505156226,3.613612247366949,1.502616682616497,-2.387915940722129,0.1279870665102587,3.3827573082545674,3.6832580715266765,12.140533822730692,5.71284386679373,4.904689780125891,83.71557410158294,-703.7143116935587,-921.0543226906232,-19.339322515984403,-43.03872844697846,205.74646675692497,-185.66808333792758,36.518354723375865,-195.09989540179927,-1001.2702635069634,21.501394089687487,54.83431957062427,-80.9348049721045,-53.81325968848764,-999,-999,-999,M2,-999,-999,-999,-999,-999,-10.993921069443445,51063.28315646608,22.788015700121377,18.72535059701886,18.76575233890378,16.1435654903662,-10.486144068802787,-2.962180305172865,75.53224808713594,NotFound,93.36345021464149,-363.5387663384852,Found,Found,235.34610987045278,-1024.751166815507,211.5245202201187,546.7535405300954,Found,Found,-1003.1516762265435,-999,F,T,T,F,desktop,gmail,com,gmail,com,nan,-1086.7473565819082,-1067.9607353646404,edge,nan,5.959630805527418,22.34562844469552,4.02347989144086,10.027011996509252,-2.5825187847170223,16.400867861752687,-0.7306376780899515,-0.1749942510514672,-2.2113916711260764,0.35218131019644994,1.2422955551895365,0.5420831366164081
423174,0.7829908,0.47391894,0.06999999999999999,0.009434629620313228,0.08643557085014776,214.3438035854173,W,13637.60161739854,490.57980168422364,150.01530896966045,visa,224.98588957088424,debit,336.5277644321261,84.55673640675032,94.04841465054278,-0.5072886538371417,2.8712044497712768,0.001421101397241908,0.6631323717220989,0.13709693442486426,0.8542387595945176,0.19905417590272512,2.2327861686090134,0.8506601532280866,0.8762832263537428,-1.5181338687827406,0.6582791436537256,4.4002553548532575,2.397664727868314,33.73411548587503,11.767144974692082,-23.58297055137654,212.0891398946297,-21.479732042239483,-1010.3635728291091,-968.4426198008231,-994.0429884699979,9.856727881624538,-14.936290886219389,-990.5699076945182,-1012.3944744665812,-1024.1033955214205,236.52787613913813,T,T,T,M0,T,F,F,F,T,-989.8358152209813,-198.95992274297896,-1002.7795734787122,-999.0485314687809,-993.1677668948021,-998.7337878546884,-998.286215244998,-1003.176238437876,-998.7291537748495,-999,-1002.3880478002644,-1001.1196740515752,-999,-999,-1003.1964250038625,-996.816683350004,-995.3199959449634,-993.7959407253602,-999,-999,-999.8230882445904,-999,-999,-999,-999,-999,-999,gmail,com,nan,,nan,-988.2789927755276,-991.0395123461661,nan,nan,2.997658599765892,19.9898321276278,4.018748684274874,-7.5291291811295595,1.2785440001544413,-0.5003828074055678,-0.024095275408630275,0.51229605487284,2.4169406221971665,1.297348096133314,1.5227957198925548,1.3088108725714798
285310,0.9922346,0.45750773,0.13,0.028378895023486856,0.24902224184720545,30.627195425457018,C,14045.023413275627,370.40831349092633,186.43071249463927,mastercard,225.6669380620595,debit,-1001.9549064348089,-993.8886478633967,-996.9340725813412,226.5314476258833,222.64312233432034,-0.001963224822971223,56.926893810875605,-1.1573485472844611,57.46856914841129,54.38258689723749,103.11777775821065,-0.07279689415730672,60.01580893302849,99.75755628248828,105.50541643151772,28.820253449382072,21.820234232080235,-30.001587746053808,-1005.0678109634133,34.59763700090041,256.39956962018925,80.71954197076325,168.44812743571637,-9.858793401974415,-18.118974948403142,172.61232956792495,-967.3711045956352,180.88022651943967,87.10528196052674,9.037246729192415,129.73701500646922,-999,-999,-999,M2,-999,-999,-999,-999,-999,-16.125007798072033,777846.5083402061,8.543843775197047,1.3633939133917465,-32.37971221307055,27.153565335537678,0.2443171335801253,-9.581694735182168,83.84349722956995,NotFound,34.993228950749085,-997.9327009303233,Found,Found,222.89102771285638,-995.0053410571809,246.30443053096292,337.03601169311673,Found,Found,-1001.480522362522,-999,F,F,T,F,mobile,hotmail,com,hotmail,com,nan,-1018.7118110372078,-1001.9773674652185,chrome,samsung-j700m,2.040943193062051,16.05192159194712,1.951430661116473,9.497523529434362,-2.6651696142551558,15.860535942685969,-0.5768336122780634,-0.0646440282612325,-2.202137347777501,0.12213746021610858,0.5360357783393948,-0.6640779871495287
109079,0.8607097,0.4036344,0.09,0.013888290969627364,0.12559104605684912,78.35121300493364,W,17135.462856496262,321.4386166311256,149.51743667481998,visa,226.34095006089498,debit,291.19793810952535,89.15746624383999,-988.5971403144817,6.540140743756955,2.0671273546893794,0.0003117292223067348,0.8033360602109174,-0.0393914397752857,1.7254102308481452,0.6034212017010896,2.629888370359481,1.8798100747959148,-3.2694332864069873,2.041959180898358,-0.1659942303190638,6.6759117371834975,3.199140551959963,-3.688614272491692,-30.479582942886037,35.17333225590797,25.376917523281694,-50.672845521364515,-981.0577079287269,-971.8176562211262,-998.0090363585801,221.98541239246705,-1012.3829255065535,-1022.9940917519574,-987.402837669411,-974.5667144798848,182.78733441813637,-999,-999,-999,M0,T,F,-999,-999,-999,-995.7828909237713,-2070.9120022390125,-1000.3799759803755,-997.6579818316293,-995.1377408682375,-988.1909488105234,-995.1733813954654,-1011.111349568926,-998.5376560151099,-999,-996.5122419245329,-999.9590522192375,-999,-999,-992.9597254651485,-1006.6840022024908,-979.9470685341742,-1003.5060837698564,-999,-999,-1002.4504241923819,-999,-999,-999,-999,-999,-999,gmail,,nan,,nan,-978.4405545690659,-1020.8255284005756,nan,nan,-0.009317798886593565,23.13521228594844,12.015878150473167,-6.5571622018493665,1.1304696134577383,0.4264963680871361,-0.08370029194625514,0.11740542064038026,0.5188557789117902,0.4789166600325987,-4.11850365499409,2.909026580061429
180589,0.991486,0.46475247,0.16,0.04640734643340897,0.41709338357225817,139.97961327803114,C,10563.33120162232,113.11448543882886,186.780970546412,visa,136.24900558714506,credit,-1009.0176451046839,-1018.1565604991227,-986.3023111810487,6.2864759443273845,5.292862950838696,-0.0036426056047012276,-2.188266116803847,-0.4788354084601636,4.536866010331117,-2.823525184314099,-0.750776591904387,0.27100198354013116,0.6154816551381117,4.6096472098429,2.8658410766922837,11.084279584292403,-2.902351951187592,46.55089401165043,-1026.8396760945861,-919.0872887241228,57.78699471880057,120.59594413931062,-227.05972539473896,-245.66215686082555,-19.560195690941978,59.44074234830835,-892.4487299688227,-8.578068730828816,191.1261791597,140.8591750934646,-70.71785499739124,-999,-999,-999,M2,-999,-999,-999,-999,-999,5.029762043867549,55347.56756808446,-27.901601972420053,6.930265504269187,12.58126186866491,26.62250110974503,5.7593028008120655,10.225869969827272,123.16276593701298,NotFound,40.754168905015035,-1000.0241525540848,Found,Found,198.2208573043249,-1009.6054835538334,439.4265233711568,545.2048452674345,Found,Found,-999.4956683732621,-999,F,F,T,F,desktop,gmail,com,gmail,com,nan,-1023.6400624723881,-962.5331143804231,chrome,windows,1.2039832799534982,20.368869266887046,0.7057655898680695,9.763439332835981,-2.699220276663962,16.017715017981534,-0.6078738262645551,-0.14201108146265276,-2.1284030951781405,0.20544081366618555,0.7189549806083425,-0.05815947013161672
458680,0.73358375,0.44309995,0.01,0.0025521382703821843,0.020255274768033536,34.06534421127476,W,13278.874276449846,181.42224336762735,150.27465400795072,visa,141.25751459242042,credit,125.40897005061998,88.11677732130401,-997.6691123843644,0.7502074885394201,2.256379601635489,1.7714567452037887e-05,0.31268615325768145,0.026785620828423617,0.8513277779915391,-0.07586847508530203,0.42093716699757255,1.097585284733813,-0.2981760636311561,2.3107751004390362,-0.298679143422226,1.4284030812114423,1.09998293338582,6.786903658172045,-1.9922737944420834,0.4935575448388104,-999.2353021259016,-995.1186961016501,-1000.6414848906813,-1000.9529992593694,-998.7136998354756,1.786171100623912,-995.6632954583107,-997.7320406359809,-994.1843518965436,-992.7616658775274,66.6323703860036,-999,-999,-999,M0,F,F,-999,-999,-999,-998.8829820277929,-1181.1481749560699,-999.650261130093,-999.1390138620139,-998.3799395479647,-1000.4323820561239,-998.9837348473816,-999.0765101861898,-997.8262831987204,-999,-998.3563690531741,-998.9278731652167,-999,-999,-1000.1247215075286,-999.9374639600804,-998.232235283274,-997.5572285192331,-999,-999,-999.4573062042878,-999,-999,-999,-999,-999,-999,nan,,nan,,nan,-999.1867063990051,-996.4465332377737,nan,nan,1.9941589855728603,21.968300761374255,3.9930766858796916,-4.883537260201244,0.5023083070084169,-3.253688590223345,0.1689692712414137,0.37303884526664455,-7.274752233432239,0.8702577907264147,-1.8678549016818897,0.8326755212809593
233206,0.9995258,0.019073244,0.29000000000000004,0.28192947697193393,2.295456434813457,50.37750088097993,C,5048.204829537951,234.19098735558464,192.25301086853153,visa,167.70087117537042,credit,-1002.0047862150045,-1005.1573785223475,-885.0654005962053,-5.63482699090455,38.43070098713712,-0.008454669213924838,7.958799225898121,6.63420547332694,48.64449404510085,36.48120744386112,9.73831106110698,5.570069977665966,8.147905629911612,28.189292257515945,49.49975771935993,31.482847333839416,-8.1747093286909,133.98378178063172,-385.8116101050079,-984.5219468300916,-951.5853906331242,543.7930624815185,809.1627992735647,1032.7380919329769,21.230874706977595,220.64885692988742,-694.2724459655232,145.50275401943412,-415.2637081237411,-970.3058192930176,521.862410593296,-999,-999,-999,M0,-999,-999,-999,-999,-999,-101.67210642847283,45211.87469671916,54.34966616234328,-9.773825616353747,115.69502688957641,-113.13992902674272,24.695052545807584,-45.885547600588325,-101.56399719362366,NotFound,295.1464383478864,-1028.3196748916823,Found,Found,209.39104758564952,-994.5248374028782,556.1797982357988,427.66857237617967,Found,Found,-882.8571714095979,-999,F,F,T,F,desktop,gmail,com,gmail,com,nan,-649.6666016158067,-884.9315502901511,chrome,windows,5.553856375885749,17.59772990673018,1.3132838610031716,10.502822511473664,-2.7245858351393735,16.628983968280032,-1.3876595294673058,-0.39285316484659505,-1.5416687919712064,0.7600282773379039,2.194630531971782,2.304652736760157
367716,0.85351115,0.48833272,0.05,0.006265852597583031,0.04213150286863783,50.170902467053764,R,2578.3858559776963,327.77919213955556,149.93749684967693,discover,101.78586375017908,credit,273.8547940720109,87.72662079651415,-1000.7932736495097,1.0492491731210443,0.3661788800731056,0.0015892759939759912,0.6730733825395134,-0.2614611746606901,1.1535832363351197,-0.42526431194173986,1.42337841814131,-0.018647930942704782,0.5340718398097968,0.560409482162509,0.5031895187729485,0.3767274114683943,0.3485067960894366,13.624092037329271,-1001.2297846659146,-1012.1294763629321,-991.9226831794917,-995.7482750611496,-1009.380072165988,-3.023401020690636,-9.819481673854169,-1003.9094437908452,-1004.5857063596274,-1001.1289453448453,-1006.3995076434785,-1002.0293483605046,-1009.86217747341,-999,-999,-999,-999,-999,-999,-999,-999,-999,-40.96597163200727,118471.85653421156,-0.11719823269800145,-2.1543244957838397,10.49836759773848,-7.940259736992516,2.4301473796840583,0.3764033890954579,97.98878446203298,NotFound,50.03387361737964,-480.9032251516654,Found,Found,170.38679841060764,14.303637827995999,543.1917524250808,604.2684129321939,Found,Found,25.596742867763737,match_status:2,T,F,T,F,desktop,gmail,com,anonymous,com,Windows,1366.5281861355802,764.8895341883492,chrome,windows,5.991348707658037,18.968476317931675,2.987856750107552,31.158418297797216,-1.190613911475029,-5.403913052084539,1.1587275762115739,0.08483022654199304,0.9878924774283973,-0.1288065358157577,-0.21142945154455747,-0.5380929743437404
89847,0.9962521,0.25785637,0.22,0.11308859038292954,0.828787802418343,180.88560846163054,H,12226.796664085105,544.6409815641117,145.12684851110797,visa,200.67556879341782,debit,375.99923594156394,72.65025280462272,-936.8029038488064,22.060814747873444,-10.073684394723472,-0.0009678505281894428,13.236808441902923,2.2281047111081493,16.374027482888938,6.2739439758668905,-1.0539454877356258,1.1847215696555256,10.927840126832024,2.187150303476294,-11.108414563920707,18.000523036989424,6.739956149584818,-99.40449437261572,-1266.8836407544018,-845.6921417474758,-1144.4023805292113,-836.7291669848686,-1099.3143135235464,156.24104610064657,-10.690068063771895,-1037.3960605461239,-1253.2346185730878,-955.2401737766685,-846.5149102845921,-810.0991974133901,-1045.9026418932328,-999,-999,-999,-999,-999,-999,-999,-999,-999,-70.25976184867943,137853.015136105,-64.48153995567964,-56.009821989236684,-90.90790060774339,-1.6418772203253411,40.421403327867324,23.366895900625195,44.955692393303366,NotFound,49.532370925338,-333.9754507568199,Found,Found,193.01334681076787,24.999076708145253,377.636040072195,381.6239355455515,Found,Found,87.70888468902956,match_status:1,T,F,F,T,mobile,gmail,com,gmail,com,iOS,1373.2016040189178,760.4747428517355,mobile,ios,4.127714159912372,20.286419673115418,12.089923915196408,31.745853803866556,-1.1077042831114916,-4.918438840217688,0.9358036819451443,0.0879955629342775,0.9098895972641976,-0.06365356751281315,0.049415249922526314,-0.12988536968018485
66426,0.79117054,0.38703138,0.03,0.004056900182200707,0.034040656799862956,150.7725652210192,H,10479.848490072574,514.1510931472549,150.15629901846015,mastercard,218.9844105590601,credit,325.9151233441063,87.0456792897916,-1000.8559753383677,2.533482234003129,2.2679103180186893,0.0012345294132098472,2.000674424068614,-0.005907500035045921,3.1491169426013936,0.2528610598072736,2.5323531999539033,-0.014460502387821705,2.2353458699115434,1.2850118445334537,0.050589021726126226,1.3418064176739293,1.148143018274995,28.48880526013036,9.657575194248535,-1006.6690066455865,-986.6926923742379,-986.8574835400485,-993.3010137223448,-23.67075451935667,-1.8006831090536455,-1015.3849960025915,-997.9983847221237,-1014.3953323612774,-1008.5703688106073,-1001.1529737115424,-996.5192218938678,-999,-999,-999,-999,-999,-999,-999,-999,-999,-0.486827933285781,76781.76346071903,-1.7488372559993195,-0.5783891439164108,1.0639850991017283,-10.231757161740461,-1.7974576770991462,1.307880975044327,96.9321616337844,Found,-999.7309711443759,-299.4570957838655,Found,Found,164.72560455285293,13.903204488671804,295.39631777782336,547.4776755557833,Found,Found,31.74726790690545,match_status:1,T,F,T,T,mobile,aol,com,yahoo,com,iOS,1333.2357977042666,747.9370617787636,mobile,ios,0.0016890927203094819,17.029937826568222,12.03397927322423,31.355476570924143,-0.39953060929006373,-5.258875422541414,1.0435060820825603,0.36511951905873247,1.175579324188916,0.9221468619847971,0.026565316483408704,0.718651434217916
534569,0.9635477,0.46618673,0.15000000000000002,0.03954065143898942,0.2721170982338771,7.110573893014234,C,13078.213563582824,176.65825945998964,184.3354787318515,mastercard,106.94159844788585,credit,-1017.1554993989316,-989.2373289065049,-969.3856495729278,4.790153846844044,13.220236640197022,0.0029927753573342044,2.563161115423667,0.03432178477656933,4.6934552777179155,5.831060523513372,8.851545754212282,0.4110337147521781,6.936416178920215,9.556187894521518,7.70911227101685,7.8155771968901355,4.801774396257545,-101.57715887935096,-909.0044769806601,-1090.1081092153754,32.13231246805332,-972.7999167504503,-6.156016481897529,100.66402061046522,20.764261944356633,48.472459848360984,-973.4036453533989,-147.13926857236365,-10.51283910588147,57.275473436440244,43.91321680037182,-999,-999,-999,M0,-999,-999,-999,-999,-999,-3.5578198145584565,203845.62367302546,19.962743939319694,1.5275974445232805,-3.7490935726302723,2.7333487470068576,30.388315771284738,-15.130231133573261,76.32756300099663,NotFound,41.11652257056471,-998.6520368851095,Found,Found,209.66772888663513,-996.9689735724319,285.0827685682249,509.2938000643543,Found,Found,-990.0025222293517,-999,F,F,T,F,desktop,gmail,com,gmail,com,nan,-1005.1806580962661,-997.5259180551673,chrome,nan,1.0840770790700072,21.9680548617007,5.0797500083339475,9.485896883890916,-2.6545822408495954,15.843709547955092,-0.5508547286352272,-0.11347103132087025,-2.1677850166639114,0.1375835739552546,0.5890000409860773,-0.6520056862109455
134966,0.92783034,0.0465182,0.18000000000000002,0.06325205919758363,0.5606997744074855,146.58046362445168,H,5498.107624119062,582.7538415621985,143.26340611014552,visa,223.88460338372096,credit,317.8426198159593,77.10428623765398,-1018.7121852502511,-14.120810749211028,9.160658319185483,-0.0033990136215771823,-2.0442701905491765,3.315116496056572,-3.889253286219404,10.605409733334923,-5.134950585165541,-2.0587761781160827,5.670631891810792,-8.146470570774172,0.08383459435608831,6.264629249501844,3.1814963548547954,158.6898797770155,-1086.2155504309958,-973.9614918043337,-880.8113125510387,-1004.0176599964575,-944.7801938818924,35.73858540284449,-47.21154872621033,-859.3330539900691,-1129.7648011265462,-1011.6720982316097,-929.6064664954363,-922.2186708077372,-974.9487654663762,-999,-999,-999,-999,-999,-999,-999,-999,-999,-3.427915313205972,153765.16964880345,26.71961275974786,-4.208014925012662,-9.836229148383609,-77.24527111726673,26.037179577801112,-31.830663846100606,68.95815922537224,NotFound,-946.7604694086557,-376.75042082517245,Found,Found,151.28714012222156,-22.0284131722849,344.7062020701512,340.2750886893116,Found,Found,34.51911444052769,match_status:2,T,F,T,T,mobile,gmail,com,gmail,com,Android,1294.5382574041305,713.417876069203,chrome,motorolao,-0.060260471655881,21.16075920848084,11.691860195743908,31.160282411202907,-1.2545229153841866,-5.399370346123471,1.2537509880212365,-0.02015006998789544,0.8704757790869446,0.007255863629154535,-0.2499598553615297,-0.5395676182359154
334760,0.88757294,0.39856413,0.09,0.013888290969627364,0.1021627072038641,69.41460542957769,W,9383.310366807553,321.01626080584697,149.5701872586988,visa,226.3195382871044,debit,335.148430011507,86.86735324558012,-1002.6947555493969,2.098653329057239,-3.0448640156935767,-0.0007680500562161161,0.9805250900263442,-0.6975977692700228,11.925321786491857,-0.374304165091897,-0.28612110304233696,2.050903609371904,-0.7966453599343177,1.9228179185605274,-0.7975226455053486,58.96045062410237,3.4367634045192164,49.972336936994076,38.53644566398183,15.924011475085564,451.8633449319718,-8.16855543865091,-973.7959721387463,-1006.768104577509,-980.303663912531,276.57006190812825,-1002.8385523269858,-993.7543110456876,-981.3912251048524,-1000.6895587492273,438.49737938271073,-999,-999,-999,M0,T,T,-999,-999,-999,-994.2963911891816,-837.0074645402565,-1006.5711008628798,-995.9389111661092,-1004.97968694075,-997.3515885949927,-1004.0982701347577,-998.9653168946426,-1011.644731665649,-999,-1001.520584626631,-997.3946641694417,-999,-999,-1006.7112376016264,-997.7538042728734,-1006.046905770807,-980.6929848128991,-999,-999,-989.8459915591086,-999,-999,-999,-999,-999,-999,yahoo,com,nan,,nan,-992.6216268521894,-997.3989446989401,nan,nan,2.0090873196286436,22.042716438620936,3.0019613275327264,-6.580522791776054,0.2192217878634179,0.3311089619982961,0.06539388931259807,0.3588827337958176,0.31237575521931643,-0.7856222030834477,-4.144625647190194,1.9328035800613927
313741,0.935538,0.45866227,0.22,0.11308859038292954,0.9687083394096803,303.0434892008725,R,13751.576825671998,335.0448906646235,152.3778050048355,american express,112.02066428494399,credit,263.7991639854906,145.09297198238056,-992.011507970668,23.103158481234658,50.086329960188394,-0.01588213511707309,10.492459901643578,0.41755819189077936,21.011425924428984,2.015983801378244,28.34729616283463,1.0653956934987567,14.303086223193237,36.355942505224014,-10.853722328251362,19.71805991953613,37.02776369706225,69.31708076751319,-1241.4987834973608,-1104.573779233402,-1088.1131425341566,-945.9226228012355,-1304.4902134109452,820.704283540158,-12.788591228138626,-897.5380268685163,-1149.8855462870208,-981.9452173544482,-1392.646166015337,-768.5786461395485,-1135.2196546810458,-999,-999,-999,-999,-999,-999,-999,-999,-999,-59.28942149228567,80852.24426607217,-973.5723938912049,-1017.035095570481,65.29697835298293,17.839764255270552,-20.203810768393055,1.5778892072181634,123.16094835343017,NotFound,165.3793315884377,-1031.5924850103993,Unknown,-999,145.87038526944082,41.29300966024698,167.7661769996855,214.9862043416365,Found,Found,-1008.2132075424789,-999,F,F,F,F,desktop,gmail,com,gmail,com,nan,-825.5603558119095,-1107.1956051189727,ie,rv11.0,3.7560923078192454,18.657918360537614,3.3302541691571013,25.764047046806635,1.6032808157903324,-10.326844825567164,0.01467389958506346,0.05780948236971206,1.9731817943494276,-0.8690656924042071,-3.7257983291690473,-2.0347764505797366
217636,0.9610321,0.26216233,0.11,0.020034599671098444,0.15594506936053465,300.73078541720423,H,9767.191877164036,225.19781267645465,103.94412793155266,mastercard,189.20958699470043,credit,307.85278138137767,87.61937479685724,-991.3656428001664,-2.817874091876334,0.6768118477257623,0.0004883914591091217,2.5614949829963587,-0.3695324848724555,2.532528749274557,0.4527645237755715,3.4307666665696797,-0.026385103215731398,-0.6822132329467907,-0.3753409130531704,-2.4606575849331653,5.028434325474933,0.23423883701888393,74.11983110528315,-1042.426367954623,-977.4831127272952,-1035.3658752129204,-1049.899698198486,-987.1189339424935,-978.418560740583,-993.1272138818028,-971.1240853559259,-1025.9426119689138,-1017.7108030749071,-953.589494688158,-1008.3434905489718,-1027.2551847144264,-999,-999,-999,-999,-999,-999,-999,-999,-999,-44.77077978770308,838519.1731937947,-997.6061974763762,-992.379502937958,7.872789318966397,3.162976358997753,-1002.1577887298504,-999.545460642276,97.47518869469855,NotFound,57.69050594208534,477.5620820923966,New,NotFound,201.37536439966004,-999.1805115347717,409.1625878472172,332.3756809863727,New,NotFound,23.18746554679535,match_status:2,T,F,T,T,desktop,yahoo,com,yahoo,com,Windows,1935.5015302742681,1072.8956658146872,firefox,rv57.0,1.051338731776835,0.0685616082122742,0.880824123087451,31.15282239347486,-1.1629164320147096,-5.409490203643563,1.1660605945857119,0.10741847528517905,0.9578555053849159,-0.08621265354444345,-0.2298899999763936,-0.5129919725842751
174758,0.9598744,0.31048995,0.08,0.011477469205752985,0.08794227596835152,49.273341656190844,W,1707.388110062755,560.23627909481,150.43673870805287,visa,227.67008770878738,debit,169.3447368361211,83.54813402404987,170.9940067319577,3.4893516568627643,1.9849483370624537,0.0012749306793290432,-1.1690694321518045,0.5213536532472567,2.135114064936838,0.08407947423514806,-1.2129243767514,4.265863861539238,1.1574102031136393,4.810408182853635,-1.5634954974816822,3.405311524190836,0.4671908704029457,16.5672507246946,21.571725543197292,-23.165338443433804,2.970172323486389,-1004.6814262394724,-1008.3685841466917,-1002.1072400485436,-996.6842800435459,6.615642067833915,-11.207601045338988,-1000.8776012228766,-982.0863936721048,-960.5848836562963,-12.751397933439087,T,T,F,M0,T,F,-999,-999,-999,-1007.4022337668874,-1790.5862532160681,-998.1230084930111,-991.8922494094955,-1003.9291973603968,-996.9220961284418,-997.6783304539434,-998.9735244126048,-1000.6048636379555,-999,-994.7491871633015,-999.1717970520999,-999,-999,-1001.6286317356414,-995.9491377979222,-991.9664152073019,-999.6293466241127,-999,-999,-994.2522762525058,-999,-999,-999,-999,-999,-999,gmail,com,nan,,nan,-1003.3473893006408,-1000.8294085079506,nan,nan,6.00026555020748,17.023357137218646,0.9893940904181626,-7.583664228342026,0.6201465988207285,-0.5732433411393479,0.14578695104955208,0.572822153885181,2.421881723674734,1.2794806047216671,1.0016503301508684,-0.20952154916713275
419816,0.91228706,0.47776455,0.09,0.013888290969627364,0.11008559162383866,44.06059257136786,C,2344.432217481398,542.7762567172642,185.6611085227131,visa,223.56749478465795,credit,-988.316055899184,-993.6748697876684,-996.3236878583016,-1.47501668984372,0.16940902522578938,-0.0018545304380546534,0.8896160968591338,-0.09701558765461193,0.09654099241480729,0.5719863116707602,-0.8726312342079403,0.24809510346767993,-0.2369481642764173,0.5938575390163869,0.1566839356347951,1.741483665549307,-0.03792972826467711,2.5585215669018133,-1025.997349859114,-995.8864389404446,-1000.5661767847357,-950.8664221115092,-1003.0683858838244,-1019.3552530431439,-1016.1453424374643,4.018395151820649,-999.3385534850536,23.92075741276803,-1031.6505272859247,-1001.914057624155,-41.18795005755314,-999,-999,-999,M2,-999,-999,-999,-999,-999,-2.2118679036801723,2386.903669365347,-999.2271491909164,-997.2077954448764,-996.7959206783553,-993.7035408641677,-1003.2451424681018,-999.8928871160044,-996.0499050546234,NotFound,34.48707332525191,-1000.8020774641305,-999,-999,-1005.5729847849025,-995.9885555249101,-1000.1518411827999,-997.992465783025,-999,-999,-994.5799100821051,-999,-999,-999,-999,-999,-999,nan,,nan,,nan,-995.1087264585487,-1011.6266966814385,nan,nan,1.957477759867621,19.86070508554605,3.9613802388704435,-4.884731860404124,0.3968989058683126,-3.2711159284056155,0.2111604497204821,0.05823196180973079,-7.320787287489481,0.6036081979638426,-1.835869201842471,0.7330389770263557
2424,0.5507111,0.29170102,0.03,0.004056900182200707,0.035729730106018556,75.2238859556612,W,11179.04036882114,362.21587002481766,149.67052906365768,visa,226.42792521284795,debit,124.36906496757918,88.20107771122213,-998.3443714088227,0.7520163544592116,1.1679704233929336,0.0010231716205082115,-0.35952429057442714,0.19297118518258305,0.6691055221137834,0.23905319771900135,0.6307084415071831,1.0334606291946757,-0.29983501942102375,0.9645572032653149,0.7988536710964738,1.2847837727704992,1.0292239876336478,1.90700582166423,-2.7503940284473103,-0.09381372507127769,-1013.2270168507262,-1000.9641781968957,-1000.3060001171103,-989.8286555468569,-1002.9880106815601,11.95191378010493,-1002.0539788651216,-997.9895383960136,-1005.458483705367,-978.2292804273798,-1004.1870633203617,-999,-999,-999,M1,T,F,-999,-999,-999,-999.0508433774554,-1250.8911218679423,-999.4837809912013,-998.9067538182834,-1000.5903106748923,-998.2512559548558,-997.9702241134975,-999.2357458239985,-1001.4123299440959,-999,-999.7570528881636,-998.9001994256131,-999,-999,-999.9981395022924,-1000.1725385207442,-999.9846327115702,-996.4056765115163,-999,-999,-994.5615396905789,-999,-999,-999,-999,-999,-999,gmail,com,nan,,nan,-989.7781012180856,-1000.9215404609986,nan,nan,4.998452950789881,16.00002960238368,12.00651832264982,-1.3993271113709322,1.0498376335053872,-7.24765597314381,0.15603799914442204,0.3203868984238255,-8.690992928493335,-0.09548384289729568,-4.69213035565815,1.0167947806365816
299411,0.6767966,0.2687715,0.06999999999999999,0.009434629620313228,0.07072645137953555,28.935016990494915,W,10017.74197987057,110.73631918426824,150.79169163294205,visa,224.94984069954006,debit,320.16387023316486,82.52997320861253,-993.5978401668895,-0.1449892249481124,2.2694889673226353,0.00018524223318164626,-0.11859795947568141,-0.09968461984057697,0.7186612402933772,0.3377933625508991,0.4689211467593095,-0.12645690628061956,1.7864104180109286,1.5006732134625977,0.2610308301410762,-0.16452469725141583,1.017665481910603,8.604291474117021,-993.6441426943057,-1011.2429123157908,13.586057462118799,-1015.4213901048475,-1032.6333204584403,-991.8298225734264,-1009.932791668319,-8.399425074705192,-999.8312654541703,-997.4357879260092,-1010.6491697936711,-971.0987919835751,490.535327482564,-999,-999,-999,M0,T,F,-999,-999,-999,-997.5517407434659,-2238.271915072015,-1002.6984016832043,-996.6899924692034,-994.4314262620001,-1004.1120016973276,-995.0980139317705,-995.7697523605532,-997.1932931208538,-999,-992.5635188853115,-1002.6498222374576,-999,-999,-989.4096935299737,-1000.1029274673425,-1003.3809265901189,-1004.4023523372066,-999,-999,-997.7211274450198,-999,-999,-999,-999,-999,-999,yahoo,com,nan,,nan,-993.9257703048638,-1000.5311580911061,nan,nan,0.005512343595475144,2.026390489883042,1.9825993091693004,-6.546979576069784,-0.15035683123133411,0.31205086337892,0.1445142456342507,-0.19197121972552755,0.31874338806375924,-0.9126334375706627,-4.300959280548613,1.4446651217872313
444713,0.97825056,0.043813113,0.17,0.05427181375432048,0.4915173229532535,89.28812559817166,S,8641.729471142004,522.1997271402134,146.88952883036572,mastercard,207.6249949878354,credit,497.60619306825345,90.38864034988227,-961.6312843958581,-3.4969155248805848,-0.6393393153937552,0.001665079437409696,-3.483683380040829,-2.2906872550558504,-6.829696597231626,1.064846806927024,8.270125710435693,-0.8510267975008174,0.27100841431049005,0.5252713436289351,3.723074390041742,16.88001959305782,-1.7595734718462968,-15.103633218987728,58.39403782440327,-1039.9377959147573,-1135.421102480718,-1038.4799377634338,-926.109706268319,160.81860660289541,-38.455224306592974,-941.025676762321,-832.1582065655424,-1111.7795780146575,-958.7317818032661,-896.8822200634647,-937.6150172205569,-999,-999,-999,-999,-999,-999,-999,-999,-999,-35.204363576687456,8302.342857946263,-9.166325133300006,9.613379161961461,-1.2773724040945353,15.577399721814686,1.3221820337914778,11.747723544298196,72.74360136244957,Found,-997.4979800346144,-304.6331648893587,Found,Found,113.49111350407736,-1003.511154332044,161.9338615132059,168.49919141928478,Found,Found,24.897124097071583,match_status:2,T,F,T,T,mobile,nan,,gmail,com,Android,1320.0603309839125,761.4958910770949,chrome,nan,4.173653677133117,16.381400473759676,3.7796221041502163,31.344346003544427,-0.6764546450834819,-5.279741795156848,1.2275943810149914,0.46011639202262267,1.1111735546999562,1.0691244293802011,0.05463965770343314,0.6121759699474558
69791,0.9610439,0.13665584,0.09,0.013888290969627364,0.1153569783113378,90.28809547144839,C,7141.491747500123,543.6778620840903,185.1256126119085,visa,195.559232329424,credit,-998.2527653827574,-999.1069049283641,-1006.547700795185,0.49436456456229294,0.5488458859600325,-0.0005816097879550262,2.728684658434016,-0.15733200532298142,-0.015281787358011556,1.175636889135892,1.778171631776504,0.16910937591422037,-0.37111070237508503,1.1809718908267115,0.5703328804889716,1.4372267727792298,1.2033620012125894,9.509518963829358,-1005.7685661078848,-1020.9947553268373,29.094566957981616,23.40973449162446,46.234868171168884,33.69399521077778,17.57113611332235,35.48725253705329,-969.856399613456,-13.414334398133452,21.09241250752827,-991.0579839681288,189.97735208406849,-999,-999,-999,M2,-999,-999,-999,-999,-999,-11.277741837272856,153600.68008502809,-8.162090703701665,-0.1046299298076292,-10.257218561129434,-26.401931354567978,3.6720488231017043,0.9749571683596514,104.36293534275853,NotFound,48.14942485661322,-1004.8374570641165,Found,Found,228.41532183982417,19.12352716748785,406.42354202832223,512.4915389523914,Found,Found,-998.185473012427,-999,F,F,T,T,mobile,yahoo,com,yahoo,com,nan,-1019.9924096142805,-997.7275670187503,chrome,huawei,0.967485624303118,7.085880072183488,12.083818774723518,2.895879743292255,-0.568501236744756,9.757225179901129,-0.8850415858530624,-0.33129445264496005,-1.2580596164443518,-0.6433458939696027,-3.08319704886712,-1.813924270516855
149047,0.961773,0.386763,0.18000000000000002,0.06325205919758363,0.5007109347381836,44.09682101510634,H,16367.771045358302,547.7709103608632,149.6866036356145,visa,233.4302786906389,debit,330.92850282571203,91.79161469877694,-999.9591169057094,-4.371041385784029,-0.4431386635930785,0.003247827531800838,2.2747073457114597,0.09972338821416038,7.890667192122889,-2.1442819048257906,-0.3094914699098723,-1.0633460608881924,-2.1735483816788497,-6.0059477916545045,5.365262580499195,-1.36274969948267,5.330494134931209,-45.77005632024952,-1107.131019238127,-873.5031608695102,-998.4272099360617,-983.2200597061543,-865.407829486753,-735.4827743556709,-1079.4056181439087,-857.0266257992677,-925.5394418630053,-961.9111767882796,-940.2821981518262,-1137.2254817783985,-803.2363076277558,-999,-999,-999,-999,-999,-999,-999,-999,-999,37.466200473682534,118655.06962374477,-999.5120439160876,-1010.0173378193947,38.55706281581547,17.61639673947684,-978.7996202455023,-1013.6275455620134,92.78629251427787,NotFound,67.90526661242711,-276.5471571767746,New,NotFound,220.7188677947305,-4.6792044530902785,235.74542554574953,573.3110453308358,New,NotFound,41.5632494742257,match_status:2,T,F,T,T,desktop,hotmail,com,hotmail,com,Windows,1945.9798944869895,1086.117851346727,chrome,windows,4.030051454383059,22.214821449537624,0.9754227359806862,31.155308048619133,-1.243048258441595,-5.332839612114733,1.064073780070104,0.0321237288431278,0.9652417058586621,-0.14882778776668326,-0.28300901018202634,-0.6721040197498676
71968,0.9976549,0.2948299,0.25,0.16975275626876413,1.6098022883875673,119.98125460428128,C,6903.116069521171,351.17734414454037,192.5117764385703,mastercard,85.35431959806976,credit,-910.6633006784457,-972.1324278779125,-924.5633205249985,73.36535652347631,32.22611290038914,0.005642487339536127,26.084346164506567,-0.5000441402158255,19.71619814104644,7.164584005157071,31.636769811921766,1.4881125102490205,37.86414388351969,34.251203534530575,10.286079005804865,-16.200552972568055,9.83051751228698,-57.88143911139406,-876.9284707737704,-940.7910620764751,-811.6199813339659,-123.07002136611999,-474.7383216134074,-1416.0252634040783,17.7498559681684,76.79880940411682,-1304.0882658327137,501.78462608227943,765.7320600642055,-620.928801867027,-218.91327878335844,-999,-999,-999,M2,-999,-999,-999,-999,-999,-121.42380307902977,81636.9693097841,-46.00115215721553,-28.05636954494048,18.94133398963413,119.93729700731069,9.018941431407939,73.10989224550383,130.60886168707975,NotFound,38.94052154213898,-1010.5286503800268,Found,Found,114.27113811265974,-1019.1016361059894,472.68666521897546,616.9107612149363,Found,Found,-988.6656332807911,-999,F,F,T,T,desktop,gmail,com,gmail,com,nan,-978.3283317133087,-897.6668516543621,chrome,nan,1.5536493999481058,17.76769441730196,12.154652150040453,9.61595023579809,-2.554688422542142,15.585285630241017,-0.45759216277748227,-0.29902788341878306,-2.316537879719835,0.044104797847854524,0.2625017656400153,-0.776514826038773
226560,0.97058624,0.49890697,0.08,0.011477469205752985,0.0805707162166378,202.51874592178206,R,6047.865305465389,588.0091272073183,150.93741201018548,visa,227.22315451811804,credit,303.551233903312,81.20684293157412,-1009.8208006449918,1.9649586228202,0.3732452572189491,-0.00040173251578743806,1.5244388692905275,-0.29475330171906666,1.1786005667039134,-0.10278637879019747,2.2061886260483914,0.03911696221119776,0.4996063759970113,0.8867905453194194,-0.5232349259109785,3.629545936896271,0.2667961542752888,-12.24836093192761,-1019.747798529633,-1000.5906841212302,-1018.6372415515888,-984.3366985641704,-971.8045457186782,-990.3336279875551,-997.4665889989964,-1011.1865445563175,-1007.8614733351569,-1007.4076108817925,-1009.8046666048557,-1009.1691045763913,-1000.5846746030229,-999,-999,-999,-999,-999,-999,-999,-999,-999,-8.368185660024096,101798.85759334982,-1001.2089602468121,-1001.2096567115786,12.555875645518995,-5.925074473299333,-1003.2082535180101,-999.9364839808347,108.35014096461236,NotFound,44.49237577273209,-479.09671949570657,New,NotFound,156.2817977980343,12.231346877834653,320.24074543090774,215.35623093472702,New,NotFound,30.795527465614555,match_status:1,T,F,F,F,mobile,gmail,com,gmail,com,iOS,1334.8516004073058,753.3963797075755,mobile,ios,3.9731681688656737,0.0917000902642151,1.9915848427476246,31.387181732524446,-1.1841660332370478,-5.264213033068253,1.1294886702895313,0.07299195436257758,0.9935068484537081,-0.050552378455821265,0.12669799657732966,0.14963976344680743
156812,0.8228913,0.43930104,0.01,0.0025521382703821843,0.016566136846567506,107.31969471688897,W,1887.9826515053774,514.3302703554732,149.97774630970238,mastercard,224.0453091592706,credit,203.27185806372353,86.13155884508123,-999.1928867966408,1.0668247621687836,0.7859987601868692,0.0006206949267088795,0.023665102230316926,0.023520105162128324,0.9881109353409219,-0.37668174549584554,0.16801024139647946,1.9641940266327538,-0.1246907912161026,0.856751461817753,0.04697917982922384,7.619309410213216,0.9488026254574526,53.82816208240134,53.84157169163446,-1.5452524798334077,58.09743150571394,2.4634481776166655,-1003.6183199451299,-998.6604437988562,-994.5546246564708,52.09455129390336,-1002.3251850077494,-1000.2831179485031,-1000.9880285465097,-997.2129491634231,46.154191478590526,-999,-999,-999,M0,T,T,-999,-999,-999,-1000.7449205963921,-1027.5792590339188,-1000.0562193670033,-998.7234894363004,-999.0390752867966,-998.00076673437,-998.6021596893369,-999.7386891524607,-997.7179184565483,-999,-998.9958559325381,-998.7206862034799,-999,-999,-998.1750145589533,-998.6260294721114,-999.1302882008584,-999.5499629296312,-999,-999,-999.8216926768459,-999,-999,-999,-999,-999,-999,aol,com,nan,,nan,-999.4944911306959,-1001.4910996662882,nan,nan,0.0023674088753966593,16.00306792505761,1.0011687640990603,-6.5643973980809776,0.17923168015713567,0.33384639949490075,0.12051098682606601,0.1297417741962007,0.3551905456912083,-0.6701496453538431,-4.140518550741643,2.08839395221369
269030,0.97954386,0.23528203,0.09,0.013888290969627364,0.10047582766096859,57.90157631697711,W,11136.227383525591,576.6139301497566,150.59090966341384,visa,224.39985685707916,debit,323.23306941591625,87.13196530470779,4.853892159258862,1.078952416477767,2.6154192060117083,0.0023933452334841967,-0.32515241597943234,0.12817922753553113,1.6675764107892812,-0.46504329985259485,2.3152107933210906,3.065401911593704,0.1421271030286242,1.782014997980637,0.43499168727017734,-1.5730452152100654,-0.23352472075289477,22.887809927342655,-987.4807258344292,45.935180720523604,208.3842236399741,30.780450060618644,-958.1826751227329,-966.7586448523789,-1003.2947767237333,-52.307744682905316,34.01608023567079,-979.1416439759189,-988.8608935606841,-1009.4340187430465,287.1015260567698,T,T,F,M0,T,F,F,T,T,-999.9916898340621,-2707.048525418082,-996.9272002920952,-993.0599493562154,-988.2618372885964,-1001.6721315095983,-996.8533948456592,-996.5257476922535,-1000.5261019567017,-999,-997.5473473963066,-999.6105425135295,-999,-999,-1000.8035912196415,-1000.3436206474684,-997.0887041265139,-998.6734537885009,-999,-999,-1002.4761690706196,-999,-999,-999,-999,-999,-999,aim,com,nan,,nan,-989.5696202855863,-1003.1069280180692,nan,nan,3.030119470355346,17.90763543031482,2.034237050105263,-7.5373518273570514,0.023084746381093264,-0.5937219562627293,0.24768423702360307,-0.1174526815955417,2.1918024973943155,-0.12009017475758363,1.188940110289345,-0.7257001061592242
489736,0.99760133,0.16866218,0.15000000000000002,0.03954065143898942,0.3402749805224881,73.68661456518478,C,12911.745596465897,258.25273974004233,184.5800671593795,mastercard,220.57004856203662,credit,-1013.7509981880817,-986.7581014492389,-1019.8681511812925,2.490360182867011,16.12381540989514,-0.005648356533147321,5.417140998053827,-0.09974852542262891,3.891644155360689,4.377555183571881,6.453514488401185,-1.1210217729384224,9.790534028161366,2.0045170684738487,3.8534587248083074,2.0215232106398915,2.0761874049261557,6.946502142911926,-984.00267951096,-1198.8125792761011,228.58110400323352,73.4890890995644,266.219637720336,-989.2427766781915,-961.9000905993702,37.8815569686376,-1023.8487545713568,284.20051458466725,36.0997764437613,6.687342845402985,91.61182174191558,-999,-999,-999,M2,-999,-999,-999,-999,-999,19.941342138544996,173620.71087367804,-988.4323561658886,-981.270153398286,-3.228393966272961,23.82869505726603,-976.5204124130822,-978.9506969693783,110.299204797926,NotFound,58.35834022841334,-1018.0944354728961,Unknown,-999,204.19426109530434,-1011.7305335457013,402.7714078917587,621.6200501326035,New,NotFound,-985.6107040049209,-999,F,F,F,F,mobile,gmail,com,gmail,com,nan,-980.1451414898472,-997.8377327342344,mobile,nan,-0.10391642431214354,23.42918734244519,4.121095128404889,9.577390813658278,-2.6851973687351185,15.876732177173938,-0.521945310852875,-0.15883196321640225,-2.174962921287128,0.16216668750223834,0.5891744009684714,-0.48916055328862335
534085,0.9008471,0.33373892,0.13,0.028378895023486856,0.2344750523786869,34.708358884733656,C,17176.895405763447,272.7086891152029,182.20255049316313,mastercard,203.93016815485367,credit,-995.4690994024891,-1006.9201141953133,-995.7772308954534,1.7475239918884657,-3.1060374094656424,-0.00026156927377885084,-2.046704372446718,-1.3885020207187875,1.354050712655292,0.09468636488198356,0.8356463371834773,-0.23322444779098106,5.114639500494273,1.418814131425842,3.019704205916413,3.8987838765934626,0.35186749695374253,243.5614004872854,-955.0726175147441,-1099.2218031427353,191.2931312698098,267.30963517330287,199.42342909311145,98.8945158102079,-27.036890238379982,-25.261976050909173,-968.8641348664961,236.66655126808473,-1084.457732286923,410.3054444926119,-20.31553939867412,-999,-999,-999,M2,-999,-999,-999,-999,-999,-32.00433704626403,105731.84732309042,-5.066755699129544,-3.9235655789973407,10.868769509057302,-23.32803962834396,8.288005628024052,17.420098706068984,104.01646567073146,NotFound,37.03958180232337,-990.6258811733303,Found,Found,225.2734284455778,-1011.6809034202511,303.3242073051839,604.7019869019861,Found,Found,-1000.7301422964644,-999,F,F,T,F,desktop,gmail,com,gmail,com,nan,-1022.1524024533303,-994.703835830167,opera,windows,1.0044475694323385,19.819952618305575,5.155673478103973,13.934499565502334,-3.302015404307951,11.912005139314328,0.3662530453072874,-0.04937672816250667,1.2484553090054324,-0.12234776389105059,0.14588928844833163,-0.9226576256199521
373818,0.9987888,0.3531628,0.27,0.2197729180535744,2.0238380790751256,73.64347832116056,C,4645.498918343455,225.08132690540796,166.07235457625785,mastercard,231.8610380021055,credit,-901.3602896128016,-1032.0828863941995,-1004.7247780807992,285.12053943154035,593.1201063545951,0.05349152695934972,58.85691163892688,4.810554954190337,87.90675075300638,99.65479879662422,87.03281391481906,-5.098425940023591,73.94329454753213,179.45848220555496,164.4177451630814,29.03790109648736,12.62258023943307,807.7005382967728,-962.1211148320821,252.88020301194416,-143.37849254382667,-495.2625915034544,-601.4955631820319,1023.9714091184769,-177.87065635064488,249.903813791549,-718.7313806761458,-707.6509394375915,-341.5525568783762,-348.2532274452372,-499.2068722633452,-999,-999,-999,M2,-999,-999,-999,-999,-999,15.335765074327696,37668.74681327966,26.616392384485607,-68.7787445753521,-173.95978584600175,2.269155460679258,-61.8344009421362,57.251165395567796,13.552272705755627,NotFound,44.444858690207525,-1035.182830101793,Found,Found,356.0765449159313,-1034.5765571248185,184.82774219751207,487.4677615488059,Found,Found,-937.2444090080659,-999,F,F,T,F,desktop,gmail,com,gmail,com,nan,-983.2869033392351,-899.7750740592312,chrome,windows,1.4110054159565153,20.03876913357473,1.794112924754046,9.983679134359525,-1.8076478067977018,16.62265079390799,-0.5647834021202002,-0.3322683469180461,-2.559247951901677,-0.10448083069555447,0.938053478699652,0.3708192275938295
303878,0.70930505,0.43391228,0.01,0.0025521382703821843,0.01983503139597179,164.25296924648575,W,10952.116179235194,566.4028166898439,149.98412902074588,mastercard,116.79245693435344,debit,191.62311922669184,86.82131002982753,7.96426831003339,0.9994011301813703,1.2191767941356133,-9.270511268280428e-05,-0.2768007716450782,-0.021710595091158247,1.0555942542028909,0.1846383027340801,-0.07549286338426331,1.0495093895231098,0.22751416853748907,0.6683134803473951,-0.10425777067300235,1.5024121184843153,0.940142175041367,-0.38744616902669055,-0.7301700380867435,1.7113066141141269,-2.617791153933641,-3.576095734573086,-994.8387391024098,-1001.920727924597,-995.8805324240102,-5.754189036609732,2.50719104623853,-996.554936631491,-999.9743717445657,-991.8221679432206,1.9159207982965551,T,T,T,M0,T,F,F,F,T,-996.7391369305927,-914.1411087571905,-999.346767263011,-999.6046679552205,-998.4015148824493,-997.5164136011358,-997.4708890039136,-999.2866761125797,-998.8767807024859,-999,-1001.1639282743647,-1000.057206967163,-999,-999,-1001.2905085840628,-998.5513089789476,-999.5560444639536,-998.3607870627175,-999,-999,-999.3947044820345,-999,-999,-999,-999,-999,-999,gmail,com,nan,,nan,-998.1158690670416,-1000.5856665803783,nan,nan,0.9945613703077316,19.96144690355532,2.0063011461763303,-7.557748235745108,0.4579501925829565,-0.5651394982253506,0.3273597305999097,0.20599104519693703,2.3491963732362655,1.0316765087606543,1.3092572233609554,0.538376706108823
20555,0.7718885,0.47750217,0.02,0.0032300924127905565,0.026167972777143226,88.66191524341362,W,9508.712211976363,320.97990392817155,150.04679765701823,visa,225.65258818828823,debit,433.0735212444538,85.55688502829217,64.449738590675,1.6638437248328923,3.9514737505904876,5.247971618656082e-06,0.1624860738184748,-0.021953551535719207,2.829817422830609,0.2101964816210078,0.16328307088718397,0.9825188524831439,-0.5214014059947596,0.7701398316854249,-0.1744603172866075,30.060932370728032,1.935232507347913,204.9621829340407,191.79437887258635,0.04013313789548729,463.2497210406649,1.2264100576299213,-994.495714648997,-988.1687679357658,-1000.6517010179444,177.83456817962482,435.37731235741967,-1009.8269792015908,-1014.9728758608096,-996.3796671852643,456.72482372238113,T,T,T,M0,F,T,F,F,T,-1000.3912505406131,-591.7851801689831,-998.3702604706317,-999.1289393946321,-998.5218379117414,-998.4382950596437,-999.547987504053,-999.184403559057,-996.4543540946195,-999,-999.312472341962,-999.1146885557015,-999,-999,-1001.7518489292452,-998.9283899483354,-999.7206015077716,-1001.737573904282,-999,-999,-998.270126884978,-999,-999,-999,-999,-999,-999,yahoo,com,nan,,nan,-999.0158589199089,-999.1850786843906,nan,nan,3.004470617438529,3.045041363084559,11.99161596564348,-7.522237744228174,0.15752709103900342,-0.5900238833125179,0.15480890009769036,0.2233516067204974,2.2105818960928754,-0.11200883409518984,1.2433947683932123,-0.46212089023881614
291374,0.9162072,0.44481808,0.06999999999999999,0.009434629620313228,0.07257789582316995,20.931929811558376,C,15903.570231728438,546.9774376960513,185.43646098036743,visa,138.37813314721313,debit,-1002.0646463396317,-992.674440928212,-997.3647461049316,5.831854861328765,35.223232465859496,0.0010239133272074569,1.2470085587860047,0.12707720645651666,0.722219095855495,1.2134781008488555,8.807278127425658,0.09003550278403338,25.6823959828628,6.9938222732331194,8.92195407558058,24.46481088371598,2.8542609154864858,18.67833190163487,3.5242423892405137,15.629191067139848,543.1729329330116,13.889983056719842,449.0239789153541,100.32787752493493,7.0556102620258345,10.698837236310064,-1028.3494335738671,540.0615117511982,120.6358454880296,290.0415642416365,-35.03717805039945,-999,-999,-999,M2,-999,-999,-999,-999,-999,-9.285550959531406,495191.54535162775,-2.1800208039878726,-0.6667338017601878,-10.23592303674991,-40.694630487582344,4.473673667934463,-0.7966908253048359,97.47091521192169,NotFound,34.57547835366984,-998.8839919961124,Found,Found,221.07870942041632,-989.7075596777044,380.5938561770621,504.53843747725375,Found,Found,-1001.4006408882635,-999,F,F,T,F,mobile,hotmail,com,hotmail,com,nan,-1007.1603441884024,-994.755883130426,samsung,samsung,3.9977005686699556,16.981614622547138,1.9980262991554585,9.534000625662706,-2.424420837046792,15.886197449926339,-0.6618242208536981,0.23327580655833094,-2.1379808972036125,0.2548524502438857,0.48831027189183107,-0.6479341478338011
71106,0.7807367,0.26483157,0.02,0.0032300924127905565,0.02774283694007598,49.36174899052113,W,6157.207021784658,490.3982666334486,149.85866652959123,visa,225.8313839307905,debit,388.6296785492482,85.44867904847509,-997.8553507949819,1.7160391673542001,-0.1629278684352311,0.0006240173931908299,0.1367715669691818,0.03382928585695044,-0.3007156949285079,-0.1417478222907631,-0.08725323958366094,1.9763459510257588,0.08510765886521465,0.38919594965858195,0.13443226670208297,8.71820514238319,1.0463441551413641,68.23242096261357,70.65388432113826,-7.670914665296548,-998.7907198955512,-998.1597827432241,-998.8107202355678,-998.350786738924,-1002.1045446360703,76.81847345083918,-997.8617029203871,-997.4089288394593,-990.5308669200248,-998.5592365845143,61.83607332831958,-999,-999,-999,M1,T,T,-999,-999,-999,-998.0196915225899,-876.6746690175933,-997.9907254822928,-1000.8745546189058,-999.1288381584462,-999.2770570614324,-997.9538358092955,-1001.1417573369233,-999.836654725233,-999,-999.2395110842978,-999.0026455972076,-999,-999,-997.6436697864287,-997.268051835423,-996.1650031907034,-996.791466331676,-999,-999,-999.9533004161942,-999,-999,-999,-999,-999,-999,nan,,nan,,nan,-1003.4066366172333,-1001.27437466901,nan,nan,1.0043181882120256,15.999128921659123,11.994787929777582,-4.890833751397898,0.6764304102741813,-3.2593734478498053,0.1372382910807951,0.3087827411802916,-7.296361639564624,0.6960652547081899,-1.7487083869470446,1.0573853059933982
508558,0.9969518,0.3652553,0.18000000000000002,0.06325205919758363,0.4561466600879963,45.97859388876219,C,10195.292750009123,202.25160532701526,185.5558507482532,visa,232.0325864746551,credit,-1036.3443291795224,-979.6421059123599,-1037.6864018682497,17.88655253587477,19.870091089738544,-0.012730753742290813,2.300922932673082,-0.39846831326880583,5.371003335846753,5.782335646717705,17.07117043657477,-0.7748559517341134,-0.23207426837251077,7.728526615314385,12.261311973158822,18.617208984352917,3.476829646152355,23.378370403546892,-1026.5296128713283,-1205.4029053216761,-22.257759487449498,35.980564082413665,73.4864263635049,138.84408447680084,-78.27244144111751,196.01361562103665,-1340.1223833071617,-57.378863855201864,-50.00783067420971,-1081.0431857637805,-66.03538962705338,-999,-999,-999,M2,-999,-999,-999,-999,-999,-19.504387794632635,330251.3029316129,-2.172343236354891,-8.148525245352289,19.01566730724494,10.970272233708442,8.500824017858008,-9.037714363638088,89.8104051850271,NotFound,65.56469946413756,-990.791396049743,Found,Found,202.16027704094938,-1002.6287609742703,416.0383831222108,526.4679861653289,Found,Found,-993.4597636170081,-999,F,F,T,F,desktop,gmail,com,gmail,com,nan,-1046.1409296059833,-992.51628928479,chrome,samsungi8190l,5.978621644943413,19.79877970241863,4.995289578775352,2.768145604868364,-0.6484432200778621,9.71873766324799,-0.74648900438946,-0.39852644579584867,-1.2246982495223395,-0.614759653111662,-3.0208032076576767,-2.0748122198506707
529364,0.94974333,0.38511595,0.03,0.004056900182200707,0.034338727250286666,27.918245314692072,C,15880.775134646277,543.693843117527,185.12585704585635,visa,138.54341373697548,debit,-999.5299550463617,-1000.6989566014902,-994.8866727093522,3.427867590778611,13.229085898509604,-0.0002654224067591216,1.2111246710911159,0.13305791140326217,0.9054041681600538,0.9284536746689525,0.9060403811116089,0.08179278237899545,0.5664779966411233,0.4855477875144931,0.466591284833882,0.6991657314209903,1.2030711968274819,-2.642303582756976,9.015537101509299,-8.4523515784406,-6.252517414320068,-12.01103205877939,0.7252482388675925,-12.312261225226493,7.780458271473023,19.075389477643053,-1008.0268338994442,0.012799564040187436,12.201544045894886,6.517378376280378,-13.49577341596479,-999,-999,-999,M2,-999,-999,-999,-999,-999,-24.787406483962513,238973.56663943682,0.3065372405343396,0.7708897056046453,0.5000949347070218,0.1739812502183895,-1.4114797972142696,0.032584755750463046,100.6589081714178,NotFound,64.85365061241464,-999.1626604766561,Found,Found,224.98534042777567,-999.2023640334417,266.0830826686258,321.36409018473694,Found,Found,-999.7473287209116,-999,F,F,T,F,mobile,gmail,com,gmail,com,nan,-997.8051580875364,-1000.8464705467218,chrome,huawei03,0.0007784880674814865,3.981495861245193,5.018614816113901,9.748633696337949,-2.011218449670397,16.161458178096364,-0.9108011540514892,1.0368687787558435,-2.097392515228067,0.5096946065536276,0.6104164041936763,-0.3743474593405605
284967,0.8136619,0.15576436,0.11,0.020034599671098444,0.15093122805493323,103.60248657196556,H,5454.9744693898865,431.8130888081233,151.17027329552673,visa,225.27115994751153,debit,207.97223901943795,84.08370815971976,-977.8702629844865,0.8796007090867306,-0.6010635142844087,-0.003732433533739285,-0.20433861059549674,-0.8340629625524523,1.3570512785358568,-0.4311829085606518,2.5790012618477003,-0.2761186772687747,2.973429704050619,-0.2727930258975153,-0.4036169346215228,5.190502024239464,-0.3452693145173491,11.154860421593856,-994.9579142016099,-1052.4835052836802,-985.3381205171013,-1009.8836697147009,-1028.1362814405481,-0.0011889235765891958,-30.893423504406385,-982.6202780465179,-998.3094011493198,-968.1062577524443,-970.7778855437207,-995.5266745271582,-997.5528129985131,-999,-999,-999,-999,-999,-999,-999,-999,-999,-13.95279297398929,62599.20970753942,-988.3622612000681,-1006.4169334234805,9.936323627821594,4.062229311408032,-4.983208829556702,4.880953896250048,87.2466738359841,NotFound,60.97026266867556,-298.1039951574876,New,NotFound,168.60037986438158,-994.5641891086427,194.58683970264303,92.48748581160851,Found,Found,19.739266383794984,match_status:2,T,F,T,T,desktop,gmail,com,gmail,com,Windows,1341.5129949370594,747.2231101757245,firefox,rv58.0,2.033459608035024,14.277378508262005,2.003721155433345,31.14721406637458,-1.2112059758836877,-5.393153005760926,1.1420674831203053,0.09354151501671586,1.0087754999951306,-0.1299653345716569,-0.2056621205850978,-0.5460301784876309
505564,0.75918865,0.45583424,0.03,0.004056900182200707,0.03979681532365223,115.43298308891022,W,11189.92596091398,298.33973277633106,149.34805780004683,visa,227.05904490895915,debit,269.87969397489746,84.64015419572426,-1001.6945339125471,1.2823731169818213,0.29264395467905935,-0.00026059221994679214,-0.34861484471634174,0.012875788382146425,-0.3385709568439754,0.06701418608996201,0.3595460512433908,1.0757471867153185,-0.3518392661886285,1.1281694415572403,-0.06262627609644511,1.3700469176393817,1.101313003892316,6.0226967396772775,0.5569479650128486,-6.444718565895878,-995.075801874496,-997.7442884593085,-1017.3870901766237,-986.5210221293845,-990.470189147543,-4.374136526059342,10.484651858462271,-998.2217249174269,-994.757628647318,-995.3676797423379,-11.35289298758933,T,T,T,M0,F,F,F,F,F,-998.3214737678192,-393.8846412953135,-997.7496697047868,-998.3517128338309,-999.5412868622889,-1000.7873754405673,-998.3157427259217,-1000.7756259964796,-1003.0271761427105,-999,-1000.8362769523668,-997.0562798188521,-999,-999,-998.6373793410294,-998.6897756522274,-1002.740935991151,-995.8368574629828,-999,-999,-999.7798421866653,-999,-999,-999,-999,-999,-999,nan,,nan,,nan,-1003.0560609895468,-995.1658172893652,nan,nan,4.989778899762113,17.919925117122702,5.012572867419446,-5.8772277377495,0.9560994543247928,-4.154281421639598,0.33300834993739203,0.33118675620416954,-5.3270761452814455,2.2228865875203643,3.674849853822033,-0.7162625748949473
197026,0.6755553,0.34917396,0.01,0.0025521382703821843,0.01915300908102368,117.57140934103542,W,14902.690909649693,250.72425003825458,150.17930486525978,visa,225.5441359256234,debit,440.4104603025851,87.61200587565375,-0.15630711550249998,1.3819245902290334,0.6340948563027453,-8.132862584847751e-05,-0.030358311407555405,0.10934944907837352,1.101988515011179,0.11931666561941157,-0.5738875619030672,0.9534330141001188,0.09892796324202013,0.5208851655484565,0.19906113197103847,2.8193705727468235,0.8437863463009627,0.07261828476311842,2.7104685741346453,-0.3905027514846508,8.441360542303471,4.305703249398942,-1002.8790643693642,-1013.4090910838364,-997.3617639478423,3.206620684282728,2.0927470015967073,-996.1334502010527,-994.5744538690325,-995.6429604838653,2.4693458354191797,T,T,T,M0,F,T,T,T,T,-998.7570361637383,-667.128793656906,-997.9604319615624,-999.058009853263,-998.0024177809298,-1000.0636866311856,-998.6068442547654,-997.3881741048064,-998.1586268644728,-999,-998.9454289156611,-998.908112839534,-999,-999,-999.3309625398762,-999.2074940276467,-1000.4662554700549,-1000.5920243343431,-999,-999,-998.3015731471817,-999,-999,-999,-999,-999,-999,yahoo,com,nan,,nan,-998.8397081213238,-998.2174825902721,nan,nan,0.0021877633118210227,15.978947313462488,1.0010455845339559,-7.590372170098682,0.9442299383616449,-0.5507595364635436,0.2982330721997246,0.3439440497427441,2.4516329201934197,1.8381523517642577,1.2227881183766829,0.7925161790317654
405202,0.9957503,0.45555758,0.14,0.03356392623053241,0.21486577277135857,53.783911731608946,C,2565.7986774847304,131.6802407173792,183.7389466788743,visa,136.7683782470067,credit,-989.9891416034034,-998.066616032677,-963.4775205587734,-0.39458254326379993,14.115953683794022,0.005744011272394357,3.282500813814249,0.7691273620346628,3.1975461351546937,4.308202282030829,11.093657871886611,-0.21827035510032822,-0.4849919958347373,-1.5791059001899939,0.7231270213584509,4.894357174614743,4.055714041708337,-31.692369927778486,-978.856709703803,15.101235469436405,-5.757733323957216,-25.475371727934732,-37.73329579528641,-45.743347898480074,-13.444874697252851,-99.15731790208676,-975.6274894519372,70.76124103343014,-970.4935342553852,27.0290116198085,-50.80292104090707,-999,-999,-999,M2,-999,-999,-999,-999,-999,-24.720105882553412,186790.16337878612,1.3066446237722857,1.3063608599485406,1.83844121230959,-18.15343604404825,5.283008576513907,4.736647692584256,86.59462123531443,NotFound,47.62487074320427,-999.4447251848537,Found,Found,209.07555489958122,-1004.9953603914863,270.53942073236726,497.26325031137765,Found,Found,-992.3234944259818,-999,F,F,T,F,desktop,gmail,com,gmail,com,nan,-979.399874528969,-989.1374194086887,chrome,windows,5.037246522310605,13.72887109316317,3.052560414547892,10.056981690248836,-2.196705952689026,16.386016284795772,-0.9269320278270465,0.21427943240650082,-2.237079303620868,0.3407005807026123,1.228951955189616,0.5010780013792694
56435,0.80009884,0.28977266,0.09999999999999999,0.01672075323499393,0.12619588850787306,57.33975276307467,W,9544.593220602694,321.3912401812388,150.93558826437265,visa,228.12732571340172,debit,274.3583299615778,82.2618769492514,-997.3935372880773,1.949632725363255,0.370763906943262,0.0008977277426371983,-0.2167960515390055,-0.192629572394317,2.3609570251326737,-0.665189527567156,1.9879320672388552,5.200018510431151,-0.14646684739475102,3.703705034419057,1.7290709458801596,2.5299395533296902,2.8212738547776732,-20.794649905538197,-977.0525408203571,-1001.7320015346339,46.415107214326916,-0.6172493057152697,-1048.2069183831245,-933.570298800872,-1014.2496395402867,65.66165291803765,-980.9507490078976,-1050.7179777341764,-959.3312617878552,-938.7024303419854,52.21039090833158,-999,-999,-999,M0,F,T,-999,-999,-999,-997.3077657851563,-431.94415524792566,-993.6534404553917,-999.5707960145553,-997.9724738581308,-1001.6959177790155,-1009.4120728329012,-997.3080061961434,-1004.773622115936,-999,-997.3392021026076,-995.9520654177419,-999,-999,-1000.9419462253618,-1000.7769229132631,-1002.9333953360517,-995.3081449719567,-999,-999,-1002.2269490761751,-999,-999,-999,-999,-999,-999,gmail,com,nan,,nan,-1006.8032601695338,-1001.4098300505711,nan,nan,5.057564723897109,5.107114844791353,12.04917918393393,-6.57376100690869,-0.14991502069160603,0.3023147591134,0.16207081551859262,-0.17437028426046117,0.3050332587685383,-0.9167525240886256,-4.290909598674364,1.451771328423123
161568,0.9901063,0.38654864,0.12,0.02389616287845446,0.21785532670016108,104.02252448425212,C,2950.8113565809754,288.07237666159125,184.55577776615036,visa,136.996271605095,credit,-989.0427130216281,-999.5959210073813,-979.6427383227643,-0.6026079908024204,8.569406075288224,0.004918192800704225,-0.7706443356382913,-1.053456800067134,-1.1031763299271677,1.457282190945655,3.5590460407112223,-0.49452457061563404,1.839368284537501,1.2268228938400156,0.945765396165493,-2.34294366731676,2.1403338988135285,-63.27641632910915,-991.8265058041228,-1052.7585566994114,28.5158460463191,-53.24388833713966,38.06785342949032,88.59021700505834,56.350903349682845,82.14753068086219,-1034.5408148755448,-23.19653879594414,-9.823519949899172,31.628039419748752,-69.65169492150939,-999,-999,-999,M2,-999,-999,-999,-999,-999,-0.25643039444639726,40931.04638122216,-0.36526011292016847,19.079211983415348,-7.5800037694258435,0.40174230495938446,-8.418086854703233,-4.525233313820081,97.35278646917095,NotFound,35.14213011356196,-999.3863059388214,Found,Found,227.63072490963725,-1003.4150685225942,585.200066277041,511.1236582584264,Found,Found,-1016.9583569312286,-999,F,F,T,T,desktop,gmail,com,gmail,com,nan,-953.7156263756796,-1032.3742041346716,chrome,nan,1.9989966446541463,0.7094547779084657,0.9932347268645758,9.757180079171269,-2.5739606763066902,16.081055554214903,-0.6760530841841303,-0.15272852543301635,-2.1852069946231527,0.20304467420777525,0.7856580579250241,0.005517747878365585
51880,0.9364169,0.45732,0.17,0.05427181375432048,0.45747170665687614,121.84312621052214,C,8520.582373825428,478.73201346058875,187.68398531704963,mastercard,218.851008546198,credit,-1021.8431184164765,-1021.5303552693368,-1017.6655769820884,3688.4193107773995,4087.8919909390543,-0.011353206293579998,1764.7469751937608,0.8856931584003274,1759.4522418261356,1760.9534958224133,2745.244261335285,-1.234701754797296,2668.348771991588,2487.8192895582533,2496.2155213751275,2346.909415486138,1143.7934349783343,-39.38012469460831,-1051.9032865870247,-924.8952794430346,126.61059916348977,-10.75570030720333,11.8079967837222,-1337.3947140521848,-1033.7042293084812,-914.9851833839421,-981.6211768491538,-42.22276322927876,193.77865982465968,-21.846956644433124,-49.540821800768654,-999,-999,-999,M2,-999,-999,-999,-999,-999,-63.709485644860024,542696.0090025874,-1024.1153331864555,-987.9412304507589,57.87110055317817,-24.179220871806933,-1002.8723573159403,-981.858943688087,105.92907216479102,NotFound,77.7702240542178,-1010.7472001093657,Unknown,-999,183.9178728707542,-1005.2565807034025,249.47821947203636,482.7656779781381,New,NotFound,-990.8639902897356,-999,F,F,F,T,mobile,gmail,com,gmail,com,nan,-1004.9744571398315,-978.1674381598524,mobile,nan,4.079649557546175,4.618089187135501,11.988863384249882,14.09673184359855,-3.2995416901986356,11.706596878845163,0.47440285671028826,-0.06608920631232407,1.0687025975870774,-0.48220870412512223,-0.2720880553113372,-1.2830435514634133
558323,0.9946867,0.36606845,0.2,0.08508720268939021,0.7280182019923307,111.6010893633254,C,2636.342024965921,441.61062059087067,187.5579373564455,mastercard,219.9445735930322,debit,-1079.9705326428468,-972.199338145048,-996.6721996201081,12.221019309354995,22.106984677015134,0.004216263164023822,-0.13838024762415646,-0.06796503903614948,3.1135131009148207,2.626466544609409,-5.3106429442221135,3.566203281950648,1.5366542273136865,5.011219082790106,-0.285237052729423,8.307919681759255,5.383446694179234,144.1398515524297,-1060.9092239934223,263.4837904097165,-175.40697547448076,-294.2835542178089,-100.20883822693789,-146.9854361484127,83.24418953587895,-165.6979335543316,-865.7498684476577,-235.03076092100073,-255.6694255018059,49.632056482447474,-61.65233528484242,-999,-999,-999,M2,-999,-999,-999,-999,-999,-104.76568405718683,242777.29447631293,23.92392728471168,-2.6100198837166317,41.018128699826775,-44.53265245039336,-18.762647580490466,-1.7813649554279891,-9.70346995682371,NotFound,45.27290615418076,-985.8422778140446,Found,Found,243.73870619569777,-1013.3795744822647,112.94017297603943,337.9700612683383,Found,Found,-1037.047143991223,-999,F,F,T,F,mobile,gmail,com,gmail,com,nan,-1113.8436155647191,-961.5810582856312,chrome,samsung-j700m,3.1968146850207155,4.366369519290171,4.904597578735436,9.777422830330917,-2.54610964755196,16.051296233403352,-0.6372273358888896,0.4112831844475284,-2.1328615255419807,0.22863597196208818,0.7498998928797612,-0.022386595185880126
433663,0.56383544,0.3981735,0.06999999999999999,0.009434629620313228,0.07958179526424539,69.36295866517618,C,5961.969157434518,551.2536217195559,147.92588266407657,visa,137.3700815715269,credit,-999.6758185008318,-995.4648977070657,-1003.0399372873571,-0.5480497859522178,4.206489139609156,0.002312045571852711,1.064051268323185,0.2822251498735078,1.1492233154760072,0.47352677026303924,1.9276277555629355,0.24062281884351666,0.921952224562733,4.321950464393331,3.9465601169242563,1.37418707403085,1.2355195636508327,5.696445903704775,-10.474871021610493,-6.23445148047602,-996.2860056258621,-980.1142267657208,-1016.4118105861508,-998.8264036991363,-997.6861203050887,-1033.9419410097248,-1030.209634013486,-1007.2250876275488,-1021.4709829809973,-960.4819836260637,-1008.9119188123914,-999,-999,-999,M2,-999,-999,-999,-999,-999,-30.869493435877644,179230.38602882944,-1004.3783857572921,-1002.7808876013075,-7.539708733915404,-23.784456410226312,-1002.0468620279287,-1003.2906488308067,108.97569072982435,NotFound,65.37927124063947,-999.7016242344166,Unknown,-999,223.52219045080744,16.99095172699822,415.43791917323676,608.3673529004974,New,NotFound,-999.5988486551139,-999,F,F,F,F,mobile,hotmail,com,hotmail,com,nan,-993.3999381711458,-1003.124120971522,mobile,nan,-0.0063531984830440535,15.014102087869848,3.9894415609510485,6.208799582571914,-0.09586020568169873,-8.322062737054178,0.8345953092538484,0.5286153880750336,-6.0562894584380835,-0.8221820944585225,-5.197832758077365,-0.9782080243608648
549998,0.5217548,0.30264837,0.01,0.0025521382703821843,0.019244049311825162,35.75110281295504,C,5829.964075854616,407.23893085700996,185.2964195249874,mastercard,224.20233679007373,debit,-998.505453076817,-998.3164316832599,-999.091140566765,3.2374235300697904,10.501796831356625,0.00013162636286708287,0.9491822694558203,-0.07489671681139765,0.9763563401041591,0.8645835803465247,1.6843042681097957,0.022735562171334323,3.9093905226133874,1.9109730160620941,1.890781294835504,5.8818624432419675,1.0285895032221752,84.78347728062644,90.76529793963672,6.6486374968163835,97.92933520116885,6.5748260414402555,95.98536922784872,24.662694574190063,-0.5867261335297361,0.7434648063885299,-996.5246167878169,99.81731735162023,7.843288866788206,-1000.0983597085403,91.87827306681284,-999,-999,-999,M2,-999,-999,-999,-999,-999,-45.4718106697095,361393.68261029525,-0.5900046248660828,-0.7474906866726769,-5.995456327494139,-33.208762077973915,-0.02993817257640785,0.42624766451001506,99.09787191641817,NotFound,25.793755841510233,-999.000523822513,Found,Found,224.95012597811956,15.170876346563205,266.8774109490532,595.8300857812548,Found,Found,-1000.1964156105529,-999,F,F,T,F,mobile,gmail,com,gmail,com,nan,-1003.2600417556737,-996.7388529443178,chrome,huaweix3,0.005969142563955199,15.035022448588215,5.007747408959458,2.866429080299213,-0.5299269671884735,9.751791412821305,-0.9833397886402554,0.007257319228687314,-1.230138080608285,-0.6400788055119211,-3.130683832576752,-2.00570547399875
280801,0.5649352,0.32289955,0.02,0.0032300924127905565,0.023644782091204044,40.54355941171204,W,9524.253189194516,321.0004023675583,149.94564441275918,visa,225.88081647304963,debit,205.30266043945602,85.72689432838867,-999.4987915978757,2.7708302396524314,1.5689136743756258,0.0006275086423127877,-0.04753547920675327,0.18121805610458086,0.6915003009576104,0.32184988357708066,0.4428486467985664,0.9726892129668046,-0.019336061103614632,0.9236190965147895,-0.28115395972400936,1.324017473723412,1.297910878565867,-2.4388802488693475,-987.3194083560521,-4.453387171878633,-994.760804800798,-998.8795755029206,-1000.5741864185028,-1004.5801706140461,-998.2585879977884,57.44154311965867,-996.1507829977875,-996.5361497267612,-1001.7410639300753,-994.9145526031363,59.751389849358006,-999,-999,-999,M0,T,T,-999,-999,-999,-999.1227975205353,-1364.4227614258925,-999.1809786608136,-999.6124372451652,-999.0493024384698,-1000.0589721944383,-999.9639082848619,-997.5419469816879,-1001.5073312996878,-999,-998.1761882599947,-998.9955802409514,-999,-999,-1001.0695806288365,-998.4884439517689,-1001.1895971300096,-998.5610644920382,-999,-999,-999.3502659809482,-999,-999,-999,-999,-999,-999,nan,,nan,,nan,-999.7242480790724,-998.7322361762713,nan,nan,-0.00012205041833945884,21.980521331014415,1.9826884720174398,-4.865369209297964,0.6799444514542791,-3.242338059022469,0.13055706984838833,0.04253408588533581,-7.305051285092179,0.6288028477740135,-1.8599894927086333,0.6704587388892155
255131,0.86812025,0.46268466,0.04,0.005058857517455529,0.040271858953071595,35.22347490958286,C,12639.005442281765,490.46996396313307,150.56584180268368,visa,-998.5911226370802,credit,-997.5857694643323,-997.436057830558,-1002.0618403544225,41.69036049669302,330.9633225020479,0.000739861983223589,37.83821357204288,0.03298584407161442,36.83128103038223,36.655864130411146,44.24980071174239,0.11814925581723834,66.06596817920197,84.30609790272725,84.60811765605335,148.02718329249302,20.274968143481004,556.2187243358316,-1005.3898596566204,-990.4925767913921,252.51705742585128,-8.717267157484702,242.2699778523227,-1006.7669280093569,-995.0668441932355,15.863978016510277,-1005.2591651234404,268.52637183451384,-1002.2318024019099,-1007.9875400071413,4.9205819938971365,-999,-999,-999,M2,-999,-999,-999,-999,-999,-1001.1952324193647,-728.1265735470661,-999.4811373144528,-997.8792480648153,-996.653514994637,-997.9482166883904,-999.9436773003888,-1001.0094691725978,-1001.7460545369349,-999,-999.4248759366337,-999.9284671662546,-999,-999,-1002.1445997652315,-999.422902143623,-995.9486741663786,-999.293796448163,-999,-999,-998.6084485205171,-999,-999,-999,-999,-999,-999,hotmail,com,hotmail,com,nan,-997.7390808907412,-996.4822862648662,nan,nan,5.002167217137428,21.039766516241595,2.014481987921037,-1.634134939254781,10.26323612169662,-2.4867471335462685,-5.644209756834457,16.07091370859909,4.858012155344155,-2.321664267012484,-7.19056539794672,-2.5311754763184493
296357,0.9664896,0.219754,0.14,0.03356392623053241,0.2597930856363042,207.20294604636626,W,12781.988467731295,544.7522663721072,149.42004125025844,visa,228.11392211979557,credit,306.9823882319248,85.18310208028056,81.14001764813224,-3.2593180479470156,0.7001218702871981,0.0036765785305470106,-2.9066975084291835,-0.8428287257699782,8.840222424618613,1.265315379107265,0.27035017614164847,2.584250413609007,-3.0518675361646066,6.768982072919009,1.120559955227701,6.10738361407412,4.030064393665367,92.63471823063507,86.77159362249348,-37.980279591275966,-82.17861535676073,-874.9583177132728,-876.7280028536359,-1015.2201953194185,-923.7414716206304,-18.965572000949773,-38.88632602932441,-1023.9147914411916,-1000.5349444735443,-1058.117189128844,49.75546698771412,T,T,F,M0,T,F,F,F,T,-983.0661986734772,-3996.3061293599676,-991.7818513337701,-991.46611608841,-1011.6497312853276,-1009.0711597319903,-1000.3611735987213,-1000.6724395493329,-993.4984727950865,-999,-986.8690092343984,-1002.8023478424359,-999,-999,-995.2918892700195,-1010.2610505472028,-1016.6315552339875,-1024.405098200138,-999,-999,-991.5235064339677,-999,-999,-999,-999,-999,-999,aol,com,nan,,nan,-1059.9534468923314,-997.727394934967,nan,nan,5.035233084959561,23.071846580608515,2.065249733989071,-7.542238854194413,2.3235024297836238,-0.4159004647394382,-0.439701378067272,0.0494231113689509,2.508640252943988,1.9906166503575935,0.9516657526314262,0.0016567997761909922
377538,0.81300884,0.48935902,0.02,0.0032300924127905565,0.0284820092562344,1.003290247722333,C,2761.855425797752,130.04140294185623,184.92394201443193,visa,137.50193569642735,credit,-998.5179459806682,-1001.4195605319553,-994.2191285494102,1.1536244952497228,0.4210445871411128,-0.0002946083988474993,1.3118387912284262,-0.03772546982273628,0.9012106495905972,0.8870093164165187,1.3053495086062115,-0.02014416872841185,1.1673564931995708,1.2383889668460046,1.0110368736023743,1.3836874348274613,1.021057398256592,6.366291552898469,-998.716089842299,-1011.181464140146,5.593055763364783,-992.7573177465106,-11.512771855819613,-1013.1751567257746,-999.7730754062045,8.660274642084403,-997.7925049919122,1.4891696122892766,-10.288305152173207,-2.0472909126508108,-0.8237759781124397,-999,-999,-999,M2,-999,-999,-999,-999,-999,-20.107736489342415,165295.75709317302,-1000.4179224336652,-997.9244869207739,0.5225075848029519,-12.47663717479952,-997.0010172253841,-999.4913342165743,99.4892629367663,NotFound,30.705918313470306,-998.468349571205,Unknown,-999,224.4809334803541,-997.9838837158246,484.6389772654503,506.7654740722429,New,NotFound,-998.5407966119965,-999,F,F,F,F,mobile,gmail,com,gmail,com,nan,-996.3124033267329,-997.2001513079423,mobile,nan,3.0047969525627636,5.013079840986753,3.003778735454426,9.502846275498204,-2.6754970809406275,15.852589505302305,-0.5631364323660154,-0.11321033821060465,-2.173017389290398,0.128916350593596,0.5193028709052561,-0.6294607144084187
439249,0.70171213,0.34432217,0.01,0.0025521382703821843,0.023264706789635745,147.09665480446893,W,5054.609671417483,268.5677698129518,150.09886243714485,mastercard,224.15947249973772,debit,263.45787845567077,86.9745138100313,22.54412533812399,0.8448981920101204,0.4577477611819951,0.0001080253924089971,-0.3018299412196015,-0.06088804095609568,1.792154190201047,0.138384957361104,-0.3051842104971545,1.006826742862958,-0.5246898759015304,2.139262756805275,0.03905435607839802,4.410772825781098,1.1240601739190463,17.564259690842302,15.303843491380524,10.110178529602067,20.79359395207701,0.6399431500785691,-998.8885001406142,-987.5502446424638,-992.8738765774267,25.06178028458824,42.95477301780985,-1000.803889828491,-994.3150957357569,-988.9157044540419,39.15410163289227,T,T,T,M0,T,T,F,F,T,-999.4876833440062,-614.5296789891581,-999.2363862915142,-998.2129797442653,-997.8978336257022,-999.58492456084,-999.2462950921115,-998.9082871367771,-1000.6632432188981,-999,-995.7143137802161,-998.5340984201673,-999,-999,-997.3418042887433,-999.1314059632908,-1000.7573608110067,-1000.8141550366583,-999,-999,-997.177633978622,-999,-999,-999,-999,-999,-999,gmail,com,nan,,nan,-1002.5938631161542,-997.5409446084745,nan,nan,1.995339086251448,16.023102539081137,4.005806726684455,-7.567779182074431,1.0081661027605326,-0.5396970164276659,0.11802674669892473,0.040073340503831156,2.4366484541706495,1.6666565510327334,0.9094953436878533,-0.28418124683391516
541197,0.89143497,0.296717,0.02,0.0032300924127905565,0.027854920389600468,47.21418859790977,C,5781.736618312948,407.48958196505237,185.01503152762885,mastercard,223.4684520194371,debit,-998.8308146180507,-999.0378484145546,-1000.2494237354955,2.9434230261612484,9.620016981833926,-8.298819353617839e-05,0.8279583382251254,-0.014560510816985506,1.7012639845167588,1.336911082187887,2.42348315607315,-0.02328249058719134,3.4014368669292327,1.5781395931381095,1.7808567502938621,4.203346178470575,1.2038370486854078,95.17864941999854,90.76417057256137,5.842737995504573,84.2323107701225,-0.17393519003951466,94.96415866823511,8.084980683164535,-3.570828698042918,-7.1013153172609735,-995.3547405173762,95.22387361840747,7.543510196518306,4.997113085076614,84.0534365749393,-999,-999,-999,M2,-999,-999,-999,-999,-999,-4.5899060289157205,379447.3524391519,-0.6468454396994048,0.2565031476765398,2.8798539483805143,-1.7089764423450333,-0.1602242879075675,0.7090717444457368,99.89783324112454,NotFound,67.54858527515796,-998.2564219607649,Found,Found,226.44340883750692,-998.4994398654294,426.2015291871752,595.1145447636915,Found,Found,-999.6394801818745,-999,F,F,T,F,mobile,gmail,com,gmail,com,nan,-995.9070910966512,-1001.3403023359463,chrome,huaweix3,4.000688965901348,4.002766460560014,4.97460022746796,9.579885638996371,-2.4532570371069493,15.922984798364283,-0.7076583586902502,0.3501747708873216,-2.15252035371438,0.13580903712971987,0.5579107348993368,-0.5108433383351073
179883,0.95666325,0.47955823,0.02,0.0032300924127905565,0.028942809361993175,117.26893616581394,W,15102.717865834604,170.71097291780015,149.93649211607917,mastercard,101.93459208202577,credit,182.01587816635146,85.31011958980679,623.3176251275062,0.35982835089246556,0.7747893322262431,0.0007163697715706378,-0.015914032588129068,0.15438202757890362,1.9830657949857162,0.3773222166960024,0.050128823700233305,2.04133054257877,-0.17749990468775767,1.0238486477468243,-0.05076821219285055,1.4821759098517902,1.1917492822880158,0.9212264585111453,-5.683786454114596,13.342974936013942,10.281462489391927,-1010.2524765947718,-988.1725906911978,-1010.537575591496,-991.8261878494559,-0.6785690212778052,5.88962606274739,-1003.4128011789138,-996.7426425822076,-1006.4174617158745,-7.656977478566175,T,F,F,M0,F,F,F,F,F,-999.2229439277671,-849.2241802408753,-999.1981120513266,-1000.1599918529538,-998.9745026370999,-1000.2181937609294,-996.9590645015517,-997.8744340964295,-998.730911342212,-999,-997.5396684245604,-998.3850610761338,-999,-999,-996.8867782344398,-998.7064305926879,-1001.9612988024485,-996.8887622538039,-999,-999,-999.4962050538193,-999,-999,-999,-999,-999,-999,gmail,com,nan,,nan,-1000.3868236886901,-996.3146176516282,nan,nan,0.9955734186978393,17.986307748742306,0.997858358311813,-7.532213014924416,0.1762151544610744,-0.5870486468963637,0.29531353262828597,0.05549257902697653,2.2413875265885,0.251997265013846,1.2020285204093657,-0.3723615329263311
276601,0.9942597,0.34535465,0.22,0.11308859038292954,0.9846102341860543,1.0963734251438666,C,9258.197734262514,110.94660742708496,174.71810474921494,visa,155.76711414157768,debit,-1040.92867135256,-994.264765122737,-940.46704359298,108.21251355375955,84.00848549171435,-0.01381339980457296,47.84930901947573,-6.649191336855177,42.30187431224601,40.90920625059888,74.08597641015584,-2.2730605045602976,42.36353168257556,83.55340465639073,53.12122502358839,35.92222200273503,12.040830903007869,-6.519458717284831,-1237.0039614347254,-107.59050077804908,-243.07903657960333,-174.66869627724512,164.97246544310133,635.9823875070884,-45.629696697718224,18.336288190295402,-1041.7136334170975,-25.75717535095287,-35.35609131653685,389.47442449190675,-378.5643704615993,-999,-999,-999,M2,-999,-999,-999,-999,-999,-2.4732077161942243,343184.7551878905,-31.899885248037435,-37.34338285663193,6.9498816322770836,-11.562535563622419,136.7675687819716,-36.07297420798545,221.86110302253223,NotFound,1.3034624147811655,-1009.3674850181485,Found,Found,344.990704966326,-997.2647941512452,453.825259572012,560.559418222368,Found,Found,-1006.984977358179,-999,F,F,T,F,mobile,gmail,com,gmail,com,nan,-950.323974169029,-965.0271254576007,chrome,ta-1039,6.0560069199088495,1.4191575227647988,1.7993723018848944,9.760288707840658,-2.620829581471531,16.06599967883139,-0.38540926711015955,-0.09486349339675337,-2.1598480042516273,0.040349835659195935,0.48354445735707335,-0.6368014319237992
570597,0.8658457,0.40419477,0.03,0.004056900182200707,0.03350789208564283,141.4863217807032,W,7795.894372121098,479.2852583385556,149.78820483174886,mastercard,224.97003494096643,debit,328.6056796476689,87.2446153278443,44.628313192869086,4.650442532895028,6.698241283342401,-0.0006088592823564653,0.04221775900164104,0.12122531149412019,2.743648068460198,-0.13034209026437082,0.09520965609538568,1.8981392352534985,0.5233116061648682,2.1301200347958726,0.1895919160855395,7.615109639289766,2.8609605000455023,188.11089994780448,185.11863997249708,8.829485693859368,173.48471914314885,-4.102916200269176,-993.5123498042936,-1008.0940013947375,-997.7398900324683,174.17654992990867,173.890805755942,-1002.2016456662762,-995.980987704832,-1000.6420461338615,174.724023672127,T,T,T,M0,T,F,F,F,T,-1002.145974647306,-1106.8744567765389,-997.2149416170481,-996.157377093383,-997.7337016724481,-999.0627918448561,-997.6027415462568,-997.4692637736898,-997.7943117783782,-999,-998.2414255995246,-998.7313461343965,-999,-999,-998.3177657909907,-998.3294755806415,-996.7030137249262,-996.9494008128879,-999,-999,-998.3514416852169,-999,-999,-999,-999,-999,-999,gmail,com,nan,,nan,-1002.6332540843705,-994.1715997995025,nan,nan,1.0032500610481199,0.996599629312616,4.972297800554022,-7.522109604273045,0.5824137471089896,-0.5542856997163828,0.09056074294086261,0.4896222100832714,2.2369960647411973,0.02575935525082451,1.4411672789488847,0.2674628394075377
567851,0.80101985,0.41721126,0.09999999999999999,0.01672075323499393,0.12645882375645906,335.80915708387846,W,1533.342727468953,487.38604209849643,152.217693618437,visa,168.94635353942965,debit,334.9774742948309,83.50705089859811,-1003.225252173808,0.19143765253246237,-0.21062371916455547,0.006447088182217155,1.1823992255184814,-0.16504715284231164,-0.8011859055549113,1.386948405253507,-1.232758282709482,0.9604566493990223,-0.9772516983071924,2.994752091801505,1.2049693148387366,-1.1037117093885271,-0.3226319443394985,21.57006774610557,-1004.9219849743819,-987.4305952276932,83.36743081043836,14.746163941587756,-944.3569400759642,-1069.3711012375725,-984.92252836523,-24.402260575434525,622.642048429742,-1006.5708357312234,-1013.7589700243316,-1003.8668763715308,39.76133509355164,T,F,F,M0,T,F,F,F,T,-999.313767131773,-271.4708417719521,-997.525230273718,-992.538705449082,-1001.3390988744701,-994.7776902131925,-1005.6049391376662,-1003.3338786843794,-1005.3717258268049,-999,-989.895595439866,-998.278198316633,-999,-999,-998.3267526549675,-998.3717984125756,-1014.690568933024,-999.8762348802809,-999,-999,-1002.9297868919606,-999,-999,-999,-999,-999,-999,gmail,com,nan,,nan,-979.9897894750147,-1007.9350163869576,nan,nan,6.013391266131258,20.085082416720283,5.081082480229833,-7.536881873040004,0.0003889772209653905,-0.6202833103491432,0.27489438253927206,-0.13880895220175668,2.192524464117981,-0.13362669207053868,1.1786790835811662,-0.7078958968895629
