Original_Index,Original_Prob,Adversarial_Prob,Noise_t,Noise_Sigma,Noise_L2,TransactionAmt,ProductCD,card1,card2,card3,card4,card5,card6,addr1,addr2,dist1,C1,C2,C3,C4,C5,C6,C7,C8,C9,C10,C11,C12,C13,C14,D1,D2,D3,D4,D5,D6,D8,D9,D10,D11,D12,D13,D14,D15,M1,M2,M3,M4,M5,M6,M7,M8,M9,id_01,id_02,id_03,id_04,id_05,id_06,id_09,id_10,id_11,id_12,id_13,id_14,id_15,id_16,id_17,id_19,id_20,id_28,id_29,id_32,id_34,id_35,id_36,id_37,id_38,DeviceType,PC1,PC2,PC3,PC4,PC5,PC6,PC7,PC8,PC9,PC10,PC11,PC12,PC13,PC14,PC15,PC16,PC17,PC18,PC19,PC20,PC21,PC22,PC23,PC24,PC25,PC26,PC27,PC28,PC29,PC30,PC31,PC32,PC33,PC34,PC35,PC36,PC37,PC38,PC39,PC40,PC41,PC42,PC43,PC44,PC45,PC46,PC47,PC48,PC49,PC50,PC51,PC52,PC53,PC54,PC55,PC56,PC57,PC58,PC59
186477,0.64575857,0.38353935,0.05,0.006265852597583031,,-0.7475373222182224,4.0,-0.44548425097661054,0.3248080884820568,-0.004955178558363754,4.0,0.3193782033119461,3.0,0.381227494448426,0.35864759095358445,-0.7504757332632586,-0.09190224506816248,-0.0820705897918447,-0.03342630826155584,-0.06775540576565903,-0.21319315339767578,-0.08136753267897551,-0.05033657976473047,-0.06473475472394183,-0.08700513850380776,-0.04298624652747508,-0.08904085439227309,-0.039122451902224006,-0.17181920483253182,-0.10539756547019438,0.6011377942177043,0.0012126428895884451,0.00017822827152430172,0.5744172737432558,0.5705098752072366,0.003036008891758031,0.004519913560371703,-0.015664964106642542,0.5611304955449045,0.008363549756729927,0.0013292322231989165,-0.00031930826633524994,-0.007861318944808739,0.5660965566110532,0.0,0.0,0.0,1.0,2.0,1.0,0.0,0.0,0.0,-0.5807850926402325,-0.39489342773809893,-0.35577074196895553,-0.3547802879341381,-0.5591653701832725,-0.5524778787587641,-0.377811886780469,-0.3834453773853231,-0.5724997032352073,0.0,-0.5280840671510723,-0.3906139066937353,0.0,0.0,-0.5727032201651033,-0.5579878552969191,-0.5580056255415581,0.0,0.0,-0.3851208279943495,0.0,0.0,0.0,0.0,0.0,0.0,-6.5424831592482855,-0.16285166247263128,0.32412301097575374,0.15064236064089068,-0.16601789396539507,0.3219018726264268,-0.9033097001261288,-4.297187590237067,1.4473959891832469,,,,,,,,,,,,,,,,,,,,,,,,,,,,,,,,,,,,,,,,,,,,,,,,,,
404140,0.99831796,0.3207878,0.34,0.5067913695225319,,-0.46793305088439446,0.0,-0.30872513595119144,-0.05154836141067909,0.3593117368904879,4.0,0.14270648614034653,3.0,-2.984725614822487,-3.7274023916573156,-1.2186275340159916,-0.1670614759184189,-0.6279323008493629,-0.1555820560140284,0.4932276724480893,-0.786080148526093,-0.06727034426989906,0.49766684561476354,-0.3759384764673804,-0.2693670823013339,-0.1228760333469188,-0.01594949963153809,0.22280900013077898,0.07812621059787483,-0.3370524741030806,1.0749329618407466,0.23910898439637956,-1.1261145744622774,0.2357176377216743,0.5456637594710653,0.929638002129404,0.6860189106717987,1.4061045424323733,1.9688451696367304,-0.41891746591588847,0.7463668581735404,1.7215502435552554,0.44847012485300125,0.39542378994042154,0.0,2.0,0.0,3.0,2.0,0.0,0.0,1.0,1.0,2.009536662535413,3.245154181005986,3.492661070129617,2.194635129958272,1.8993004429376472,1.0489183967640106,2.3072023679174207,2.391090892562309,1.3698136851296459,2.0,1.1255706456457435,-0.8831582668756753,1.0,1.0,1.7244972331286417,2.6266838506106733,1.8071924235836334,1.0,1.0,-0.21504570948667132,0.0,2.0,2.0,2.0,2.0,0.0,9.279366304823546,-2.0299628056186014,16.00928985350577,-0.6323430506410535,0.3854760841580879,-1.8630205743795412,0.7800383281084508,0.4614447847235894,-1.0401584763041156,,,,,,,,,,,,,,,,,,,,,,,,,,,,,,,,,,,,,,,,,,,,,,,,,,
219680,0.99809116,0.22441149,0.25,0.16975275626876413,,-1.0499257611883157,0.0,-0.15728593884545367,-1.083089164877183,0.49952846179628047,4.0,-0.6026735406038455,2.0,-2.8723015591392502,-2.652361947924792,-0.5947429554532909,-0.16022436042643556,0.8369816425564962,-0.07229496975162905,-0.24139718148747188,-0.2284685328190801,0.03165391951847535,-0.07690423261632598,0.21286993745938482,-0.4547368304749648,-0.1446086151504547,0.4193814457585,0.4254804273013217,-0.08023467960406577,-0.06993912921308285,0.5807912358435057,-0.17186089301011184,0.6311831327053975,0.768880838673595,0.8383640349505966,0.48213396836955585,0.022534418321472016,0.9190407132301756,0.22827584068628143,-0.3022216261921805,0.575913453702423,0.48948806924597854,-0.012470678059730685,0.7309868117168445,0.0,0.0,0.0,1.0,2.0,0.0,0.0,0.0,0.0,1.8007913726163707,0.18412655266580522,2.8305435849591865,2.7214715262368276,1.6825650709132265,1.6414698929004603,2.8074598721820134,2.4653554525475587,1.3824526419709513,2.0,1.750753791492486,-0.14456757785865085,1.0,1.0,1.9359581372461294,1.7778306202393042,1.7559972596841005,1.0,1.0,-0.5039151446457111,4.0,1.0,1.0,2.0,1.0,1.0,2.8098768792266564,-0.5550859700454056,9.68845326276749,-0.9110001260831564,0.25903722863694273,-1.150943281041354,-0.7675666052449703,-3.1032414400341404,-2.3169960940477883,,,,,,,,,,,,,,,,,,,,,,,,,,,,,,,,,,,,,,,,,,,,,,,,,,
362046,0.943364,0.21202676,0.12,0.02389616287845446,,-0.3054879970269171,4.0,0.16629747332033984,1.0493833247696551,-0.019419039607220436,4.0,0.3098002179837302,2.0,0.3910599974188792,0.3928774301247094,-0.8150190316364561,-0.1308105426154959,-0.08930624894663153,-0.0829599385128276,-0.016349829554939688,-0.23132578204233817,-0.11942370360576478,-0.058772830911487016,-0.03350760838356685,-0.30773777824274606,-0.03421883121072036,-0.12492496494916694,-0.015195110249477235,-0.25627459142641074,-0.17322471916836135,0.6015963667462032,-0.01068835966246234,0.005610465548840427,0.039733829192165476,-0.03179002880752786,0.04675703842178727,0.37262270772085127,0.973272694556928,-0.024274273227315235,0.01217725831247143,0.030302584064431183,-0.04020939371183332,-0.028286232892567768,-0.025158079707659403,1.0,0.0,0.0,0.0,0.0,0.0,0.0,0.0,0.0,1.7212162428429854,2.009382595991707,2.7634266496498125,2.716735784503123,1.7913125854416687,1.8037316650795268,2.6075862097210485,2.6084130235879606,1.7385756341067384,2.0,1.9472503978282238,2.6685364259870745,0.0,1.0,1.7237631877479476,2.2072998597270543,1.9478850276411472,1.0,1.0,2.5326524011577747,4.0,2.0,1.0,2.0,2.0,1.0,31.226780972659487,-1.1376806048154382,-5.343421636303818,1.1088038662648518,0.06786038802516921,0.9578542932462757,-0.05770027789209182,-0.16270075548379614,-0.3318730480795725,,,,,,,,,,,,,,,,,,,,,,,,,,,,,,,,,,,,,,,,,,,,,,,,,,
282664,0.99430543,0.3534275,0.42000000000000004,1.1818510288709074,,-0.47247206092030575,3.0,-1.0828957515893352,-0.7055269231699173,1.605099330866403,3.0,-0.06877638299504801,3.0,-4.654582778795104,-2.1510928542100616,-0.5254404179020336,-0.7199895145659074,1.0418346123925144,0.6492116594771855,1.1902389689596795,0.24527489715484552,0.5122436938745717,-1.4259569508898902,0.6618077949388148,-0.9621273565283446,0.45580869231941634,-0.15713855122218962,0.387440958894424,0.18640593659303734,-0.6696141877503388,0.4768688385453267,1.582925843881407,0.8274956738295705,0.7299330146604625,1.1423177463689418,1.8471027539960083,0.40728749444819984,-0.24111126528979376,0.15911377789178344,-0.5816459521357803,2.0201171562151266,-0.6891562900291426,-0.1866407374810785,-1.1811121759807872,0.0,0.0,1.0,2.0,0.0,0.0,1.0,0.0,1.0,0.32953086296754686,0.5902461077459803,3.952891950305949,3.5977214969365723,1.0156968731581388,2.626066674193311,3.0266217282511514,2.9517517160486055,1.1424548470261744,0.0,2.7687536104235546,3.068336880332301,3.0,1.0,2.055153678974853,1.529924592484643,1.7457947347879996,1.0,1.0,1.246013325189793,3.0,1.0,2.0,2.0,0.0,1.0,8.85640802305968,-1.3979070110155765,15.326298388054271,0.418407230434529,-0.9615420873403034,-1.5002914796430016,1.0873790150712113,-0.4727551576415103,-2.3770727919753485,,,,,,,,,,,,,,,,,,,,,,,,,,,,,,,,,,,,,,,,,,,,,,,,,,
549268,0.9874149,0.04242703,0.33,0.4524492658823626,,-0.48784121127310753,2.0,-1.0516020426778259,-0.13548889680956572,0.19502985410590934,3.0,-0.0998811988701156,2.0,0.8026953439249244,0.2521578601162442,-0.6140389921755316,-0.3024486773603327,-0.40745776383241417,-0.5284539564489908,-0.5753487771749451,-0.16362869570501754,0.17806745564355358,-0.9014300880543078,0.014684737988541287,-0.17975486609688734,0.19550209770927313,-0.5593208829110621,0.0749678532148225,0.3250955759835682,-0.6598813227565274,0.874328880152361,0.09139431092314697,0.21780689187703867,0.1725360205904404,0.2181190032227748,-0.031791374230036834,0.05338886815103834,-0.7614214874143086,0.076823455907227,-0.2221202913242392,-0.2720313536712725,-0.04071576637511143,1.0819162859169245,-0.026092016877226364,2.0,0.0,0.0,0.0,0.0,0.0,0.0,0.0,0.0,1.4380777189287421,0.6569927178741641,-0.7092769030267243,-1.3527840849920012,2.7500773402197365,1.6982256065791197,-0.8191850298899637,-0.20577511466841614,2.0094511983669396,2.0,1.7420726066107397,2.2044621965526705,2.0,2.0,1.341119027507402,1.4973118388112145,2.9187076631162867,2.0,2.0,1.93226875468556,4.0,2.0,1.0,2.0,1.0,2.0,30.94178536717553,-1.4642261160566414,-5.09853364422625,1.0279139435732891,0.9981138700968174,1.0796269180681288,-0.6703684539747915,-0.12369554690583803,-1.4633816238881119,,,,,,,,,,,,,,,,,,,,,,,,,,,,,,,,,,,,,,,,,,,,,,,,,,
138631,0.9793062,0.20213096,0.16,0.04640734643340897,,0.3560345382866298,1.0,-1.4568537914002466,0.7376166432275592,0.05790059966657679,4.0,0.28525519104602354,3.0,0.11842335093262929,0.33501917920272994,-0.7698805473275886,-0.2067212468105363,-0.04305732087138324,-0.11258059403540359,-0.059159739252536425,-0.2555131346543511,-0.08828697380735846,-0.09237294791280196,-0.00018509501092561081,-0.3009746450017486,-0.06755526365936076,-0.07245502454574604,-0.06519412607916668,-0.22348924643054774,-0.09280975742945806,0.6773057287522026,0.04932029419981477,0.030661358883221253,0.005964183788015863,0.05113789060105444,0.03607663851978595,0.4048881361602815,1.0976404077897994,0.04801791558153332,-0.04975905629149575,-0.11488511217413938,-0.05058734881677532,0.02574553070580078,0.02135926865140632,0.0,0.0,1.0,3.0,0.0,0.0,0.0,0.0,0.0,1.6585538687217931,1.3076507302421172,2.7918018061338956,2.792336754977102,1.7880515993587824,1.8734493817405649,2.615878518806815,2.5728621838440486,1.7887435418117663,2.0,-0.4826140209001215,2.6427017596406603,1.0,1.0,1.7659922050959949,2.099913527230161,1.3686805231957349,1.0,1.0,2.5769886190507174,4.0,2.0,0.0,2.0,2.0,2.0,31.425580329839107,-1.2544026948911273,-5.1471928398802405,1.049687351016987,0.1093170572116605,1.1036298485449425,-0.0597067419857079,0.23309742899288696,0.2390269613649885,,,,,,,,,,,,,,,,,,,,,,,,,,,,,,,,,,,,,,,,,,,,,,,,,,
561098,0.62886906,0.47604883,0.01,0.0025521382703821843,,-0.440670413397579,4.0,0.5245064903103045,0.07830798488467541,-0.004330733230348986,3.0,-0.5964709376228126,3.0,0.30636754854389797,0.363837159892903,-0.7511097037864245,-0.10453236891599293,-0.09330590155226942,-0.03970954832054701,-0.056562957613012645,-0.21215354836779748,-0.11520127580868816,-0.04845907392870499,-0.05481836308952252,-0.2132918463236219,-0.05648754245268394,-0.09407194712733309,-0.04958054701388781,-0.24683456575300483,-0.14678898468357093,0.612172003678221,0.00032912883891124845,0.5516350745510948,0.5361315276923715,0.5475257779604887,0.0010191783336924453,-0.009670068468321705,0.007033089802154943,0.53197872179916,0.6018080082413712,-0.0015533633703128486,0.0013916447017448192,0.002093082346286226,0.5361348191012013,2.0,1.0,1.0,1.0,1.0,2.0,1.0,1.0,1.0,-0.5762228222282928,-0.3925473088805488,-0.3596684267065683,-0.35332994738415163,-0.5508958988677406,-0.5541500555307023,-0.389204917288543,-0.37978983126637095,-0.5678748335108285,0.0,-0.5300542753232533,-0.3960072703377799,0.0,0.0,-0.5614163694536988,-0.5518263017232388,-0.5536401858592193,0.0,0.0,-0.3946885275748657,0.0,0.0,0.0,0.0,0.0,0.0,-7.475963306224625,0.7653239563277847,-0.5148067630385248,-0.05388779970248013,0.05162605829753959,2.261084249886183,0.004165829129013051,1.6322818517759619,0.7878023098166932,,,,,,,,,,,,,,,,,,,,,,,,,,,,,,,,,,,,,,,,,,,,,,,,,,
217639,0.98494095,0.095962465,0.16,0.04640734643340897,,1.6110942481561346,1.0,-0.0802483183707084,0.1277884525740918,0.20471052710502385,1.0,-0.792544657962596,3.0,0.36361126324848075,0.4147345747936386,-0.7999994531650034,-0.148946208772932,-0.034936430869769566,-0.08144265302946888,-0.11468257632262796,-0.15302982219441358,-0.15655003966724745,-0.08177395343639912,-0.06232042744400317,-0.275014023971543,-0.0010903636635356262,-0.12796281177883437,-0.09895440095106904,-0.22787106609998806,-0.13104805996259114,0.6678918115738179,0.037423438095319714,0.07944516664737197,0.0278266951867129,-0.0030978420498202425,0.002582857595048117,0.47529008278259777,0.9572924554378891,0.030329279019671446,-0.04975205862461205,-0.08544480145632885,-0.059626785791056264,0.012029009847398419,-0.001925375913329133,0.0,0.0,0.0,0.0,0.0,0.0,0.0,0.0,0.0,1.6678734284831969,-0.05959750359855073,2.8674103232283614,2.8435005723490367,1.7695313475352659,1.8633966291862756,2.5973494362644196,2.6863093927120576,1.788600612045074,1.0,1.8496941038931811,6.119037819356779,1.0,1.0,1.7305202610516413,1.8866632581389986,1.7057981805023192,1.0,1.0,2.507985590946018,4.0,2.0,0.0,2.0,2.0,1.0,31.747779283352983,-0.34089882432914714,-5.068537961883326,0.867895117223104,-0.15891238417419296,1.1019699133858498,-0.05332766133987463,0.47829305175388304,1.031765661152031,,,,,,,,,,,,,,,,,,,,,,,,,,,,,,,,,,,,,,,,,,,,,,,,,,
196555,0.98681253,0.27073875,0.29000000000000004,0.28192947697193393,,-0.7046562392650444,0.0,-0.03625411352095945,0.8779820639582686,0.45352929168390776,4.0,-0.723738036488982,2.0,-3.0553045907553473,-2.366214330489954,-0.9687577360533914,-0.6359117747906929,-0.16957417602830036,0.3471344403984549,-0.027538026514033337,-0.22895232117776732,0.1768291285534877,-0.17126442070815612,0.0068421054701473995,-0.07157546344858814,-0.10742930983121667,-0.3635259332421175,-0.36064896852434625,-0.40303676122844156,0.12323008500857868,0.7332648019008225,0.41630619176528205,0.02074198283549575,0.06277933783646039,-0.06254377705649644,0.8797865654202777,-0.2339669585154409,-0.10387142910073519,0.5505339883037825,0.2941872240421216,0.4521882059791086,0.09716544463660964,0.5726463752425628,0.46457915769786595,1.0,0.0,0.0,1.0,0.0,0.0,0.0,1.0,0.0,1.972190926653341,1.0486310117725064,-0.15199360714638335,-0.13337746081772364,1.4425529079944932,1.951868886482767,-0.05515425629301296,-0.44896770638291245,1.8790469913468937,2.0,1.8668627972455778,-0.1135983265226505,3.0,2.0,2.151878211549023,1.4039363981698556,1.5333083302269142,2.0,2.0,-0.4936822307686623,0.0,1.0,1.0,2.0,1.0,1.0,9.530074072542163,-2.9070083179139234,16.04364114014954,-0.610390532460284,-0.4648480940741897,-1.9757172820410982,0.07200765833877026,0.39933479820061873,-0.68638140319838,,,,,,,,,,,,,,,,,,,,,,,,,,,,,,,,,,,,,,,,,,,,,,,,,,
232494,0.9737051,0.16913126,0.42000000000000004,1.1818510288709074,,1.1078146353802671,4.0,-1.1539919813700754,-0.27747409434327436,-0.12446648395090476,4.0,-0.21146399913263636,2.0,-4.808625834628471,-2.1779020409654155,0.7126986078405242,0.26700723740690435,2.2855100093087173,2.2334352640813924,3.38760053075759,-1.3353877627233322,-0.9978219383277522,1.734606296892793,-0.04043430547987792,0.32529915170500767,-0.8611495192356855,-0.005345753449641499,1.4523955500416954,-0.04449770674326224,1.3110638290629493,2.687828674156595,0.9461536437614846,1.505637523157052,1.2364359701432481,-0.33793745293814514,0.8369000563134663,0.2154450068748138,0.27831947369243537,-2.381324908181854,-0.7155755408175337,1.2471850861823768,-1.3688211265483001,-0.3179769198357715,-0.29513027188835994,0.0,0.0,1.0,1.0,0.0,2.0,1.0,0.0,0.0,-0.0033985698563083755,0.4360366026474064,4.616966297499616,1.5926484461577257,2.1015845736899172,1.1451146382113273,4.167779490053903,4.1676204363143325,2.56549722288656,2.0,2.963836250763422,-0.3375560705423511,1.0,0.0,0.5862392460913408,1.3534067254484003,3.5019588649128264,1.0,1.0,-0.5571224377954213,0.0,0.0,1.0,2.0,1.0,1.0,9.519518033619718,-2.442872369547408,16.15135965899301,0.9342928650154214,-0.8935474243673017,-2.364802000845771,-0.34742823223647734,2.6183079325197847,-0.3859024575061223,,,,,,,,,,,,,,,,,,,,,,,,,,,,,,,,,,,,,,,,,,,,,,,,,,
26049,0.9911704,0.43540722,0.24000000000000002,0.1486439774738485,,-0.8749429847061494,0.0,-1.2963083020463937,-0.41652632858828526,0.5076548452061821,4.0,0.44917689844480285,2.0,0.17819555167226006,0.2257723773225177,-0.9477329499506179,0.03194310923571373,-0.18265680375039445,-0.08568240024543382,-0.13912723952878403,-0.17483606693324774,-0.4702639417587626,0.08316579339009685,-0.13680101265339423,-0.3862388532409039,0.0713492825689421,-0.1148248298193726,-0.046468569457508185,-0.0902061152917881,-0.30315570912528955,0.5391779001546686,-0.3817291230583283,0.06493349412512978,0.38156524999149155,0.5832258208057124,0.5800213060757695,0.4609172617984397,0.9670928966094293,0.618244702919584,0.18296950967435766,0.42310919841251465,0.5276541425112815,0.3699561765743882,0.5591244070492829,0.0,0.0,1.0,1.0,0.0,1.0,0.0,0.0,0.0,1.9250452044785267,0.008282341066586922,2.7093726877881705,2.9494762697258676,1.8253951667316541,1.9299321146508321,2.7474100154398577,2.673505425593517,1.8286499805884,2.0,1.8537407176339418,-0.5176366700075105,0.0,1.0,1.8261496127701309,1.6358831431203147,2.1065723719857816,1.0,1.0,-0.46768810182915443,0.0,1.0,0.0,2.0,2.0,1.0,9.616224275788044,-2.781514885962062,16.307888951041654,-0.4871072434964372,-0.11052641940373752,-2.0653328617046993,0.44329093559908905,1.0607303110901265,0.011702227117274366,,,,,,,,,,,,,,,,,,,,,,,,,,,,,,,,,,,,,,,,,,,,,,,,,,
438546,0.82523143,0.2944978,0.09999999999999999,0.01672075323499393,,0.35167475101705103,1.0,1.3807469552678318,-0.7804849064184067,0.008277164963400597,3.0,-0.7983301205090737,2.0,0.38443539444070435,0.34320805284146055,-0.7439623865632305,-0.1169093637571946,-0.0620684732734897,-0.044840933203134245,-0.04146281358741572,-0.21849224583907706,-0.10966493591189379,-0.036609800116624305,-0.025695673191736833,-0.26362653266138364,-0.05138597220589435,-0.11744686430004801,-0.049456283613909566,-0.2431652683801614,-0.1768997418508821,0.6051147689199614,-0.02119896866524831,-0.0005941398356972135,-0.028545904326165668,0.007592042636295749,-0.008191895735976859,7.186692696034065e-05,-0.00915680686590592,-0.009163708830340938,-0.002727984632179915,0.003036776965210711,0.002369086930650752,0.007209937373706804,-0.0041872707525749875,0.0,0.0,0.0,0.0,0.0,0.0,0.0,0.0,0.0,1.7616170648309686,0.7909320666513691,-0.3651743551232105,-0.3743568023937368,1.8121217197124344,1.8076108030103664,-0.37849035489243954,-0.37183564105963773,1.7622320444342285,2.0,1.9623914338922273,1.8614343062282463,2.0,2.0,1.7225438603510583,2.1111776532069912,1.4951505165429533,2.0,2.0,2.5684529671381298,3.0,2.0,1.0,1.0,2.0,2.0,31.176532419550032,-1.1932921988181426,-5.3921874968240155,1.1805233849773655,0.10716029824614115,0.9756243391191467,-0.11683185215770144,-0.19581481225519948,-0.5396309063854261,,,,,,,,,,,,,,,,,,,,,,,,,,,,,,,,,,,,,,,,,,,,,,,,,,
183373,0.9980653,0.39328,0.26,0.19338051145240298,,-0.15827219713040575,2.0,-1.0236838991490953,-0.7742962133392348,0.35533101071574735,3.0,-0.5525680965759044,2.0,-2.4490371449138264,-3.0854762184807814,-0.8701753827822009,-0.18606005833449873,0.07862370562162235,-0.14949181705139736,-0.1974822739830889,-0.2235337866468525,-0.256836205477377,0.009490592455238159,-0.2265240646554591,-0.05438282393611657,-0.22088317337348426,-0.15855373399575842,-0.11863697553660532,-0.13074916328375424,0.028935721803513365,0.5838554642831828,-0.08427692868625125,-0.03811283979136447,0.8879831670590277,0.26534997083375605,0.5845119148173672,0.3476332940175983,1.0694042637883925,0.41780937259192485,-0.011338750858995956,0.8335330817668374,0.7062969058145205,0.38842200293800516,0.6636848152415863,2.0,0.0,0.0,3.0,0.0,1.0,0.0,0.0,0.0,1.564471710272544,2.07689789312051,2.9813594336801486,2.601778027458346,1.702678062318399,1.77666320911207,2.654906173999981,2.638077831207905,1.8721599701953722,2.0,2.2402959900005923,-0.3566708988931254,0.0,1.0,1.8637473536862679,1.7513387172461419,1.8071503957520918,0.0,1.0,-0.21009494208208196,0.0,0.0,1.0,2.0,1.0,2.0,9.652031690479959,-2.4544001710081633,15.915789767156136,-0.624313761644234,0.036803523951891376,-2.2385737153950878,0.32609769791874305,0.529401828405607,-0.34562268546810754,,,,,,,,,,,,,,,,,,,,,,,,,,,,,,,,,,,,,,,,,,,,,,,,,,
135171,0.993745,0.3447644,0.27,0.2197729180535744,,-0.8140561152314956,4.0,0.03375893296654515,-0.04534902122395157,0.7334997085003853,4.0,-0.38240258983050845,3.0,-3.0450698411357413,-2.44738115382747,-0.4640207805704949,0.25295846802458594,0.007711170256394777,0.30544051988747006,0.12866042229499064,-0.08170400153162824,-0.008603098649196571,0.03901375931790531,0.36037331299501046,-0.1590574565015573,0.08892883930204547,0.2599609768127343,-0.19402315996469346,-0.07441639647676929,0.0651007049632662,0.740970720728322,-0.1587921645217895,0.09421785480556792,0.6260906668983608,0.8009914087112211,1.0299545556096596,-0.1548827729266431,0.3951676384497292,0.38329352357134655,-0.20775915933728403,0.5459291379715533,0.5607683142326938,0.6859354699431492,0.9584437942736288,0.0,0.0,2.0,3.0,0.0,0.0,0.0,0.0,0.0,1.5253346696484111,1.9008357884365095,-0.48755629519729593,-0.44948693037751347,2.1439372208436733,1.5914544267463988,-0.6189632889959451,-0.28145465181844664,1.6847509198281747,2.0,1.6656810678991336,-0.16176064141651583,3.0,0.0,1.887987668022174,2.0201009091566147,2.0423187693892224,2.0,2.0,-0.20763449990461552,4.0,1.0,1.0,1.0,2.0,2.0,9.724927885005577,-2.34549305408872,16.22304377684809,-0.406215724474275,-0.2657892214649797,-2.035805620018351,-0.12051067269520965,0.01784660059578369,-0.21075129809569276,,,,,,,,,,,,,,,,,,,,,,,,,,,,,,,,,,,,,,,,,,,,,,,,,,
65219,0.99667895,0.43672907,0.17,0.05427181375432048,,0.3840211470741463,0.0,0.762744750919867,0.9340217492044528,0.5472245942457546,3.0,-0.3765678764243624,2.0,-2.7110047392004444,-2.802826592043607,-0.7574832480195989,-0.18704442587223746,-0.09311640230088918,-0.040788635545021185,0.0031394369069088074,-0.22641761270075178,-0.0016402695384138133,-0.04743877603828155,-0.06584484234927163,-0.2744457848588928,-0.04314055441217435,-0.03152876652748203,-0.07444946695733556,-0.11357627606805362,-0.15770595750682984,0.6116609444246635,0.02697932124547264,0.042787918740848405,0.5288508913118601,0.4926593437092668,0.530841757245984,0.3178841961555625,0.8609719382985,0.529366584731172,0.049196297819650035,0.5402213836566356,0.5581435683450052,0.6558487931926248,0.5245061539755752,0.0,0.0,0.0,3.0,2.0,0.0,0.0,0.0,0.0,1.7271108293662314,1.970304108077514,2.795990504704265,2.812252225670127,1.7151394387820325,1.8544514147878914,2.6775156572817993,2.521098659454877,1.6918996560680897,2.0,1.90278939790818,-0.38516281873393243,1.0,1.0,1.8573179992297097,1.4484579753846978,1.555366624663232,1.0,1.0,-0.4490488470917508,0.0,1.0,1.0,2.0,2.0,0.0,9.62715805855082,-2.4566920738004643,15.971980051299635,-0.6524918183590682,-0.23319037100879655,-2.1829233329933477,0.21325865289636975,0.7256227700249178,-0.41312865885470523,,,,,,,,,,,,,,,,,,,,,,,,,,,,,,,,,,,,,,,,,,,,,,,,,,
266649,0.9717791,0.15780888,0.17,0.05427181375432048,,-0.09735482401025002,1.0,-0.18754116098482532,0.19599625464441714,0.011500911830845116,4.0,0.31422273072968554,3.0,0.11705836109130886,0.3634731776079348,-0.7759517524325019,-0.20361244716716492,-0.09990547688936655,-0.023929014800508724,0.027176468670753656,-0.24726157683058153,-0.13361084495515796,-0.09108941063499007,-0.010654231822295433,-0.2958324249146314,-0.006876537872313779,-0.11198604355012896,-0.05255334052897037,-0.2772444048994181,-0.1604430977171012,0.6630133967692933,0.036436525313293014,0.04376767661295661,-0.014236913079556032,0.022157900664085003,-0.02625061642685302,0.38963326782332663,1.0425353644887276,0.09438732007575262,0.03856403171356837,-0.015428820171216606,0.03469621062804503,-0.030231882335200515,0.024614662602814648,0.0,0.0,0.0,0.0,1.0,0.0,0.0,0.0,0.0,1.6982761686948111,0.2808492516761552,2.7994795828666335,2.782701640231676,1.8699983376708682,1.8531152872898893,2.617017069437398,2.675548260048507,1.9018089060691858,2.0,1.9812250537818104,2.9889889010784425,1.0,2.0,1.66850794618734,1.9106961954835289,2.160356455743382,0.0,1.0,2.5780842181094616,3.0,2.0,0.0,2.0,2.0,1.0,31.210378124026906,-1.2465399559963652,-5.2708254781413615,1.2303421843338038,0.10366470983788588,0.9245475284168508,-0.0742595067960112,-0.0992534062224971,-0.3748970625691275,,,,,,,,,,,,,,,,,,,,,,,,,,,,,,,,,,,,,,,,,,,,,,,,,,
135183,0.9726988,0.4863137,0.17,0.05427181375432048,,-0.7614006599288964,0.0,1.1686331943486952,0.8349030844602461,0.6625287439007495,4.0,-0.4230376380006508,4.0,-2.7766384279754566,-2.8745606699345165,-0.7841295518404816,0.10101272832406043,-0.04098668311468964,-0.09627589517500951,0.12138292564618008,-0.19692788214060963,0.06586513210735,0.03716039506787429,0.14709750623144507,-0.2645893161919744,0.07953209700016944,-0.06227032105743295,0.030894141173235988,-0.15728916797345555,-0.08870145106012903,0.5877329407461649,0.6816439375368865,0.5020052774556694,0.5931895287104589,0.5014752772319719,0.4377459297915347,-0.06865137400847265,0.01933569849542032,0.5414932749560287,-0.054108727910444354,0.5858070126741943,0.6000324022705353,0.6394976609007006,0.6278875802145862,0.0,1.0,0.0,3.0,2.0,0.0,0.0,0.0,0.0,1.7047572597346028,3.28786320762733,-0.3782926149354511,-0.33975429141114316,1.81782919678282,1.6863677992666362,-0.40925347135467527,-0.3907208070567429,1.7901810613339284,2.0,1.9260633285304785,-0.4388244633944706,3.0,0.0,1.8378712257787873,1.8017011532250622,2.0205277389715723,2.0,2.0,-0.36268474375162585,4.0,1.0,1.0,1.0,2.0,2.0,9.476427497364734,-2.4407732381872975,15.927265781301697,-0.3576334690210755,0.04812169321925362,-2.260738202854395,0.13190425823997498,0.5004513969060322,-0.426616553095528,,,,,,,,,,,,,,,,,,,,,,,,,,,,,,,,,,,,,,,,,,,,,,,,,,
259111,0.99584395,0.28881148,0.26,0.19338051145240298,,-1.120988801728916,0.0,1.3315607349824474,0.9914080068112052,0.39353806145653825,4.0,-0.4177243789567872,3.0,-2.590683389491361,-2.765268072134493,-0.9327986659596071,-0.12759232863906156,0.37800027101354416,0.2754130040672347,-0.16345644935569423,-0.40050193917219845,0.07936607138030852,0.11207944294750322,0.13376680070085745,-0.04015114700014394,-0.005053927633953837,0.11867009786345431,-0.006386540975358195,-0.09670776384618715,0.10001202048763505,0.7540933514440971,0.0037194056955191747,0.7797168283623159,1.0109637398468228,0.4773887281100121,0.9381381080496938,0.5484603150703959,1.2611838932879929,0.45332766725246376,0.10304201331980357,0.6356817194368183,0.6679341540649975,0.6344480417388922,0.552350031639575,0.0,0.0,2.0,3.0,0.0,0.0,0.0,0.0,0.0,1.5074229672084676,1.2839027202346434,3.242460389078143,2.685485262630076,2.12399362774776,1.9377778545598985,2.7217608999198637,2.259460197726161,2.0444170089798117,1.0,2.071940140080357,-0.2779340545044346,1.0,1.0,1.8347828992855622,2.2197895544272988,1.836928913173332,1.0,0.0,-0.5577500755053851,0.0,1.0,1.0,2.0,1.0,1.0,9.594221049845256,-2.795581271305129,16.149253584078092,-0.3155274683552142,0.09187295012728944,-2.4138144433765283,0.18370788963795232,1.034541486328667,-0.3484040278161264,,,,,,,,,,,,,,,,,,,,,,,,,,,,,,,,,,,,,,,,,,,,,,,,,,
56250,0.8648324,0.06590778,0.16,0.04640734643340897,,-0.734113945883244,0.0,0.966600386976312,0.7840548134446775,0.5414399420814824,3.0,0.30184426677988346,2.0,-2.7758363185879,-2.76304233046109,-0.7881598369920556,-0.15942558753215041,-0.12910984749365173,-0.012253599600264588,-0.03707976012221406,-0.20574431070070917,-0.16636955653906782,0.021314619277162668,-0.044209776310237876,-0.2284119503079953,-0.08907849789138023,-0.07739697849910017,-0.04714421183732988,-0.15304817920052405,-0.13988687014881684,0.6324396527236422,0.065334120243959,0.5636651391063082,0.5156352815961726,0.5186733469103728,0.535933734243577,0.36597414848452814,0.9462353846496475,-0.09577613633747575,-0.04041455074268365,0.6110547795591825,0.5021453739432906,0.06429499998279574,0.4556761183338027,2.0,0.0,0.0,3.0,0.0,0.0,0.0,1.0,0.0,1.7732831570175722,3.0394790112363683,2.808109317005253,2.778070524857357,1.8718792404438993,1.8206549072435183,2.585452503817579,2.6203710765784494,1.8401808212627442,2.0,1.8930858758445355,-0.4344386228591729,1.0,1.0,1.9064594061940487,1.6862841121782297,1.908762917762867,2.0,1.0,-0.4430700261064666,0.0,1.0,2.0,2.0,2.0,2.0,7.439477410032179,-1.2420020896219173,5.476403629895697,0.010475661351699611,-0.16921813443370803,2.0582476312249054,-1.2521596226698934,-4.132283886886049,-2.931228396909144,,,,,,,,,,,,,,,,,,,,,,,,,,,,,,,,,,,,,,,,,,,,,,,,,,
71733,0.98314846,0.40274444,0.22,0.11308859038292954,,-1.0091337032811842,4.0,-1.3443152962723344,0.7080896426264698,0.49756680010111265,4.0,0.2629990184444728,2.0,-2.7616741189000886,-2.6866596446703506,-0.6945280929148671,-0.2192407001404519,0.29526471005388183,-0.0057289048533332165,-0.17871947416075648,-0.21574975762587867,0.15363261082341834,-0.18941232198231645,-0.1668667409309361,-0.2607987957257194,-0.05897645906149519,0.36232025840879606,0.22571702049521128,-0.16749095562867214,-0.10119495952193004,0.7243318367061018,0.7372278917210385,0.46268854841198837,0.7100519664309313,0.6026036550580866,0.7992962726808622,0.5188755177382653,1.0714607140928925,0.5195387866285277,0.1327311333900618,0.6680646514082266,0.5051141564727377,0.11517962976662033,0.5821126890199231,0.0,0.0,0.0,0.0,0.0,0.0,0.0,0.0,0.0,1.8150612222342193,0.40448225140082883,2.830351709430397,2.7474345387860715,1.7560240510959186,1.656257481114441,2.452935785094089,2.645488572038122,1.6627114474716107,2.0,1.927161157064136,-0.29316971566283984,1.0,1.0,1.9420488980869264,1.5765820686757723,1.8638039157936497,1.0,1.0,-0.46071635802905836,0.0,1.0,1.0,2.0,2.0,0.0,2.922491555893494,-0.5057537109417534,9.66237656976012,-0.9109275752260569,0.3712273268021725,-1.288741892545363,-0.6471353884089113,-3.271819929605836,-2.1707227587189,,,,,,,,,,,,,,,,,,,,,,,,,,,,,,,,,,,,,,,,,,,,,,,,,,
170511,0.97943854,0.16624393,0.13,0.028378895023486856,,-0.36361783322086144,1.0,-0.8567777850772887,-0.7595481356458835,0.059651857406065836,1.0,0.019146447998351072,1.0,0.44928162837174407,0.3707767645733733,-0.7857942018838266,-0.1055522265408459,-0.02661670624814331,-0.03396793751153776,-0.03241489731439616,-0.24144751586587876,-0.11831241048277909,-0.07769909256376653,-0.01438122427279957,-0.26264801267968246,-0.04190925364586817,-0.07496459147615914,-0.055109477815515506,-0.24709601550845067,-0.1966588984145229,0.6475676180736578,0.017165234249583477,-0.0006292111474004407,-0.06019779109025158,-0.033470821652324935,0.006908512267481051,0.36304656955432835,0.9972380615274701,0.00848545158413973,-0.001171401705133265,-0.0016406896140321841,-0.03681860355133306,-0.021723625661247022,0.03169250871045288,0.0,0.0,0.0,0.0,0.0,0.0,0.0,0.0,0.0,1.7440078362835865,2.774578520740719,2.7513541292401666,2.783812097818894,1.8066772304017278,1.8267953901488674,2.6353905228501997,2.6019763217660703,1.7600266717981254,1.0,-0.5512601749041816,2.6241166974849874,1.0,1.0,1.7895730482115497,1.2923735357158594,1.891288698113168,1.0,1.0,2.5828388493352143,3.0,2.0,1.0,2.0,2.0,2.0,31.441423492416867,-1.0845612563288265,-5.190690920709751,1.0024329571741952,0.31531722383416466,0.9855044230829897,-0.00761239316472851,0.22535727494950758,0.3135118827693059,,,,,,,,,,,,,,,,,,,,,,,,,,,,,,,,,,,,,,,,,,,,,,,,,,
496039,0.98919123,0.48439565,0.21000000000000002,0.0982356594956918,,-0.8876033154319307,0.0,-1.40676265205268,-0.896351020410129,0.7732284862076824,1.0,0.1255890580133663,2.0,-2.7731280341571143,-2.7223247299385047,-0.5526409076341121,-0.2574911451116043,-0.17807695431241127,-0.03505331461057041,0.004050705919753678,-0.18775219110874053,0.01901716835886691,-0.12125462647082669,-0.3187231771803556,-0.16550658127279838,-0.1381311447605767,-0.09008903654278554,-0.07143753357760446,-0.15552898230109033,-0.15424041387731122,0.6435849576020458,0.4884250683591304,0.024116683906866457,0.4257269058663817,0.4698639183643159,0.4630836529165111,0.5599972286976564,0.9808464513184454,0.5204514704050639,-0.06002843001168179,0.6672243863580348,0.4638630954856301,0.5913894955356808,0.34780877588346937,0.0,0.0,0.0,3.0,2.0,0.0,0.0,0.0,0.0,1.698714515147472,1.3248226587507925,2.8896185320729098,2.8649630632277,1.9666032959689173,1.7589778871293134,2.5785814634935833,2.5402734078966653,1.93600238957265,2.0,1.9313085251453863,-0.34947489401809506,1.0,1.0,1.950997924394379,1.6432245329719146,1.5752246865096564,1.0,1.0,-0.45221568122111544,0.0,1.0,1.0,2.0,1.0,1.0,9.603572988381378,-2.516072708451049,15.84791996370572,-0.5139535475497976,-0.24570717771293063,-2.209163087462089,0.03063959495177608,0.5823065624184598,-0.5829889707908836,,,,,,,,,,,,,,,,,,,,,,,,,,,,,,,,,,,,,,,,,,,,,,,,,,
416329,0.9868326,0.4317157,0.12,0.02389616287845446,,0.31112132952630367,1.0,1.0825420113035435,1.0382914489869388,0.019426565235038527,4.0,0.03495701032179834,3.0,0.16661703570716385,0.32064114694665996,-0.7526213032587704,-0.0994583290109681,-0.11322530897470676,-0.0040534541422864515,-0.02039498963175819,-0.2184097859670395,-0.10789368825782718,-0.06833305704378768,-0.04847149952924189,-0.26755426769609303,-0.05609481158448786,-0.09361670507480054,-0.03738722633086379,-0.2581389288057152,-0.18589849820691362,0.6155583559175308,-0.006926789763797516,0.018065601670845418,0.021977940297174058,-0.001982387537156877,-0.011715819202475277,0.4236122074600583,0.9963759889177969,-0.013848855306108934,-0.012740683230225366,-0.0024625300989950315,0.028097452585829182,0.023028312632085962,0.019113274725595313,0.0,0.0,0.0,0.0,0.0,0.0,0.0,0.0,0.0,1.7452810513547525,0.2781678146774093,2.815396352195574,2.793604550356979,1.8120948360664837,1.8008143522698747,2.643859917312486,2.6830389251471756,1.748184193700268,2.0,1.9105980145823085,1.8949603268063469,1.0,1.0,1.7394549845253648,1.7251181333202674,1.717421160935671,1.0,1.0,2.588448198738881,4.0,2.0,1.0,2.0,2.0,1.0,31.26936711663735,-1.1371946208945418,-5.304944435687424,1.1287141973002908,0.09207420005670744,1.0514736450950433,-0.03587873387365351,-0.0008680275529760195,-0.21385146865607807,,,,,,,,,,,,,,,,,,,,,,,,,,,,,,,,,,,,,,,,,,,,,,,,,,
291733,0.589528,0.28598884,0.08,0.011477469205752985,,-0.1723897434052197,0.0,-1.5525487578714896,0.9030662817190641,0.5729863557163485,4.0,0.30512819859928225,2.0,-2.723515374565107,-2.791865383123451,-0.7497384285297233,-0.10824964589821108,-0.09053670667098947,-0.01740127390871584,-0.05260164589859074,-0.2285252262428221,-0.11929486496071068,-0.03355182715266652,-0.05873986371988375,-0.2536818915080078,-0.04084969765988183,-0.104661517414239,-0.02274044740801421,-0.2565013174115745,-0.18137754878781187,0.6154523148329119,0.0099076835154893,0.5386894636733358,0.5504486608047555,0.5585772732602515,0.5319821421309799,-0.00746697073922192,-0.022320184393664302,0.5452226016744516,0.0014677873679562563,0.6186476142849529,-0.01976622561291466,-0.006935012478310719,0.5277780680084456,0.0,0.0,0.0,3.0,0.0,0.0,0.0,0.0,2.0,-0.5710712623108691,-0.3865586317277281,-0.36530294891898424,-0.3591924708418625,-0.542725014732817,-0.5461921273522774,-0.3826653989713116,-0.40127613952833036,-0.5717056170727489,0.0,-0.5378499498647904,-0.4015638628574026,0.0,0.0,-0.5665204838022101,-0.5635418743880433,-0.5452180680716601,0.0,0.0,-0.4031931187335345,0.0,0.0,0.0,0.0,0.0,0.0,-6.550629168743701,-0.10639819541841268,0.3034384955573445,0.11470007468948905,-0.08402001713176802,0.3384170523559894,-0.8813347735682129,-4.295583064007083,1.4369593831257004,,,,,,,,,,,,,,,,,,,,,,,,,,,,,,,,,,,,,,,,,,,,,,,,,,
529310,0.9921308,0.2746207,0.2,0.08508720268939021,,-0.6539678051885661,0.0,1.2754052873581088,0.918535752827347,0.6102187517867459,4.0,-0.41019831178258404,3.0,-2.8048703750363972,-2.9436084254990007,-0.7073008916429288,-0.11457026300777229,-0.08420188974399553,-0.05454915157583008,-0.014760253343018406,-0.17549250948872736,-0.12531371273197323,-0.04162641551830036,0.0009158257194889843,-0.237781326959327,-0.05304008029843945,-0.04583296980642029,0.010564680451246145,-0.3809164929546705,0.023071475437113048,0.6888966017041923,0.5847851297575127,0.5447835684083014,0.5037828383429029,0.5094255556161499,0.4951078319145785,0.3907639033711998,0.9646220081519918,0.5462355636377046,-0.1477986738330837,0.49329129627643115,0.6032165001071947,0.7130840486427065,0.4730183571419895,0.0,0.0,0.0,3.0,0.0,0.0,0.0,0.0,0.0,1.804803433473701,1.3597727597211755,2.908564607660539,2.9108388351555337,1.6405586638843852,1.8764640506128198,2.554965544269719,2.695746122848592,1.6948022775007117,2.0,1.848276735528853,-0.3646020912236315,1.0,2.0,1.7647870235412169,1.7501818709583667,1.4126819747273502,1.0,1.0,-0.39132245122784753,2.0,1.0,1.0,2.0,1.0,1.0,9.8782407764434,-2.150350225189905,16.030777512892616,-0.8814734853309912,0.8980549314375554,-2.1637291228979034,0.44200809239530664,0.6485561801225312,-0.3311157214677474,,,,,,,,,,,,,,,,,,,,,,,,,,,,,,,,,,,,,,,,,,,,,,,,,,
215614,0.983377,0.33394918,0.2,0.08508720268939021,,-0.27330657950914017,0.0,-0.16060283192643435,1.0121880866488626,0.6328931788649466,4.0,-0.5154416619884324,2.0,-2.6800226826304367,-2.690553652003699,-0.6158597569401268,-0.16680472811691083,-0.06229159075140791,-0.002417436232978666,-0.10724568354776667,-0.26240429251292674,-0.0889381813228456,-0.02637808451496417,0.10535998075474742,-0.21835105577372388,-0.11622857670654979,-0.2286550732694891,-0.03459899859256933,-0.053694176805352156,-0.20981674470323491,0.5357967369223935,0.015126582191104536,-0.08201623454696888,0.504175813404523,0.5413856294995908,0.6233469170462723,0.25742147306197355,1.011321813548161,0.5436069978705779,0.03907333432668238,0.7034931137678698,0.025891165396411064,0.4915169889131772,0.47108077360563944,0.0,0.0,0.0,3.0,1.0,0.0,0.0,0.0,0.0,1.7415922281451257,0.465357687926953,2.659028112345833,2.9308251167170867,1.8460164787756932,1.7317588170591351,2.5529109652430093,2.400434719508077,1.7443729333027829,2.0,1.8380866855135964,-0.4958958926395276,1.0,1.0,1.9194913225720316,1.8766298237718746,1.763043115887485,1.0,1.0,-0.2934415733428039,0.0,1.0,1.0,2.0,1.0,1.0,14.043574455899419,-3.325402449721453,11.926979758296733,0.061438619950636014,0.023968753024790658,1.1873232778584701,0.14076172385897257,0.22232489152027765,-0.7676992257700718,,,,,,,,,,,,,,,,,,,,,,,,,,,,,,,,,,,,,,,,,,,,,,,,,,
189447,0.9981845,0.1604265,0.29000000000000004,0.28192947697193393,,3.2051034441838335,2.0,-0.4807218494758496,1.1971150652224634,0.5288554547356416,3.0,0.002650617915185713,2.0,0.7089455959939611,0.7410447007044032,-0.4746165627194786,-0.4936912791457756,-0.10338334157728397,0.339311929994873,-0.016438826281713566,-0.06345023747944142,-0.5059052445186483,-0.16266405237159162,-0.0698595107308749,0.14271502522235424,-0.07419169796891159,-0.17326345293076473,0.09762988390573904,-0.4805542824971024,-0.06438901688327016,0.15235933818222913,-0.2786804593735124,0.2146701544284763,0.16372989738771593,0.0675282441882349,-0.19465279971887622,1.0924771210261242,0.9945743685275711,-0.4849320179502408,-0.04346106592317516,0.1487752542362625,0.27235362510687694,0.6931473427323706,-0.040108847703780225,0.0,0.0,0.0,0.0,2.0,0.0,0.0,1.0,1.0,1.2071654878164966,-0.18710949022899448,3.0105989242727103,3.103487636932991,1.9954955512679637,1.646693959920975,2.7767465238301163,2.7141619236445127,1.4362018130578598,1.0,1.600930560439939,2.291103331668126,1.0,2.0,1.4756337911486346,2.6790216609013373,1.5721275607194016,1.0,0.0,2.5121653236529213,4.0,2.0,1.0,1.0,1.0,2.0,33.094498232013635,1.4592753514195715,-4.265455786358922,0.31026182052217766,-0.1741815112900093,1.3833514892799617,0.492276623522785,2.2638597566017067,6.552460282512912,,,,,,,,,,,,,,,,,,,,,,,,,,,,,,,,,,,,,,,,,,,,,,,,,,
484370,0.91514003,0.38590488,0.21000000000000002,0.0982356594956918,,-0.6378038168791549,0.0,0.5530063321742519,0.5553072601085046,0.36584158239426484,3.0,0.3075983591212032,4.0,-2.6727051746125468,-2.7311566842558466,-0.7261880952112232,2.429932797352846,3.984216871441946,0.04261939263362528,1.2574009963538644,-0.11059116441790137,1.2872040512456395,1.4466439974593128,0.9816091017577928,-0.32538490125774605,1.1853213902523922,1.4779196849583698,1.4785905209067338,-0.13172436533735035,0.171187700122015,0.6872236660149259,0.04515517266951294,0.06076941925899477,0.5269600564872089,0.4063934327603652,0.5583506533241037,0.0021122688970229733,-0.03232723811476862,0.4374995295238594,-0.10772577670824582,0.7363436512912672,0.023176922992942498,-0.026549303385996974,0.5366729393834117,0.0,0.0,0.0,3.0,0.0,0.0,0.0,0.0,0.0,-0.42336913630298156,-0.3482297434168307,-0.304716844900931,-0.27911149004807395,-0.4762728774743691,-0.6209652292310213,-0.363013411180203,-0.29205040582392283,-0.540836464376706,0.0,-0.5640320319132825,-0.25834963022992535,0.0,0.0,-0.6420522101312174,-0.47708740193999455,-0.5693461367435813,0.0,2.0,-0.32831368040861314,0.0,0.0,0.0,0.0,0.0,0.0,-6.409726838173444,-0.03212213594145383,0.21925110529456826,-0.0068349009559405816,-0.1812463080747932,0.2899930277937365,-0.9988283158972333,-4.272922581641843,1.38925015826581,,,,,,,,,,,,,,,,,,,,,,,,,,,,,,,,,,,,,,,,,,,,,,,,,,
65502,0.7231697,0.3751639,0.03,0.004056900182200707,,-0.8143335052592665,1.0,0.6778122863407836,0.25264570847938744,-0.0036421249769427104,1.0,-0.060401333211382816,2.0,0.4628193293294595,0.35801420195404227,-0.7519868558562656,-0.10391102070513113,-0.0853500710322588,-0.0331308737915402,-0.04382973990612018,-0.21575667628512019,-0.11602034046001652,-0.052933783859498304,-0.042001717618429524,-0.2781076359372975,-0.049989799403338475,-0.10420175451937339,-0.04808148135664443,-0.25531868766075416,-0.1766185051796914,0.6061043464089662,-0.0008942142713547054,-0.00030400845200395307,-0.0036176670194894654,0.003574931366967492,-0.004254165752392469,-0.001485389933486569,0.0036921545125840104,0.004476082433367062,0.004363609478669829,-0.00440537338769138,0.0017248458002113284,-0.0012931226106241763,0.0016780351752088468,2.0,0.0,0.0,0.0,0.0,0.0,0.0,0.0,0.0,1.7515066918263176,0.21860550022773315,-0.3561732576424785,-0.35661902599103995,1.811182422030189,1.800308592581083,-0.39005302585336465,-0.3809259809510825,1.7721685565438532,2.0,1.9078330929586285,2.6719150492840686,2.0,2.0,1.7381415297434426,2.2569821819639224,2.0983064745863174,2.0,2.0,2.550580921407218,4.0,2.0,1.0,2.0,2.0,1.0,31.165203735305514,-1.1932327697686793,-5.412712018565107,1.1658416271599192,0.08554337883337702,0.9747017006790772,-0.11985886131017562,-0.20122684541824773,-0.5401115073826799,,,,,,,,,,,,,,,,,,,,,,,,,,,,,,,,,,,,,,,,,,,,,,,,,,
251031,0.9014617,0.24296945,0.15000000000000002,0.03954065143898942,,-0.8401102019654634,0.0,1.075970404966213,-5.987258068249171,0.031036069818005746,4.0,0.3408619188299199,2.0,-2.6897611278667295,-2.761153768276289,-0.7424019410143884,-0.10703470297410021,-0.06333663668154199,-0.03368875983237427,-0.045624035536617154,-0.22406769038030408,-0.06580874465623557,-0.08297283290060142,-0.02792702802314576,-0.29153604662941796,0.004424227082788022,-0.013514626245212297,-0.08084584817223237,-0.18866360674475563,-0.17580376668724962,0.6743518613728169,0.013639932480611993,-0.020004175366099542,0.5443630483452514,0.0027430441977506796,0.5046814457692519,-0.031974142661035945,-0.03657878596267523,0.5249203596084845,-0.031829404455355294,0.5827225381584354,0.513475823817967,0.6181799409353829,0.5637688860930347,0.0,1.0,0.0,3.0,0.0,0.0,0.0,0.0,0.0,1.6273242499952336,1.3134633175532107,-0.3468446049593448,-0.35018391146008826,1.7697735828784846,1.7874288962883613,-0.4165901506682323,-0.4382741871069566,1.8411427246200696,2.0,1.863738508121353,-0.3463276844863334,2.0,2.0,1.8233662166020077,1.7692132514173886,1.9596023110911545,1.0,2.0,-0.4582346395548298,0.0,1.0,1.0,2.0,1.0,2.0,9.494523408810283,-2.7090230958884183,15.760107954209827,-0.5657217576912691,-0.09541789824353877,-2.2417834815403515,0.05788559980230945,0.5521453676614118,-0.6393202741932121,,,,,,,,,,,,,,,,,,,,,,,,,,,,,,,,,,,,,,,,,,,,,,,,,,
554943,0.5749381,0.3642817,0.06999999999999999,0.009434629620313228,,3.7512781169764056,4.0,0.5385432381651406,0.47608814348446454,-0.01887685678895238,4.0,0.3228180309100975,1.0,0.45022590831116943,0.35517472518245535,0.9305980220011995,-0.1120318372810735,-0.09654909434194435,-0.03653090123393295,-0.069249074754386,-0.21597966449498507,-0.11436740964563115,-0.03499428902334603,-0.06203850560559299,-0.16152045605008444,-0.057948254352433594,-0.10499171352498698,-0.03946171472565077,-0.24731086351846385,-0.1652447766073703,0.6052335718213653,0.5944490623135602,0.5451980364514512,0.5212342685820752,0.5433174437562169,0.008632347164959394,0.005116273772077025,-0.0019652017483369833,0.5309238143331472,0.6107466193772151,-0.008346814357489091,0.01167048705190351,0.01336999121783924,0.5468800360188032,2.0,2.0,2.0,1.0,1.0,2.0,0.0,0.0,0.0,-0.5772559461675046,-0.39176082312236643,-0.345736232406664,-0.361645575511788,-0.5494448812876571,-0.5496066593628173,-0.38842379077975164,-0.3874718368966785,-0.5592675556297624,0.0,-0.5475291380030202,-0.39625362880962706,0.0,0.0,-0.5610195607899552,-0.5608131617123788,-0.5500997917173156,0.0,0.0,-0.39376060177051414,0.0,0.0,0.0,0.0,0.0,0.0,-7.606153712688487,1.6707993455424197,-0.5067029504597467,-0.029669682114518134,-0.01175220488820251,2.566849193859944,2.5837106994759775,1.0324127935459535,0.68227359864516,,,,,,,,,,,,,,,,,,,,,,,,,,,,,,,,,,,,,,,,,,,,,,,,,,
72924,0.99577206,0.23459457,0.22,0.11308859038292954,,-0.6989623374891278,0.0,0.7829881604658173,0.6954173417582744,0.5751373070566338,3.0,0.17821728026990888,2.0,-2.8190258056961306,-2.7510592927610515,-0.8679459405879615,1.0619139156985533,0.8862073548465985,-0.18235823511684743,0.20769892869254103,-0.31956879139211497,-0.08507977119799151,0.029496439603270558,0.15935041711182527,-0.3145721852589457,0.3208156163154292,0.1534644876813152,0.3489563974250646,-0.0013920455628177175,0.12498038845636472,0.8334464233890198,0.03231775099798763,0.07823621330438481,0.5017435267201479,0.4820273765525808,0.37879414758353025,0.5595352383703451,1.1912004573526689,0.5486432584130081,-0.05153633390645276,0.5688145926303305,0.35206513534294004,0.47253879133197263,0.4394245365704663,0.0,1.0,0.0,3.0,0.0,0.0,0.0,0.0,0.0,1.8598932940545185,0.6680480766586767,2.661413672817075,2.8802910973035463,1.8702647164812773,1.9444656374180609,2.423893155182874,2.661033043921001,1.8766987848373775,1.0,1.912747807417545,-0.5924977856438223,1.0,1.0,1.7462944092333028,1.7344612340331391,1.534295777251867,1.0,0.0,-0.3391131684142828,0.0,1.0,2.0,2.0,2.0,1.0,9.72861078260688,-2.5312778063707952,15.97839002152568,-0.7392778976147834,-0.19266737863292102,-2.167067975528303,0.2778853865962717,0.795806131814755,-0.3042065752937188,,,,,,,,,,,,,,,,,,,,,,,,,,,,,,,,,,,,,,,,,,,,,,,,,,
178826,0.5295165,0.4582171,0.03,0.004056900182200707,,-0.3203414169772604,0.0,-1.3714237570347625,0.29209960191019735,0.5771125333572942,3.0,0.30389044508012525,3.0,-2.7252155933630244,-2.8018737999095547,-0.7547259707848916,-0.10567170607839765,-0.09109244730420567,-0.032441883756242115,-0.044018820758772,-0.21371986332118362,-0.11601861486493907,-0.02997008577438572,-0.0434918923219548,-0.27044427904031787,-0.04919067512711747,-0.09665739502125568,-0.035457260371122776,-0.2551055156949989,-0.16482426247043533,0.617579338507816,-0.004137475134520821,-0.001076552152540638,0.5369657217964892,-0.005177372679737132,0.5290620007239072,-0.0039071465192358395,0.003499216337884085,0.5319373130269336,0.006961519698452555,0.6030924012087713,0.5418165719136552,0.5347039643223156,0.5371024414818139,0.0,0.0,0.0,3.0,0.0,0.0,0.0,0.0,0.0,1.7192605027982077,2.679906516628371,-0.3576632546575017,-0.35714734795261444,1.8024079413536365,1.8155700379848836,-0.38810102262285046,-0.37754958145591155,1.7674234987182031,2.0,1.8888516020132404,-0.39496893833415475,3.0,0.0,1.853993073269233,1.8945426884966974,1.638107737397659,2.0,2.0,-0.39749561325196525,4.0,1.0,1.0,1.0,1.0,2.0,13.941363760543206,-3.2765424473468787,11.934431281877345,0.3379419918612301,-0.003535534912667463,1.2246081975251395,-0.10035942226306638,0.16086941021118656,-0.9387783283905639,,,,,,,,,,,,,,,,,,,,,,,,,,,,,,,,,,,,,,,,,,,,,,,,,,
78394,0.8451798,0.20055181,0.24000000000000002,0.1486439774738485,,-0.7219989571481595,4.0,0.6813777434808419,0.014291867870978997,0.8143888333578122,3.0,-0.024336425689877317,3.0,-2.709947094182796,-2.7793975948366834,-0.8902013711726432,-0.22395762898232677,-0.1995965674336089,0.30367408452457834,0.1102548447230233,-0.2753948584093021,-0.24885510566745575,0.020463657246926725,0.061673750488266066,-0.41665044089803477,-0.19446121160787463,0.03434842969030588,-0.15208235768821593,-0.053186844996684274,0.02242792996841339,0.6735234645369677,0.01220669366793722,0.40852511465922914,0.42063279825627264,0.3866789155091993,0.3313954282777599,0.7139945890678548,1.069047203743009,0.49159745052753706,-0.06415631115197172,0.6519323990090763,0.346712996776455,0.6179367046866018,0.4367559185582234,2.0,0.0,0.0,2.0,0.0,0.0,2.0,1.0,0.0,1.6462583233475645,0.5538176127329717,2.8353934811712755,3.0039199227409883,1.7356233888120094,1.3010752720165142,2.7411511354360636,2.504133122666709,1.8503594479229917,2.0,1.7749185250180508,2.5533387927727746,2.0,1.0,1.763570272689481,1.9595148265944042,2.037411743420597,1.0,1.0,-0.7035576312116261,0.0,1.0,2.0,2.0,1.0,1.0,9.589804265179788,-2.6923791132867767,16.08074809385885,-0.62090174011681,0.1817247974268963,-2.3322155470759816,0.29843065090055415,0.6488319393908755,-0.5479804397403247,,,,,,,,,,,,,,,,,,,,,,,,,,,,,,,,,,,,,,,,,,,,,,,,,,
83920,0.9032519,0.39002025,0.09999999999999999,0.01672075323499393,,0.2599148537404353,4.0,-0.4615248611320555,0.9127230938436828,0.02404210313938682,4.0,0.33535180686678145,2.0,0.4178893120126327,0.34236388407457286,-0.7166026606865034,-0.11090394436187904,-0.07539942545503131,-0.04550674199984832,-0.042873601551113485,-0.2171697706351765,-0.0985194483461685,-0.027684020306593896,-0.04201496973218209,-0.1724057910493851,-0.06697977849978139,-0.0939175642489396,-0.04405260615402547,-0.22734811498502533,-0.13744996903093112,0.6345227494298809,0.621329760918723,0.5715373999845035,0.5636625233435228,0.5417610856624543,-0.0032499783372338265,0.023578161087777272,-0.0029068039853236078,0.5157742820418248,-0.0075949165087127,-0.0076642085384763204,0.033635617845202734,-0.001782084825167483,0.5465309843607125,0.0,0.0,0.0,1.0,1.0,1.0,0.0,0.0,0.0,-0.573968915656451,-0.40125104782673543,-0.3423045142499259,-0.38250277473709726,-0.5270503113576033,-0.5524348148581325,-0.38883409050600803,-0.38944493471391434,-0.5467531127983317,0.0,-0.540042186586305,-0.37499192566357287,0.0,0.0,-0.599423574969346,-0.5614439559966897,-0.5565401557753518,0.0,0.0,-0.3945674305627833,0.0,0.0,0.0,0.0,0.0,0.0,-6.552167432932358,0.9862841332113312,0.416936849608214,-0.29746122665741015,0.0840241594694833,0.5203160242312003,0.17020468907603523,-4.516569108373903,1.5296050117576248,,,,,,,,,,,,,,,,,,,,,,,,,,,,,,,,,,,,,,,,,,,,,,,,,,
99560,0.97609496,0.40689155,0.22,0.11308859038292954,,-0.07180516729186877,1.0,0.8020215511658504,0.813379670435705,-0.014092890840195103,3.0,0.34898358841499716,3.0,0.5061128479420429,0.3046390092058384,-0.887721172277893,-0.08462428265486974,-0.042751480268996805,-0.0570361555259878,0.10233560976167706,-0.14090636591811523,0.24994671840515406,-0.018927861065830054,0.05902173965155734,-0.28268968455816285,0.2542421222495833,0.07372903335650549,-0.0361072383782333,-0.14446288896562356,-0.08393467102607552,0.7468091358654438,-0.11277577907822782,0.0075330857958100725,-0.07671121933311244,0.011233394742931972,-0.11117387281878337,0.37466567098611037,1.028137299311203,0.049143063984795406,-0.03216510042670245,-0.05798868743920225,-0.14323479868290812,-0.08991357039757263,0.0014293196593510124,1.0,0.0,0.0,0.0,0.0,0.0,0.0,0.0,0.0,1.7547689806683657,0.20949787620508725,2.805976335833237,2.752232179563112,1.7658919396324388,1.9573586975681412,2.5659955046225926,2.5883738722866454,1.7685325360907953,1.0,1.715030520888761,2.49247425273722,1.0,1.0,1.627702451934639,2.17766769287162,1.741085943860305,1.0,1.0,2.5905757175430084,4.0,2.0,1.0,2.0,2.0,1.0,31.92994071439077,-0.06315212749322405,-4.793171913281511,0.46406675022550725,0.0870431838645252,0.990392923562482,-0.0644779345426082,0.7359762138293132,1.7542902566106553,,,,,,,,,,,,,,,,,,,,,,,,,,,,,,,,,,,,,,,,,,,,,,,,,,
209141,0.9993498,0.17259076,0.27,0.2197729180535744,,-0.7632074006571462,0.0,1.0113616188432655,-1.1473597027733562,0.5519221012782409,3.0,-0.26268966478923006,2.0,-2.7184590623643907,-2.9221564036993914,-0.6148364173336496,-0.2513730796376433,-0.12005554780963551,0.15712412285672495,-0.21121768638286653,-0.1599707425540252,-0.07874111975404871,0.3017888736842674,-0.01081162647089115,-0.12506933243750334,-0.08486165572676813,-0.03900811215325726,-0.1824338840170907,0.10557998331278284,-0.5333258195722868,1.0384902429474603,-0.11381851626273874,-0.1078141240416709,0.5416021062840694,0.6426429775018336,0.3279650312188366,0.24425937310100151,0.8159093591484732,0.8052210390258239,-0.2766831985977065,0.9106585119699886,0.45433825400151034,0.661672992435022,0.3599880306884875,0.0,2.0,2.0,0.0,0.0,0.0,0.0,0.0,1.0,1.886238114699476,2.070386810233855,2.8912161029137784,2.8451641702399404,2.0185631789624785,2.132590172914196,2.2731745557120675,2.4879512363913308,1.4715755082552107,2.0,2.109059704010318,-0.22258384710577056,1.0,1.0,1.6012671392870683,2.022196176148171,1.9328095309027644,1.0,1.0,-0.5244293388440527,2.0,1.0,1.0,2.0,0.0,2.0,9.296813631698848,-2.387321762576439,16.16312022063646,-0.6208766485302085,-0.09981456087046829,-2.545387892176557,-0.16053647670932503,0.33718514660350984,-0.43192422497235405,,,,,,,,,,,,,,,,,,,,,,,,,,,,,,,,,,,,,,,,,,,,,,,,,,
303730,0.91678447,0.18503764,0.2,0.08508720268939021,,-0.10351464706091737,0.0,1.090463645986455,0.8472254197429017,0.6250808083357126,4.0,-0.4441564676028184,3.0,-2.7003131048400117,-2.98419878122644,-0.6162170294068736,-0.16561109625049428,-0.1271492161368482,-0.10927384145753398,0.02554795961067846,-0.30651020321174505,-0.13555076435399882,-0.005300848387918611,-0.1111591909147496,-0.08570305434343098,-0.11591398538348027,-0.15419665456168224,-0.05633442221033076,-0.1465016639860284,-0.16503546796684487,0.626994299090519,-0.15465107953480192,0.02174940755416011,0.5113056325201438,-0.06567854226054225,0.414901137796334,0.5069592159307236,0.9640039331453403,0.43694912930802055,0.06449981796301142,0.6030269504087546,-0.003404690145451857,0.513230274672143,0.5419894758572811,0.0,0.0,2.0,3.0,0.0,2.0,0.0,0.0,0.0,1.7124109769525881,0.5704442678877555,2.740690852595761,2.8038263344946315,1.690407718058083,1.8052478991516108,2.485589097230987,2.672817491268778,1.6981556883667153,2.0,1.8304880402580255,-0.4771160252724993,1.0,1.0,1.7943223963774588,2.002396749083675,2.005201319969831,1.0,2.0,-0.46427623815439767,0.0,2.0,1.0,2.0,1.0,1.0,9.638909521504464,-2.595217631005548,15.849981469105122,-0.6855063990498751,-0.17878949898775637,-2.1867049078837058,0.25359888047317886,0.6605247131033847,-0.4849533953717243,,,,,,,,,,,,,,,,,,,,,,,,,,,,,,,,,,,,,,,,,,,,,,,,,,
394511,0.99233,0.35226566,0.31,0.35858330855333026,,-1.0637715242485437,0.0,-1.0438637384967147,-1.4455632336277835,0.30039253049403275,4.0,-1.032864079300151,2.0,-3.13664714630305,-2.757304179571161,-0.8127207010426811,-0.10909739660850992,1.3460905161244865,-0.3292022964103782,0.3359838671500126,0.059375798193800566,0.24492920479233415,0.6106998714428811,1.4456413863884254,-0.9447895542493234,-0.27021098713020797,0.46634403827390125,1.0153989942429518,-0.15608662918055974,-0.5603047888045336,0.34225283475087315,-0.38775462157197355,0.032549274178485105,0.3473370560750614,0.7700207361300013,0.5121933391511291,-0.381866735645377,-0.033205487720334576,1.0434082249718541,-0.029634975009782953,0.3843422113250856,0.237627766957679,0.42443660472367134,0.8841460233606695,0.0,0.0,0.0,3.0,0.0,0.0,0.0,0.0,0.0,1.9308774191808988,3.6133803628334626,-0.8741554365689754,-0.14717568434376493,1.8281178391218786,1.1557738955631816,-0.04625681195913833,0.1352201765539921,1.680521737587524,2.0,2.4930100129063004,-0.5875719531721665,3.0,0.0,1.426370117205727,1.6154903384442498,1.8417774882381766,2.0,2.0,0.18358228154440848,4.0,0.0,1.0,1.0,1.0,2.0,8.903353550366848,-2.740411290815764,15.668824820002849,-0.5351872065488855,0.04711284378805977,-2.2840030602947246,0.8786402143508986,0.4299389184482656,-0.5806335309892512,,,,,,,,,,,,,,,,,,,,,,,,,,,,,,,,,,,,,,,,,,,,,,,,,,
163000,0.7445288,0.4859368,0.05,0.006265852597583031,,3.292619258881731,1.0,1.2983972846455984,-0.25996117172523014,0.0011665402658560227,4.0,-0.2367609052245003,3.0,0.7032151794348623,0.3532606106680366,-0.7549415712873687,-0.10496235274295161,-0.09403129725682406,-0.051034304961826676,-0.04821010417970784,-0.20728611819272647,-0.10387095056491134,-0.0440145341804712,-0.04330608795457923,-0.26896581865912816,-0.048915185615155024,-0.09958724963657968,-0.04703700571778298,-0.24282470928114133,-0.1457241851400183,0.6100364016194025,-0.005877027575311471,0.003119964749550855,0.005070172781158289,-0.0014221204027053927,-0.004108520326765309,0.390850471635302,0.9912629707657038,-0.0021720805883551765,-0.007955090238993774,0.0013389651097668537,-0.008369495012735309,0.006177451511144657,0.001415271069877022,0.0,0.0,0.0,0.0,0.0,0.0,0.0,0.0,0.0,1.7500812654216917,0.04406035558842859,2.8011229950077356,2.7973719891902564,1.7984250559083608,1.821802990719091,2.610674912849673,2.6035986398693836,1.7848007213882007,2.0,1.8898903183089781,2.669334183384077,1.0,1.0,1.7437634152510952,2.074051437374025,1.357746612852246,1.0,1.0,2.5505278983644777,4.0,2.0,1.0,2.0,2.0,1.0,31.156588000036756,-1.1844976838261336,-5.4188653188314895,1.1648335148493791,0.08543849550363262,0.97853022534539,-0.11307421883492015,-0.20034067840871023,-0.5288643156207364,,,,,,,,,,,,,,,,,,,,,,,,,,,,,,,,,,,,,,,,,,,,,,,,,,
399489,0.8715835,0.26432624,0.12,0.02389616287845446,,-0.7028551347360481,0.0,0.2094800820020966,-1.0611060057601596,0.6149785204075493,4.0,-0.5016739087201819,2.0,0.31199892285978326,0.26238835670911814,-0.7515009058605381,-0.1024204497763856,-0.08058315244861992,-0.0783579547482381,-0.08013440320621099,-0.24190519921286416,-0.0982435842000906,-0.034808985547478015,-0.0448939227826899,-0.26927880718961156,-0.03577965813511977,-0.1111456851043283,-0.06647719863537456,-0.24101202235204136,-0.11539846316972327,0.6173442807661339,0.03383809679410548,0.00815612271508022,0.5351249095432777,0.06616166151589162,0.5170261997759156,0.020110131108162396,0.02398712940447384,0.5643321782993909,0.013826472349186568,0.5725761835939913,-0.04917888252175723,0.00023826058158408413,0.5452934386366223,0.0,0.0,0.0,3.0,0.0,0.0,0.0,0.0,0.0,-0.5948187848102002,-0.38280314961637163,-0.33119585623086745,-0.35705048867231287,-0.5680459517946482,-0.5701689166300987,-0.3947088289138886,-0.3670675954966682,-0.5324298726099347,0.0,-0.5520078845393811,-0.3419430115574671,0.0,0.0,-0.5316630113295653,-0.5968264993601625,-0.6009229778994287,2.0,0.0,-0.3745723108995996,0.0,0.0,0.0,0.0,2.0,0.0,-6.557610353949893,-0.19187719426650302,0.30862182209890315,0.144555275750811,-0.18182387053655694,0.2777739377063573,-0.892953361145539,-4.286325503891221,1.478667576839861,,,,,,,,,,,,,,,,,,,,,,,,,,,,,,,,,,,,,,,,,,,,,,,,,,
296944,0.96812403,0.49981278,0.12,0.02389616287845446,,0.934554172553457,4.0,0.5548413544352648,0.9382866867574101,-0.010786750371084362,4.0,0.28432055407709084,2.0,0.3979886632001147,0.36847775707026587,1.1502275677106677,-0.09853724210742201,-0.052860926989606066,0.006413074096742605,-0.07976433537410944,-0.23509241460828575,-0.019826961526229762,0.0006237679640285487,-0.0625449244433829,-0.09176050209947846,-0.07331329721160444,-0.0902241452888402,-0.043432300268811126,-0.19950294873655902,-0.11637925222070525,0.6130026984902129,0.6209285137916853,0.5604278374437984,0.48553986111599085,0.5817065589883047,0.025022730792554185,0.007971947091393842,0.012972029299518628,0.5070475807342179,0.6539287697249564,-0.005684149490003786,-0.0014205768337112506,-0.014015833168429097,0.535846606297607,2.0,2.0,2.0,2.0,2.0,1.0,1.0,1.0,2.0,-0.6058950055185766,-0.40171450197275377,-0.3261058502267712,-0.34188617351906675,-0.549894763907598,-0.5479254114532653,-0.4067230890465068,-0.37803717413007565,-0.5776154275211987,0.0,-0.5563181886780314,-0.43987002825736715,0.0,0.0,-0.5559815701695104,-0.5818132686338895,-0.5579347677449092,0.0,0.0,-0.373125385228432,2.0,0.0,0.0,0.0,1.0,0.0,-7.500383098905187,3.7519703926778494,-0.33482639074500536,-1.1132194092137144,0.38847984646509465,2.641442371939087,2.8189675227107585,0.8334816328244969,0.40509002842803166,,,,,,,,,,,,,,,,,,,,,,,,,,,,,,,,,,,,,,,,,,,,,,,,,,
468494,0.9924212,0.4391567,0.29000000000000004,0.28192947697193393,,-0.19013831803315484,0.0,-1.4285727625319806,1.1359532815313633,0.8751488715524299,4.0,-1.3116008498289569,3.0,-2.8182279419554774,-2.7803194320330973,-1.1652138386514292,0.08386625552764121,-0.09778142183498889,-0.3453045872229631,-0.32532289180618995,-0.35868064627530416,-0.23806925638878845,0.11682068790052696,-0.2324667601221294,-0.4799078959471753,-0.6224187598360692,0.6478406089786244,-0.27879553403685575,-0.11574829839756426,-0.06232558729093038,0.7671862641735544,0.24859732965867598,0.2633381598103364,0.4411674042688028,0.34284192358046534,0.770394079487978,0.2961777014814473,0.6475171503693757,0.138793491105288,0.3979887809113561,0.624059632665182,0.9017569339946108,0.3023023335838204,0.8061621762602134,0.0,0.0,0.0,3.0,0.0,2.0,0.0,2.0,0.0,1.8528433595476024,-0.1330692492331169,2.7584132438601014,2.4980090461032844,2.392114402457713,1.7776030011482549,2.7018033358624844,2.9435847695680115,2.0586669532810644,2.0,2.2883544850050255,-0.6003207658636215,0.0,2.0,1.9540659896700712,1.8960033595787393,1.5985119976153477,1.0,1.0,-0.7755489084512674,0.0,1.0,1.0,2.0,1.0,1.0,9.741188782705951,-2.385613056803318,16.60359093140883,-0.4474963305904591,0.5780977407889103,-2.46772393906366,-0.03166022837941651,0.8303042434219843,0.3596556636628667,,,,,,,,,,,,,,,,,,,,,,,,,,,,,,,,,,,,,,,,,,,,,,,,,,
436283,0.9884206,0.15410544,0.28,0.24919445743323487,,0.4527401862895668,2.0,0.5640133841825865,0.02726604884117051,0.06776311160481992,1.0,0.1162031175587335,2.0,-0.007232896423527563,0.1955877375534806,-0.5577520785397019,-0.11105723023096939,0.24201437600919545,-0.0325792038385958,0.4903742856938753,-0.5719095660695466,0.13634145044360865,-0.11890727371273689,0.3299058052446521,-0.40406261624692075,0.0026130917130058468,0.08196607683801523,0.31356328252310467,0.012071756183415883,-0.07789797625809239,1.028269419439653,0.06904186947363505,0.637869028904869,-0.16090254120171724,0.0605094068217452,0.056059682492759666,0.0526043452988893,1.022935788426705,-0.24554839344097673,-0.5022027144186576,-0.2978096500208919,0.3408397225607276,0.3183945485743799,0.36940885878976276,0.0,0.0,0.0,0.0,0.0,2.0,2.0,0.0,0.0,1.8916673879202615,0.7979303126236216,2.94009681132167,2.4337072437283878,1.6549181452117117,1.8211080409491587,2.6691621874573044,2.9062228324481034,1.5344468365104162,1.0,1.5242879983059834,2.2882718494711756,1.0,1.0,2.3503430999435584,1.751860346637052,2.04407898117474,1.0,1.0,2.23028402288557,3.0,2.0,0.0,1.0,1.0,2.0,31.51547163778703,-1.1180745350636707,-4.959138925214587,0.6415262363995462,0.22211641061286672,0.7082803201095398,-0.40990634810341814,-0.033984687146610904,-0.029801802960872453,,,,,,,,,,,,,,,,,,,,,,,,,,,,,,,,,,,,,,,,,,,,,,,,,,
173103,0.99938834,0.26554465,0.34,0.5067913695225319,,-0.6082367137983782,0.0,1.7048084268729242,0.6289795534930132,0.2812774024867516,4.0,0.12985638973847657,3.0,-2.243370600305731,-2.446382471127299,-0.03763605885234489,0.6969403279210123,0.9365793462537116,-0.6596316546319221,-0.20002851390145873,0.06127114650751614,0.34016890698838753,-0.2763502767929473,-0.4722832276494068,-0.19677534020299914,0.10205163918672941,-0.338040661545644,-0.9411885203697802,0.045465593372491564,0.41538880776120135,0.4686260056385212,0.2520422108801358,-0.7377144377372776,0.14168744245939097,0.1631948331134031,1.0026238805556456,0.13414174466889994,0.7082679953872821,0.8064481676757751,0.4246850440395477,1.494458657311632,0.20559000501967742,0.579614412494049,0.7181879458141835,0.0,0.0,0.0,3.0,0.0,0.0,0.0,0.0,1.0,3.220347628813312,0.696896710198732,2.8040187627236546,2.960338276889497,1.782849499817439,1.6374429254238245,2.545530133676968,2.3083035264742344,1.3847847721687359,1.0,1.4679234773990808,-0.8112676334484723,1.0,1.0,0.9914488316739466,2.2803649611728516,1.4342454498940174,1.0,1.0,-0.027342605774463125,0.0,1.0,1.0,0.0,1.0,1.0,9.519646963850986,-2.0388937096552793,14.904911708121643,0.010265085411857111,0.12796864627322152,-2.052295179185833,0.26240487732030554,0.29353133365778067,0.2433901474795483,,,,,,,,,,,,,,,,,,,,,,,,,,,,,,,,,,,,,,,,,,,,,,,,,,
435087,0.5503232,0.38237938,0.13,0.028378895023486856,,1.315841326717372,4.0,-0.574885459992263,-1.0096259770351808,-0.004186295381362417,3.0,-0.2556514613526691,3.0,0.4305886311650234,0.3535694134301223,1.3127103864134757,-0.10907812160646181,-0.07925435234198398,0.024576840921292926,-0.056160110584555015,-0.24761293147846916,-0.12647965874376504,-0.0955461739907761,-0.10096550089409119,-0.15093185812198168,-0.026433323115755688,-0.06554857935556388,-0.0653257623561144,-0.19552361245719288,-0.16030826998396117,0.6535262854857923,0.6286731982856484,0.5274589197227769,-0.04293200936410251,-0.0813730967856628,-0.010403079508474364,0.0415601538885701,-0.011916981005932832,0.5500829230941081,0.5736036397219892,-0.012540839488547112,0.02134105469793588,-0.00557846494906934,0.014633657722146661,2.0,1.0,1.0,1.0,0.0,2.0,1.0,2.0,2.0,-0.5549872628568718,-0.42473972886639166,-0.33966893336349696,-0.36430650433513534,-0.5748623909176107,-0.5497957272415661,-0.3713015419038215,-0.3628540088867579,-0.5639930495453409,0.0,-0.5492843457867559,-0.45440417518535603,0.0,0.0,-0.6487141879656111,-0.5592111713074923,-0.5048682905301262,0.0,0.0,-0.358052910185731,0.0,0.0,0.0,0.0,0.0,0.0,-2.43003729760772,2.293189184597532,-8.087884739793425,-0.01942196730579216,0.44611945275498316,-6.600583445495962,2.490886281604268,0.4959420165067721,-0.8249633160745062,,,,,,,,,,,,,,,,,,,,,,,,,,,,,,,,,,,,,,,,,,,,,,,,,,
19494,0.9265117,0.23147966,0.22,0.11308859038292954,,0.6532163165523811,1.0,0.4842560167441179,-0.6903225573984846,-0.0679155824109411,4.0,0.21669646422042238,2.0,-0.13029924055623926,0.43711241593544264,-0.7991048850705574,-0.153368202259816,-0.22057593624031746,0.006587360699762838,0.0869929487469244,-0.2334043264300441,-0.0755498217815426,0.07542710842749857,-0.2027287351151682,-0.14720374290522198,-0.1279280891138837,0.09365775384599853,0.1600620701583556,-0.15375684681261187,-0.06736769203973196,0.7086283302050771,0.00868024929213828,0.0330508885753161,0.1682747789804591,-0.05756650537327962,-0.0757360668341965,0.6919423389212367,0.7734911907055056,-0.12073533676712324,0.2392819799738198,-0.11785824484050196,-0.11224874340301684,0.11945514313721678,-0.10760791353689446,0.0,0.0,0.0,3.0,0.0,0.0,0.0,0.0,0.0,1.6077887679946092,0.06877297721969608,2.844714726581824,2.8229032688960913,1.8772646305570293,1.978182929403718,2.6045157549212465,2.683677246037906,1.9102511253490917,2.0,1.851444679601953,1.620723894671797,1.0,1.0,1.6317700956228018,1.4304705270979128,2.16031915398303,1.0,2.0,2.586504602869335,4.0,2.0,1.0,1.0,2.0,1.0,32.729641265805974,0.9688627052683295,-5.4474703172151795,0.22591936791228925,-0.05890389298786805,2.0939835182865356,0.26194213303735986,1.3002304980775743,3.6447377842068307,,,,,,,,,,,,,,,,,,,,,,,,,,,,,,,,,,,,,,,,,,,,,,,,,,
325327,0.97417486,0.44946924,0.14,0.03356392623053241,,0.9496263090508513,0.0,-1.1804413945919028,-0.899934509874879,0.6245759134647286,4.0,0.33640292816250295,2.0,-2.7320547162579234,-2.834372177522506,-0.7558052445156371,-0.11647010026087584,-0.086445204574287,-0.004113549900587883,-0.021557964139807016,-0.27838489544578143,-0.08935141381966417,-0.06787653634837755,-0.05537544873262668,-0.29709193946678425,-0.13054775338735544,-0.09091308797171317,-0.03392361801022324,-0.26879217207542,-0.10755186558060245,0.5885766052127858,0.037858643866319666,-0.026483084238763197,0.5859513343925604,0.5622001426006332,0.568147768252631,0.017378679230545317,0.018787817962574605,0.5091035245862877,-0.012164601603793148,0.6730238992247227,-0.026769379735351262,0.016079877072594496,0.5677298454798949,0.0,0.0,0.0,3.0,0.0,0.0,0.0,0.0,0.0,-0.5960837790518284,-0.38684441306732986,-0.35733399878840677,-0.40352436418778587,-0.5345490038570715,-0.5643733493491443,-0.3957892421918656,-0.34512131375482474,-0.5788118837629974,0.0,-0.48532790041306045,-0.39609348248086806,0.0,0.0,-0.5123815311100861,-0.5643635590019895,-0.6253096652776803,0.0,0.0,-0.36120941157803005,0.0,0.0,0.0,0.0,0.0,0.0,-6.549784964938616,-0.08403598203443143,0.32860891537068426,0.1469090051371117,-0.17337664373882522,0.26646266133086427,-0.890837909036296,-4.301789712600829,1.4640933300164367,,,,,,,,,,,,,,,,,,,,,,,,,,,,,,,,,,,,,,,,,,,,,,,,,,
550286,0.8587786,0.35101217,0.08,0.011477469205752985,,-0.1882512496832893,4.0,1.0452021388069537,-0.7787015316125108,-0.005205480892547712,3.0,-0.8219987580377469,2.0,0.08118027431112648,0.3474679771986126,-0.7360685847821504,-0.09915728382672351,-0.08593861707087454,-0.024836698018946154,-0.07746761783056436,-0.223762751893843,-0.14143489812815258,-0.0600383044161447,-0.03560604071932316,-0.19392282339053654,-0.03338773855314404,-0.09237120064745713,-0.05882661967216027,-0.2698599315861897,-0.182804284952989,0.5986912987182093,0.0013839361025953956,0.015343495245865537,-0.0022624739782112144,0.007213286780672137,-0.0037039884330812636,0.003311900308302374,-0.007368832534330452,0.5489745647193798,0.6124806003497558,0.012504047046189558,-0.014330416390943573,-0.024317190690226302,0.5356270863144844,2.0,2.0,2.0,1.0,2.0,1.0,1.0,1.0,2.0,-0.5540814239857602,-0.38262024595832833,-0.3457183101874579,-0.360346376226354,-0.5555673789762618,-0.5641931710301681,-0.38594599642488703,-0.39138949053904315,-0.5584425013239956,0.0,-0.5473781122410889,-0.37930208555025824,0.0,2.0,-0.5646159944495327,-0.5580766628718384,-0.5694804224208055,0.0,0.0,-0.39771006999674724,0.0,0.0,2.0,0.0,0.0,0.0,-5.843585294202954,0.6053731335484437,-4.177223580950847,0.36004062229156475,0.08170701142156749,-5.4253867200823045,1.394114450545681,3.698775837117155,-1.2235531916085878,,,,,,,,,,,,,,,,,,,,,,,,,,,,,,,,,,,,,,,,,,,,,,,,,,
297170,0.9903521,0.1450068,0.3,0.3182832888392961,,-0.19764927176199315,0.0,-1.6344868748659287,-0.2514427592977914,0.6359407678033787,0.0,-0.9184987810419093,3.0,-3.1289858361952048,-2.4044026669446112,-0.8547506544417737,0.6914473738553862,-0.1267754907448158,0.33141129274605086,0.47623256795677504,-0.10204390453362155,0.4879855873855793,0.21205963466361205,0.22183701925804622,-0.4163492177810155,0.1692944327150832,0.09131327739797467,0.36372263248233394,0.04606044515922797,0.1941965713190721,1.0788520870129703,0.7467542732480225,0.7841744659992917,-0.06445150968189539,0.17033215191434434,0.43126413769687266,-0.2705297607252982,-0.04030009911422703,0.3284998175099766,-0.23816069901401726,1.2410754671375996,1.469566221353351,0.36308165123011604,0.48421943679118046,1.0,1.0,0.0,3.0,0.0,0.0,0.0,0.0,1.0,2.2146914994293536,2.6663348562078646,-0.49792810355286854,-0.5808083449438586,1.645746266425099,1.879612387889267,-0.5103494902831477,-0.9967199947213118,2.1769139674160245,2.0,1.7937784602431406,-1.1345157272443447,2.0,2.0,1.66905649127288,1.3631368018473413,2.400581462911042,2.0,0.0,0.017726922153233793,0.0,2.0,1.0,0.0,2.0,2.0,9.146110457045928,-2.154119447315656,15.836652989208483,-0.3238655402433901,0.4615533334376912,-1.9978453288068136,0.02479608477029041,0.37860891300478494,-0.15111832571104622,,,,,,,,,,,,,,,,,,,,,,,,,,,,,,,,,,,,,,,,,,,,,,,,,,
385109,0.72666824,0.24158886,0.060000000000000005,0.00771172199313132,,-0.12251673412435057,4.0,0.7794516466090556,0.674466309166171,-0.010816794453660687,0.0,0.33505603903161024,3.0,0.45755632409481367,0.3468322107964254,-0.7640691150466059,-0.09423474306599247,-0.10402907129949504,-0.043096781985605286,-0.04904155514606559,-0.22485981589161338,-0.11964617719093047,-0.043740942849764416,-0.05545487629323129,-0.20510200337868587,-0.0541592935949884,-0.10773806208825124,-0.06192085921343175,-0.2257683461455474,-0.13401576885402783,0.6023888998856747,0.6125405492426683,0.5424860297395987,0.6441285807583833,0.557371653235737,0.01494118646292284,0.0033947511591246155,0.0015465064492242778,0.5366782463371048,0.6004246579152194,-0.004785885452533243,0.005405853665285551,-0.007620032020686002,0.6359487426136595,2.0,2.0,2.0,1.0,2.0,1.0,1.0,1.0,2.0,-0.5679701103370822,-0.3935711543173626,-0.35291972189946064,-0.36186869193200816,-0.5379941076872661,-0.5631546801436783,-0.3750305431091656,-0.3806198771171298,-0.5751608883330519,0.0,-0.5296195905082193,-0.39901525207615596,0.0,0.0,-0.555436799447808,-0.5631762608728612,-0.5575378121988507,0.0,0.0,-0.37639345942598085,0.0,0.0,0.0,0.0,0.0,0.0,-7.540370890345343,0.27562591909625944,-0.575088384045783,0.3091670033914034,0.14443641244634997,2.2771935349014116,0.5041479401460772,1.2548876573468968,-0.05309769586837902,,,,,,,,,,,,,,,,,,,,,,,,,,,,,,,,,,,,,,,,,,,,,,,,,,
475527,0.9949239,0.14881812,0.28,0.24919445743323487,,-0.9641240568187036,1.0,0.26960140784293685,-0.9674959775068279,0.6353951696191021,4.0,-0.7631899278674699,1.0,-3.024606099719183,-2.6529412402415087,-1.1185561887815283,-0.2100850669587017,-0.06655767465719697,0.13528846125395588,0.12632118191722833,-0.254592039655868,-0.030019053433433487,-0.24174283215667755,-0.08284692394227855,-0.169671897676758,0.346420714433133,-0.2367300134320878,0.12744980756899268,-0.09209356551631931,-0.49350610213220236,0.6838888570162005,0.2750490743491904,0.179646177962368,0.9351470870536431,0.4326569462618628,0.49153844798527296,0.2394206932628725,0.5942840292337248,0.5280692070058648,0.02455142009463745,0.39480720112782225,0.38881579319914594,0.7738528460514542,0.4030745050340384,0.0,1.0,0.0,3.0,2.0,0.0,0.0,0.0,0.0,1.9480617845404957,3.6942027416120173,2.5917051874910695,3.077715997928671,1.815676734881975,1.4794686910402601,2.912424537555782,2.8464885081700944,1.8591919590868276,2.0,1.8121893744965218,-0.6017571678586617,2.0,1.0,1.4269679232713082,1.8929503582399037,1.384864820578756,1.0,0.0,-0.1542256657437604,0.0,2.0,2.0,0.0,1.0,2.0,9.616389560796692,-2.5453200359646098,16.30821786025628,-0.25941131435728065,-0.053459378172388376,-2.1275687900993674,-0.2339961494684636,0.30982806451036826,-0.5808532624731417,,,,,,,,,,,,,,,,,,,,,,,,,,,,,,,,,,,,,,,,,,,,,,,,,,
206372,0.9588104,0.3142351,0.23,0.12982628505779303,,-0.5837641025447525,0.0,-1.15841620112307,-0.40856272869602006,0.5241482281198301,1.0,0.35764304680480885,2.0,-2.80001827065953,-2.9019680799469745,-0.5331764772090732,-0.052401851382078514,-0.1060068543456711,-0.2207242950568305,-0.25119318908936217,-0.18241381620979183,-0.1546062165340156,-0.19570354415980012,-0.05350152760914533,-0.40797651312166705,0.017039817468434804,0.0010010012113160355,0.05894762344890879,-0.15229020391504766,0.0059340078025149345,0.7207148901301171,0.13498194559247698,0.18017159000475555,0.5415186278503583,-0.16807825179087427,0.5520149938701226,0.2663928982979864,0.9770344278655307,0.47510504790839964,0.06338393154046969,0.49701039292199345,0.8590349220891969,0.5386954877369141,0.4196460648656112,0.0,0.0,0.0,1.0,0.0,0.0,0.0,0.0,1.0,1.6124369183387237,2.6667667828690265,2.6995737067964467,2.695990745358733,1.9382363672641023,1.5590349030309976,2.7441704602236343,2.2830150024065565,1.78820637355233,2.0,1.9027913194788308,-0.5341078397265945,1.0,1.0,1.9657885817236582,1.549522786572815,1.7934403657889446,1.0,1.0,-0.30540553675126414,3.0,1.0,1.0,2.0,1.0,1.0,9.332407541427745,-2.7670240704650704,16.140734395447396,-0.5687891693965476,-0.057731334786344686,-2.2697496655913754,0.09118050011128315,0.6405654430536943,-0.6972744766203368,,,,,,,,,,,,,,,,,,,,,,,,,,,,,,,,,,,,,,,,,,,,,,,,,,
212102,0.9105435,0.4462016,0.09999999999999999,0.01672075323499393,,0.9760298924838235,4.0,0.11583706100126955,0.6020151550241637,0.017815369071107433,3.0,0.04125730713847052,2.0,-0.06180417743264563,0.3503372826473869,0.9484764776226209,-0.11505622412694975,-0.10325830633537877,-0.04326840922357094,-0.07113358646064372,-0.2016277320240527,-0.09800782113498167,-0.04477327094542803,-0.08003906776350356,-0.21358362063044634,-0.05101522491108069,-0.10531769746642956,-0.05888830892619259,-0.2518891025479533,-0.18095691093603586,0.6004304322312456,0.015400984628049322,-0.005182521312342295,0.6542601202106059,0.6532467290376482,0.02939028024976772,0.01685244067033321,-0.00028270967626030797,0.5021787747738196,0.7330798623027903,-0.0005562575072658003,-0.021077944064736318,0.004130472052892115,0.5550003895898903,2.0,2.0,1.0,1.0,2.0,1.0,1.0,1.0,2.0,-0.5462306336969189,-0.3994614478272191,-0.35522962235784383,-0.3624269240527927,-0.5713168127025741,-0.536369678927536,-0.38973247306084385,-0.3857745445881982,-0.5617219009888739,0.0,-0.5134127609069151,-0.41646730374906427,0.0,0.0,-0.5552489267274163,-0.5685994645783304,-0.5829664813842537,0.0,0.0,-0.4259859862519756,0.0,0.0,0.0,0.0,0.0,1.0,-7.54118208777861,-0.036509364515082854,-0.5885081085265549,0.22936648637669518,-0.13649842800128764,2.2008377082887627,-0.13797031808144725,1.1711856250112627,-0.7324876614440545,,,,,,,,,,,,,,,,,,,,,,,,,,,,,,,,,,,,,,,,,,,,,,,,,,
242329,0.82040536,0.40948555,0.02,0.0032300924127905565,,-0.6629108778145357,0.0,0.1358596539012186,-0.6089415406588645,0.5783233784202533,4.0,0.3249980544495558,2.0,-2.727643675798719,-2.7932130910880906,-0.7553524697648458,-0.10972830776069314,-0.08527009882064089,-0.038059911362947695,-0.04588867690337733,-0.217530939032106,-0.11126990859348714,-0.030980322293134195,-0.0573940324328467,-0.2683690203963624,-0.051447759126591094,-0.10111638039797868,-0.03690559910937833,-0.24878971386933238,-0.17403638519280334,0.604695004463441,-0.0050780416338432315,0.001278777569685969,0.5310587823862731,0.0036041141214663715,0.534820169342345,-0.0006641252673144737,-0.004148868553532472,0.5295199709067719,0.006333424953799053,0.6091822403198881,0.0003309602428625784,-0.00027958281773473345,0.5323794965653377,0.0,0.0,0.0,3.0,0.0,0.0,0.0,0.0,0.0,1.7352916818053297,-0.39288059786186164,-0.3553859671900569,-0.3574413488610279,-0.5510077831200186,-0.5513050533915447,-0.3818831229794778,-0.37534216724028824,-0.5617752854659466,2.0,1.8274377806080693,-0.39251905404526943,0.0,0.0,-0.560414401466085,-0.5608285931421719,-0.559855442695675,0.0,0.0,-0.38891827048405486,0.0,0.0,0.0,0.0,0.0,0.0,-6.552925553252299,-0.15236090314497613,0.32095045487138096,0.14653569799998675,-0.17531473291843114,0.31644573240507123,-0.915821623408831,-4.2969812061702095,1.4470943608493694,,,,,,,,,,,,,,,,,,,,,,,,,,,,,,,,,,,,,,,,,,,,,,,,,,
77321,0.54780257,0.26541364,0.04,0.005058857517455529,,-0.43773522534461257,4.0,-1.4536578773968363,0.7572879582776881,-0.0010538127597190332,4.0,0.3315486310216415,3.0,0.19178595322512967,0.35393017871319066,-0.7545025932302107,-0.1045466694810116,-0.08772670994448072,-0.03614394129437278,-0.05946937908738936,-0.21048813034539923,-0.11005883868584385,-0.0422078936757498,-0.044031018553890744,-0.14946440646927317,-0.05487133489647083,-0.08927105638989716,-0.04791875758264911,-0.2159775160244722,-0.14629197711796804,0.6292221426734841,0.6195403126818341,0.549415329472632,0.5526160155246468,0.5423420966629303,0.004383038787611204,0.007121775887823725,0.00660769362264297,0.5323967622411158,-0.0027688380255876154,-0.011206474499426616,0.006870332293707449,-0.007343367907974015,0.531226068787151,0.0,0.0,0.0,1.0,2.0,2.0,0.0,0.0,0.0,-0.5689970401451825,-0.39818759532532744,-0.3603925587370151,-0.35787660335316007,-0.5476599474068945,-0.5619743625509741,-0.3776214865028939,-0.38372143256919583,-0.5627278661950829,0.0,-0.5220132380342719,-0.3951568140031731,0.0,0.0,-0.5552948203867439,-0.5591229392375939,-0.5568999394287791,0.0,0.0,-0.3826481562086905,0.0,0.0,0.0,0.0,0.0,0.0,-6.583134820757816,0.39198245648354735,0.3479393333846104,0.06836085814477132,0.3751741710191088,0.41203765949662285,-0.16773058423699452,-4.2778464460003685,2.033162518345812,,,,,,,,,,,,,,,,,,,,,,,,,,,,,,,,,,,,,,,,,,,,,,,,,,
455887,0.8176132,0.08171465,0.14,0.03356392623053241,,-0.8273656782120632,0.0,-0.19296676596243167,0.6719170197057207,0.5152142431706257,3.0,0.2634699028719939,2.0,-2.7490246855787652,-2.720744437038847,-0.7747916014278766,-0.07973252755927289,-0.10638198102240046,0.01066578029262967,-0.04525673290323329,-0.220381174350628,-0.11685096981059831,-0.03801861869729756,0.013879728627547674,-0.22242246725757625,-0.06860992522174508,-0.05749816071296286,-0.005303698071854214,-0.16699668553444724,-0.16121189544301967,0.6706608950789419,0.6341173426651064,0.6097206500665153,0.5121050582138283,-0.013196911519407639,0.5888691555953675,0.42341676262151634,0.9898516926750212,0.567561855609146,0.032187936632700594,0.6108567177046978,0.5483956727133183,0.5342162306296764,0.5253324213876984,2.0,0.0,0.0,3.0,0.0,0.0,0.0,0.0,0.0,1.7534391577118522,2.3803819503001256,2.825489282602587,2.7982016311516333,1.816166399184612,1.8055289698513357,2.5547470482326564,2.5897061827947336,1.7627639140570792,2.0,1.9619886117144971,-0.4124400651100878,1.0,1.0,1.840441071659477,1.6179365545724664,1.5901845621366897,1.0,1.0,-0.4003155940248712,4.0,1.0,1.0,2.0,1.0,2.0,-1.6420292506258736,-111.92542510091323,-17.476131935780256,-197.63345878629138,-1.6316461453728823,7.515279234490731,40.892947023624934,-10.538499789420106,-3.6855939324371554,,,,,,,,,,,,,,,,,,,,,,,,,,,,,,,,,,,,,,,,,,,,,,,,,,
121987,0.9794397,0.47339827,0.14,0.03356392623053241,,-0.2555308047613901,0.0,-1.490653147025422,-0.8553737633576469,0.5404927307087459,3.0,0.3016235465860757,3.0,-2.6422201850644638,-2.815757057347773,-0.7612297413675663,-0.12314865341189196,-0.05602206258916306,-0.045946569625593806,-0.04405751692774765,-0.2518157905612619,-0.09649814732798505,-0.026236180131019374,-0.027786349979995476,-0.27876108206443106,-0.04931287219928759,-0.07985312942377175,-0.04274178412088286,-0.22358205811976986,-0.20505055354379517,0.5055757885982972,0.6469542430871897,0.5772488379822662,0.48176420121975727,0.5625819131898931,0.5539576410117917,0.01260567988687418,0.08030254921335812,0.5415130596253249,-0.02294907760925531,0.6190622197358031,0.5176076639190116,0.5048736326166183,0.5242826055842904,0.0,0.0,0.0,3.0,0.0,0.0,0.0,0.0,0.0,1.7301725412771358,0.5972246263373658,-0.3228429500293442,-0.3709167832814888,1.7899716319899543,1.8389762259167066,-0.41353418174872736,-0.352552251233861,1.790351263669715,2.0,1.830198466029297,-0.41308167762035236,3.0,1.0,1.7904003848625085,1.5398387818679093,1.987460605235648,1.0,2.0,-0.40342677385434145,4.0,1.0,1.0,0.0,2.0,0.0,9.698585586618496,-2.353319827548459,16.101887096325356,-0.6055975120419664,0.5157027127804668,-2.100018974135048,0.6940039597574317,0.7151700229317475,0.0004201652121544053,,,,,,,,,,,,,,,,,,,,,,,,,,,,,,,,,,,,,,,,,,,,,,,,,,
73591,0.9945781,0.23138478,0.24000000000000002,0.1486439774738485,,0.2733807285830925,2.0,-1.4514567415039312,-0.7862086005657877,0.2387848805161782,4.0,0.25135041617996096,3.0,0.2371116473607535,0.5582967617104718,-0.7252555821926306,-0.10690040813153852,-0.13154673388745303,-0.0825513532380752,-0.15281091419675885,-0.4350526192149812,0.022339651865000962,-0.22599937637968467,0.18900139969077537,-0.32896250877626815,0.14336550200251144,-0.2580695164134038,-0.19788646471597787,-0.22094977692970705,-0.22332329196589307,0.7009223815562399,0.9846029793773543,-0.023928791750695275,-0.012977231016411845,-0.049510963876072504,-0.20745832374145234,0.13754220104090825,0.7786382910522043,0.5535861894385706,0.06197496469172261,-0.027873616252354228,-0.07242984516866416,-0.004818086731599606,0.2723534663319886,0.0,0.0,0.0,0.0,0.0,0.0,1.0,0.0,0.0,1.7195520475927033,0.43719542510664194,2.8175782376316336,2.639505166470683,1.8575044838637575,1.8627661457847111,2.792160024618131,2.697348305858733,1.7129307059506673,2.0,1.7711599878952797,2.463128247686604,1.0,0.0,1.4364741690611038,1.7838565893268288,1.5379424534242332,1.0,1.0,2.3230004031437868,4.0,0.0,1.0,2.0,2.0,1.0,27.08858701380751,0.5899628809638301,-0.9391043960968465,-0.2058627377279606,1.267011175424627,-1.7603523766569742,2.4810018015552684,1.3323895368178573,3.280542248745823,,,,,,,,,,,,,,,,,,,,,,,,,,,,,,,,,,,,,,,,,,,,,,,,,,
271627,0.66790104,0.49827054,0.02,0.0032300924127905565,,-0.4821387287588427,4.0,-0.5496990635143563,-1.0134456934525569,-0.0013183321655440851,4.0,0.32489071077808873,3.0,0.7062522920298229,0.3660758328916714,1.7468381988583617,-0.0961983804300051,-0.05809476578720787,-0.03320408860030175,-0.05734155388225655,-0.21440070613396586,-0.059463208110512804,-0.04787711084439733,-0.05093256319458045,-0.089816436446394,-0.04883931387484661,-0.06672072463069381,-0.014649093764085535,-0.21034388616676114,-0.1290370889880448,0.652736755415294,0.6338925090811444,0.5524009647236904,0.5357248291451469,0.5536051092896181,-0.00013608499559727814,-0.002344859771909942,0.0016374943060308393,0.5377563804516118,0.6245017875265925,0.005033459878383557,-0.00612491856630275,0.0006424606520528383,0.5368538433997653,2.0,2.0,2.0,1.0,1.0,1.0,0.0,0.0,0.0,-0.578087905113548,-0.3887641138248059,-0.3634379084746563,-0.35696845164234964,-0.5602181138809468,-0.5516620925699569,-0.38958777241447856,-0.38540744534051624,-0.5665102584243616,0.0,-0.529220121301312,-0.3900139779820968,0.0,0.0,-0.5613292719517922,-0.558630895178386,-0.5542877698024944,0.0,0.0,-0.3915065158435344,0.0,0.0,0.0,0.0,0.0,0.0,-7.534641483874164,0.23161498862545218,-0.5915116723171016,0.187197947419453,0.16013269880692824,2.2293830566703168,0.03450320658738132,1.2039210075361617,-0.4773044749471555,,,,,,,,,,,,,,,,,,,,,,,,,,,,,,,,,,,,,,,,,,,,,,,,,,
540036,0.96208006,0.46782696,0.19,0.0734769996100588,,-0.7874839302042357,0.0,-0.08401054119007426,-0.7913857859621646,0.6925202616471415,0.0,-0.5513135938874458,3.0,-2.6545100476023373,-2.7769025021451736,-0.7841844170364384,-0.11216326114862643,-0.12363019352230106,-0.11475934955755043,-0.044250159406365,-0.2066664343077396,-0.0651592024214067,0.05007542156810868,-0.017665578020982124,-0.2147326960732034,-0.18490594190843465,-0.03378728942655013,-0.11578587965673018,-0.15482325085477788,-0.1332878592152071,0.6407939759435352,0.024116647712818268,-0.0035539049401646884,0.39698457217710525,0.06085134504672747,0.6084738546476227,0.3372446862301744,0.9662956994341407,0.5982693933462949,0.0916269000300111,0.653689227101929,0.49630522365298496,-0.0160515242871529,0.556250216469626,0.0,0.0,0.0,3.0,0.0,0.0,2.0,0.0,0.0,1.66425651708377,1.3423333560429873,2.836464212507082,2.770958689852996,1.9161464563745947,1.9118007036882527,2.6330949236788497,2.583113871917936,1.9135962647553606,2.0,1.9662254051861703,-0.32825499953875625,1.0,1.0,1.7717501435648686,1.8683647250602957,1.590111359427023,1.0,1.0,-0.4115026491723011,0.0,1.0,0.0,2.0,2.0,2.0,2.910972302026808,-0.7263472702828417,9.665893617843095,-0.9467824768127435,-0.24997384533346395,-1.231146407710228,-0.6139269331082012,-3.1642552631481475,-2.0259687442071153,,,,,,,,,,,,,,,,,,,,,,,,,,,,,,,,,,,,,,,,,,,,,,,,,,
463777,0.9888364,0.39420632,0.32,0.40318023403735836,,0.26677367529520807,0.0,-0.01955308533709818,1.4448466205446684,-0.273849438647107,3.0,-0.6500227095543801,1.0,-2.32413939872851,-2.501240423612744,-0.2387623575507518,-0.4079364966322984,-0.03951023696290792,-0.1204142395871045,-0.7561599541121989,0.22239402362216515,-0.28806887961528704,0.9243531371562244,-0.06795519352482679,-0.1539349625453563,0.016203395763310605,-0.4544338370853352,-0.5723548697438189,-0.14670368334248607,-0.39818261437226665,0.31478512220495153,-0.971793590881625,-0.34468847794453106,0.7768270684862155,0.25960923035058064,0.7338336969115932,0.7652221803281996,0.9072209152991637,0.3670632477260338,0.30821943379354844,1.1287185808382802,0.9868059216668272,0.877719785078934,0.39154080242929984,1.0,2.0,0.0,1.0,0.0,2.0,0.0,0.0,0.0,1.939643341928074,-0.6401075249294154,2.5048408339092907,2.457664249153445,1.8844810996826327,1.9549294044482903,2.421490412535262,2.258156993341766,2.1892182259452664,0.0,2.197883355311497,-0.8765108906220467,2.0,1.0,1.8869155964148887,1.6189361987491724,1.3940076831710033,1.0,1.0,-1.0850099709826613,0.0,0.0,2.0,2.0,1.0,1.0,9.348077735724685,-2.0941570330369577,15.50438025780471,-1.0481210634143987,0.08966972247576913,-1.841459466593105,0.29416303018369233,0.5450599213166243,-0.7575577747293415,,,,,,,,,,,,,,,,,,,,,,,,,,,,,,,,,,,,,,,,,,,,,,,,,,
176098,0.77210516,0.4742026,0.25,0.16975275626876413,,-0.34459070299998523,0.0,-0.03219326630683167,-1.0629321735352342,0.8074869043430108,4.0,-0.05008182631478997,3.0,-2.5621846385726683,-2.818191889192567,-0.9616525845253916,3.069911775013149,2.8085039579504394,0.11117025473615008,2.0894582567878612,-0.24197656523859296,1.4390045550272228,1.9730336602076768,3.2483347503639015,-0.7196587244404984,1.3830206810095653,1.6630482884641216,1.8389527247069668,0.18133317700940055,0.43741414220028374,0.7180048986992371,-0.07989518409214343,0.4223072420619979,0.3567487525886466,0.42495326008209655,0.2902052569694433,-0.024730067152084197,0.22696376830505888,0.8582349237734481,0.03973540055386722,0.7997908071369572,0.6767002920006886,0.5956440703664861,0.6497393463150299,1.0,0.0,0.0,3.0,0.0,2.0,0.0,1.0,0.0,1.488977852138009,4.812382858950594,-0.38906475398397067,-0.33067787930751774,1.737751196955199,1.9133895085325794,-0.5855117105173498,-0.18696181538566545,1.8168520623439717,2.0,1.836369003761231,-0.1870469124111329,2.0,2.0,1.559443132013342,1.8269871525973087,1.1397195801101567,2.0,2.0,-0.5000806870600013,0.0,1.0,1.0,2.0,1.0,2.0,9.414304691493275,-2.6888446673695983,16.056620114754146,-0.8570087771725281,-0.23265981973075756,-2.203439386286761,-0.08192159053628456,0.48525085339785107,-0.4074286516278726,,,,,,,,,,,,,,,,,,,,,,,,,,,,,,,,,,,,,,,,,,,,,,,,,,
314173,0.59466034,0.3664947,0.03,0.004056900182200707,,-0.010704637808155615,3.0,-1.1965038197814586,-0.7353298866337282,-0.006790551496800694,4.0,0.31972143712737033,3.0,-0.042046565233555155,0.35730127383852334,-0.7606156288541558,-0.09884333326450141,-0.08436337887502328,-0.03758998359326883,-0.06132012950881162,-0.21873282502991517,-0.10727123602023583,-0.04972053101234604,-0.05056455456479574,-0.20687365600950147,-0.057226288791939584,-0.10438453442323954,-0.052163070990858075,-0.24551300684414198,-0.14869840017634844,0.6110056223239995,-0.002218767542321074,0.00027310181683117744,0.5339217637010529,-0.00660307970787239,-0.0014814956353420238,0.002429885613509871,0.0005498382215533121,0.5292364029350239,0.5987116590469881,-3.897626299034629e-05,0.000923460326505251,-0.00010587993855967461,0.5275680594270457,2.0,2.0,2.0,1.0,1.0,1.0,1.0,1.0,1.0,-0.5764567538138343,-0.38949685170684256,-0.36093862569231716,-0.356903615002459,-0.5514462974216617,-0.5528856034762767,-0.3864574043393487,-0.3802801503580508,-0.572351685129936,0.0,-0.5297399736441428,-0.39546188502618507,0.0,0.0,-0.5618084005905412,-0.5511639264984409,-0.5531298448737499,0.0,0.0,-0.38720419360884734,0.0,0.0,0.0,0.0,0.0,0.0,-7.524460285660693,-0.020704376904628837,-0.5940001483426749,0.25451611763425797,-0.13845190076122987,2.1923793830453273,-0.13922559080441596,1.1850244886140728,-0.7257089861864063,,,,,,,,,,,,,,,,,,,,,,,,,,,,,,,,,,,,,,,,,,,,,,,,,,
424231,0.9777296,0.0698732,0.27,0.2197729180535744,,-0.8046012453299327,0.0,-1.3007007898747178,0.14065220727634353,0.575384675539926,2.0,-0.5146422014910425,2.0,-3.0102766455510155,-2.5430842443726935,-1.0542079258317087,-0.13002593267166773,-0.4229797273595202,0.24995419059200424,0.3245648593295507,0.29712162283330046,0.07629828405839961,-0.5308944635779035,0.07863669021715859,-0.30490448698050354,0.436126885052022,-0.31475332724050226,-0.28805607551798906,-0.1474542870379659,-0.05381896071539054,0.7536255144140245,0.5750164980169242,-0.19415296602142176,0.3218197161828153,0.23128665670783127,0.5595164167787604,0.398153232002118,0.7496525929467228,0.5743782398170605,-0.16612339549501112,0.3564833148667936,0.38054733321958617,0.4371838664816531,0.7288834681644794,0.0,2.0,0.0,3.0,0.0,0.0,0.0,0.0,0.0,1.4874217801623189,0.1402288491725313,2.687277890972857,2.8447575347554723,2.2707459204581184,1.6901564375013636,2.689668901892208,2.7747281538264676,1.554829602156485,2.0,1.9548909240596828,-0.4242671420161581,1.0,1.0,2.224449382485709,1.661387608437004,1.927108834352458,1.0,1.0,-0.4512372772108708,3.0,1.0,1.0,2.0,1.0,0.0,9.706388205423739,-2.6175353081929837,16.198077191626425,-0.4372851401215545,-0.037391932981763853,-2.273577950769226,-0.5281602485802679,0.6967286154148343,-0.4032681578608596,,,,,,,,,,,,,,,,,,,,,,,,,,,,,,,,,,,,,,,,,,,,,,,,,,
546482,0.9989887,0.26791438,0.29000000000000004,0.28192947697193393,,-0.3482415480718297,0.0,0.4109718377920412,-0.5982586098307758,0.5061503643944433,3.0,-0.6616771973644474,3.0,-2.5730570876779053,-2.852466435065766,-0.8054718972060952,-0.19674142097204492,0.2102119460429838,0.19548012941014065,-0.1673067482926188,-0.06605405522705154,0.5554677623080189,-0.16007854717008768,0.02709459717877457,-0.36101175789581397,-0.35334952576433526,-0.008394303663949582,0.08924507112458832,-0.14190067757118074,-0.0006687176841510822,0.7453800462148701,0.03607602284564872,0.14263325723025577,0.19927341149315908,0.5984165584174923,1.227371662219121,0.2171585186629303,1.371926842817361,0.15287447789567565,-0.09485740469643701,0.7514101940917548,0.07594919723597832,0.7491101297228533,0.3458798108165283,0.0,0.0,1.0,1.0,0.0,0.0,1.0,0.0,0.0,1.7119925437299846,0.07460897468664252,2.8415493757089623,2.2844657205346195,1.7878012884677952,1.1090581048223802,2.133501798614169,1.996253056590667,1.672490529275847,0.0,2.5604435702323096,-0.3471030621658561,1.0,1.0,1.9845228518767288,1.3728378034812065,2.262747829662165,1.0,0.0,0.45560178893745995,0.0,1.0,1.0,2.0,2.0,1.0,9.508480158094816,-2.2314839917909,16.238247263791383,-0.5813895117000694,0.028350802408415893,-1.6128955198974688,0.05797624918015401,0.5558831174202966,-0.8185623729748057,,,,,,,,,,,,,,,,,,,,,,,,,,,,,,,,,,,,,,,,,,,,,,,,,,
216283,0.9963135,0.3053696,0.21000000000000002,0.0982356594956918,,-0.7415077218306352,0.0,1.1574435011586033,-0.6661401370844025,0.5846352886984976,3.0,-0.4755545670169791,2.0,-2.706271198757497,-2.902687876963274,-0.7310017584122264,-0.09737023910270849,-0.021044574155471132,-0.0013126824265203008,-0.12235757130074937,-0.16813556284359674,-0.039709053745690934,0.06284229607367037,-0.0013068729414651,-0.16462507955564928,0.20398779218957655,-0.05217023920871634,-0.03965675292477705,-0.04668971519593834,-0.3881026374581985,0.7009799749953564,0.033249069637067814,-0.08605119659218917,0.5031009105140479,0.5843886987751077,0.5787891411978895,0.24372696420746665,0.8496824029034726,0.5579213811137326,-0.026597234725608234,0.6101230365563794,0.5432234087617681,0.6125262514763813,0.6366670568877073,0.0,0.0,0.0,1.0,0.0,0.0,0.0,0.0,0.0,1.9355000029976623,1.7934387440359008,2.823980200661837,2.7808969331466344,1.8180852784851813,1.7541276378110215,2.596312246408217,2.519447718813163,1.7831134161045237,2.0,1.9884748143426676,-0.3172503226300305,1.0,1.0,1.6937149295353915,1.590376788233775,2.0258131000425283,1.0,1.0,-0.5431953070882141,0.0,1.0,1.0,2.0,2.0,2.0,9.578111106020314,-2.537598064535953,15.860294967267492,-0.4225483166511689,-0.17118425038148696,-2.3291524182499788,0.13795138977182111,0.38777189470678003,-0.6682781293577837,,,,,,,,,,,,,,,,,,,,,,,,,,,,,,,,,,,,,,,,,,,,,,,,,,
273445,0.8663891,0.35619408,0.18000000000000002,0.06325205919758363,,-0.8673830668002458,0.0,0.16168044579931506,-0.5351484738466951,0.590524506715199,4.0,0.40415034461090826,2.0,-2.748619330907694,-2.868961287195235,-0.7544676741145667,-0.14909298688265243,0.2611377327706608,-0.07400604171831296,0.06388424297233977,-0.2037306084016755,0.025005336819684525,0.2598780222523158,0.18824646329776382,-0.26903759426869084,0.1084702858745589,-0.09965469314118096,-0.07211642257723815,-0.025261239800218466,-0.1455717025028564,0.6129602368944443,0.0055649171357922125,0.6285797946870144,0.5111157116534385,0.5883591478846713,0.503677116953213,0.3723303917190371,0.9860018257571743,0.5501695535606586,0.041691140880298634,0.73245671841006,0.5918505367070803,0.6122583439445669,0.7996045100007606,0.0,0.0,0.0,1.0,0.0,0.0,0.0,0.0,0.0,1.7537789784186826,0.811928249508,2.620060973123386,2.8287183204958257,1.7524034491415152,1.8504794755058473,2.5969282375809954,2.5209206378492395,1.757166081692198,2.0,1.9713097084235984,-0.28666658992392136,1.0,1.0,1.890615699125796,1.6004854885429534,1.5766288298695372,1.0,1.0,-0.37361126907525793,0.0,1.0,1.0,1.0,1.0,1.0,9.565336595792806,-2.502875471809515,15.965301390182542,-0.7103957871991631,0.38487056283531684,-2.239048712566481,0.08547646425239125,0.544016226714901,-0.6299510917746819,,,,,,,,,,,,,,,,,,,,,,,,,,,,,,,,,,,,,,,,,,,,,,,,,,
409246,0.9185175,0.43098927,0.17,0.05427181375432048,,-0.3743644542628076,0.0,-0.904882162252704,0.19060171519916225,0.5534183860470775,3.0,0.35816682710313763,3.0,-2.6875068264548316,-2.7103991375966214,-0.6501659666457564,-0.10583676096014286,-0.04343089439591954,-0.003707931084706316,-0.049416496447684095,-0.16890710778365955,-0.05159788075810119,0.00754486064489978,0.003834612651013765,-0.3110653031060749,0.008558559400128903,-0.08646110157183305,0.016728120703387105,-0.18638562896657473,-0.1631074313248494,0.5863211212462993,0.07423213058445008,0.031100823181442208,0.5360233565883281,-0.03540995460941533,0.5021546454313911,0.4212683485546351,0.9470411343200822,0.530255294532625,-0.11479459711228059,0.6114321512201514,0.5217937087381234,0.5110006838425762,0.5139716474483492,0.0,0.0,0.0,1.0,0.0,0.0,0.0,0.0,0.0,1.7619166622882252,0.5358843428403621,-0.34260745578492896,-0.3496557767137974,1.7644361511406326,1.836938252095329,2.59534311847736,2.5925074145192877,1.8117363090836776,2.0,1.8548527955139507,-0.4154705402309338,2.0,0.0,1.8131400386470846,1.6353049493082406,1.7475133131595817,1.0,1.0,-0.4562532707061209,0.0,1.0,1.0,2.0,1.0,1.0,9.533775470941553,-2.652026427224445,15.949867387136859,-0.5815463942610337,-0.0733496531465615,-2.1803228411353905,0.18761256955145855,0.7039482876711602,-0.3808530527714836,,,,,,,,,,,,,,,,,,,,,,,,,,,,,,,,,,,,,,,,,,,,,,,,,,
383834,0.9197681,0.4669778,0.21000000000000002,0.0982356594956918,,-0.4338800180525558,0.0,-0.5659002297165006,0.770219348630463,0.583721171485081,4.0,0.363026751562645,2.0,-2.6706138704868074,-2.9519043332413823,-0.7504972720255739,1.9485470390057742,2.172123759747725,-0.1357401409151189,0.8013494358198332,-0.1594339242478452,0.7446491502109378,1.0604657094376126,0.9944692326359094,-0.2015333822591286,0.43427370371062674,1.3899084408677358,1.3554977931436152,-0.05678185308079213,0.08815654678348799,0.6594742498611113,-0.07761056329430495,0.13559351264568853,0.04908967118110419,0.02913450612258351,-0.0121376955520053,0.38225489707258026,0.873953011368741,0.488248553707114,-0.0730787007086089,0.8794645250019459,0.19230335461575215,0.6043868112158941,0.6341937749824154,0.0,0.0,0.0,3.0,0.0,0.0,0.0,2.0,0.0,1.7209358385824076,0.08644052264189052,2.8503051346304833,2.6655733440861034,1.8894627706333469,1.6924937733744136,2.5909071031070603,2.6181682790268543,1.8306139001687842,2.0,1.853955620570864,-0.269219211280415,1.0,1.0,1.6952812326492124,1.4842121230994203,1.7034725668291109,2.0,1.0,-0.3740218584575622,0.0,1.0,1.0,2.0,1.0,1.0,11.449727325806824,-2.0599036916925546,12.40621480843447,-0.5330576874310853,0.0678547006929126,-9.631950497687166,1.7722822515657946,3.2067559739255005,-1.0110974434768079,,,,,,,,,,,,,,,,,,,,,,,,,,,,,,,,,,,,,,,,,,,,,,,,,,
507452,0.9499598,0.45232978,0.11,0.020034599671098444,,1.7544995401113987,4.0,0.2282487390327534,0.9434311919676037,-0.05056945369913906,4.0,0.32553088140461495,3.0,0.11022161277182009,0.3594623609739427,-0.747258623972543,-0.10298591503327373,-0.08832508456426953,-0.04961355367804412,-0.02875733570515644,-0.2126227743355981,-0.1149376947682055,-0.03423599852170198,-0.029425608337290268,-0.21399473679853245,-0.029979248313506235,-0.10529349061842276,-0.04541912038872459,-0.22622917451105237,-0.12290819753635755,0.6026614852449392,0.5931465879592689,0.5473279845693494,0.5055751746648243,0.5310912424756526,-0.012000632035063952,-0.010927470375193758,0.02989506657671325,0.531949532610141,0.012470056677338973,-0.011361841232111161,-0.02416363223318031,0.01415842593501625,0.5213375462410031,0.0,0.0,0.0,0.0,0.0,1.0,0.0,0.0,0.0,-0.5674144342236621,-0.3983966510445051,-0.365455563203448,-0.36647281967304174,-0.531849728349579,-0.5735156516793106,-0.3863041509003743,-0.3837372680276805,-0.5471379826691101,0.0,-0.536407617414471,-0.3889587050826077,0.0,0.0,-0.5787313645325041,-0.5548446057784844,-0.5350027139135393,0.0,0.0,-0.35009302083801236,0.0,0.0,0.0,0.0,0.0,0.0,-6.608916821566056,0.6677361096187777,0.3840154858646169,0.28770879296943846,0.27663750024942313,0.5585138632337668,1.3016694800134092,-4.053252655312532,3.8671534937672094,,,,,,,,,,,,,,,,,,,,,,,,,,,,,,,,,,,,,,,,,,,,,,,,,,
287813,0.8734741,0.42847297,0.08,0.011477469205752985,,-0.09374139804389432,2.0,-1.4804501261413947,-0.07461023426378324,0.0024953104354125295,2.0,-0.8227815700793634,2.0,0.4601393219567789,0.35053351701617025,-0.7619578485736023,-0.10445928049311043,-0.08462780483643773,-0.034034355877836445,-0.04070142424171295,-0.20599207182329163,-0.10616694080516889,-0.05270812662013036,-0.040027473443529846,-0.27957785987439726,-0.03861436524191029,-0.11315069767796394,-0.03375703372771217,-0.23369939027504,-0.17853949817856124,0.6176798055427972,0.0029588818100633857,-0.0015950171286376684,0.011250651921962536,0.002296785541406077,0.008457226303360628,0.3664011964065423,0.9811258526155018,-0.012678553880414155,0.0012691078678206042,-0.006773328576695318,0.0019072477032696586,-0.006481248899917858,0.021926541041732996,0.0,0.0,0.0,0.0,0.0,0.0,0.0,0.0,0.0,1.7684682214779939,1.0036015552650883,2.8104419154686293,2.7841403563196883,1.8016840582652895,1.8249599609162566,2.614942869696798,2.6099053849346645,1.7684421498000678,1.0,1.8523305930977851,2.6947294059957234,1.0,1.0,1.7351478181571331,1.3282301831118586,1.917083106128673,1.0,1.0,2.557081514760967,3.0,2.0,1.0,2.0,1.0,2.0,31.422780586792783,-0.5717874526051102,-5.240005973690543,0.9180446135112307,0.2921160674390077,1.0518736215686966,0.02188645281200281,0.28750831596094484,0.7846112437430828,,,,,,,,,,,,,,,,,,,,,,,,,,,,,,,,,,,,,,,,,,,,,,,,,,
345886,0.9587249,0.32650343,0.15000000000000002,0.03954065143898942,,-0.6067317319203611,2.0,0.10225920399852106,1.027244314430959,0.005433883641146666,4.0,0.36850729660838666,2.0,0.4231220051090698,0.45026920703873,-0.7613572265435716,-0.11558654012646855,-0.06468305030757002,-0.008751625294804322,0.01858307927253358,-0.2032501025760769,-0.176668119768078,-0.025524051980915598,0.041782194160526205,-0.2632346592834059,-0.06595458443961896,-0.005330107548684557,-0.07418432963869337,-0.19537396628241394,-0.1754422578703943,0.6263025014162907,-0.023941549217844166,0.02306901719928045,-0.07836777344438557,-0.03682059057120612,-0.00036139252422979254,0.2839018896829504,1.0272823700290037,0.03951953722218228,-0.0078105423997033635,0.03377117781567114,-0.025217646560541186,0.0696332382178282,-0.024226300144811173,0.0,0.0,0.0,3.0,0.0,0.0,0.0,0.0,0.0,1.7510869442380523,-0.3541110317927414,2.773327008315438,2.8157749728859574,1.7592094921434869,1.8546971885880719,2.5766643224675354,2.557892627250709,1.7645162632657998,2.0,1.9523483803010875,2.366911618716178,1.0,1.0,1.7410012004895334,1.7399542650611897,1.9916321549249543,1.0,1.0,2.5682035969250094,4.0,2.0,1.0,2.0,2.0,1.0,31.23495456889403,-1.1280795853683392,-5.429562333403624,1.1373815686831672,0.3943704288900278,1.0516145602821758,-0.0454471041912648,-0.19256967894396357,-0.48247861898125277,,,,,,,,,,,,,,,,,,,,,,,,,,,,,,,,,,,,,,,,,,,,,,,,,,
388122,0.9910522,0.40057892,0.2,0.08508720268939021,,4.387197418303138,0.0,0.14927672438159306,0.6736293146815255,-0.07490765966701933,3.0,0.23007481924264644,2.0,0.15463364602153878,0.4862863575524783,-0.7678383280257945,-0.18857907919950473,-0.019264660755684844,0.10460681275483777,0.06984298559483108,-0.23652680564876527,-0.06759759959475507,0.12238012593951675,-0.18254613061023528,-0.10859400513593026,-0.1385155574503038,-0.1836523634026464,-0.05994994894740134,-0.3012255179248066,-0.06221591235279668,0.6687543490205342,0.6040027453124108,-0.03149967779021202,0.14588087481463538,0.07888594194340567,-0.032787131589156956,0.33046707913703277,0.9268966806054783,-0.02489640692592285,-0.05576963122872177,-0.06206410422683532,-0.13835461229820406,0.04243440138928182,0.06745218679720849,2.0,0.0,1.0,0.0,0.0,0.0,0.0,0.0,0.0,1.9013800691264562,0.32972234229589353,2.813882753055606,2.8153320155366512,1.7383871058698481,1.5721290475132912,2.747500014335351,2.519749158255602,1.773795534575995,1.0,1.831110962314256,2.7426839368463485,1.0,1.0,1.7365645231812774,1.323647891939171,1.8914961564556467,1.0,1.0,2.490047796531713,3.0,2.0,1.0,1.0,1.0,2.0,31.551904981422787,0.14723786099199418,-5.264911035187386,1.0548444394385197,0.5477150508313001,1.553897265326906,2.187269578233089,0.18277646009968002,2.0757415763908473,,,,,,,,,,,,,,,,,,,,,,,,,,,,,,,,,,,,,,,,,,,,,,,,,,
477248,0.9532677,0.3157645,0.36000000000000004,0.6324353502492371,,-0.9219781742506332,0.0,1.1898381096193371,0.8705757480145496,0.9604864120867268,4.0,-0.08681819925149575,3.0,-3.2823222739989695,-2.1386222880192607,-0.5632294495200791,-0.2396986687229979,0.9568701515831013,-0.487982805584589,-0.3552803972825809,-0.972666811634737,-0.10752543671826789,0.8519372674825842,0.34858444406605615,0.10822958656736587,0.6125883265222885,0.03898499566564659,0.209888924279429,-0.07391374409427334,0.18428359290912144,-0.4439527537128245,0.406529070187864,0.3592411203086635,0.5119234121935969,-0.7173764166363086,0.5619383645122401,0.6099780189085566,0.2972455240551748,0.12725885568922923,-0.7840061795757278,-0.582175228894781,1.012789365607182,-0.23488995688214542,-0.2587974042545723,0.0,0.0,0.0,0.0,0.0,1.0,0.0,1.0,0.0,1.4105368365400939,2.829252648200327,-1.2377784063195842,0.28319445291854806,1.1475870721260146,2.1479498457742814,-0.05057981747785317,0.5147349288934256,2.124338903485582,1.0,2.9248062396463883,-0.5435289342252076,2.0,0.0,2.2328576379846075,2.9900365259305937,1.2162448335977072,2.0,2.0,-0.41293387230192335,0.0,2.0,1.0,2.0,1.0,2.0,8.802301363025695,-3.389055299333425,14.86686734428373,0.7249810886191672,0.47965997500617286,-2.998824561222975,0.5153570115685793,0.260133206566432,-0.2971125675524166,,,,,,,,,,,,,,,,,,,,,,,,,,,,,,,,,,,,,,,,,,,,,,,,,,
131263,0.75650346,0.12622385,0.11,0.020034599671098444,,0.244127843313394,4.0,0.46129002447821815,0.2703019611677807,0.014888248730899788,3.0,-0.8164612060961483,2.0,0.3653279692331486,0.36123312590947776,0.9750466821369416,-0.10575260906149712,-0.07480673461526041,-0.03694202849919017,-0.045511876894426706,-0.18736963786622893,-0.07750978229850095,-0.061086268201922464,-0.08720056950419525,-0.20011882320198063,-0.036986715191059005,-0.10368893511239606,-0.06510481927682935,-0.2535208434156568,-0.15370437930107725,0.6359862157913787,-0.004020170779591939,0.5856652026514741,0.5679621001769952,0.03032549168485312,0.004847410174448102,0.009316418811965143,-0.01322077822919708,0.5125536136311547,0.6558104666777536,0.039888686758615524,-0.036416555250865776,0.008754649853436372,0.5315989519374832,2.0,2.0,2.0,2.0,2.0,1.0,1.0,1.0,2.0,-0.5388768737775254,-0.41738292381103204,-0.39524021791694586,-0.37972352132391357,-0.5527031732686467,-0.5405012670698937,-0.38169119033051613,-0.38803091735556067,-0.551246966508362,0.0,-0.5363648476702297,-0.39454012004135475,0.0,0.0,-0.5426315110572572,-0.5277599433197083,-0.5826631877037636,0.0,0.0,-0.38316799937349205,0.0,0.0,0.0,0.0,0.0,0.0,-7.539707074369105,0.019464190857452063,-0.5609003096227665,0.263567249660723,-0.1368062950149947,2.1737327269415414,-0.13042659697880454,1.189674804173137,-0.7088650025546342,,,,,,,,,,,,,,,,,,,,,,,,,,,,,,,,,,,,,,,,,,,,,,,,,,
137320,0.93398035,0.34170082,0.21000000000000002,0.0982356594956918,,0.7480723075401517,2.0,-0.8641131675280125,-0.2263988546538778,0.005827926169916462,4.0,0.34400664310477663,1.0,-0.03439515027198138,0.24484279545910717,-0.784129960161015,-0.18699293254462113,-0.16712467422759889,-0.08861400808495734,-0.10196542866812926,-0.21319864941783714,-0.13702760433174926,-0.00811735799629243,0.016843578222651527,-0.27699605254024845,0.05998195547549259,-0.05868517275694151,-0.04243966477999125,-0.10185437802167269,-0.12385324239892964,0.500681956077029,-0.14490362177203,0.13771348496225458,-0.20000396444812485,-0.007660861714289264,-0.12044937632882392,0.09558558464004625,-0.08583803183519478,0.0488516561530256,0.03421700016314228,0.05982259287012477,0.04616806951592542,0.16129809770792253,0.016958578164754764,0.0,1.0,0.0,0.0,0.0,0.0,0.0,0.0,0.0,1.7383419184946436,2.3916187541794316,-0.16237981115219693,-0.3350588798474073,1.7511949145517582,2.006978649009103,-0.3198040689568068,-0.5322017519064302,1.6850194721286824,1.0,1.8894921010923895,2.7471631345033947,2.0,2.0,1.6583172305952254,1.4012355685097206,1.9521048660069917,2.0,2.0,2.461317109059571,3.0,2.0,1.0,1.0,2.0,2.0,30.97830001738366,-1.3177035450132555,-5.289206880274341,0.9932651293184416,0.07269266362101497,0.8430908893762674,-0.1328818045568808,-0.07744875629705347,-0.49484998022429777,,,,,,,,,,,,,,,,,,,,,,,,,,,,,,,,,,,,,,,,,,,,,,,,,,
179071,0.8923743,0.38096675,0.05,0.006265852597583031,,-0.016929149617969735,1.0,1.0579013840944385,-0.7517717770996225,-0.0015530086519431026,3.0,-0.8099999147123956,2.0,0.4620028337108424,0.3649471560845292,-0.7599841873789098,-0.11117392817578756,-0.08253600672413433,-0.03370477458737027,-0.05866869835987519,-0.22117694012478611,-0.10645613239217717,-0.04060504130224864,-0.045264883766609317,-0.2518281705646176,-0.035055876388778946,-0.1070471004087993,-0.04517017050534747,-0.24569369664212468,-0.15928121872274942,0.6131629903478337,-0.003382238601396577,0.00959834427369877,-0.004337385854970414,-0.002994920495239137,0.0006686570306764559,0.0010689654598056138,-0.003663899540852058,-0.002772650411279652,-0.0031099780561387306,-0.0035819979678555795,0.008665459384693661,-0.0023834740482561803,0.0032953950975322796,0.0,0.0,0.0,0.0,0.0,0.0,0.0,0.0,0.0,1.7601532017654675,0.26634543843358255,-0.36248175681734485,-0.3611444472938015,1.85340069449606,1.811038789566954,-0.3803961223118823,-0.38388190984729526,1.7551253034577736,2.0,1.9068261892247482,2.6632947075523266,2.0,2.0,1.7378439592828205,1.337606853681538,1.9918531715181171,2.0,2.0,2.5740082105117286,4.0,2.0,1.0,2.0,2.0,1.0,31.163737692259602,-1.2019594373618132,-5.410962087844758,1.153826031391304,0.0807810094210092,0.9776479042710505,-0.12289398165527181,-0.20479026688092508,-0.5336827452536591,,,,,,,,,,,,,,,,,,,,,,,,,,,,,,,,,,,,,,,,,,,,,,,,,,
302434,0.71738636,0.4178132,0.05,0.006265852597583031,,0.2566861572327619,4.0,-1.6245148743983941,0.7638308990288797,-0.0008951157520556427,3.0,0.3053978985548347,2.0,0.43198248190750516,0.3580704850694151,-0.7441339594553115,-0.10283564130977356,-0.08556696367494247,-0.015140853728060049,-0.05443229046410458,-0.2082647462109431,-0.1200351488897619,-0.05216580124838446,-0.06877101363415711,-0.2691733420973582,-0.06637020989515466,-0.1098952487699295,-0.05522850950568013,-0.24317855791915982,-0.14348002794148,0.6033714451457715,0.0076918866962275585,-0.0016099500074135777,-0.009885511984062102,0.005051707401123116,0.00887590219427573,-0.0009258475046299179,-0.005568876842435347,0.5256364203250454,-0.0018019308432025455,-0.012601583628858916,-0.002680375408752781,-0.007632499870278342,0.0002406494970133146,0.0,0.0,0.0,0.0,0.0,0.0,2.0,0.0,0.0,-0.5705770805917149,-0.39284457658652244,-0.3571310478380531,-0.3633516469941449,-0.5635396692815502,-0.5543229645254042,-0.38488292783357575,-0.3884711950690599,-0.5640994107726245,0.0,-0.5188727637299498,-0.39941795374035266,0.0,0.0,-0.5627404241658966,-0.5554744089499443,-0.5547562476766315,0.0,0.0,-0.3891994638531462,0.0,0.0,0.0,0.0,0.0,0.0,-1.4033128990107562,0.8201019322363836,-7.261352304107467,0.23690682387842224,0.08852472667106649,-8.728958394925323,-0.37757721424524604,-4.649272410143283,0.9934479527192331,,,,,,,,,,,,,,,,,,,,,,,,,,,,,,,,,,,,,,,,,,,,,,,,,,
194094,0.96086633,0.3367542,0.14,0.03356392623053241,,-0.4088155287436821,0.0,1.0458295452829238,-5.906391933103084,0.06292893937148396,4.0,0.31008850323683057,2.0,-2.7676282888275012,-2.8739436091302215,-0.7911968733077145,-0.13834816128506539,-0.058236467334125686,-0.061672230059355945,-0.0651739016398749,-0.24517902109566347,-0.14851275812133263,-0.029103773169375215,-0.07570616766719884,-0.283548277210407,-0.0768093911692176,-0.15379197870442274,-0.049969663383296566,-0.2923272781865287,-0.17257977681017594,0.6630573739930407,-0.042514294246698274,-0.01653085349968249,0.46031848876600684,0.5781413060790669,0.5565445961207719,0.3423294187110286,0.9926783448077721,0.5419917640471569,0.03934285704774549,0.6372589391769949,0.6173723967378906,0.5443310019309054,0.5018371828998328,0.0,0.0,0.0,3.0,0.0,2.0,0.0,0.0,0.0,1.7210607198676955,0.952463816865975,2.8074361726635217,2.8305591413275244,1.7607492331054653,1.842987596946297,2.6129191112107115,2.5815550911168743,1.7305919622772206,2.0,1.9933831877586727,-0.4321936795911664,1.0,1.0,1.8532018088435815,1.646417900914564,1.6395046194188467,2.0,1.0,-0.40129473451167624,0.0,1.0,2.0,2.0,1.0,1.0,9.465353958426956,-2.6750142188621875,15.816755857523948,-0.5499937267739478,-0.15977967570039706,-2.1589226461431794,0.09376720046055603,0.5677745311862243,-0.6006147223909575,,,,,,,,,,,,,,,,,,,,,,,,,,,,,,,,,,,,,,,,,,,,,,,,,,
232717,0.9761906,0.27972856,0.41000000000000003,1.0689468862916063,,-0.5995419086589249,1.0,-3.8458395459198504,-0.40822932214130525,1.6590985487597043,1.0,0.3668282639532758,2.0,-3.786492964138011,-2.4837549558137497,-0.43561053753233264,0.9404385246475444,-0.48516358975161955,0.868972887921302,1.4815719748890306,-1.3880029451581433,1.9500269705939264,0.7119138504796637,1.3497404591899738,0.7760970783869008,2.1798762130123057,1.2404342937206316,2.1581486664325933,1.1247405455033221,0.09925439014332407,0.975621607713042,0.3495458445561743,2.2748112576743056,1.732356873077859,1.0820045489445684,0.12665358126633375,0.2211704227333491,2.477020386595342,-0.8708798865835974,0.23890807809841638,1.9220974260017913,-1.280472419337857,-0.116335938448212,0.7746506070525776,0.0,1.0,0.0,0.0,0.0,0.0,0.0,0.0,2.0,2.5605936961489784,1.4230251619635061,4.58802577463803,2.624655158218708,3.1113834290951536,0.6991473873347911,3.909439575325466,3.417429944713039,-0.3464116801241448,2.0,1.4076344112312897,-0.20018529068294091,0.0,1.0,1.6938191136833185,0.11136795255137621,1.5138985077744316,1.0,2.0,-0.22042736697087165,0.0,1.0,1.0,1.0,1.0,1.0,8.968713858088952,-2.514260664604795,17.531281321340646,-2.3188062639311546,1.0321672900087577,-0.716666285911332,1.1003708024980101,0.5940808720456838,0.4720826622466525,,,,,,,,,,,,,,,,,,,,,,,,,,,,,,,,,,,,,,,,,,,,,,,,,,
25886,0.80389565,0.4783556,0.02,0.0032300924127905565,,-0.5880699747414113,0.0,-0.23378883904567238,0.6936145193061838,0.5716556654247438,3.0,0.304667737997942,2.0,-0.03233283912639804,0.279813240957504,-0.7528603114119293,-0.1029882027771672,-0.09519137953824658,-0.03794003581669796,-0.0325445044725272,-0.20957368216844113,-0.10288070233036638,-0.013524377036222782,-0.026589428041749272,-0.27038438762282363,-0.03233508098100343,-0.10598141480981138,-0.0370806881172311,-0.2447257286980819,-0.14602562338793854,0.6131597172759126,0.6114949160535044,0.5540070065715224,0.5327166239556056,-0.005907815558078858,0.5375681678927885,0.008167829050728189,-0.002647351814506116,0.5355566269847889,-0.0009905461093987506,0.6055355256962194,0.5443195834170739,0.5363933900474245,0.5363258280329248,0.0,0.0,0.0,3.0,0.0,0.0,0.0,0.0,0.0,1.7523820265271282,0.5808871486693515,-0.3556675662647149,-0.3593003140194646,1.800730252786943,1.8195117363545983,-0.3799388453331851,-0.38810197814606867,1.7736671557237416,2.0,1.9058103873434886,-0.3991090219349331,2.0,2.0,1.8526071982587657,1.6197957849356497,1.6399482388608229,2.0,2.0,-0.3982658094933896,0.0,1.0,1.0,2.0,2.0,1.0,9.507748851912098,-2.3766920445742334,15.891597300762864,-0.5600945362151996,0.46253741288348016,-2.1031377295139877,0.5765722019027983,0.5350364462234429,-0.27399783427993224,,,,,,,,,,,,,,,,,,,,,,,,,,,,,,,,,,,,,,,,,,,,,,,,,,
315556,0.9667522,0.21131115,0.22,0.11308859038292954,,-0.8374580297081538,3.0,-1.352143707879598,0.20546252607731635,0.7178278544008485,3.0,0.3225037005695312,3.0,-2.631629555237432,-2.5825316867774712,-0.5254194237657468,-0.2046383343056181,0.020772812510578685,-0.18979743291158596,-0.061340748717076385,-0.2439371002303063,0.004925831370748937,0.000767874367499026,-0.058043570064547294,-0.18489187565916987,-0.09242326530780932,0.00671328332684791,-0.06395764305531018,-0.3273004145659178,-0.04695459803599822,0.7843924185029033,0.881825085578131,0.5157734254027092,0.3931486087212876,0.48729236565739564,0.40819054533488697,0.44880875881472265,0.8522933622694903,0.5105047152994281,0.12316743099178963,0.5152672548683455,0.6910151731469867,0.5885875097632235,0.564647784112879,1.0,0.0,0.0,3.0,0.0,0.0,0.0,0.0,0.0,1.8220700375030645,0.3554785963451318,2.888671218135146,2.7045442018864185,1.7493564794883238,1.6626265862645744,2.499253689912869,2.6601079449765446,1.713430477649446,2.0,1.997150634478468,-0.449642601539868,1.0,1.0,1.781999288343246,1.4109204649225249,1.5082246612477737,1.0,1.0,-0.3713812606684238,0.0,2.0,1.0,2.0,1.0,1.0,9.626637891101236,-2.5818134562782515,15.985992682652789,-0.6026740472131554,0.13695214472915698,-2.283092398087783,0.3613643572456014,0.6620219876111705,-0.8505879347885325,,,,,,,,,,,,,,,,,,,,,,,,,,,,,,,,,,,,,,,,,,,,,,,,,,
248610,0.9194575,0.31734255,0.27,0.2197729180535744,,0.13713375016367893,3.0,0.06681432840219728,-0.5286535805617758,0.03750828921571002,4.0,0.6443633236876801,3.0,0.26612094202449454,0.5246809033484683,-0.5780638307308394,-0.12403969855656849,0.12110376205639423,0.1078654189970347,-0.0031568350402362694,-0.1109109616247648,-0.15074770373302743,0.013218018597332869,-0.1433192405246937,0.03939434139913417,0.043101803585278625,0.01600372607668145,-0.056780430085809956,-0.4992633753138089,-0.050523283243836065,0.6761940076326349,0.010529756309395205,0.0943427708532149,0.1537896574527878,0.04769055312915484,0.02502961970547498,0.09210117836986283,0.029906455850650705,-0.35593478098376063,0.07384115226805318,-0.4537001183704574,-0.0452851504970167,0.048598465952512174,0.04855171187583508,0.0,0.0,0.0,2.0,0.0,0.0,0.0,0.0,0.0,1.433352759354374,1.479767302869872,-0.5310563248688979,-0.04950358340908084,1.3147140511387203,1.8193538202236212,-0.31579896602601987,-0.6909612539507584,1.7511008623586661,2.0,2.1167809494189225,2.791516305458513,2.0,2.0,1.786505328685095,1.1703098966267824,2.081584001486558,2.0,2.0,2.4139405541531853,4.0,0.0,1.0,1.0,1.0,1.0,31.28912710072525,-1.1616177863466144,-5.4125981956212135,1.581149213670225,0.10631230961438067,1.0373931937641234,0.11284381133812108,-0.7690245170694897,-0.2989950302573291,,,,,,,,,,,,,,,,,,,,,,,,,,,,,,,,,,,,,,,,,,,,,,,,,,
254808,0.9262767,0.42741728,0.09999999999999999,0.01672075323499393,,0.021275742419815388,4.0,-1.4726921009849796,0.2821024314657819,0.007826841002443376,3.0,-0.852280069204717,2.0,0.4245657082088937,0.3410184214497301,0.9931480062525384,-0.10361683105699071,-0.08155016476799481,-0.017175715039682887,-0.05430910100084836,-0.20882346818588643,-0.03975791223989807,-0.023444216644243992,-0.04074011851593815,-0.030344439077380776,-0.04226248049596101,-0.09444520035595236,-0.056991220473947495,-0.22876127905382249,-0.14475070641428556,0.6067804009619415,0.6347861320323711,0.5305635440885613,0.549223961561248,0.5479180213991852,0.00817862922237741,-0.004413570221623911,-0.027525229307077865,0.5382546826842132,0.5936395909797761,-0.015563287736382709,-0.010019178503888745,0.027157841525738937,0.53990732674863,1.0,2.0,1.0,1.0,1.0,2.0,0.0,0.0,0.0,-0.577061776969442,-0.41628034127193303,-0.3715174131075557,-0.39014629965887193,-0.59851282367916,-0.5493291008623262,-0.38917160335704504,-0.37850152164287826,-0.5676375198845376,0.0,-0.541062271180888,-0.3796483076818563,0.0,0.0,-0.5600146356026867,-0.5575537609450462,-0.5829052904366279,0.0,0.0,-0.39401502774913416,0.0,0.0,0.0,0.0,0.0,0.0,-7.5714984264246175,0.8908875226613734,-0.5256741105927013,0.17693941806082938,0.14139476425431008,2.368231551033113,1.273982204739804,1.100036098054676,0.03998324100424676,,,,,,,,,,,,,,,,,,,,,,,,,,,,,,,,,,,,,,,,,,,,,,,,,,
11530,0.63373625,0.4591666,0.01,0.0025521382703821843,,0.013301909645936671,4.0,1.357487574152391,-0.9660652912655153,-0.0014799012164886595,3.0,-0.5967951415528656,3.0,-0.004245717669619113,0.3582885007810637,-0.757296224538791,-0.1020922853305715,-0.09463323196978789,-0.03729634860033921,-0.0626266027490707,-0.21804835629267588,-0.11211910705074297,-0.048567547665840226,-0.05122960722378854,-0.21120858945107404,-0.05394797801974777,-0.08899311737227075,-0.044983588696440834,-0.23935068027617862,-0.14854858772997206,0.6330033215025169,0.6298125079590657,0.5526322561712407,-0.0013901959626488028,-0.0031477974309642937,-0.0007274918579790751,-0.0008579289819835937,0.0010478075119240897,0.5513341898254801,0.0029971373007271263,-0.0016849931527863518,-0.0016710746140377413,-0.0009096679058777184,0.0008001245490497903,0.0,0.0,0.0,3.0,2.0,1.0,0.0,0.0,0.0,-0.5708330437079183,-0.38858975677835683,-0.3605225404944167,-0.3564268188818136,-0.554550224109574,-0.5525894692824495,-0.38493152794825936,-0.38078094977650695,-0.5666139120136389,0.0,-0.5324236830279738,-0.3892530302702581,0.0,1.0,-0.5618139765541487,-0.555883744544152,-0.5532664619936817,0.0,0.0,-0.39391398845980996,0.0,0.0,0.0,0.0,0.0,0.0,-1.418604136768284,1.0148331933803463,-7.257861966056344,0.2735151738412148,0.22326024381744966,-8.668333099526313,0.2161049006838775,-4.674600148502548,1.2967794209615955,,,,,,,,,,,,,,,,,,,,,,,,,,,,,,,,,,,,,,,,,,,,,,,,,,
548865,0.9451808,0.48976403,0.19,0.0734769996100588,,1.5480842151060226,2.0,0.955852454344597,0.16856645453410646,0.06542765165437572,4.0,0.2688418448953196,2.0,0.8421820488082985,0.3864852551831726,-0.8049798868592184,-0.23308338633422557,-0.07816013405866712,-0.07150798429546146,-0.06722478142483755,-0.2494877564203978,-0.11922794495946192,-0.06857432821065755,0.06623289402688858,-0.3553726335572302,-0.07991962672641749,-0.1362040430753176,-0.07999654575710408,-0.19395141913470532,-0.16019490247354004,0.6589029067774717,0.1002878921702293,-0.06662635023413244,0.05099151813524049,0.054795328735342826,0.11942993248534589,0.27913032015604733,0.8928413180431473,-0.0407966276626039,0.028159682274209733,-0.05198618103992274,0.06312879573347313,0.5638512455388481,-0.06383364518864111,0.0,0.0,0.0,0.0,0.0,0.0,0.0,0.0,0.0,1.6202996701751005,1.4961400721371056,2.697040487990094,2.816644568946069,1.7788392313611754,1.7066483698366277,2.5528576468871047,2.5292514689916517,1.867260691925796,1.0,1.8877166864693669,2.736746607941348,1.0,1.0,1.8925921522456128,1.7217652464385358,1.9242037950983126,1.0,1.0,2.502186995184073,4.0,2.0,1.0,0.0,1.0,1.0,31.349370208043602,-0.8684592152652177,-5.282902671468917,0.9803081622082029,0.002692035599320422,0.909115526560379,0.023115468008597553,-0.09108415553723992,-0.2610934153303012,,,,,,,,,,,,,,,,,,,,,,,,,,,,,,,,,,,,,,,,,,,,,,,,,,
561680,0.9945861,0.481916,0.21000000000000002,0.0982356594956918,,-0.350053404325167,0.0,1.6880360760580844,0.32844771467656164,0.5308407262448949,3.0,0.20840920637234261,2.0,-2.77740039160289,-2.8955508420291682,-0.5735339156942663,0.02051744504741277,0.08158049382024088,-0.06373533102126411,0.26043095779923875,-0.13107691597315474,0.2651135933714073,0.015406055799747728,-0.048753153104708236,-0.3207727571205385,0.22210272612556778,0.1561725872961281,-0.061796164692523914,-0.1302876811620698,-0.12527274565617075,0.5649854798954529,0.11443366445488469,0.5066797500408958,0.7046634069645742,0.40483897386391265,0.5542379749226296,0.30906631877547974,0.9119109859566621,0.8039851550414272,-0.15731453156013372,0.8496431270263253,0.6469663363992062,0.6271300905080212,0.5983489195997767,0.0,0.0,0.0,3.0,0.0,0.0,0.0,0.0,2.0,1.7710623552103057,0.7552312470288598,2.827662904461563,2.7022485153758087,1.8818928454550663,1.9253740146109677,2.589708105433641,2.5868677619159905,1.69092193340766,2.0,2.0414829999473136,-0.43448354044264614,1.0,1.0,1.6986218075669852,1.5456115495940799,1.6357667689446995,1.0,1.0,-0.31086552406807855,0.0,1.0,1.0,2.0,2.0,1.0,9.542928744378013,-2.649518983700536,15.886069961634272,-0.6163115652582015,0.04815577014289708,-2.104939521053474,0.0756768877105598,0.6378855526480998,-0.5416913294494494,,,,,,,,,,,,,,,,,,,,,,,,,,,,,,,,,,,,,,,,,,,,,,,,,,
325311,0.79836863,0.38263953,0.12,0.02389616287845446,,0.9624664339865607,0.0,-1.5503557705243574,0.8949795701816108,0.5845287293477524,4.0,0.3323308947034874,2.0,-2.7115223742450785,-2.758216628961956,-0.757197527790805,-0.1227363015220437,-0.07355765363496627,-0.025820886035841775,-0.018539679272553664,-0.23869171963855884,-0.11078785583374955,-0.014717841883450256,-0.055197550099823176,-0.27960088173519676,-0.053563304039067734,-0.06725232826568661,-0.03855646457285331,-0.24212655383237316,-0.15348719607145958,0.6209090696031379,0.041817219698306464,-0.04007587179097464,0.5546011519667122,-0.02237015673516862,0.48208650010686815,-0.031305423660514774,0.005708729645938525,0.5435137392562748,-0.010966458556665936,0.5877944269278914,0.0158166337094488,0.016051973845898026,0.5500381456191948,0.0,0.0,0.0,3.0,0.0,0.0,0.0,0.0,0.0,-0.5621019398127605,-0.4022789269811808,-0.3852887574069137,-0.33449138330129025,-0.5169583705745574,-0.5558565980187175,-0.39658721215349607,-0.3851204585447698,-0.5484272385760672,0.0,-0.4882441037293314,-0.40895804938406505,0.0,0.0,-0.5767066025203921,-0.5532054869240233,-0.5654108278161688,0.0,0.0,-0.3830232853931008,0.0,0.0,0.0,0.0,0.0,0.0,-6.565639601246655,-0.18279998925006344,0.2869773209169208,0.12947563846351684,-0.15454845949106882,0.30404299540949403,-0.9133487559128391,-4.301368574901069,1.4627793506910893,,,,,,,,,,,,,,,,,,,,,,,,,,,,,,,,,,,,,,,,,,,,,,,,,,
336798,0.6196799,0.19650455,0.06999999999999999,0.009434629620313228,,1.6921982385902432,4.0,-1.6475940700780507,0.7578766235884581,0.005851829166316455,3.0,0.3011406528054199,2.0,0.2912108081392432,0.3477351982789468,-0.7716154491484462,-0.11598712794379568,-0.09960697690904288,-0.03425663990898013,-0.06486550598825332,-0.21263410156928034,-0.10583906000663347,-0.043825710633691166,-0.03997114947416496,-0.16631641962627128,-0.06448695671498865,-0.0941503800874691,-0.055611061863240024,-0.24438658733874907,-0.15608501618623125,0.622877603913704,0.6287268839212741,0.5564132212338817,0.5442206797792523,0.562541887156313,-0.0181903264781074,0.016446706956357613,0.000979708244535379,0.5484206995080232,0.5893478777490299,0.0001494026441727161,0.018530174508920454,0.009674527960130472,0.5399999602870279,2.0,1.0,1.0,1.0,2.0,1.0,1.0,1.0,1.0,-0.5679022914216724,-0.37893485577434455,-0.3580384900548526,-0.367631040015423,-0.5520060411036576,-0.544990764491105,-0.38948940484746425,-0.3820551142079423,-0.5786825039266761,0.0,-0.5348623754998981,-0.39267904550524035,0.0,0.0,-0.5636064540722986,-0.5453719802714622,-0.5689222645906271,0.0,0.0,-0.3878399429521799,0.0,0.0,0.0,0.0,0.0,0.0,-7.547580102584294,0.35687475088427245,-0.586442425674236,0.2061615480691395,0.06295090511089518,2.2798383905193162,0.45569112921042876,1.2678794132097273,-0.08403194151896416,,,,,,,,,,,,,,,,,,,,,,,,,,,,,,,,,,,,,,,,,,,,,,,,,,
296547,0.985753,0.2879319,0.18000000000000002,0.06325205919758363,,1.055088612751357,4.0,0.5743356737151446,0.955851985460153,0.16897788512230558,4.0,0.3055564823304151,2.0,0.4383513224863487,0.3280433114667798,-0.7555296066354202,-0.12123379129965951,0.019119393270382173,-0.027857379511677056,-0.1213588811742936,-0.11247425310846203,-0.02294767773069595,-0.03152724531048692,-0.004618942308521473,-0.09394698975774168,-0.16904120863685518,-0.23138551411670394,-0.18510444073428775,-0.17071993693158782,-0.12395598618268484,0.5001601406003247,0.5589571604712424,0.5308928713950798,0.4387164957750336,0.5339504507988423,0.10790916504985185,0.006948094726427595,0.004877332818235682,0.5914029042028429,0.056620675563345026,0.11517387548102445,-0.0025969223709746115,-0.03139243487107859,0.4170588297093031,0.0,0.0,0.0,1.0,2.0,1.0,0.0,0.0,0.0,-0.5698833054743598,-0.3663370770259841,-0.3511696595972024,-0.3237609358409545,-0.5670974087314635,-0.6277245079282131,-0.3265313780713627,-0.30271917269773874,-0.6134987926864035,0.0,-0.531802398473262,-0.4275946970016333,0.0,0.0,-0.6153217865638089,-0.5655381691549471,-0.5574216039665354,2.0,0.0,-0.3140443719491333,0.0,0.0,2.0,0.0,0.0,0.0,-6.466052770297184,3.2961411704865804,0.5611305901041639,-1.0701729344410822,0.5664028124999594,0.7607417523487742,2.10213523684428,-4.550675682930637,2.986415094017963,,,,,,,,,,,,,,,,,,,,,,,,,,,,,,,,,,,,,,,,,,,,,,,,,,
300914,0.82321,0.38543373,0.12,0.02389616287845446,,3.0606276596121584,4.0,-1.5215056760388301,-0.043084222505785745,-0.02692847761792678,2.0,-0.8011686331407413,2.0,0.1211696889933024,0.3155027910828675,-0.7622788986555866,-0.10304730562803871,-0.09071258737569356,-0.0065826522778649026,-0.0412878451415116,-0.19039745022362534,-0.0875764870749695,-0.031882401082277946,-0.05218701814210455,-0.3102483020536779,-0.049311452344065886,-0.10321282268183463,-0.05543052797813322,-0.2195782154830897,-0.1186165593197448,0.6241122533386932,0.02902062247954588,0.018410037671276396,0.5436214400344154,-0.018974624198676994,-0.04289300284002581,0.018865929405219323,-0.023175196004837376,0.5495565594313001,0.00879334506751278,0.004508076553467705,-0.006862148329803756,-0.014998621770281948,0.5788936007070248,0.0,1.0,0.0,1.0,1.0,2.0,0.0,0.0,0.0,-0.578351151081521,-0.3800957930518899,-0.37086516534258523,-0.31103948789507874,-0.5851586640954051,-0.5441140946534806,-0.3534525830218213,-0.3674120412827217,-0.5627599718510451,0.0,-0.5546750485732419,-0.3707365647373234,0.0,0.0,-0.5656803171364476,-0.5814053862430696,-0.5328529572662352,2.0,0.0,-0.3923399073177916,0.0,0.0,0.0,0.0,2.0,0.0,-6.582100202697872,-0.13891684900914777,0.3053767978465616,0.16604768222102756,-0.17634032890721085,0.31164003235792637,-0.8980193649954786,-4.279309942047182,1.4518661641617252,,,,,,,,,,,,,,,,,,,,,,,,,,,,,,,,,,,,,,,,,,,,,,,,,,
298581,0.9870697,0.24862826,0.25,0.16975275626876413,,-0.9817838077996963,0.0,-1.2562062351158105,-1.0485964298012413,0.4712366646181954,4.0,-0.45094502198965075,3.0,-2.78008205273934,-2.8227686971653183,-0.9301431550801225,-0.19326201830347398,0.2157039485342208,0.009698406970134923,0.1998765952807594,-0.1631898061186405,-0.027861855872896496,0.004172489237513087,-0.04887843105695938,-0.3148939569720112,-0.05440575153906417,0.023859986158922736,0.040003337978145315,-0.12710722905587415,-0.19465134008800367,0.4436797390939331,0.16369005696871897,-0.24572699449951674,0.6213521312834123,0.5791997217994788,0.7246484549630687,0.12276428744924228,-0.18207248744234836,0.646301292175403,0.3483669355662884,0.7344213258328214,0.5088304508871266,0.47997592489523777,0.6088117207763603,0.0,0.0,1.0,3.0,0.0,0.0,0.0,0.0,0.0,1.9866449054268427,1.346764545743954,-0.17696481557361177,-0.1972164616871245,1.6361404380445412,1.9591383184010194,-0.3915656645529566,-0.555582621719643,1.8809086306913598,2.0,1.8218410625526187,-0.8093648124365748,3.0,0.0,1.8301755752482434,1.8559937818492946,2.142380563199143,2.0,2.0,-0.4428527133392927,3.0,1.0,2.0,2.0,1.0,0.0,9.547668699093638,-2.6035812295307657,15.61812052901944,-0.657077815764131,-0.12316337102358878,-2.286712989821732,0.1679377338872141,0.3306896263648177,-0.4415820784283011,,,,,,,,,,,,,,,,,,,,,,,,,,,,,,,,,,,,,,,,,,,,,,,,,,
352576,0.9982539,0.14429255,0.31,0.35858330855333026,,-0.2425486880088616,2.0,-1.504251645385439,-0.41742640353611227,0.7946306770801832,4.0,0.4700543503728786,2.0,-2.8428539556594723,-3.05525841880063,-0.6367745535270853,-0.45004317149109424,-0.32762904066183013,-0.19780042072701753,-0.3784806817494547,-0.11883764350090542,0.08971636757737006,-0.0836607910582607,-0.24418668732654455,-0.6034945131542679,0.18629239641091738,-0.4067901759815817,0.26082843663550925,-0.16285504228118353,0.16637043593272371,0.8374582954138271,0.22095255245666087,0.6601494844460848,0.5475918021771027,0.3067187015932788,0.32768908105428673,-0.03335684315947535,1.2185980074592058,0.5283945992792365,0.32816297704991604,0.3044258005354504,0.098545864430705,0.16003715896821452,0.6561821032714785,0.0,0.0,0.0,3.0,0.0,0.0,0.0,0.0,0.0,1.9675939590942135,2.5001391612262327,1.834455170533963,2.3160045649274137,1.8569391475341506,1.673781037730369,3.334463266287483,2.316554278445036,1.8601288045674211,2.0,1.163872592919371,-0.693940231668468,1.0,1.0,2.491087439485128,1.5945584053065571,1.661076029451563,1.0,1.0,-0.1016179580975044,0.0,0.0,1.0,2.0,1.0,1.0,11.213008832053475,-1.7605879295824878,12.031838770995341,-0.8407385356696473,0.16623422964678686,-9.611451012456486,1.3407922581254372,3.1495045436533045,-1.3990881293370212,,,,,,,,,,,,,,,,,,,,,,,,,,,,,,,,,,,,,,,,,,,,,,,,,,
320646,0.9865948,0.3259013,0.2,0.08508720268939021,,-0.9293613863892319,0.0,0.43419855393093243,0.45030041962323186,0.4394402755292738,4.0,-0.378636729837934,3.0,-2.764422978655465,-2.8341329785169544,-0.7508747694221005,-0.16428915114630718,0.06430553106485504,0.04838084870240533,0.038034703270451525,-0.17467963964925604,0.014766237678702651,-0.02168332463305782,0.10548923992516245,-0.2802312192175095,0.065498623709508,-0.000743623104860397,-0.14462623186633292,-0.03088876019246567,-0.13960653121355543,0.5625176808490351,0.4781978061029092,0.4692150265642061,0.5824104319959631,0.6655332069675239,0.5211251036321227,0.0010867740283547742,0.006965039080693488,0.49283413356442496,0.039404835577168104,0.42601421003282136,0.6479623990781916,0.37635705131262404,0.44645561172389553,0.0,1.0,0.0,3.0,0.0,0.0,0.0,0.0,0.0,1.6830343713059026,0.6132860483143022,-0.23153572689192553,-0.18959099392811007,1.8786832178319095,1.6674239816951824,-0.2717966029591129,-0.37371468507432576,1.750957214743758,2.0,1.892954931819197,-0.2543933618938087,2.0,2.0,1.8349301811301115,1.7949638099224916,1.7437508577317873,2.0,2.0,-0.3582218262115989,3.0,1.0,1.0,2.0,1.0,0.0,9.467396249164779,-2.385829893362834,16.00330007048009,-0.6144580884443451,0.5103948012228784,-1.9946367306670545,0.4976292930116832,0.3604038297288043,-0.5621074727160407,,,,,,,,,,,,,,,,,,,,,,,,,,,,,,,,,,,,,,,,,,,,,,,,,,
563654,0.9407276,0.0902155,0.28,0.24919445743323487,,-0.4878719840870778,0.0,1.263584626887358,0.06784675748412677,0.7560631052171671,3.0,0.037780232096334895,2.0,-2.880544891462101,-3.0830466111464743,-0.8971931732570243,-0.234417603372296,0.12020113151815454,0.305506139537276,-0.05011068583837355,-0.02840994688292392,-0.6629353436144431,-0.0023797964838170316,0.509567734601902,-0.064801344115225,-0.2035010153625332,-0.39327566852375817,-0.28782622641396555,-0.10258521499620743,0.22990790723805815,0.49389617683666276,0.876586966647054,0.4247804380059782,0.2184602731272398,0.4193075282042238,0.34049460633391393,0.31622457420731365,1.06921910706676,-0.14738991762545361,0.10603970238598576,0.6414306481800991,0.17020148965228438,-0.23944955460654968,0.7997893592115153,2.0,0.0,1.0,3.0,0.0,0.0,0.0,0.0,2.0,1.6944485461043366,2.638160551210702,2.5102728487456507,2.8913762618743712,1.7140123938690728,1.9102545341761477,2.3319727128315053,2.5816999216260426,1.8448114860404905,1.0,1.7371023450475185,-0.8014685222146549,1.0,1.0,1.4059892949968236,1.4041017774724769,2.186152609172578,1.0,1.0,-0.5345336495208943,0.0,0.0,1.0,2.0,1.0,1.0,3.0247389125133344,-0.5809631374699015,9.28899900136547,-0.741382351651024,0.27327610649218415,-1.2463470585077607,-0.4927956510315848,-3.2359443191578756,-1.7271626882506834,,,,,,,,,,,,,,,,,,,,,,,,,,,,,,,,,,,,,,,,,,,,,,,,,,
258728,0.6225577,0.49127322,0.02,0.0032300924127905565,,-0.03429798491205403,4.0,-0.08127504517098895,-0.09266649243254588,-0.0042972174665091446,4.0,0.32771203826794854,3.0,0.4540879977149568,0.35763679118621916,-0.7499769499531753,-0.07535174320626853,-0.06963363912043806,-0.03056919242156899,-0.05694673976469121,-0.21215246884536962,-0.09707400513878917,-0.044507396722839945,-0.0560031605689836,-0.14610278409311345,-0.04989819424671574,-0.09755690580637259,-0.04407783200910463,-0.13132635616711924,-0.09127647325675195,0.6550994241511473,0.64393674400946,0.5591919379444308,0.6777041358407908,0.6820486100642724,0.0007854114349025471,0.001573606619338217,-0.002202142938197145,0.5362811006799666,0.00018439812999002862,-0.0037901298144292126,0.004323801499649184,-0.0020117688439036086,0.6820915528865789,0.0,0.0,0.0,1.0,1.0,2.0,0.0,0.0,0.0,-0.5746716690518189,-0.39110894354153036,-0.3649597388609718,-0.3585310512991976,-0.5467043083860477,-0.5573909680461565,-0.3832794034559707,-0.3866634503862746,-0.5704545537506298,0.0,-0.5294332726336166,-0.3937571604180128,0.0,0.0,-0.5626627919512589,-0.555247364422484,-0.5482275383785105,0.0,0.0,-0.3931685997852923,0.0,0.0,0.0,0.0,0.0,0.0,-6.55394291473267,-0.13993525235535242,0.3132091822680125,0.14220255577810617,-0.12520916621053454,0.31780635123279743,-0.9154253020650424,-4.292833739215832,1.4690657200243675,,,,,,,,,,,,,,,,,,,,,,,,,,,,,,,,,,,,,,,,,,,,,,,,,,
535343,0.5513409,0.3435749,0.05,0.006265852597583031,,-0.516089862919717,1.0,1.0569818518622298,-0.7581975977753375,-0.0014795382150206734,3.0,-0.8172647238338123,2.0,0.8755469655423997,0.357657409255248,-0.7566914994155426,-0.10620236830965564,-0.097051981389849,-0.03661289570845553,-0.03506229369278231,-0.21441182445036785,-0.117901935267981,-0.0451933116203194,-0.04651588301024652,-0.2689678198319831,-0.04059515162422861,-0.09058527693735316,-0.04807229777469654,-0.25571091040506344,-0.14403546621995778,0.6112768354612883,0.0002510940697585861,0.010406917997472096,0.00840467458589148,-0.005476524152052087,-0.00018251924848993096,0.00013125857951389424,-0.0064438509547602605,-0.0012786875432253377,0.007230419632979496,-0.012925888231754964,-0.007871416338071481,0.5216422806967154,-0.0007753751466089232,0.0,0.0,0.0,0.0,0.0,0.0,0.0,0.0,0.0,1.7571829455218064,1.0174514731978357,-0.35314254703979225,-0.36326709075462355,1.834585117765362,1.717694513877507,-0.38743448874338504,-0.3756860459740329,1.7665478863102229,2.0,1.9264188703228404,1.8873400565031018,2.0,2.0,1.7371113406225691,1.7121541776731095,1.4038662889440667,2.0,2.0,2.5722772422444815,4.0,2.0,1.0,2.0,2.0,2.0,31.194641728373643,-1.1995106105067705,-5.375251748239209,1.162181575727219,0.07994844468842337,0.9772037513659647,-0.12782855876310142,-0.1956842906189137,-0.529539515395738,,,,,,,,,,,,,,,,,,,,,,,,,,,,,,,,,,,,,,,,,,,,,,,,,,
235605,0.9987704,0.39670765,0.27,0.2197729180535744,,-0.483012807321053,0.0,-0.36699086258036717,0.91939453728807,0.786967130946369,4.0,-0.3207748641361676,4.0,-2.9575897616993343,-2.5870093870278295,-0.6999320276312576,-0.2975786082951851,-0.07954126551779059,0.5476518099662042,0.38609872928050165,0.12343349280965993,0.08213603328846086,0.033640765236211415,-0.1477719111892335,-0.5390578639788529,0.07722122592902349,-0.3046578386904427,0.08144141421450297,-0.14479047652557936,0.5001301670127393,0.9285689194310411,-0.1276181535060171,-0.10044164370954277,0.7750923013488177,0.3754031485390341,0.594478195341878,0.3561046752999801,1.034635681957644,0.8133290460364733,-0.45204738682632756,0.8090560894998289,0.46824792322322273,0.5310321906761243,0.4296792822840989,0.0,0.0,0.0,1.0,2.0,0.0,0.0,2.0,0.0,1.504419872768954,0.15234526291635997,2.9452876380713575,2.7859695554152357,1.693005258192476,1.8169754207921234,2.8543000809628176,2.643138312381122,1.8173613244725784,2.0,1.8624614852688197,-0.4405863625373866,0.0,1.0,2.083463158551976,1.4707675352771397,1.8108842435627581,1.0,1.0,-0.36630452542737535,0.0,2.0,1.0,2.0,1.0,0.0,9.739688878333746,-2.727757204110101,15.968283369596284,-0.5215010291848649,-0.16336671182120915,-2.362408273258899,-0.19348999732110178,0.829185893178408,-1.004634681422277,,,,,,,,,,,,,,,,,,,,,,,,,,,,,,,,,,,,,,,,,,,,,,,,,,
153980,0.912355,0.18574718,0.21000000000000002,0.0982356594956918,,6.322617078229532,0.0,-0.9029558117948348,0.8952603291670052,0.48035502582222256,4.0,0.18619884603689194,3.0,0.19604594643714202,0.3312113808159101,0.7768946068871394,0.48367246838069144,-0.0794437409568912,0.07135528597263936,-0.1853991738485619,-0.42988925598384525,-0.0817126313341902,0.058264903555126674,-0.09643416397626084,-0.20079375864803328,0.006969028993333515,0.038533492892989116,-0.04845562794095998,-0.08773009544340354,-0.1110943146740458,0.7150363711739378,0.2014621705591577,-0.09355754104334969,0.7120301638391325,0.38780551189813717,0.12625093074975807,0.08107537599599737,-0.17418511239749007,0.6707155677666702,0.7684245066589361,-0.030230319785280072,-0.1301318734610191,0.06337668291241991,0.7415463796126649,0.0,2.0,1.0,2.0,2.0,2.0,0.0,0.0,0.0,-0.42756988976309185,-0.4406637913809629,-0.3121241857614,-0.35763026572334716,-0.5751131044949133,-0.5769439171014432,-0.3095148826137122,-0.3931030083894448,-0.6128429888657931,0.0,-0.4964499109063133,-0.3769459584881899,0.0,0.0,-0.6331293111871863,-0.6365823955914529,-0.5001928373878146,0.0,0.0,-0.3730211364627168,0.0,0.0,0.0,0.0,0.0,0.0,-7.754556370673877,0.18676745858600502,-0.593689846748291,0.14670779425020897,-0.14038143979306322,2.341967961168679,-0.17371147944878626,1.176880982508614,-0.7749926313835943,,,,,,,,,,,,,,,,,,,,,,,,,,,,,,,,,,,,,,,,,,,,,,,,,,
104600,0.79320467,0.44739777,0.01,0.0025521382703821843,,0.4097183265653002,4.0,-1.399252713852849,0.5783808880933604,-0.005528448192819151,3.0,0.3002567636329407,3.0,0.8739865503778179,0.3608669843940456,0.9505856699401336,-0.06879133998607866,-0.07661735350163881,-0.039591189168557826,-0.05851124277153833,-0.1398560651727513,-0.06959748243683701,-0.047520637179405946,-0.05728793634210854,-0.033159220222702956,-0.05167614545751404,-0.06609642273480919,-0.04759061742676453,-0.1794242587902923,-0.06816339568713359,0.6157096408991712,0.618089756510931,0.5527845619089429,0.5371019538238814,0.5540231601990735,-0.0005334322621988856,0.00151989309685207,-0.00015304529784531477,0.5378032873950479,0.5996499144803343,0.001612725017858476,0.002069537426283892,-6.771065354782592e-05,0.5338974976652182,2.0,2.0,2.0,0.0,0.0,1.0,1.0,1.0,2.0,-0.5737182659332826,-0.38935998086602647,-0.35663581752717605,-0.35402014272893995,-0.5546650907947045,-0.5541658571961707,-0.38134034920254545,-0.38385049239509444,-0.5675737709704,0.0,-0.5261163584290643,-0.3949624534853436,0.0,0.0,-0.5641800827014424,-0.5562051749983128,-0.5596659394717631,0.0,0.0,-0.3946903566220201,0.0,0.0,0.0,0.0,0.0,0.0,-7.591326162383415,0.5947398984595624,-0.5806435299102599,0.32711838367942175,0.05636599151349678,2.423992623107055,1.6612042843356416,1.1193048508572208,0.3381381870570919,,,,,,,,,,,,,,,,,,,,,,,,,,,,,,,,,,,,,,,,,,,,,,,,,,
565935,0.99456453,0.46879667,0.24000000000000002,0.1486439774738485,,-0.6548275779766797,0.0,0.20108929310532986,-0.37934740333631023,0.5066155411929131,2.0,0.2712647394586211,2.0,-2.958598463965505,-2.7243558908178276,-0.7195061731879187,-0.13928112235207232,-0.065103998565111,-0.2431143580204015,-0.1325934560626675,-0.11362877071336187,-0.3890620109992165,-0.1829039046506465,-0.09188589286601215,-0.33818749385376934,-0.09755614238074715,-0.04490460891738003,0.13724117944726477,-0.27120647061567915,-0.04585906356005531,0.8080737601849084,0.12950172099485596,0.6181019729426381,0.33185603141370223,0.5672737516858131,0.19594012365046742,0.32582938762427893,1.0668591283056703,0.3236242725223095,-0.18622607632359195,0.5446150581944283,0.6045982290575407,0.700401900465569,0.6510376846896954,1.0,0.0,0.0,3.0,2.0,0.0,1.0,0.0,1.0,1.8052805091963173,2.3095899499205794,2.673584805222907,2.7820548602747883,1.7750601462111295,1.8990958892185994,2.8158105359621466,2.4087829794259363,1.729598572977352,1.0,1.8082123877979466,-0.5210827321905949,1.0,1.0,2.045562594258266,1.6844083852778293,1.9068595080498025,0.0,1.0,-0.29025938970900067,3.0,2.0,1.0,0.0,0.0,2.0,9.792194785112342,-2.3159820677945375,16.081662162017604,-0.9510390966386517,0.28122687654978207,-2.0617855092644737,0.039677930057479854,0.8622235224303126,-0.03400389154901537,,,,,,,,,,,,,,,,,,,,,,,,,,,,,,,,,,,,,,,,,,,,,,,,,,
174953,0.995773,0.17811075,0.25,0.16975275626876413,,0.579548159061509,1.0,-2.1912934264954504,0.43509522762487596,0.1469412038424832,1.0,0.8553393794721718,2.0,0.21851206029842213,0.13881160439046608,-0.9226054277062627,-0.239799839404421,0.04877939718788894,0.03674782186176491,-0.32429178612767917,-0.11135222520326338,0.11904556351121848,0.11071591115866442,0.05101115994925068,-0.35923651223723424,0.4437699157322905,-0.21157667173258318,-0.3528167247501186,-0.16525512730005706,0.1318797649879363,0.6112733448111902,-0.11168508008214063,0.05706209486286888,0.9411536736213821,0.6149015976921226,-0.3310729180201674,0.4516708367475934,1.1501040504680147,0.23426895547337304,-0.13506534729218134,-0.05512627632460281,-0.04533013502924827,0.05362305948393492,-0.09699219422036841,0.0,0.0,0.0,0.0,0.0,0.0,0.0,0.0,0.0,1.8637098293174625,0.19607771124899673,3.028720167112271,2.36938697290933,1.3672774974066142,1.9367909013521576,2.7810013196878494,2.4241906726576574,1.739530884395422,2.0,2.0136502053023815,2.7437206816001196,1.0,1.0,1.680746529874307,1.5318594170880906,2.199144005017413,1.0,1.0,2.5049597274434916,2.0,2.0,1.0,1.0,2.0,1.0,29.72479658484538,-1.4850269679982093,-1.8891103939741296,1.0234642579585753,0.3942443685227108,9.082534034169301,-1.7851087060233022,-2.3182209674503826,0.17362087531940468,,,,,,,,,,,,,,,,,,,,,,,,,,,,,,,,,,,,,,,,,,,,,,,,,,
463588,0.97930044,0.0630952,0.25,0.16975275626876413,,-0.7361901250040921,0.0,0.08789455022969883,-0.9286546161740128,0.7004408126035386,3.0,-0.7362553537436451,3.0,-2.8537615370212626,-2.7369546881463234,-0.9085012664023144,-0.19938990436993503,0.23397349703787212,0.10654891189397123,0.004311624440526622,-0.14036487442144657,-0.25956170809552304,-0.0017996565286715407,0.06903041025495578,-0.13910631736053486,-0.23637610331425882,-0.3269519311952942,-0.2233630465744223,-0.08979999708747091,0.006260824251271002,0.6882124854601027,0.6485559348757847,0.6064843548813608,0.5786448141227672,0.118627845757706,0.5678910966058347,0.35563388796712897,0.7917126896721881,0.5792973975758049,-0.10612933563026637,0.6796862632591298,0.606608815456301,0.7473732367904145,0.6744154643053047,1.0,0.0,2.0,1.0,0.0,0.0,0.0,0.0,0.0,1.7956559409369561,3.7664440413627136,2.9290911475961576,2.7445066056502783,1.894583777126868,1.671199621765145,2.654422801934267,2.64024392137739,1.7159547146817304,2.0,1.7970533976879541,-0.25496478220190566,1.0,0.0,1.5079908238137112,2.362190857299163,1.3339063325355294,1.0,2.0,-0.3985896966560353,0.0,1.0,1.0,2.0,2.0,1.0,9.58143940181992,-2.4668471103397196,15.92388843886506,-0.637748716295872,0.5563792324605802,-1.8656521617073631,0.2533368180367897,0.3652079594755644,-0.8378660408765789,,,,,,,,,,,,,,,,,,,,,,,,,,,,,,,,,,,,,,,,,,,,,,,,,,
303878,0.56717944,0.45868272,0.01,0.0025521382703821843,,0.4419475433731979,4.0,0.2145762731108508,0.9825313859700174,-0.0020665899052248996,3.0,-0.6761419813611427,3.0,0.11172126970187883,0.349743223614678,0.9349489487319278,-0.10080705892225196,-0.09333573454645142,-0.03650731357597783,-0.06098001188716428,-0.21649079537858268,-0.11508920682516474,-0.04881318927833071,-0.055433636722811375,-0.20876349157557658,-0.05441158869133496,-0.10242363538601466,-0.047355349698658365,-0.23784281405262783,-0.14745584805127665,0.6048381707622649,0.6123079935571253,0.5487738976937943,0.536057567378198,0.5486852525356529,0.0033836184638925616,0.001453192436928243,-0.0016096614936233933,0.5311883276509565,0.5984092149441416,0.0008612087452304293,-0.0011353138955625239,-0.000981739056955761,0.531971177246959,2.0,2.0,2.0,1.0,2.0,1.0,1.0,1.0,2.0,-0.5708014718755049,-0.3923360836583141,-0.3637196399978472,-0.3561564610236889,-0.5564641378986855,-0.55146574512347,-0.3925750783779194,-0.3837234298044295,-0.5676830530537536,0.0,-0.5281493023700594,-0.39286193812724746,0.0,0.0,-0.5601144812759864,-0.5593368428994108,-0.5570471155356929,0.0,0.0,-0.3924724896818828,0.0,0.0,0.0,0.0,0.0,0.0,-7.564259556074101,0.4560643898767094,-0.5648301381238371,0.33148123932603163,0.1998206457054437,2.351823236596662,1.0341318231909835,1.3149753365206585,0.5421149337873323,,,,,,,,,,,,,,,,,,,,,,,,,,,,,,,,,,,,,,,,,,,,,,,,,,
246604,0.7259592,0.23605444,0.08,0.011477469205752985,,2.8629985373596436,1.0,-0.780739604031307,1.0529629614158078,-0.0055551685215398765,4.0,0.3307092280839862,2.0,0.4088688745560836,0.3568165943922614,-0.7795943702391824,-0.12914957844081332,-0.06658170598241209,-0.04856742372668453,-0.04043248471255384,-0.19798224218709093,-0.11143790440039522,-0.03911168420582069,-0.04967770530877853,-0.27438081122363117,-0.03228008430315511,-0.10362514963775381,-0.05880023140811832,-0.25775067205627383,-0.1906617807231602,0.6138965249514943,0.00635360939598236,-0.005105970633406148,0.024448971806534013,-0.01209687373460316,-0.006238305804582633,0.017768720656450222,-0.01624826792236939,-0.0012577453465594563,0.002482527560362981,-0.03636183246127555,0.001081511528083245,0.004566087001706068,0.012645960663448502,1.0,0.0,0.0,0.0,0.0,0.0,0.0,0.0,0.0,1.7529065757353384,2.5063071272507607,-0.3661084932028031,-0.36116741528996504,1.8090220333440186,1.792454587766265,-0.3944260124058045,-0.4041045737380986,1.7721714676819007,2.0,1.8950586759512495,2.6528756185226867,2.0,2.0,1.7321590899653452,1.7081855922767022,1.5298173600268068,2.0,0.0,2.5560161614926766,4.0,2.0,1.0,2.0,2.0,1.0,31.163688802579735,-1.195681760435584,-5.392756943930185,1.1780151349576926,0.09436627545414711,0.9836098646346083,-0.11600340302464654,-0.20556750489499714,-0.5319586186269113,,,,,,,,,,,,,,,,,,,,,,,,,,,,,,,,,,,,,,,,,,,,,,,,,,
348624,0.9293175,0.20273808,0.31,0.35858330855333026,,-0.21601800064359855,0.0,-1.810440280690902,0.3141435729517233,0.3941340014745168,3.0,0.36783032720465736,3.0,-2.8446621599194217,-2.717232158781693,-0.25554401847259683,-0.13713207285232826,-0.38556583584191756,-0.26193238463709356,-0.5454420714046936,-0.1028233440114456,-0.41810624986409706,-0.2688015794273225,0.6134973391113383,-0.8027751408121518,-0.024078948902804778,0.8027882679674221,0.2703823529899316,0.33703623882235534,-0.2783437241368274,0.9230302625865663,1.2659372637441868,0.8192868304055169,0.3232362039903899,0.30017275010131295,0.015879174972863445,0.3334645346942893,0.9088613840834586,0.5540166411128896,0.1879447364825955,-0.3241323739870745,0.2748457512262087,0.45342161662238767,0.7426634887981608,0.0,2.0,0.0,0.0,0.0,1.0,2.0,0.0,0.0,1.7451828943428949,2.060798239290638,2.308987258166363,2.6926472529340253,1.2743930622504647,2.0702382085151196,2.815204191186856,2.4185113794738693,1.3712542325551476,2.0,1.7666203469968922,-0.146279174868006,1.0,1.0,1.7867166910375059,1.832554347827847,0.7850539294516435,1.0,1.0,-0.7257200175700083,0.0,1.0,1.0,2.0,1.0,1.0,14.692147489569042,-2.0509464180992385,8.370835938324522,-0.6541886754264654,-0.030735722363924523,-10.994449499061215,0.5514368224896976,0.4662957790857918,-0.7092589005627661,,,,,,,,,,,,,,,,,,,,,,,,,,,,,,,,,,,,,,,,,,,,,,,,,,
11204,0.902302,0.3822887,0.16,0.04640734643340897,,0.3411026259450406,4.0,-1.2337870633115189,0.2947812799324625,-0.014456350406520069,0.0,-0.8939584948728317,2.0,0.40934971985588786,0.3705075364153469,-0.7084835049736411,-0.13139350692834134,-0.06677304243684426,-0.03564826841233213,-0.07263469346179573,-0.18956225295916246,-0.12829845322875047,-0.07544670684174751,-0.07112292417844145,-0.09650618240615713,-0.10500372718268744,-0.08458983804484041,-0.11378739392454551,-0.19332537782273457,-0.21558151748428972,0.7716732403253809,0.6303822784995319,0.5418976584317483,-0.013761243750642525,-0.024221461813169917,0.012637528332186307,0.07418995692112991,-0.017385625742040566,0.6709253879574855,-0.0662370978623767,-0.01574668992518389,0.029204789809952683,-0.0942990754849487,0.044877678911271625,0.0,0.0,0.0,1.0,1.0,1.0,0.0,0.0,0.0,-0.6021104470980936,-0.3604842084839661,-0.37409945166517106,-0.3535429030251811,-0.4821056950699521,-0.58745494810484,-0.397617364252628,-0.45721215164192053,-0.5884310614590427,0.0,-0.47748988783372137,-0.4170767420973857,2.0,0.0,-0.5883370074111252,-0.5749699936363923,-0.5217079410889699,0.0,0.0,-0.4003416002417234,0.0,0.0,1.0,0.0,0.0,0.0,-1.4412920153050057,1.2582500348151908,-7.290948945885266,0.12983210189186303,0.17862730718053949,-8.743071596905066,-0.24925109094501502,-4.53352393765816,1.4001589002963652,,,,,,,,,,,,,,,,,,,,,,,,,,,,,,,,,,,,,,,,,,,,,,,,,,
70873,0.8241741,0.22759299,0.11,0.020034599671098444,,-0.5421905556332101,3.0,-1.80890937443513,0.7765744205787923,-0.012462981790662436,4.0,0.3385238807691529,3.0,-0.0230365196238484,0.34426589674229613,-0.7380938805453187,-0.1061414074699629,-0.09294325284515075,-0.031256925569160196,-0.04865221673395161,-0.23902024905240316,-0.11859670991751492,-0.01642264313000483,-0.07694947425471625,-0.19624656577719177,-0.07365465135214223,-0.10122343509370774,-0.0658816180368694,-0.2558757029774733,-0.16933153401109421,0.6153231477583738,-0.0037900613847474244,-0.014964104237624381,0.5250045868311977,0.005335922186455906,0.02787413937156725,2.9941285151952937e-05,0.03573420902738192,0.6537149942236546,0.023358637660351005,0.0023573882921740607,0.010706457324972175,-0.022432511131234692,0.5348929896399468,0.0,0.0,0.0,1.0,2.0,2.0,0.0,0.0,0.0,-0.5454893797416038,-0.37392589346354904,-0.34914205242800495,-0.3777875151500605,-0.5740143272887192,-0.5870310426913239,-0.40320636582720587,-0.4014196543056796,-0.5642884109056813,0.0,-0.5146040876872496,-0.41738063389872093,0.0,0.0,-0.5629524767232983,-0.518358138641618,-0.5388455721401135,0.0,0.0,-0.4449834942726546,0.0,2.0,0.0,0.0,0.0,0.0,-6.583170713280593,-0.16917714070067486,0.33206768776303175,0.11258184184858763,-0.17205821865820864,0.3370266319949279,-0.9150362484801504,-4.297397008166603,1.4489058126165306,,,,,,,,,,,,,,,,,,,,,,,,,,,,,,,,,,,,,,,,,,,,,,,,,,
565178,0.99292505,0.22668296,0.26,0.19338051145240298,,-0.8351290492195497,0.0,-0.07751106100896113,-0.21046008828528479,0.6345372770523758,3.0,0.2916980365783815,2.0,-2.4376850506219574,-3.296432035803199,-0.888933997025452,-0.24101750597771396,-0.0014012872863633924,0.3791663713532513,0.10251848223805249,-0.6024997566194281,-0.3722234050561339,-0.03664989611878731,-0.2077640704052777,-0.47706846968160166,0.03610851469345869,-0.2552311652685981,-0.2233647252175944,-0.20317238430153806,-0.05006186993563433,0.718927565445264,0.01244457724179912,0.09079021339042496,0.6555989797521992,0.34911330375379346,0.39967117030754595,0.30651863440985105,0.9767977217515265,0.7714325081991996,0.26107068746118817,0.7191275740073786,0.4777625672628017,0.7390950566478801,0.8413321065626591,0.0,0.0,0.0,3.0,0.0,1.0,0.0,1.0,0.0,1.7654355780997601,3.247045637251645,2.8824869039391583,2.8485261116931526,2.247550449290304,1.6803488105364244,2.556919209355282,2.788957938342739,1.6946024795395636,2.0,1.5883949247988585,-0.3616399603047815,1.0,2.0,1.913474488200225,1.4780496402223806,2.219166353819307,1.0,1.0,-0.1351630759045524,0.0,1.0,1.0,2.0,1.0,2.0,9.629075442964327,-2.6970525246211117,15.813665456215496,-0.4318519331977302,-0.1519755372486188,-2.2118306113588044,0.3601042339785717,0.3794420864728786,-0.22815456964411807,,,,,,,,,,,,,,,,,,,,,,,,,,,,,,,,,,,,,,,,,,,,,,,,,,
441004,0.9914023,0.49428746,0.13,0.028378895023486856,,-0.7203449394621466,0.0,1.2317562634541694,0.9310722490358214,0.5692459452963121,4.0,-0.4806605229066271,3.0,-2.7587032085874825,-2.803049615019731,-0.7810785064524954,-0.11433945017364502,-0.0745501860514234,-0.0786662870861462,-0.08417286203788979,-0.1990999431988847,-0.11930873483315296,-0.055455164240868535,-0.011906686079864769,-0.26176565662978835,-0.058463847165806285,-0.1158873568497257,-0.044016175061133464,-0.28094837564472586,-0.1290690899102011,0.5884883341922251,0.6120507991684864,0.5520013030747424,0.5394053242129724,0.583612863662348,0.5192477020102594,-0.022046017273356755,0.022142923635733378,0.5177551800828923,-0.012449209933851223,0.5897045995614969,0.5349385243298702,0.004067562036747344,0.5431389790762933,0.0,0.0,0.0,3.0,0.0,0.0,0.0,0.0,0.0,1.705672776345009,1.6506085163977118,-0.3905830504991806,-0.3608193265342077,1.8281750378701789,1.7500123338576048,-0.35848126505823574,-0.34769464836477587,1.7532871128176286,2.0,1.9227159619573735,-0.4223780407183438,2.0,2.0,1.830526597762453,1.7913013770952797,2.063860832920612,2.0,2.0,-0.4177902475390872,0.0,1.0,1.0,2.0,1.0,2.0,2.8920049043105287,-0.6697640775349648,9.741383227585896,-0.8738541595138426,0.1811613131840263,-1.2369989355850879,-0.49567974008190596,-3.161685043742767,-1.9273072570608387,,,,,,,,,,,,,,,,,,,,,,,,,,,,,,,,,,,,,,,,,,,,,,,,,,
573681,0.673249,0.41712892,0.04,0.005058857517455529,,-0.5633992933041282,4.0,0.5349999328091583,0.64701534003041,4.9431395564725894e-05,0.0,0.3273505752942365,3.0,0.13323426839291214,0.36620518734960106,0.9255118664715797,-0.08213002140578457,-0.0902996671167691,-0.023757231863739285,-0.05362777168433653,-0.22315796996886214,-0.10188758806381742,-0.04089602820594576,-0.055382975223135095,-0.21104542275637173,-0.054604814591949866,-0.10324859531719557,-0.03479932256519717,-0.22297031220437225,-0.13322823578495452,0.6180745067098857,0.6167334608926468,0.5502351932664972,0.5369908308883036,0.5576651801316946,0.004048615825083303,-0.002185391952902199,0.0025476887630520944,0.5448848103049172,0.6052016331660388,-0.002030772365851837,-0.00594202608188511,0.004803666237920518,0.5344355624405902,2.0,2.0,2.0,1.0,2.0,1.0,1.0,1.0,2.0,-0.5704348490744021,-0.39689199259382907,-0.35853595907184116,-0.35876153273748895,-0.5485433110476843,-0.5427485954698529,-0.39079881913779346,-0.3933679419878899,-0.5667110893066937,0.0,-0.5241551816446097,-0.39334590843284273,0.0,0.0,-0.5664302223405907,-0.5633477095474442,-0.5633503716746839,0.0,0.0,-0.38405762614870864,0.0,0.0,0.0,0.0,0.0,0.0,-7.5454967863007765,0.2959613440351982,-0.5911694002768253,0.2839408627824961,0.0203352291041252,2.27561939351345,0.4791492635320425,1.1356856336745846,-0.4391186956544461,,,,,,,,,,,,,,,,,,,,,,,,,,,,,,,,,,,,,,,,,,,,,,,,,,
530549,0.99152035,0.090274274,0.14,0.03356392623053241,,-0.6552930964226399,0.0,1.1706322448566377,0.9182310132859547,0.5652032146221481,4.0,-0.4837817109328723,3.0,-2.774578933902516,-2.791576198172697,-0.7093641694705273,-0.12051325971062662,0.05211279064459443,-0.0519917129376819,-0.10048041165195853,-0.22984381122913344,-0.06244634110670915,-0.02334453232908363,-0.010431972058011794,-0.24628019264131146,-0.06941383668329199,-0.07781692492575694,-0.09230477263945916,-0.1962089725520419,-0.21400758400445632,0.6572007404177885,0.6331272819272727,0.567783608626188,0.5308685992794685,0.5370906968337987,0.525741869525036,0.40556739411166515,0.9800182735603751,0.5086499275342727,0.06847881286902417,0.6355799917372691,0.5127219842973426,0.5822371657067991,0.5256192323823522,0.0,0.0,0.0,3.0,0.0,0.0,0.0,0.0,0.0,1.71172522874804,1.656534352315673,2.7711407976919142,2.8503703430958947,1.7961383032120595,1.8024768914114049,2.656609937583544,2.6242164266806958,1.7197448641083266,2.0,1.8791054937009992,-0.40842642214044217,1.0,1.0,1.8506623716227435,1.5603867367039974,1.639055141384043,1.0,0.0,-0.35769468487489436,0.0,1.0,1.0,2.0,2.0,0.0,9.925049717415076,-1.564912578464903,16.398038702104724,-1.2229860996443198,1.8069220173999039,-2.1685939309996773,0.4862669096266641,0.7483882776215894,-0.20409741609584037,,,,,,,,,,,,,,,,,,,,,,,,,,,,,,,,,,,,,,,,,,,,,,,,,,
8649,0.77642316,0.43122852,0.21000000000000002,0.0982356594956918,,-0.446847325404629,0.0,-1.4563685962043893,0.06594003379704103,0.04729190828356938,4.0,-0.7596147437714716,2.0,0.24015243392240626,0.20467207300753096,0.8013128886896022,0.07411077657619064,-0.18229294928941475,-0.05724349160243425,-0.05466607695094939,-0.21122402076583754,-0.31985159556927173,-0.21256207501571214,-0.26134619179712065,-0.23244834940366765,-0.31332146703936176,-0.10588942650421446,-0.11592750389795106,-0.34762134298768577,-0.03240244735616139,0.4870633639983126,-0.004219407621130729,0.7707897114183235,-0.11482475751609797,-0.0011793854364629056,0.08924683577635607,0.11629024096736798,0.07277912300146795,0.6219743980593108,-0.09360160076365978,-0.04112705774012607,-0.026392951439207092,-0.020039779383297977,-0.03364093007470484,2.0,2.0,2.0,1.0,0.0,1.0,0.0,1.0,0.0,-0.6355395866096107,-0.5290320544911706,-0.4215015399802731,-0.36866955320100525,-0.582264474686936,-0.6023038750067929,-0.3527667338922474,-0.36087535112224317,-0.4458805860311228,0.0,-0.6167996009764838,-0.43394357028698055,0.0,1.0,-0.5364049599607187,-0.5576264118182024,-0.5649435875825487,0.0,0.0,-0.49152954922738773,0.0,0.0,1.0,1.0,0.0,0.0,-1.5037379859646576,0.9117453748108173,-7.210359143275746,0.28477854770400135,0.04631112524385214,-8.650463151564159,-0.2930083835520927,-4.588293936208384,1.0847758823084823,,,,,,,,,,,,,,,,,,,,,,,,,,,,,,,,,,,,,,,,,,,,,,,,,,
451198,0.99736553,0.3820575,0.19,0.0734769996100588,,-0.7193220182575275,4.0,-1.5029706463608563,0.9617960519047216,0.5666796587725808,4.0,0.353505264783849,4.0,-2.577196855968368,-2.864920895888285,-0.7460727782263571,-0.1066479145265663,0.12877379148533752,-0.05618393326772532,0.12387071057672629,-0.22551912279057232,-0.04961891871998823,0.002025280695798895,0.0544935376106542,-0.3026131200926354,-0.007724049399223512,-0.015439711282920626,-0.12184588141737296,-0.18861451958564107,-0.050093535758313726,0.6493556147364468,-0.005061007792854255,-0.06198339847025556,0.5158589485517662,0.7649561294155871,0.4646072563996493,0.33288998004511305,1.0048918127092825,0.40496784640943395,-0.003130073502778623,0.5418622398003764,0.48469013456998683,0.5023640271228761,0.608509795101169,0.0,0.0,0.0,3.0,0.0,0.0,0.0,0.0,0.0,1.8451930495249806,0.11662512824651805,2.821362554411347,2.7890216750786334,1.8789128366709513,1.7306327123558565,2.6251441619205775,2.696251729834861,1.648994323246355,2.0,1.852906658218724,2.3525138785434043,1.0,1.0,1.9534715316437985,1.3301363589054447,1.9844790760691275,1.0,1.0,-0.4326104173440202,0.0,1.0,2.0,2.0,1.0,1.0,10.099369464396284,-2.4429918835850075,16.361690735848182,-0.6496155179850273,-0.12595128535093122,-2.289447778428377,0.39268337162699246,1.2381436494385214,0.5977835014870236,,,,,,,,,,,,,,,,,,,,,,,,,,,,,,,,,,,,,,,,,,,,,,,,,,
323141,0.8162443,0.47379294,0.18000000000000002,0.06325205919758363,,2.8733745324223485,4.0,-0.745868255083209,-0.09094509587441432,0.03816795690735464,2.0,0.4293635410892353,1.0,0.2756744082616561,0.34750782486415366,-0.7674204890663365,-0.16594077362681334,-0.006339793867358667,-0.0625676210694246,-0.13446584321259392,-0.27034771738018376,-0.06346863802261865,0.011141718278796453,0.009814808686418194,-0.14727276896226157,0.010541185295328145,-0.09787630810233466,-0.08051598368081123,-0.17866696584820208,-0.09997141959492986,0.5970719476876905,0.6064443959908025,0.595952697765332,0.5868843713531244,0.53152031600959,0.12790806528030943,0.05380460670646748,0.06793426021642769,0.4922639270307704,0.0947354773337367,-0.16991312633073616,0.027316692412683134,-0.04913041952881022,0.4430701559456491,1.0,0.0,0.0,1.0,0.0,2.0,0.0,0.0,0.0,-0.5776366233516098,-0.4614292342576052,-0.32338115159366004,-0.32629828407669165,-0.6331018979497962,-0.5251332105642286,-0.42062069253704615,-0.3438667314306445,-0.5413907028996697,0.0,-0.44098577211091766,-0.3853484585972153,1.0,0.0,-0.5051737872627331,-0.6207064319603989,-0.631702220602125,0.0,0.0,-0.41939280265788564,0.0,0.0,0.0,0.0,0.0,0.0,-6.365335949118704,3.673986951273739,0.6915566277470625,-1.23540850561478,-0.30680211994789386,0.9800796600470145,2.2055870776361157,-2.320971986141297,9.681794759689112,,,,,,,,,,,,,,,,,,,,,,,,,,,,,,,,,,,,,,,,,,,,,,,,,,
18144,0.9292297,0.26418528,0.09999999999999999,0.01672075323499393,,0.23725550015451155,4.0,1.244481436809437,-0.22539074426386774,-0.012492080585458145,4.0,-0.23107416404294553,3.0,0.38475894010308576,0.34650194459382744,0.91908108926158,-0.10877804864216248,-0.10541714023336377,-0.06760463255164428,-0.07870772830056097,-0.2032040578192819,-0.1164258174727689,-0.031419488558612,-0.057131654389053474,-0.07676670405198097,-0.07413711707893951,-0.08615657286240722,-0.046283330876277284,-0.19280499900522985,-0.14378062573889494,0.5684922675900379,0.008057639515227434,0.005847129552238664,0.0053498845714203954,0.03164138487312931,-0.0012010223666628012,0.002147072622092686,-0.010187709611129504,0.6445796949011652,0.5922939533902978,-0.025434766049779584,-0.0049069253409013735,0.019933724753761192,0.5040359668593819,2.0,2.0,2.0,1.0,2.0,1.0,2.0,1.0,2.0,-0.5733411476189582,-0.3862277433025825,-0.3555019811194472,-0.3371975279207736,-0.5508320814177845,-0.5455745256994436,-0.3628508084982281,-0.37924465058695983,-0.5939312033403775,0.0,-0.5143086813683607,-0.37939301321226576,0.0,0.0,-0.5712261688895506,-0.544940689693489,-0.5621833600086711,0.0,0.0,-0.4043896994430811,0.0,0.0,0.0,0.0,0.0,0.0,-5.853080247145004,0.4943859225583007,-4.209296165874007,0.31950625597034704,0.11980263210945101,-5.404302796682742,1.4134778553292071,3.63252087473222,-1.403262772542081,,,,,,,,,,,,,,,,,,,,,,,,,,,,,,,,,,,,,,,,,,,,,,,,,,
438765,0.55895865,0.4806444,0.09,0.013888290969627364,,-0.46378848410392015,4.0,-0.5395687426770136,-1.0344034892902196,0.004530089862647489,4.0,0.34584002304497735,3.0,0.7192974838401159,0.34400129319996625,-0.7381039227822015,-0.0857345140828153,-0.05795747840682403,-0.03465408966659176,-0.0676749976286571,-0.21992573649123703,-0.0459150341847959,-0.0495068064722888,-0.06317796753801962,0.029226440752285174,-0.047154565822260124,-0.0648109669341716,-0.016959656520646557,-0.1792182618532577,-0.09954262517528907,0.6348303774827536,0.6316391529550389,0.5746434802273495,0.578906367995457,0.5801952416198171,-0.022365518453025413,-0.020655709526446638,0.014213441980164979,0.6031755377865758,0.5963190730350579,0.014061535633586641,-0.013982851652183607,-0.0009431865562909191,0.6062500678971067,2.0,1.0,1.0,1.0,1.0,2.0,0.0,0.0,0.0,-0.5904537605015564,-0.4069278182349385,-0.3562283585003477,-0.37477967104981513,-0.5437503962606208,-0.5189896508182739,-0.38081674311778957,-0.40085996636230514,-0.5708744572004494,0.0,-0.5637160504005511,-0.41318181125620246,0.0,0.0,-0.5666121306336515,-0.5659622857946609,-0.55292536726171,0.0,0.0,-0.3984161822233513,3.0,0.0,1.0,0.0,0.0,0.0,-7.52761752544797,-0.020110959844107,-0.610552825710704,0.26101920143623963,-0.12698663329878668,2.1961470620086896,-0.14570414945954793,1.1932386618971842,-0.7313988200353595,,,,,,,,,,,,,,,,,,,,,,,,,,,,,,,,,,,,,,,,,,,,,,,,,,
168359,0.7843781,0.4320972,0.05,0.006265852597583031,,-0.6829602917508388,0.0,1.3179174094931971,-0.7218393141261676,0.5803240564401022,3.0,-0.8215587685176217,2.0,-2.720241192948217,-2.8127050409388055,-0.7411395320800843,-0.10695176120824924,-0.08260520004135764,-0.03795656751203328,-0.03803969373530352,-0.21752531693104196,-0.11934493125537776,-0.035094270251293885,-0.060645806720390744,-0.2729173935009347,-0.04309384077939885,-0.1003171672718355,-0.054830997069647266,-0.2529009262612919,-0.1516442593796313,0.8727459396540964,0.8636855267076802,0.7749143554813656,0.7491268198817436,0.774101303813199,0.760214921314794,0.0027215848568551914,-0.004075040631446542,0.5263065122460008,0.002238548954118932,0.8612612426340269,0.004396980124203609,-0.0015973124915315002,0.5316669963532129,0.0,0.0,0.0,3.0,0.0,0.0,0.0,0.0,0.0,-0.5759763977626903,-0.38439392078901147,-0.36240429360158427,-0.3624251985947052,-0.5509076640008596,-0.5369378778557068,-0.3977675039611774,-0.39473883541775434,-0.5622487445834042,0.0,-0.5223898706362079,-0.3917829095766498,0.0,0.0,-0.5716993313011476,-0.5575874318757255,-0.5593465508761638,0.0,0.0,-0.3926870753208146,0.0,0.0,0.0,0.0,0.0,0.0,-6.558183991883744,-0.1633762930610493,0.3195655124773258,0.14235119740864602,-0.18151819774842318,0.31516361485255934,-0.9221611884308073,-4.291362453633501,1.4415505499043835,,,,,,,,,,,,,,,,,,,,,,,,,,,,,,,,,,,,,,,,,,,,,,,,,,
395018,0.6854242,0.38895458,0.04,0.005058857517455529,,0.04477614692008899,4.0,-1.5221006715621612,-0.09622610016586486,0.00748384842346099,0.0,0.32552326058223163,2.0,-0.08780233027170802,0.3486517929737963,-0.7547863278033196,-0.1023485172782779,-0.09556390728010805,-0.040313876888673016,-0.06823137122069667,-0.22410398232130047,-0.11807734658602968,-0.040811716636903875,-0.06194941190800438,-0.1990458728510573,-0.051823106927677075,-0.0982439451973575,-0.04578789639199264,-0.24118059104840495,-0.150607926275917,0.6113158881394706,-0.00439656240850768,-0.0017837248953252326,0.540660937743672,0.0062186652650618205,-0.007947797057723695,0.0034171694952894144,0.00018610888807953386,0.5318299012783786,0.6008311203752499,-0.0013339383077159517,-0.00045915988850324017,-0.004396015294368412,0.5308875688834164,2.0,2.0,2.0,1.0,1.0,1.0,1.0,1.0,2.0,-0.5756859789120685,-0.39213094491281636,-0.359062917315543,-0.3589819870072473,-0.5569072609253054,-0.5465755404107742,-0.38434146479394815,-0.3852565909273098,-0.5670766730276663,2.0,-0.5355042537985021,-0.4027297585886779,0.0,0.0,-0.5673047076263739,-0.5576001147188843,-0.5621687295581462,0.0,0.0,-0.38924320966679826,0.0,0.0,0.0,0.0,0.0,0.0,-7.516629246215807,-0.011673711785661142,-0.5989534184599391,0.25509024058568325,-0.13949513512802375,2.1907005273773126,-0.13840258709649308,1.1802082880753886,-0.7196374027108351,,,,,,,,,,,,,,,,,,,,,,,,,,,,,,,,,,,,,,,,,,,,,,,,,,
215744,0.8111327,0.4464802,0.18000000000000002,0.06325205919758363,,-0.19443428327997822,0.0,-0.05684377686255683,0.8954710727217207,0.691409988694699,4.0,-0.4320074304148245,2.0,-2.7172747090514284,-2.8498318485723444,-0.664864871337563,-0.15664563715676724,0.007230115398030756,-0.04862113560735165,0.045686953732751515,-0.12405345224832624,-0.048348860601070506,0.15470785410070365,-0.039853490690074635,-0.28156872896888996,0.04372561587905899,-0.22821434170924398,-0.08745289962038141,-0.1966752623500775,-0.08869001239508215,0.6792816671032513,-0.02790573414269471,-0.11246229545812661,0.6142416665778437,0.043947932948956846,0.5294499695582593,0.3724530075489522,1.034484219745181,0.5153313324056443,0.007894559168619902,0.6491874850076271,-0.035680180788212265,0.45118381607448743,0.6142414997365966,1.0,0.0,0.0,3.0,0.0,0.0,0.0,0.0,0.0,1.7181413011474163,0.2650060894157143,-0.4382960702813995,-0.3850123414850459,1.7452122970665924,1.8148949521427975,2.527514586553868,2.6484697784483093,1.8138115749616548,2.0,1.7647600312531615,-0.28717204549721354,1.0,2.0,1.882505870276296,1.9611533562406755,1.9071596412879666,1.0,1.0,-0.36623049102383887,0.0,1.0,1.0,2.0,1.0,1.0,14.198019700463979,-3.1967374463775267,12.219009628887061,0.2170358055228714,-0.005926014758503295,1.1514446354416015,0.024996105193407163,0.47713607280807263,-0.19212104898337512,,,,,,,,,,,,,,,,,,,,,,,,,,,,,,,,,,,,,,,,,,,,,,,,,,
205340,0.6410016,0.3866586,0.04,0.005058857517455529,,0.2481933013599913,4.0,-1.4828464475104473,-5.897837682077955,-0.014278999310888092,2.0,-0.8178531375100887,2.0,0.4359998601232194,0.3595305112802627,-0.7504611768564232,-0.10983472822385532,-0.09705526494461401,-0.04201492055922501,-0.05915605893498323,-0.21653002704963573,-0.11530822994327661,-0.04822620294118963,-0.0688081109065835,-0.2717117636582508,-0.05520075758452452,-0.09681302805715593,-0.04377284858475685,-0.24728875654105,-0.14901458119023925,0.6107363289691824,0.0010483552667069516,-3.1771395297450986e-05,0.5348927990630603,0.003917531420309846,0.0005189644293604348,0.0009800404096748907,0.0063129596518574135,0.7086134416682272,0.0013272239578257302,-7.13706532595884e-05,-0.01041387106589251,-0.012768024223315366,0.5310908796750671,0.0,0.0,0.0,2.0,1.0,2.0,0.0,0.0,0.0,-0.5732305462838952,-0.38042581066356373,-0.3659733295811983,-0.3665984522853156,-0.547208345866097,-0.5528903942398006,-0.3824070466656665,-0.39557704051427905,-0.5680816682353529,0.0,-0.5313146090999342,-0.4042967713643087,0.0,0.0,-0.5609855085969434,-0.566976667902735,-0.5606709878724556,0.0,0.0,-0.389294536355412,0.0,0.0,0.0,0.0,0.0,0.0,-6.553255456802424,-0.15469351137943377,0.3146482060040638,0.14492804023644035,-0.17318718054103743,0.3168118641288231,-0.9193729248172264,-4.288587442873027,1.4400970226696794,,,,,,,,,,,,,,,,,,,,,,,,,,,,,,,,,,,,,,,,,,,,,,,,,,
249359,0.6659835,0.46411842,0.05,0.006265852597583031,,1.422787535948406,4.0,-0.7094633619342184,0.6064555054297853,-0.0030922204094894165,3.0,0.2595848561755652,2.0,0.8015517945484031,0.3602808817414251,-0.759032436889979,0.525108819943799,0.3825055892892328,-0.0496005646847251,-0.05725417455691173,3.8199715603135354,0.750131614345384,-0.051375128321001565,-0.0603609530559513,3.1837904741424965,-0.05543100909401336,0.4627475558907781,-0.0459560094993128,3.215991147205567,1.4263209584217986,0.6253396539742107,0.6329940329958094,0.5438172365434463,0.8334730802758851,0.5502361023576072,0.003464977443855175,-0.007467467369755499,-0.006467971732541692,0.8122557528668347,-0.0012865182746925213,0.0003615746333259659,-0.0007521643729382187,-0.010707738328455152,0.8269567246257479,0.0,0.0,0.0,2.0,2.0,2.0,0.0,0.0,0.0,-0.5791849974535999,-0.4048874912781224,-0.36432205236561127,-0.3589020758045751,-0.5494008484270055,-0.553813866095879,-0.38729043348039305,-0.38893550548403377,-0.5604905279733119,0.0,-0.535565904515307,-0.39131330754676275,0.0,1.0,-0.5631126059496955,-0.5507416792835619,-0.5650282012111859,0.0,0.0,-0.3989608658032496,0.0,0.0,0.0,0.0,0.0,1.0,-6.5647503565390615,1.3513701723273923,0.4293912200278788,-0.2405739525765812,0.0796464078297245,0.5346079800431882,0.6216546013078794,-4.4832458858912325,1.9123342895267772,,,,,,,,,,,,,,,,,,,,,,,,,,,,,,,,,,,,,,,,,,,,,,,,,,
330892,0.9223595,0.45147452,0.09999999999999999,0.01672075323499393,,0.7675018018803225,1.0,0.036279698879966335,0.49267784015394517,0.02326236548541445,3.0,-0.5962811865759076,3.0,0.39776049477641034,0.36805982062536585,-0.7416913021721123,-0.11146686848399227,-0.08609757919913642,-0.03841055358448957,-0.08735509837809424,-0.2093285234705238,-0.10754037341589075,-0.04761001183721857,-0.04614064300449514,-0.17032328834893282,-0.0745932128695163,-0.09003497570164108,-0.023291082925436923,-0.25480690051515936,-0.11977535893373431,0.616593457006715,0.6258340438499993,0.5684097458622682,0.5381503400084825,0.5690758592776589,0.015792973293585685,-0.007747318466025704,-0.003258887416106573,0.524334374923834,0.6116484388625957,0.017002623951074707,0.032281192750936695,0.018198170305067343,0.5709387531484622,2.0,2.0,1.0,1.0,2.0,1.0,1.0,2.0,2.0,-0.5381172619220947,-0.4030668837604597,-0.3461921748722127,-0.3431253740065613,-0.5424547674250851,-0.5607515548137688,-0.4146980272679397,-0.36585213299469643,-0.5551433667306717,0.0,-0.5176882214759937,-0.4222988413685812,0.0,0.0,-0.5434467420883397,-0.562077409960414,-0.5639932830278062,0.0,0.0,-0.3641644548403479,3.0,0.0,0.0,0.0,0.0,0.0,-7.53401866887482,0.22231020682589792,-0.6010604746835873,0.2516918112549543,0.17906313608998248,2.3176587838937874,0.612328552877047,1.1619723729165887,-0.28506698385431034,,,,,,,,,,,,,,,,,,,,,,,,,,,,,,,,,,,,,,,,,,,,,,,,,,
90791,0.9886513,0.46455285,0.68,10.72091456069854,,-9.0813450224779,4.0,-4.821211044308669,-15.300405029638426,-16.57389019303931,3.0,-4.910361800832405,2.0,-7.302677193351469,8.724044778179278,11.657490743989616,-2.824404919207137,-5.181790919489533,0.02790790281450997,6.349917248970294,3.471703930456959,6.641912020870659,-18.659739702196003,5.5287807023205415,-14.729653035321538,-10.683096528724962,-17.106175641578236,15.73593710948269,10.415599252818522,-28.581347501235637,-4.904493926559929,-3.612681803144725,8.315566571770432,0.9256191175980811,-36.90512150895067,-11.76743403462857,-21.18128846290047,9.800469114841418,-7.5645894119972485,-6.551562021514082,-13.734623167513185,-1.8952561250925886,4.681795887759999,-2.7269732942759592,0.0,0.0,2.0,3.0,0.0,0.0,0.0,0.0,0.0,-7.733555321141562,-1.7655843744687645,4.2248453185159605,-0.11541341449216214,5.999537037817056,-18.068758854556734,4.379550416919678,16.772038282902287,-27.551444174879926,2.0,8.779931060124753,6.503504806763785,1.0,1.0,10.189531246276179,5.829146917220024,6.922508130080421,1.0,0.0,4.1676232533739155,0.0,1.0,1.0,2.0,2.0,0.0,4.37411756767942,-12.623972433351657,-2.0583259921504258,15.584555370618817,1.752048677510114,-9.162466867953217,-8.440488749884802,7.040280423409997,3.8498896696606906,,,,,,,,,,,,,,,,,,,,,,,,,,,,,,,,,,,,,,,,,,,,,,,,,,
233489,0.9910262,0.14341292,0.23,0.12982628505779303,,-0.7742736457790333,0.0,-1.0686601208700481,0.6419878405021198,0.7215455810322935,3.0,0.32831055561987554,2.0,-2.7852231081253516,-2.873702358669758,-0.7031909184943386,-0.19798353790618767,-0.35318970859905147,-0.10912533855157798,0.15188826070865116,-0.32968038835831065,-0.13537990366273145,-0.2554747399004188,-0.027811567575522472,-0.1413483880765871,0.019589701068080438,-0.14368260876579328,-0.011653715090822222,-0.2256349823559556,-0.0035811224955125953,0.904180933772111,-0.06121778352243806,0.17958834656027192,0.6628278020043346,-0.09390604142333626,0.6161592159917898,0.28352404789364616,0.974725475259582,0.5997737153645276,-0.28167112411165246,0.5635713545542708,0.670639237731983,0.4719362899019613,0.3621069133729318,0.0,0.0,0.0,1.0,0.0,2.0,0.0,0.0,0.0,1.803104645792472,0.33424981605014104,2.7052664781538605,2.7942194010119623,1.806383827617195,1.8090964404020011,2.667654339668559,2.472696550716078,1.8281707569650165,2.0,1.850201862007686,-0.5678628611614508,1.0,1.0,1.8002970101160611,1.66134034453161,1.9249134374751722,2.0,1.0,-0.46463214690343285,0.0,1.0,1.0,2.0,1.0,1.0,9.299506106998226,-2.960737522486208,15.613663309502678,-0.7090306458027276,-0.08683242034008169,-2.40851368562677,0.16741881736962988,0.6323981249226241,-0.3549528303338079,,,,,,,,,,,,,,,,,,,,,,,,,,,,,,,,,,,,,,,,,,,,,,,,,,
120631,0.99492574,0.2568776,0.25,0.16975275626876413,,1.4477895376679586,0.0,-1.4365176589738178,-0.4932158604139831,0.7956144750202327,4.0,-0.5057313897882314,2.0,-2.9823266261673496,-3.032951626941652,-0.6765128588014822,-0.14521986241867196,0.15567815886332065,0.09010967197869596,-0.29367680826292347,-0.04884907529667759,-0.11481709012538127,0.1942729302356243,0.03204231103477091,-0.5681094365029444,0.3842787243776588,0.051190817391045036,0.309556622899372,-0.09902368199892095,-0.24305076674047682,0.725083699632521,0.072079977086023,0.5565166248784876,0.25535214193712574,0.8267040417443177,0.5869048156831514,0.19105626782651913,-0.2404446516033705,0.5361477866197866,0.022801715868760786,0.17984952088784872,-0.01813594577770129,-0.12386528643785118,0.32603091574664234,0.0,1.0,0.0,3.0,0.0,0.0,0.0,0.0,0.0,-0.6470441813901538,-0.33679252835499307,-0.19724668757112868,-0.24926758026678772,-0.3783300539016442,-0.5008451949093987,-0.5759214840967231,-0.518132264536261,-0.8058677511889639,0.0,-0.3516059236954071,-0.27092927385914883,1.0,0.0,-0.6077419394952471,-0.7794688314249785,-0.6069971951754393,0.0,0.0,-0.09656051593201503,0.0,0.0,0.0,0.0,0.0,0.0,-7.041268438064325,0.028460989666939066,0.4426371263056556,-0.05107256501866396,-0.09472802151573942,0.27175293525080324,-0.7996755440174189,-4.216946754397202,1.4089176295288686,,,,,,,,,,,,,,,,,,,,,,,,,,,,,,,,,,,,,,,,,,,,,,,,,,
572747,0.99610114,0.49030572,0.21000000000000002,0.0982356594956918,,-0.6702298480664013,0.0,1.1356023741369976,0.80342583345339,0.5349088584581362,4.0,-0.6611688625098113,2.0,-2.792604720112012,-2.7743917508560583,-0.9200096946590379,-0.13566883453087858,0.043329086125617394,0.01782851418430189,-0.16236908519820376,-0.3162836102990643,-0.050782532740772844,-0.12077781593716104,0.052376090526919265,-0.3278170839429264,-0.027700351510301917,-0.051002475894051436,-0.02961516177005551,-0.05441898250058613,-0.18912832588392253,0.6078351242106014,0.0992976670021434,0.5401806257551398,0.7295143408585331,0.6480261348633786,0.6779423874395553,0.047061636789528793,-0.05316145280710732,0.5347553776515938,-0.12105341012097878,0.662165446355847,0.5404484968921753,0.4541665477567101,0.4013991227982404,0.0,0.0,0.0,3.0,0.0,0.0,2.0,2.0,0.0,1.7666716247349594,7.162108176685913,-0.3822167056001624,-0.31581473900057866,1.6782992488235402,1.7217440946330003,-0.519488708999658,-0.2606677729480952,1.7798593933591824,2.0,1.8115578906638377,-0.1525491817709322,3.0,0.0,1.771948788907031,1.7573627559716873,2.2488639506968484,2.0,2.0,-0.3751502774039581,0.0,1.0,1.0,1.0,1.0,2.0,9.596115331390223,-2.580975268955808,15.920813259387957,-0.5368551966114367,0.08736900773418099,-1.9322036526944448,0.20855435222262317,0.31701580961988174,-0.5644684077845775,,,,,,,,,,,,,,,,,,,,,,,,,,,,,,,,,,,,,,,,,,,,,,,,,,
424580,0.99146944,0.28727663,0.25,0.16975275626876413,,-0.33444385867968845,0.0,-0.8827822326155312,0.12137647496087864,0.5281290552708914,2.0,0.3655135078893897,3.0,-2.979221277340705,-2.6525616679057276,-0.2290127478667766,-0.3519308372548871,-0.07776735389461263,-0.2543736420538323,0.1405137421423599,-0.36753216815589024,-0.08553539211170921,0.07907087660424182,0.006595590631554668,-0.401498096210567,0.11767918662468532,-0.14792651636988802,0.13645683987628388,-0.07455326482216573,-0.12825602603979194,0.45924487388952473,0.25392939128042014,-0.22810864811060017,0.40671416663937704,0.6257679531566495,0.6386394467852732,0.4869835304024001,0.8633693647467986,0.6154231147705198,0.37425932937121026,0.5803980454736105,0.4975570269669747,0.24370194590696864,0.6902453486867789,0.0,0.0,0.0,3.0,0.0,0.0,2.0,0.0,2.0,1.7870677523157847,3.753479170436451,2.744898508946908,3.058101496579576,2.004167612246853,2.056127833093316,2.695937969830985,2.453375710649269,1.9202055966730223,2.0,2.035037722020527,-0.796037415458403,1.0,1.0,1.7165843711344846,1.5071615566015657,1.5518723256889608,1.0,2.0,-0.56965765514036,0.0,1.0,1.0,2.0,1.0,2.0,9.584154991451616,-2.3195418452232612,15.894158622886668,-0.4416875076804762,-0.00634279568910176,-2.340704669837932,0.11639712098488333,0.5570154915290113,-0.353823905717412,,,,,,,,,,,,,,,,,,,,,,,,,,,,,,,,,,,,,,,,,,,,,,,,,,
170509,0.9827429,0.39928702,0.21000000000000002,0.0982356594956918,,-0.25584555095957384,1.0,-0.31575001517115675,0.981008979997032,-0.02816034041366365,4.0,0.056630011323900775,2.0,0.4199652149290582,0.32349452551072916,-0.6629329822598239,-0.1828249361886184,0.05038211935864631,-0.03362864443564535,0.10285467699928896,-0.22533816411158325,0.01820789165793324,-0.033053838252451,-0.16826160990726727,-0.33389849565824276,-0.15227097305037668,-0.23761090542275196,-0.07369684172695405,-0.1872506793230348,-0.25182695900249236,0.8565575540537065,0.038557701199052045,-0.1745584154014082,0.06522732298023795,-0.06789592646725166,-0.04591824983258539,0.37380177654790353,1.150042532664863,-0.1123780005742762,-0.03833856600648556,-0.07046816507011842,-0.17298188330700592,0.03546047771901613,0.11163746561990287,0.0,0.0,0.0,0.0,0.0,0.0,0.0,0.0,1.0,1.8187720461623198,0.5429553308923543,2.8170056620191337,2.812020485642004,1.7697867183409954,1.9894931741153121,2.7553986007959392,2.535937820696509,1.8478768901260585,0.0,-0.527369384019666,2.574588410333184,1.0,1.0,1.7367003918742683,1.358893909653114,2.0175024956654317,1.0,1.0,2.579400937314947,3.0,2.0,0.0,2.0,0.0,2.0,31.27638262822854,-0.9921126613984008,-5.183853108103825,1.0537062699597508,0.1664672359240495,0.9614783985489367,-0.14089870597700982,-0.12465243842749724,-0.1508696573865602,,,,,,,,,,,,,,,,,,,,,,,,,,,,,,,,,,,,,,,,,,,,,,,,,,
223539,0.9756811,0.29731277,0.29000000000000004,0.28192947697193393,,-1.0394325105834616,0.0,0.6261195513425246,-0.5443243986743584,0.6540636643909303,3.0,0.4766779942560793,2.0,-2.957633648284521,-3.0444680708881635,-0.6005947204803086,1.147198706088047,1.5297388605344568,-0.5255095801267489,0.20440149111600037,-0.043559010993142105,0.1272807945329425,0.3009708250796193,1.5263800898970177,-0.3429186578631239,0.7093391351104132,0.7669276495801907,1.1059790959492712,0.23135505998126604,-0.0402784460456846,0.812873483253824,-0.4390956183797798,0.522679840419665,0.14463444655746688,0.28343543424270656,0.7481505961327097,0.08801808491813168,0.7703236915561784,0.8728580596193951,0.3130938049434686,1.0127734850659373,0.5146845461240155,0.1334789694604797,0.41325059658105284,0.0,0.0,0.0,3.0,0.0,0.0,1.0,0.0,0.0,1.77867800233791,0.3833640001702356,3.282051809583882,2.4254141782810996,2.4224891256177585,1.3049922009348869,2.2598732822823693,2.6311709836978388,2.132992026496381,2.0,2.090498073870434,-0.1962282395169984,1.0,1.0,1.9616276886769424,1.5077458632142005,2.3820532911323467,1.0,1.0,-0.7335931566351884,2.0,2.0,1.0,2.0,1.0,1.0,9.608517036657583,-2.7487595749138163,15.94470715414784,-0.4766769717179575,-0.2829112253538011,-1.983510845280079,0.5187168927552996,0.3895764593319811,-0.4594961490735542,,,,,,,,,,,,,,,,,,,,,,,,,,,,,,,,,,,,,,,,,,,,,,,,,,
215241,0.7219768,0.44780245,0.04,0.005058857517455529,,-0.4414727689494678,4.0,1.2530470825735784,0.7579700988305601,-0.003951879891743939,3.0,-0.8178367983195199,2.0,0.2489058816786125,0.35701751785963537,1.0419308908251719,-0.09245524761377028,-0.09031478999364631,-0.04124437066549956,-0.059250381303646196,-0.20398534813092706,-0.11537416624550823,-0.04907232706772652,-0.06720723552718709,-0.20271706245554866,-0.04905194409202356,-0.10235558887611036,-0.04427253305867839,-0.24888639862287298,-0.14601337562981628,0.6008210339647553,-0.0005973761557476053,0.013319289087901521,0.538007875460936,0.5513155208207963,0.006546356779003091,-0.00027988756889322906,-0.0064416415986878394,0.5368713575525459,0.6451486076688354,0.003154857739832709,-0.0021976123482286016,0.0007934841343466795,0.5742231500669985,2.0,2.0,2.0,1.0,1.0,1.0,1.0,1.0,2.0,-0.5755039642137425,-0.3820435453272669,-0.3566129442586625,-0.3657999766372967,-0.5586794326142694,-0.549933568237524,-0.38985744619677115,-0.3912928652340047,-0.5675062760484662,0.0,-0.5331855035463876,-0.38543622633934177,0.0,0.0,-0.5541346073127071,-0.5589522194603828,-0.5618041320422332,0.0,0.0,-0.38520956226667646,0.0,0.0,0.0,0.0,0.0,0.0,-7.516723019769687,0.06921523506003074,-0.5866729682631575,0.29157288635404854,-0.15683102203707222,2.19687659758085,-0.14614267739968015,1.2114832599969205,-0.6019779747661282,,,,,,,,,,,,,,,,,,,,,,,,,,,,,,,,,,,,,,,,,,,,,,,,,,
467758,0.7816017,0.40275073,0.05,0.006265852597583031,,-0.28811081007904993,0.0,1.094791957260859,-0.6234252046937431,0.5662013113145009,3.0,-0.49966327235604835,2.0,-2.717296668301317,-2.802518035549131,-0.7554370382574144,-0.11041376221440324,-0.08454597466043498,-0.039564125830620765,-0.04472249555855483,-0.21947418506601324,-0.10557388566637177,-0.0278909895039916,-0.042394344923790746,-0.26447269421573144,-0.04201910653639952,-0.10325078322546251,-0.04395935965228172,-0.2585739450146408,-0.15970346966499707,0.615772324614282,-0.0010045161296353348,-0.006537197393654345,0.5345620613825366,-0.011695717008213648,0.5256776239399296,0.002070875400723582,0.0003136192647141726,0.5331373606241067,-0.003181346889697194,0.5999135263319912,0.5382043262806006,0.528114206065946,0.5222073564071495,0.0,0.0,0.0,3.0,0.0,0.0,0.0,0.0,0.0,1.7508196265999896,0.9220023384065267,-0.3493941064499103,-0.3569808513327663,1.8128022028209274,1.8188605270094638,-0.3785280314430595,-0.3731607352775111,1.7687829621653623,2.0,1.8949403328684964,2.408228450215009,2.0,2.0,1.8506638827100315,1.6241367643052413,1.631500425200007,2.0,2.0,-0.3954282302641826,0.0,1.0,2.0,2.0,1.0,1.0,13.937324332914335,-3.292751998377058,11.932582369700526,0.3465949629100822,-0.0014963593041502354,1.2282775521072884,-0.09466361948592021,0.16405884836459256,-0.9517204099598962,,,,,,,,,,,,,,,,,,,,,,,,,,,,,,,,,,,,,,,,,,,,,,,,,,
456611,0.8262942,0.45660678,0.09999999999999999,0.01672075323499393,,4.590757521099143,4.0,1.6850076826945504,0.9722558595353225,0.009542698509093298,3.0,-0.6837304607079991,3.0,0.15617182629978899,0.3587677162870004,-0.7211216616794236,-0.14682483666661836,-0.11853150930394456,-0.052944530056409624,-0.05892184436923138,-0.2196416338874032,-0.10671631859972394,-0.08382640764870279,-0.06894038099484737,-0.21916970649278622,-0.02490560455878075,-0.0877920193420208,-0.048137230383953226,-0.22249025233551298,-0.1431080875915232,0.5983380985775341,0.011578882283188931,0.5199995666852786,0.5476937792512858,-0.0330463048871162,0.010327792786158765,-0.008212361823011955,0.003384019423807033,0.5671087568755901,0.5763984500036744,-0.00033408863971220787,-0.008218562795534137,-0.0013536570801373935,0.5229664946434587,2.0,2.0,2.0,1.0,1.0,2.0,0.0,0.0,0.0,-0.5492309194110969,-0.37412101925600905,-0.3673645788206898,-0.34976527486746173,-0.5764909227820676,-0.5397390175853333,-0.3884573674432545,-0.4004271365077206,-0.5505876673210306,0.0,-0.5322976405562865,-0.41094962877075764,0.0,0.0,-0.526551179316408,-0.5397635184488644,-0.539726270689235,0.0,0.0,-0.4042437989214404,0.0,0.0,0.0,0.0,0.0,2.0,-7.4676720632605385,1.120102494925697,-0.45099141361143974,-0.25820503194370176,-0.20503651878148768,2.3053356787022357,0.07650047394852122,1.9259899417940927,1.781013501495874,,,,,,,,,,,,,,,,,,,,,,,,,,,,,,,,,,,,,,,,,,,,,,,,,,
512973,0.9916631,0.2749305,0.16,0.04640734643340897,,-0.6596380802548485,0.0,1.429465423502048,-0.763709489312763,-0.1170510333347298,4.0,0.2940332731407766,2.0,-2.723550030259818,-2.818643124881379,-0.6633884452426686,-0.17364654976522975,-0.043203368466752705,-0.08551555643416262,-0.028023530311210545,-0.2658696959879538,-0.1533542635940549,0.011392344950973273,-0.021892701864302665,-0.28024043036461166,-0.061108812053682765,-0.16214385170474338,-0.10362310516439437,-0.16799462325191394,-0.15177541476072998,0.5797330057117352,0.07092930992194012,-0.009200193086292462,0.5434139762990431,0.5258485122049604,0.5719888846910381,0.3513435129889969,1.0511451389760302,0.5542689137372883,-0.026816709159958943,0.6736610311820844,0.5401973702804713,0.6352174918302123,0.6102303744943941,0.0,2.0,0.0,3.0,0.0,0.0,1.0,0.0,0.0,1.5834310365248252,0.4698166037760741,2.793570294848372,2.7682667142476287,1.8161893352143679,1.823093971486344,2.55775673022116,2.619089642309545,1.706368376233736,2.0,1.916891744621275,-0.381799770455112,1.0,1.0,1.8512325087227104,1.6243887346395245,1.2726068249606481,1.0,2.0,-0.4276263530272783,0.0,1.0,1.0,2.0,1.0,1.0,9.611033615266484,-2.6602383401934087,15.966631458001924,-0.5735170898802906,-0.13391538298264455,-2.096345950141172,0.11804940103948028,0.6112217584901163,-0.6506681355976902,,,,,,,,,,,,,,,,,,,,,,,,,,,,,,,,,,,,,,,,,,,,,,,,,,
556351,0.9945967,0.48172474,0.46,1.7417710676714488,,-1.2170548621711184,4.0,2.440205489747837,0.41035038015485636,-1.5313929031598499,2.0,-0.9755771978181725,2.0,-0.2647033918776436,-1.5760659441789389,-0.6031935682287284,1.197627949796363,2.9189311141968846,-1.098498271438242,0.7317469018771104,-1.7560002188079282,2.126226793438206,-0.07293817969717176,0.8888797001928244,-1.027023725772696,1.6428901764196442,3.2909108741523787,1.4177768802513164,1.984884714673425,0.8633655053043944,2.1402781538294215,-1.0352432699121445,-0.8350746867489712,0.6981329858765402,-0.045372227941696264,-1.2381865510862111,-2.003243835377545,-2.23183796675775,0.14504530394781529,1.8352484456636098,2.166568963991363,-0.39404321147733024,3.38261301120271,-0.2815024094007865,0.0,0.0,0.0,3.0,0.0,0.0,2.0,1.0,0.0,1.1410154746330803,0.0047273698011478515,2.208049320551319,1.0032655568364526,2.444230370745315,4.0465690722031695,3.8407285012471624,2.7012377105135994,-1.026558112166832,2.0,3.3777230251122283,-1.4524696484179367,2.0,1.0,1.5115910982872405,3.0859584705126,0.5317106346270057,1.0,1.0,-1.1123730160341578,3.0,1.0,2.0,0.0,1.0,0.0,12.43703421665554,-3.6104213703157075,14.666157268076146,-0.5386322906395267,0.6248564395537951,-2.150806181098038,-0.29169804231968344,2.4299031071860875,4.1961533815597765,,,,,,,,,,,,,,,,,,,,,,,,,,,,,,,,,,,,,,,,,,,,,,,,,,
227789,0.5931448,0.35107297,0.060000000000000005,0.00771172199313132,,0.9639091333491759,4.0,-0.22348616921259645,0.9112774426405577,0.00921362933831632,4.0,0.3220103528207959,3.0,0.3118343924777729,0.34817809890076923,-0.7594070793016147,-0.09957519546694386,-0.09967334631029044,-0.0414883077109074,-0.07195944438294105,-0.21157966233495432,-0.11729870415854725,-0.05548442539264982,-0.0433576676146895,-0.20065891858989499,-0.051899178787005486,-0.10267373582401479,-0.04960265526200207,-0.2481005961525223,-0.1454454121252859,0.626910132933445,0.0047135833954658245,0.5517469601707815,0.5243267163359574,0.5546892292172355,0.004048396472815271,0.007508447957357665,-0.004819041110857924,0.5457651003201449,0.008636551828029136,-0.012325540702082222,0.00797684812948862,0.008776686151370077,0.5355017092146599,0.0,0.0,0.0,1.0,1.0,2.0,0.0,0.0,0.0,-0.5632701342821886,-0.4013827351735744,-0.3580117777801211,-0.34786912841941076,-0.5504319767136236,-0.5385358363776799,-0.38733810509057875,-0.38115506494252316,-0.5820200435881435,0.0,-0.5250156519819545,-0.392549628314442,0.0,0.0,-0.555872711801366,-0.5421179248634376,-0.5355096377396751,0.0,0.0,-0.38853710027087496,0.0,0.0,0.0,0.0,0.0,0.0,-6.495688711418896,0.7444268832231539,0.42327676171331896,-0.2512718441976185,-0.13104504306688725,0.3733827646278821,-0.7698920248932819,-3.9811584639455684,2.551313623999062,,,,,,,,,,,,,,,,,,,,,,,,,,,,,,,,,,,,,,,,,,,,,,,,,,
443301,0.73633397,0.3847868,0.09,0.013888290969627364,,0.499854861756237,4.0,-0.7425431619458311,-0.7331556327122877,0.01993597311083174,4.0,0.3125973712596538,3.0,0.46337031765306547,0.37931725635454844,-0.7753567392956271,-0.10739289230774027,-0.0889254414114098,-0.023864006399968343,-0.04209980981750626,-0.1974712341423571,-0.13385952971886178,-0.05379076314052952,-0.06017811040559859,-0.18897097135822022,-0.052279253819801016,-0.09576779634244462,-0.01941599274919553,-0.27836822309870374,-0.17133714871950542,0.6196813872563784,0.612299422817976,0.5564519618417243,0.018187526042871025,0.016002058583626307,0.0032564557002663663,-0.01252754561907613,0.015370512413610173,0.5411523554247376,0.592964930368984,0.0012827600246769495,0.02171048779343035,0.0213018503603503,0.5290591285285549,2.0,2.0,1.0,1.0,2.0,1.0,0.0,0.0,0.0,-0.5952810210564953,-0.40935391037180957,-0.34645356862718457,-0.3393967692690145,-0.5569441918814002,-0.5516428098099803,-0.37203174996189253,-0.40000016578349656,-0.5544944976159656,0.0,-0.5144631222048602,-0.390882816685134,0.0,0.0,-0.5668849719737832,-0.5627402193238583,-0.5452699857285059,0.0,0.0,-0.40392753171328205,0.0,0.0,0.0,0.0,0.0,0.0,-5.879348407577689,1.0785735457221246,-4.153860994102437,0.284995888270605,0.31187137003132154,-5.322913677563619,2.2000506914018443,3.6703359514404648,-0.7221832154581332,,,,,,,,,,,,,,,,,,,,,,,,,,,,,,,,,,,,,,,,,,,,,,,,,,
283444,0.8171658,0.4789691,0.06999999999999999,0.009434629620313228,,-0.8806065319312198,0.0,-1.1159638517879484,0.14613044272474374,0.5760370412855027,3.0,0.3141683352741112,3.0,-2.7382724110430505,-2.791732075691393,-0.759265425366395,-0.1078247726827644,-0.09122460571496036,-0.040057670669073106,-0.028738343020766232,-0.20200824057089956,-0.10530193713703073,-0.03319783008674289,-0.032705237806678306,-0.257112542879886,-0.05077587168778428,-0.09870555790656563,-0.043501259337450277,-0.23400734268219764,-0.15420387141631622,0.6125573263097297,-0.00877657522443197,-0.0097842206101931,0.5413952848176754,0.0012177598101534774,0.5129892254362652,0.0012060919074853716,0.009145959073269632,0.5311109077242806,0.00663841020308604,0.6091187778133612,0.5566182317474513,-0.012133723802475438,0.5287427713913674,0.0,0.0,0.0,3.0,0.0,0.0,0.0,0.0,0.0,1.7181637279484057,0.5999791821417676,-0.3547569508670463,-0.3549675663712983,1.8062163398304976,1.7970850604828916,-0.3867309705103713,-0.3759008816240754,1.7591079954819193,2.0,1.8632780041852248,-0.3930432242001437,3.0,0.0,1.8506140805502187,1.8878086686450881,1.9342724857586473,2.0,2.0,-0.4010173605378156,2.0,1.0,1.0,1.0,1.0,2.0,2.839593320716983,-0.6998717124963219,9.716614713910511,-0.8801008702933211,-0.26373815696549097,-1.235609298007684,-0.6385087945460874,-3.1526761160261954,-2.038626747180359,,,,,,,,,,,,,,,,,,,,,,,,,,,,,,,,,,,,,,,,,,,,,,,,,,
221914,0.99871397,0.25474787,0.32,0.40318023403735836,,-0.2513675190634298,3.0,0.7001976839574275,-0.5451961018780169,0.826109250436858,2.0,-0.025780518000453168,3.0,-3.1569960092213476,-2.4552288608012836,-1.4171113491913807,-0.15528198140050714,0.43352876182258915,0.11089717268728211,0.09708325182693503,-0.6049881561328795,-0.4508137585072218,-0.36726094093560385,0.10619907069108481,-0.6297852886024007,0.2583165490008983,-0.03870789812283844,0.23316182436410052,-0.03350361066722002,-0.2719717703905619,0.17658418445619628,-0.5668541951927373,-0.6656306134673419,1.0529170857328403,0.5586565547688127,1.01891947258094,0.7153784719730815,0.524368865155599,0.8511105759686302,0.33770430412549735,-0.06770868172221511,0.43632279549415015,0.09115508755272761,0.4048013808460611,0.0,0.0,0.0,3.0,0.0,2.0,0.0,0.0,0.0,2.325988181699916,0.476669429579638,-0.8388758556093889,0.3200497002940895,2.5068332046099013,1.8737693350222324,2.655116286213725,2.437474586286165,2.0962753216671546,0.0,1.3206443266880432,-0.39295771768122795,3.0,0.0,1.3046076204202066,1.328129947258065,0.927116391699442,2.0,0.0,-0.47981772236780856,2.0,1.0,1.0,1.0,1.0,1.0,9.43666614173967,-2.454730234938821,15.945154867014223,-0.6401302535694,-0.47967177940276357,-1.6205383396072963,0.616484276802989,0.880067324619181,-0.4942443535936075,,,,,,,,,,,,,,,,,,,,,,,,,,,,,,,,,,,,,,,,,,,,,,,,,,
293796,0.83829117,0.33596358,0.06999999999999999,0.009434629620313228,,-0.07941418572112534,1.0,1.278103703577056,-5.898570898328057,-0.009186866731169599,3.0,0.3099506179922978,3.0,0.27907020102911023,0.3610122374860709,-0.754467033787622,-0.10734612594934181,-0.08235487438957868,-0.03189842551115916,-0.034083383625672384,-0.20490721750579946,-0.10601269663822804,-0.028880506266489248,-0.055003403674995836,-0.2515413248818232,-0.05706696499762512,-0.08112668865095571,-0.03673590205316143,-0.26659807226414145,-0.1564405349271157,0.619738828294019,-0.012399143835027004,0.00221331797029135,6.985939318802238e-05,-0.006267427718128235,0.006709142707202645,0.3762351391199495,0.9915363357035176,-0.000751615063920998,-0.012257000333586744,0.0034300650003184713,0.00221040238425796,0.006235632521744075,0.006119064420125124,2.0,0.0,0.0,0.0,0.0,0.0,0.0,0.0,0.0,1.7462701765909474,1.2621382646416617,-0.3767225869680283,-0.34609138446990184,1.7983728740650125,1.8186636591700027,2.593971575765128,2.611749117029131,1.7445988559731727,2.0,1.9050843518142029,2.421637437512367,2.0,2.0,1.7312092174701799,1.7010410428045082,1.454866404464851,1.0,1.0,2.5588761912468856,4.0,2.0,1.0,2.0,2.0,1.0,31.239298235254502,-1.1571871194011225,-5.323010929839452,1.1293043506824025,0.07248284962747258,0.9588707373574068,-0.08075233688540293,-0.07180920372804953,-0.28503170343176787,,,,,,,,,,,,,,,,,,,,,,,,,,,,,,,,,,,,,,,,,,,,,,,,,,
335897,0.83769983,0.32764786,0.16,0.04640734643340897,,1.4012348554926457,4.0,1.3617136207263227,0.8930037836146111,-0.002263112431123497,4.0,0.2797727003045797,3.0,0.8089716665059092,0.3172174873853815,-0.8048591208812463,-0.17488681470578507,-0.05297463958966764,-0.03580678016363797,-0.11154764405149861,-0.2179368698273672,-0.06847361706750582,-0.08187839050640351,-0.11715627310591098,-0.034263384852946804,-0.0349529702074636,-0.09777457096943849,-0.15307614558576718,-0.22819675277270454,-0.21878367568264478,0.6154717563782339,-0.02527379240798069,0.6000087851691317,0.4632930243529799,0.05481863897688674,-0.005498053317456309,0.013274117207674848,-0.035054332421983914,0.4963397661568488,0.5295894854694887,-0.07560459145378337,0.05581783107157523,0.05680661062863968,0.474233157624144,2.0,1.0,1.0,1.0,0.0,1.0,0.0,1.0,2.0,-0.5853975417799446,-0.42239121047563133,-0.39549646646205117,-0.4372427350944518,-0.5079541433368019,-0.5586611502894439,-0.3317743551077773,-0.3854851350091747,-0.49636789905216133,0.0,-0.5462321751631019,-0.4231216618516947,3.0,0.0,-0.5191033730916124,-0.5463615488251509,-0.6118066189485709,0.0,0.0,-0.37453309171186444,0.0,0.0,0.0,0.0,0.0,0.0,-7.48036557266159,0.6098050426234519,-0.6117060885869627,0.20954925437535632,-0.15976936641631587,2.169903646797521,0.13896878110468494,1.3853318459979038,0.0948875843395417,,,,,,,,,,,,,,,,,,,,,,,,,,,,,,,,,,,,,,,,,,,,,,,,,,
203057,0.9765545,0.23999304,0.09999999999999999,0.01672075323499393,,-0.10799878466889351,0.0,-1.1227496108550048,0.9386604234122152,0.5551437939959909,3.0,0.3070646708462095,3.0,-2.736168147281406,-2.804192937047837,-0.7554386000042833,-0.12678594215894468,-0.08151542382150713,-0.04889616203794235,-0.0563492209972343,-0.2320907186944108,-0.1243166555177371,-0.032458570704912156,-0.06622893170617292,-0.2588992332972182,-0.0853444018821293,-0.11187909707910218,-0.05959593106559255,-0.19270150751423468,-0.11972605709529907,0.6227677628339733,0.010501679192889697,-0.007857234184690315,0.5312040724874412,0.5341146756391182,0.5558832715239692,0.37205314237963444,0.9979192459266549,0.5434499766856085,0.010736432314808224,0.5975652190743479,0.5771223479509208,-0.01381217569436668,0.5638202109460756,0.0,0.0,0.0,3.0,0.0,0.0,0.0,0.0,0.0,1.650433461788798,4.683114386872973,2.7831342383048896,2.7803964222906936,1.796975750584776,1.572092989452722,2.6241640019415864,2.6135470704843504,1.7819885753253024,2.0,1.9105270294750694,-0.4029711231063876,1.0,1.0,1.8369962694151547,1.9204521586519385,1.9510737068455437,1.0,1.0,-0.42210166436205326,0.0,1.0,1.0,2.0,1.0,2.0,7.2555015242992535,-1.141803608811163,5.8340330782671455,0.0028132731259823372,-0.20781037281693565,2.1355357973345495,-0.8621128906065624,-3.518093651396584,-2.4025511187082755,,,,,,,,,,,,,,,,,,,,,,,,,,,,,,,,,,,,,,,,,,,,,,,,,,
287574,0.93785095,0.40970626,0.12,0.02389616287845446,,2.8316243526073204,4.0,-1.2749437891521929,-0.7594396035104387,0.010935516313491624,3.0,-0.7872786966843369,1.0,0.2908680136744556,0.29106283365168173,-0.7328892255795499,-0.10053530895393516,-0.1141204585019814,-0.057702650444963886,-0.04067884692363566,-0.20750015211160686,-0.12579706649396605,-0.046418228992813726,-0.021369354686358977,-0.17773890156797395,-0.06391240664584644,-0.07876952130886303,-0.014488249234793214,-0.22082453336148494,-0.07573510253918928,0.6191561169607486,0.03441626044128619,0.013999647890878656,0.684624797327636,0.7057322053884733,0.010362869355155188,-0.0016325270066061379,0.0075929840128965646,0.697767972274519,-0.021872878569207468,0.007020223504296728,0.027960809029775567,-0.004442335171217367,0.5210408603568197,1.0,0.0,0.0,2.0,1.0,2.0,0.0,0.0,0.0,-0.575594175828397,-0.38710834798947574,-0.3794183011991576,-0.3947769992208333,-0.5273176198851038,-0.5303659264726256,-0.3834969206120003,-0.39397646341604087,-0.5615188518930159,0.0,-0.4863030338594191,-0.381194289714301,2.0,0.0,-0.5384150264843661,-0.6187789495613615,-0.5292223950686863,0.0,0.0,-0.3008467560653123,0.0,2.0,0.0,0.0,0.0,0.0,-6.546060471343791,-0.09205861905468471,0.32479305775721473,0.13342063538319632,-0.17185976439809184,0.3033160257366303,-0.9151326966627286,-4.306806637726303,1.4862556296437195,,,,,,,,,,,,,,,,,,,,,,,,,,,,,,,,,,,,,,,,,,,,,,,,,,
273759,0.97753555,0.34705043,0.18000000000000002,0.06325205919758363,,0.6958170587591077,2.0,0.11412876881001682,0.6061879415950028,0.034088726890016074,3.0,0.3257953696196331,2.0,0.3444768406924375,0.36746406951214067,-0.9015491860296582,-0.15823125562909857,-0.1229798870555335,-0.1805347913419332,-0.10232437517981913,-0.2774151919114686,-0.10984268915929261,0.08406159628787735,-0.15678278473594326,-0.2945372852183641,0.06617221015406995,-0.10570013003765236,-0.0352369259855834,-0.1738872142694743,-0.22235690358608956,0.6594522986603522,-0.023683612884669497,0.04092179183282915,-0.072377187411334,0.03993537202588099,0.021003654357607395,0.4005960158112484,1.0321185552998788,0.11795390871449392,-0.013588156785648075,0.05206407547233127,-0.015920308755647164,-0.013981062433407574,-0.011336197961925166,0.0,0.0,0.0,0.0,0.0,0.0,0.0,0.0,0.0,1.7088519104831068,0.2687130868433224,2.8156722690490352,2.694925075775512,1.7766529457781541,1.9217389835969865,2.5951502712640613,2.5409785896281196,1.7475634870784273,2.0,1.8643365086555417,2.461159411422467,1.0,1.0,1.7824948766266995,1.546986032166074,1.4617044702179183,1.0,1.0,2.6247204374042123,3.0,2.0,1.0,2.0,1.0,1.0,31.894886344226432,-0.8518877204791268,-4.784230484814974,0.7079110709498648,-0.06363056529118889,0.907935704066727,0.10895666329875273,0.7000308936830465,1.4637881378175657,,,,,,,,,,,,,,,,,,,,,,,,,,,,,,,,,,,,,,,,,,,,,,,,,,
118802,0.9968041,0.29352656,0.39,0.8706033633359508,,1.5093119295533737,2.0,1.6754989981878727,1.2068745417439257,-1.0902052589778983,3.0,-2.7348531296730947,2.0,-0.32577715590115575,-0.014133137953361852,-0.5790034826502934,-0.9458007028316173,-0.4051311317351335,-0.776750831307007,1.4546194436430941,-0.7025432513496646,-0.1696886665600792,0.5985053042253956,0.9886919420751246,-1.3232329867366284,0.4079562033318483,1.3891853103913865,-0.4619177617647823,0.3809101144473419,-1.2540351591397572,0.11263539860104915,-1.4777416706405562,0.9954188067829806,0.12997302029243335,-1.0234997494147116,0.14415768510910276,0.6070483879717665,-0.7714834130787442,0.573730396707282,-0.016853446402887905,0.2197661510396107,1.0521908419652972,-0.687422386535114,-0.9004928783016761,2.0,0.0,0.0,3.0,0.0,1.0,0.0,0.0,0.0,-0.3128447222740003,2.5581083146124874,3.6649556823336713,3.756483502328639,1.2935645028499927,1.1418453919110914,2.912232294081787,3.5877503429234183,1.9920659285128357,2.0,1.6330765916764416,3.16389531229622,3.0,0.0,0.9594359915841653,2.1589629882354777,2.8052754897370606,1.0,0.0,1.989766126046173,0.0,2.0,0.0,2.0,1.0,2.0,31.89426357904616,-0.6527275680633328,-4.68901292554453,1.122683028162481,-0.8221653033073637,0.36272535408377504,-0.7486854033639152,1.0389263653606564,1.2710891209803012,,,,,,,,,,,,,,,,,,,,,,,,,,,,,,,,,,,,,,,,,,,,,,,,,,
344500,0.98898727,0.06523182,0.19,0.0734769996100588,,0.5282296984053612,1.0,-0.885820011724022,0.8806655065096322,-0.4947564279946997,3.0,0.28495828212193974,2.0,0.3450542860480302,0.2727662869388298,-0.5902016088970546,-0.14606896664439956,-0.08658571100682136,-0.00713956233354858,0.010032856371779392,-0.2890399820932413,-0.14519541171067274,0.04645985000045602,-0.04485992192892063,-0.2753812280490993,0.05667504638260863,-0.05524071404290047,-0.006718341919100139,-0.13979154522051634,-0.05568531138331714,0.5199886791953575,-0.12331399018913959,-0.0686210804095523,0.065260266392427,-0.002900107314319061,-0.07206108708848954,0.31786439311780224,1.0031497928219129,-0.10315109823870239,0.1538777076096053,0.014266117204308947,0.0852492739613145,0.16046821653783458,-0.0022651124629324408,0.0,0.0,0.0,2.0,1.0,0.0,0.0,1.0,1.0,1.7224982580582289,0.7754274517899268,2.7401274753505023,2.681963755751699,1.7821954657856365,1.8110752202032692,2.5733605086167275,2.5230897181371437,1.947483099392217,2.0,1.7511903713760701,3.173112953959078,1.0,1.0,1.583014916408469,1.50866720822997,1.6503767426972613,0.0,1.0,2.5907804241211005,4.0,2.0,1.0,2.0,2.0,2.0,31.34667031247705,-1.0265406431865591,-5.278666341960996,0.9859803964361443,-0.035463359604543804,1.0091775702266659,-0.03927856575390031,-0.062336070663310136,-0.09872928743193012,,,,,,,,,,,,,,,,,,,,,,,,,,,,,,,,,,,,,,,,,,,,,,,,,,
296640,0.9744133,0.31556827,0.060000000000000005,0.00771172199313132,,0.9786815179174634,4.0,0.5188719803869188,0.9277615223807861,-0.007538790037458927,4.0,0.323793380161408,2.0,0.34844518760241217,0.3653254342420279,1.116368717241865,-0.1013536312198005,-0.0765466128283417,-0.035831482299613276,-0.059715135344447064,-0.21781883471828126,-0.030667482860711102,-0.03380804009862054,-0.06358900278054205,-0.09201505991571224,-0.05715386820896411,-0.07316764589498057,-0.021391777483852646,-0.18669217967208696,-0.1496043755961415,0.6291186613945187,0.6215342660889579,0.5464936140668039,0.5489579823357013,0.5686645048870993,-0.0029465758532259633,-0.007216945196262014,-0.013909461794871571,0.5423671241976485,0.6009091574419747,-0.0061052573917326335,0.003586704535282029,0.005137080187344489,0.5372772947779983,2.0,2.0,1.0,1.0,2.0,1.0,1.0,1.0,2.0,-0.584796450346028,-0.3998723547370757,-0.3441539109605704,-0.3552609115696243,-0.5584667129094596,-0.5567711412859367,-0.3818363828111536,-0.3787041036195489,-0.5547584305002581,0.0,-0.5298547677797167,-0.3992203259457338,2.0,0.0,-0.5623122415422281,-0.5546211884874759,-0.5648294046742658,0.0,1.0,-0.3892769249970168,0.0,0.0,0.0,0.0,0.0,0.0,-7.528238573948652,3.617009151354106,-0.32444408856909585,-1.0000817388927115,0.3494995205847823,2.6593122920020424,2.7914099049197185,0.8848213071904552,0.4655257116633638,,,,,,,,,,,,,,,,,,,,,,,,,,,,,,,,,,,,,,,,,,,,,,,,,,
1040,0.99844605,0.26612756,0.22,0.11308859038292954,,-0.11338180545230359,2.0,-1.4548206094047167,-0.32456372060664285,0.5050956288771332,4.0,-0.3815381540630758,2.0,-2.6101241283264054,-3.0489178224368874,-0.679316535466407,-0.2897872002199965,-0.2546440395508881,-0.25244781007215167,-0.11935262174719778,-0.21093765548249233,-0.16030026336018335,0.07212118077805928,0.12287002233066113,-0.2467243955315893,-0.14256144582594835,-0.1899982568409162,-0.02422729908776966,-0.1498134783995141,-0.012192531204996221,0.8468693788475908,-0.047635293597651764,-0.1335123825218396,0.33454803660381194,0.5196682131683006,0.3790388185259324,0.4954884352060285,0.9509464914315424,0.35445738636351964,0.039509686679444864,0.7181191320350491,0.5121160801246005,0.046993323881334856,0.371457567184027,0.0,0.0,0.0,3.0,0.0,0.0,0.0,0.0,0.0,1.7829426425696,3.3596493103510316,2.854377569852274,2.710004776435369,-0.4398124965858565,-0.4219743419485891,2.4439071410994675,2.5851256127494326,1.5996329935759779,2.0,1.794511081063668,-0.305664964766907,1.0,1.0,-0.4143460823232259,-0.42253222841400284,-0.7968438357602539,1.0,1.0,-0.4249666992997079,0.0,1.0,1.0,2.0,2.0,0.0,0.14890559437323514,-0.3406287514211407,7.058069640790468,-0.7679315799716215,-0.01651875665056815,-0.9439415067745051,-0.8957867075779324,-3.4897525396695595,-1.1280733576931663,,,,,,,,,,,,,,,,,,,,,,,,,,,,,,,,,,,,,,,,,,,,,,,,,,
485821,0.94479436,0.12531383,0.39,0.8706033633359508,,-0.7442464778999962,4.0,0.14173726454458857,0.3387647424785143,-0.6594350458151672,4.0,-0.5136653026439447,3.0,-3.7387644207361808,-3.5542479279025594,-0.16632140279360264,0.8883837270986739,3.5710870820586456,-1.0353582002037616,2.293474823188955,-0.9134302848521294,1.4098227605386704,2.158007205052691,2.2244130693348243,-0.9035797362389641,1.6331958571678526,1.3834952179765672,2.322140726865612,0.008077193843135794,0.5241064517326459,1.499133299449327,0.8662006907272163,-0.22312022344086846,-0.6061152349152925,-0.6596553055280308,0.8168357371456145,-0.051846897208299936,1.7170381501856176,1.0156664027574722,-0.16402082314420352,-0.21230522755050096,0.4962851822868261,-0.19208548480083187,-0.4044970181197155,2.0,0.0,0.0,3.0,0.0,2.0,0.0,0.0,0.0,0.1664925302830198,0.5783482238841999,3.5663751947518403,3.6455775598680455,2.2157817657718955,3.1263140432871612,1.1667153351391057,2.1732775655719108,2.628003023669881,2.0,1.0767654044088597,0.4763047431554608,0.0,1.0,2.262080746589665,2.751673099746152,2.676332710395091,1.0,1.0,-0.15545661466432265,0.0,2.0,1.0,2.0,2.0,1.0,9.883331287493212,-1.4798104589158994,16.70795117616423,-0.6751667198315804,-1.5543493792368503,-2.81246422175505,-0.7330544705060987,0.42000345091088304,0.12868034750588253,,,,,,,,,,,,,,,,,,,,,,,,,,,,,,,,,,,,,,,,,,,,,,,,,,
458829,0.8179519,0.3322009,0.060000000000000005,0.00771172199313132,,-0.09281276646023272,3.0,-0.20493501361696637,0.7554896941560705,0.0002909221071705015,3.0,0.04386009159332475,2.0,0.7061339475960785,0.3586658745763054,-0.7585360230366307,-0.1024248480823953,-0.1068278037932358,-0.043330966641547855,-0.014650348411104113,-0.2273152027652788,-0.12681447994761386,-0.04763868830252712,-0.03476893025795172,-0.26301974054655985,-0.005078862762217158,-0.07956309982174338,-0.04755114306095735,-0.19450102335766326,-0.1431107841666787,0.6091758629934301,0.6241070310982011,0.0015816972940162059,-0.00545817102225577,-0.004037192624989001,-0.0036323099457034056,0.3768288067933751,1.0015088545787088,-0.01164418192077936,-0.014218122645116255,-0.022502599129925922,-0.007693629979348208,-0.0028474433376926623,0.008266352900539169,0.0,0.0,0.0,0.0,0.0,0.0,0.0,0.0,0.0,1.7659960621761044,-0.359296908989179,2.798944898297463,2.7925018757231004,1.79293404481439,1.8207847459747464,2.5977828590819145,2.6065621946027977,1.7545915296009142,1.0,-0.5443893845721707,2.6755939370472746,1.0,1.0,1.7458649034104177,1.5353399192538646,1.3562056404244016,1.0,1.0,2.5819470356249252,4.0,2.0,1.0,2.0,2.0,2.0,31.87745366548805,0.5851509424240473,-5.037955675181222,0.8308958245119502,0.9299063172153073,1.4337140046693342,2.2053607275567355,0.4898542012908767,2.4925614076180542,,,,,,,,,,,,,,,,,,,,,,,,,,,,,,,,,,,,,,,,,,,,,,,,,,
418839,0.7587011,0.298074,0.060000000000000005,0.00771172199313132,,-0.027028434439016234,4.0,0.7853061502671248,0.6603560839251499,-0.0027360092541442458,4.0,0.3117288928478041,3.0,0.4658748671790516,0.3633434233450006,-0.751367926406766,-0.1064581997599874,-0.09274021270735781,-0.03729616780225067,-0.06645324581753559,-0.20704754037108572,-0.1273497771923781,-0.0587178419206123,-0.05117447593822318,-0.20534637044499318,-0.0623731223379034,-0.10044825506506137,-0.04599830234906982,-0.22544875236906253,-0.1299749185042667,0.6115220057235441,0.6097632213532084,0.5636355509983594,0.6607357504752597,0.5464586470500381,-0.0016746064665414593,0.00867598876371079,-0.013465499053363826,0.5294482718541035,0.6147618109373026,0.011497905686911763,0.0009067440911093219,0.011214935177540084,0.6401118866797537,2.0,2.0,2.0,1.0,2.0,1.0,1.0,1.0,2.0,-0.5645919628280086,-0.3915494872184047,-0.3425245470884178,-0.36097441194008617,-0.5519199592864024,-0.5638680608970454,-0.39919760007933597,-0.3745390539031173,-0.569262735880839,0.0,-0.5298006408081201,-0.3917148043456384,0.0,0.0,-0.5474498934637809,-0.5635502807356544,-0.5558347916074642,0.0,0.0,-0.40022001441899396,0.0,0.0,0.0,0.0,0.0,0.0,-7.54871594523388,0.5838885839564387,-0.5474645338877798,0.09591163660895358,0.370170456561496,2.3593889482049017,0.9703718096566684,1.2566645023957363,0.34987735085660177,,,,,,,,,,,,,,,,,,,,,,,,,,,,,,,,,,,,,,,,,,,,,,,,,,
200429,0.92458135,0.4904756,0.09999999999999999,0.01672075323499393,,2.9022813319456344,4.0,1.1147636291354872,0.6452177015634909,-0.019055447884073456,4.0,0.3360280125918884,3.0,0.33542584733421277,0.3852037036573301,-0.763751344853219,-0.11030731038802438,-0.07716164823793006,-0.043040652964727304,-0.05764936400998159,-0.22002206412434588,-0.11987643627602824,-0.04892485337579025,-0.05402443156378079,-0.2703828808203977,-0.0939275403209433,-0.10168856448820188,-0.038862724657463966,-0.23069400487550645,-0.18117656153228615,0.5985395913067147,0.013710326217082238,0.017301359562967925,0.5573710722856252,0.5649551669022399,0.0023803205482902227,-0.00886819271332394,0.009325877639298895,0.5309822423396164,0.020197402860049583,-0.023772910674131634,0.0010956885681660524,0.042957793447668986,0.5415900483993145,0.0,0.0,0.0,1.0,1.0,2.0,0.0,0.0,0.0,-0.5460865483389737,-0.3794088838802761,-0.350189563412027,-0.4044210608341495,-0.5541526273561784,-0.5486530278869394,-0.40154218839427547,-0.3961158838430631,-0.5741488212298027,0.0,-0.5517548112305904,-0.3875956474332352,0.0,0.0,-0.5676678597238303,-0.5410901998273162,-0.5949595203519159,0.0,0.0,-0.3999365050805118,0.0,0.0,0.0,0.0,0.0,0.0,-6.539253400663357,0.035710156219610975,0.32277908399654975,0.05468427751300782,-0.18477519285376384,0.34005894059236186,-0.9307041814556983,-4.322740905505697,1.405887564475962,,,,,,,,,,,,,,,,,,,,,,,,,,,,,,,,,,,,,,,,,,,,,,,,,,
236381,0.884463,0.24415712,0.15000000000000002,0.03954065143898942,,-0.31918639467288423,1.0,-0.859715433438444,1.041886884280969,-0.04091784688450445,4.0,0.29808702377676993,2.0,0.42927266942511133,0.39250402949026303,-0.7470545553413953,-0.09471237974001093,-0.015855756883038648,-0.06702802711120986,-0.07797000524221272,-0.16282169904127852,-0.07514203131281035,-0.04928837263003213,-0.049341223258428116,-0.30216168479496397,0.02889322750523901,-0.08773188374226763,-0.0924756757254687,-0.2796559763401703,-0.13689950102158244,0.6565173148717953,-0.05175304939516641,0.01408470031971637,0.4925938604521717,0.5673706929397354,0.5207201510821149,0.4426357329331112,0.920673063390814,0.023675013626995933,-0.07831460100680526,-0.027466264710794826,-0.04177822034894521,0.5769965106138837,0.04791250098879352,0.0,0.0,0.0,0.0,0.0,0.0,0.0,0.0,0.0,1.7208106138459602,0.04577759636484762,2.7546201776443544,2.8542025075936883,1.7970552614547406,1.7381506746310078,2.679120401851572,2.572360524167098,1.7778526778514252,1.0,-0.5024381455956105,2.711104619247578,1.0,1.0,1.6707740773718778,1.3983007417369944,1.6033681660582741,1.0,1.0,2.4980089035924804,4.0,2.0,1.0,2.0,2.0,1.0,29.71554814379792,-1.4513951562509262,-1.7225143440695867,1.038310331489588,-0.07180021760769989,8.694964450795872,-1.5879505712373707,-2.42865825568038,0.7264297545881687,,,,,,,,,,,,,,,,,,,,,,,,,,,,,,,,,,,,,,,,,,,,,,,,,,
422667,0.9990669,0.21054572,0.32,0.40318023403735836,,-0.6394486837277946,0.0,0.9690121620640979,-1.198359235144236,0.9064805816260797,4.0,-0.94187047608762,1.0,-2.44761008123306,-3.0606424677937767,-0.6773297524224866,0.1589585014262926,-0.005939004182498653,0.7148642771236957,1.024875541346248,0.005309495497858585,0.6184925214201504,0.5723541422097516,0.21728446226644305,-0.2872023276874802,0.03839823210062629,0.043616697973598406,0.43938116139517486,-0.015130004201910047,0.3075239351535005,0.9247124007300211,-0.6485078450540346,0.3083930934856468,0.31672836092997136,-0.015676407329450456,0.5306291943505563,0.27622056540936446,0.953553637096842,0.6220870354617419,0.5990493414826141,0.9229935913299707,0.4628288518159418,1.0807811122671163,0.8970925870000245,0.0,0.0,0.0,3.0,0.0,0.0,1.0,1.0,0.0,1.4403314284510529,2.668032881020814,3.075615314211478,3.136478479542168,1.6966808624236507,2.0908389531536193,2.6660190548354077,3.029882048652497,2.071235280346939,1.0,1.6885254646509544,-0.1741974306858196,1.0,0.0,2.279716553092377,1.1819500976774324,2.032663813290278,1.0,1.0,0.25808086399996233,2.0,1.0,1.0,2.0,1.0,0.0,9.794059939309998,-2.519460499150369,15.955523817313365,-0.33697981651063874,0.024331854016363674,-2.7746367876732743,-0.35652367600513063,0.7245982537402003,-1.0241511303179607,,,,,,,,,,,,,,,,,,,,,,,,,,,,,,,,,,,,,,,,,,,,,,,,,,
147670,0.7858858,0.34325105,0.09999999999999999,0.01672075323499393,,-0.8270159362126344,3.0,-0.6393856818967126,0.2595176658116133,0.017615306528931233,1.0,-0.6731491928635364,2.0,0.6807366380478058,0.3629046860154452,-0.7722505816478786,-0.11043739492417684,-0.0831585062684187,-0.009220162120812288,-0.04561783900281444,-0.2241403854722257,-0.0915422908787293,-0.06647245271584315,-0.03884745725343242,-0.28172497335062124,-0.08456409811883789,-0.09427780881709402,-0.06924551751923996,-0.2683170292880625,-0.14780733062133125,0.6260026392521533,0.012515338680372912,-0.0011535199529071297,-0.004329379204678342,-0.013729707869743599,0.5094991603949182,0.02365610393755058,0.010105433407214119,0.5428545761424624,0.009046718591568728,0.01604272057690625,-0.011924881775942746,-0.009946822722490796,-0.017543289403785963,1.0,0.0,0.0,0.0,2.0,0.0,0.0,0.0,0.0,1.7413618262925532,-0.33204290222392463,-0.34199512704941887,-0.3684253179921611,1.823171141029517,1.8239578548646813,-0.40132663761085086,-0.36790288710685626,1.7695789254362957,2.0,1.871429933421627,2.65105198826909,2.0,2.0,1.7204378995989358,1.8872192688495748,1.3680526028460889,2.0,2.0,2.536180081998568,4.0,2.0,1.0,2.0,2.0,1.0,26.586366629427218,-0.4825475749423377,-1.2473297681472313,0.2148029535990809,-0.03155247178933032,-2.243155884095857,0.5012640949883523,0.6936340475966665,0.23570187881986435,,,,,,,,,,,,,,,,,,,,,,,,,,,,,,,,,,,,,,,,,,,,,,,,,,
367490,0.9126004,0.4874679,0.14,0.03356392623053241,,-0.3000909894197436,0.0,1.207435675415149,0.8666670758501341,0.5793938471590067,4.0,-0.5109853959349607,3.0,-2.696657382277543,-2.870628971516838,-0.7668182566701457,-0.14984594574313595,-0.0254379991402357,-0.014289720308926602,-0.07000427466389555,-0.254751578199797,-0.0779107633081278,0.0029208269645689677,-0.06399481634856682,-0.24362131346090543,-0.0959227659598137,-0.08551628378107579,-0.032872107234134675,-0.19445028395326103,-0.11469551189305335,0.6746497812864909,0.5405278481221948,0.563544281700583,0.5041820222278733,0.6164543566581777,0.4853870044908729,0.31440971687644453,0.9773296049082983,0.5012299735032507,0.02865885926114041,0.611487072595892,0.5199474642764126,0.48781762785675037,0.5203700849301979,0.0,0.0,2.0,3.0,0.0,0.0,0.0,0.0,2.0,1.6365295262094615,0.9409224234495704,2.832168509206339,2.801243372803852,1.7598308369410949,1.7813947114908633,2.581202442962302,2.534453967373671,1.7147854782669525,2.0,1.922637308043261,-0.46473639306231973,1.0,1.0,1.8080603096117496,1.8861206789047091,1.884617222400146,1.0,1.0,-0.3692614040453253,0.0,0.0,1.0,2.0,1.0,1.0,9.584658578602307,-2.504720480095396,15.998735185567648,-0.5726434459247762,0.24594324398500708,-2.077962969901279,0.6199325380592102,0.5522176510850564,-0.20355996859020375,,,,,,,,,,,,,,,,,,,,,,,,,,,,,,,,,,,,,,,,,,,,,,,,,,
513579,0.9541324,0.23743126,0.17,0.05427181375432048,,-0.023374908424797513,0.0,-1.374961905368081,0.36469102000202697,0.5712560153140163,4.0,-0.44294578149421854,2.0,-2.7242506512871962,-2.745886675957759,-0.825029765109201,-0.0933584402193033,-0.10465409183961248,-0.10360131513447098,-0.05053150925667996,-0.24063317036327103,-0.1945615420758896,-0.04312459390595004,-0.09133117399297846,-0.3075589184913521,0.03557878006771052,-0.061453736132309755,-0.05535422755091608,-0.18066627681743958,-0.024828235901245443,0.607090360059646,0.01511467973490589,0.0032595449561531385,0.5226624212854769,0.5314238736890158,0.6143914024371712,0.03858011062788004,0.01232706581919755,0.06569322841992738,-0.001097896581686778,0.6795920882550683,0.4933757827497433,0.6386237134892552,0.02883106469750764,0.0,0.0,0.0,3.0,0.0,0.0,0.0,0.0,0.0,1.7390478005378258,2.5352589497417415,-0.3892564782677971,-0.2671958981750277,1.7961033891199603,1.8243843323672486,-0.3387535161183681,-0.37921276987909086,1.8001177665384498,2.0,1.8736791509934319,-0.32265631179323667,2.0,2.0,1.8622273016508344,1.3691785439264585,2.1021168877038665,2.0,2.0,-0.4204795852965191,0.0,1.0,1.0,2.0,1.0,2.0,17.604842253682715,-2.9399477443069264,7.680532964307491,0.36889937383895155,-0.07077928632560478,-0.3981106920474897,-1.4185335809579889,-3.226505678043808,-1.1926238825132667,,,,,,,,,,,,,,,,,,,,,,,,,,,,,,,,,,,,,,,,,,,,,,,,,,
390474,0.96245337,0.20998636,0.18000000000000002,0.06325205919758363,,-0.611810959839809,2.0,-1.5582889332472085,0.8572345041255731,0.5638726274041629,4.0,0.40662755127070793,2.0,-2.72677060247187,-2.7731961837546746,-0.7661764823650862,-0.112275508460058,-0.09256436068093596,0.0442494670749535,0.052940626737899205,-0.2825742204985554,-0.10334878304536661,-0.0495245034571746,-0.06355627419935564,-0.31683750227690516,0.06142800594010579,-0.3573005734785609,-0.13515068200561936,-0.17547043171068694,-0.15962902421584763,0.5329561403280509,-0.07292209865824291,0.13347761967713745,0.8538493349071448,0.5015801123949569,0.7814215281234355,0.3360779222672164,1.1472894056333152,0.6120426576026522,0.10939400503500557,0.9622496157024645,0.004247777337594901,0.47324709553241096,0.5536791381275932,0.0,0.0,1.0,3.0,0.0,0.0,0.0,0.0,0.0,1.6714175489268874,4.737615954298295,2.8110127027551037,2.7578487076732494,1.7059924653996663,1.849878332609557,2.595647278408288,2.6068202370200555,1.8411743759423405,2.0,1.8078823106556576,-0.3156014495568763,1.0,1.0,1.9281173660719917,1.6298697445888146,1.6666087421745515,2.0,1.0,-0.46367314229437473,3.0,1.0,1.0,2.0,1.0,2.0,9.506204843330021,-2.5186049868636626,15.962955706936077,-0.5098897207399301,-0.177496357060845,-2.1790467329718806,0.15064283202327802,0.617558667827609,-0.5682429317727806,,,,,,,,,,,,,,,,,,,,,,,,,,,,,,,,,,,,,,,,,,,,,,,,,,
437671,0.9798101,0.45266068,0.19,0.0734769996100588,,-0.5474141970562324,1.0,0.5347848791269768,0.5633157669182675,0.0225852123605953,4.0,0.2883762422121856,3.0,0.43584593395827226,0.36624052699662946,-0.8262021181806157,-0.034610816150392444,0.05798514069167729,0.00637420183979482,-0.10360627947783509,-0.04518014683138652,-0.1927918412630486,-0.032637721242869296,0.06618497902798931,-0.3374162545053469,-0.05833492271401704,-0.18612938154904943,-0.09773879381195752,-0.09339969660889738,-0.3098830236188719,0.6521793537212904,-0.12159365094308729,-0.14671699389089782,-0.03457403421966194,-0.09445776739110344,0.043845720864963314,0.39502597523601807,0.9366256384861398,0.5633759067821522,0.035340663747579194,0.032483658887999846,-0.01639399714679723,0.033009057718792846,0.1581775112305537,1.0,0.0,0.0,0.0,2.0,0.0,0.0,0.0,0.0,1.8015473353554279,-0.21360831766805344,2.778886946768547,2.725510610925206,1.8111676907477037,1.8646064075929918,2.775132389047913,2.4807158388523645,1.884293198121619,1.0,1.8498152977709634,2.6135219317929965,1.0,1.0,1.7083645013347675,1.8470537191516367,2.0079257765650103,1.0,1.0,2.7261098955147234,4.0,2.0,1.0,2.0,2.0,1.0,26.661904168643044,-0.2678676433211812,-1.2434937208144683,0.13412822192556328,0.26811230750077997,-2.2309989660539253,0.6925245208627723,0.7991097627904504,0.34249949323197487,,,,,,,,,,,,,,,,,,,,,,,,,,,,,,,,,,,,,,,,,,,,,,,,,,
231240,0.99560815,0.15453969,0.32,0.40318023403735836,,-1.2381261657403047,0.0,-1.4870202046246936,-0.8792273920047875,-0.30912432846188764,4.0,-0.2327499415498966,2.0,-2.475578694508896,-2.492079484300592,-0.6960372491020107,0.4740871668266788,-0.05156466681294847,0.23729609242585492,-0.20896875144388005,0.5270546386657188,0.23775586137349233,0.8831216066204783,-0.5185389903858223,0.32553544350181396,-0.21672375031980995,-0.9281672374714695,-0.31640481830889006,-0.06039456944539004,0.11576551608008917,0.8094969148645733,-0.1316821517848309,0.2219810482885366,0.6166610971085262,0.07958910503800559,0.3234810201612419,0.5476239557833513,0.8084376529636222,0.9143018181727229,0.36881415854966865,1.3336707951058946,0.5238978256042799,0.35747101755860056,0.6069391095143264,0.0,0.0,0.0,3.0,0.0,0.0,0.0,0.0,0.0,2.0173387162369365,-0.3633936842136731,3.2131861451127905,2.596004779689492,2.409361215034289,1.8053299470048025,2.2026544356213646,1.5779973863256487,1.6486937464812912,2.0,2.1371033633770087,-0.6152194463804765,3.0,1.0,2.8590351106806517,2.4479395536707798,1.8184941437784479,1.0,1.0,-0.5138957573097602,0.0,2.0,1.0,2.0,1.0,1.0,10.171672921485749,-2.355201166799841,15.712935717133309,-1.1029174640349386,0.2856489181587462,-2.2908098908245442,0.28278623559714267,1.2803681264405395,1.414724453255892,,,,,,,,,,,,,,,,,,,,,,,,,,,,,,,,,,,,,,,,,,,,,,,,,,
215108,0.66853327,0.46323252,0.06999999999999999,0.009434629620313228,,1.32664992563481,4.0,1.4888727355316964,-0.0916601566069837,-0.005972406945321191,4.0,0.3370738310041881,3.0,-0.061319744124634416,0.349217920911034,-0.7717891201929755,-0.07379496564008861,-0.07156415495180132,-0.033946681669963806,-0.06306767248786105,-0.22481925820039866,-0.0991239365236795,-0.03095381469542867,-0.06305497200550235,0.2776785730787633,-0.05063727257246929,-0.0691699809996932,-0.04306527690190669,-0.10316292265631814,-0.10485684999381414,0.7152066193502811,0.7253497134914678,0.5554312025476833,-0.017314282653216828,0.005084406204745535,-0.005292108047597299,0.010660835838483523,-0.007827555508208284,0.6394105611646035,0.013210520542879432,-0.009032233744404984,-0.005559062371935281,-0.004958942797745868,0.641332393688914,0.0,0.0,0.0,1.0,2.0,1.0,0.0,0.0,0.0,-0.5657432126908521,-0.37750175527157753,-0.3513260332992244,-0.3465924393507308,-0.5485157081158855,-0.5491945137622852,-0.3956309729686067,-0.39825267208217974,-0.5448681713419674,0.0,-0.5269837540321937,-0.3890594325237338,0.0,0.0,-0.5630000051584696,-0.5596453586927597,-0.5732868312066407,0.0,0.0,-0.39127342471924015,0.0,0.0,0.0,0.0,0.0,0.0,-4.811810458625325,1.9790423986454444,-3.125238493095016,-0.49737089433825976,-0.1304004107105452,-7.25721259068176,0.7178855710548844,-2.005317564156955,0.3187714706736496,,,,,,,,,,,,,,,,,,,,,,,,,,,,,,,,,,,,,,,,,,,,,,,,,,
354125,0.9672436,0.48902398,0.14,0.03356392623053241,,-0.740524077120265,0.0,-0.2600494517968004,0.652484710080999,0.5800241657298447,3.0,0.3488793622835442,2.0,-2.749290837741096,-2.782946126528524,-0.6895463588361713,-0.14480117769833456,-0.14407099292549302,-0.08462917329983077,-0.05739778264298538,-0.2471672637531701,-0.11180317279632743,0.0007542134103771959,0.022358184432907165,-0.26011969759543446,-0.11482896286863951,-0.03075703571843969,-0.031468175289521644,-0.2785718912920561,-0.10477704477174027,0.585001394351631,0.010633319591995115,-0.07294798321936506,0.5265195094380483,0.5683489507806568,0.5198237122890709,0.334098746267442,0.9420229631858799,0.5745191190071243,-0.04441741702797571,0.5947488498476355,0.5446782707141029,0.5438771328675839,0.5387385378824482,1.0,0.0,0.0,3.0,0.0,0.0,0.0,0.0,0.0,1.752635636042913,2.4287927823967186,2.7817842997668545,2.7890180758548606,1.8229318225027,1.823281779245078,2.568792109252151,2.6581081237359747,1.7903628740134179,2.0,1.8053201081277737,-0.39088475135831097,1.0,1.0,1.8656733644925318,1.676207501674019,1.5320571007618904,1.0,1.0,-0.34542595077033583,0.0,1.0,1.0,2.0,1.0,2.0,9.478439446996763,-2.6059163730753023,15.83028118198605,-0.44304478115950385,-0.08855078066412789,-2.1844183729574644,0.1106203717577501,0.5548419013725886,-0.6668517746394479,,,,,,,,,,,,,,,,,,,,,,,,,,,,,,,,,,,,,,,,,,,,,,,,,,
124178,0.7632357,0.29496148,0.15000000000000002,0.03954065143898942,,1.8656894644576367,4.0,-1.4611603695083977,0.08697131734534302,-0.003584731373888204,3.0,-0.23226286062330936,0.0,0.3956553304228792,0.32933559021336845,-0.7918441342337985,-0.10098316813568389,0.009255038929633003,-0.025562003784685774,-0.01469076973082973,-0.2077537312850022,-0.11981765530224528,-0.029246232742342747,-0.06666342840054011,-0.2091194621617517,-0.10168243581682711,-0.057075380662711624,-0.039389335171680084,-0.1832595055858485,-0.1097590710099329,0.6726534300163387,0.7228110492396711,0.5323324690959462,0.6875279812217587,0.7023159231574398,-0.03070300892990963,-0.05116154764179751,-0.013458843645547294,0.7331974560709342,0.022847373306895534,0.0013166700038547412,-0.03706404716888675,0.0051829689940871395,0.6721226574964018,2.0,0.0,0.0,1.0,1.0,1.0,0.0,0.0,0.0,-0.6129398499277541,-0.3568362560304849,-0.3145324944080178,-0.3467484960039744,-0.5517195076480739,-0.528555439509058,-0.399055045371206,-0.4612526468002575,-0.524460168210828,0.0,-0.5730453653636345,-0.43103746474410615,0.0,0.0,-0.5823276291542935,-0.5640332150851525,-0.5304596563144658,0.0,0.0,-0.3437592183027056,0.0,0.0,0.0,0.0,0.0,0.0,-6.588647698743592,0.01092909103926074,0.36064658772464186,0.09025548403585643,-0.1332214721990064,0.3013352877406968,-0.884172020716736,-4.146134116080625,1.7752267887299509,,,,,,,,,,,,,,,,,,,,,,,,,,,,,,,,,,,,,,,,,,,,,,,,,,
465802,0.9978116,0.16867854,0.48000000000000004,2.0981207062328457,,-0.032976355697589055,3.0,-0.8440661838930094,0.7957372630496361,2.9281176635489237,1.0,-1.802391984102694,1.0,-6.604638535842561,-0.49368563142629807,-1.105322859352278,-1.9589251566028003,-2.895361801874617,-2.8854909200101915,-0.04171254503885635,-1.9902846118306818,1.788361749651378,0.28173837457843176,1.1822276151607483,1.213119376266777,-0.2531380168563536,-1.8482098359242911,-0.22803280725677347,3.5845988210037834,1.8434406175124132,1.918405621360657,2.9286921260943926,0.0258944771530085,-2.0907382952356053,-2.1510651265775182,-5.108931197427014,4.593497050798776,0.06962381122928141,-1.803214584245513,-0.5855675948215914,1.0192542003513867,-1.2104679433750996,1.790757791382653,-2.5074781808213573,0.0,0.0,1.0,3.0,0.0,0.0,0.0,0.0,0.0,4.341916833392059,1.953647270890238,3.2105292433782884,2.67182687976056,1.1148736943471815,0.31028320622576167,2.9491494995668073,4.532301706390128,4.075183320147154,0.0,-0.5805664888066091,0.6233437861355833,1.0,1.0,1.4169505708845285,3.691810519558061,6.939765168321333,2.0,1.0,0.6470569534668167,0.0,2.0,1.0,2.0,0.0,1.0,8.013670214500012,-2.3501854771462707,13.27517717507304,0.28339545085775786,0.8748690169357702,-4.469160624079082,-1.5381852794712876,1.8396252066630348,-3.0269944363703534,,,,,,,,,,,,,,,,,,,,,,,,,,,,,,,,,,,,,,,,,,,,,,,,,,
545784,0.804041,0.4815054,0.18000000000000002,0.06325205919758363,,-0.6290893045377622,4.0,-0.6080969235213681,0.8734435981506696,0.46219699779889717,4.0,0.09671398716825674,2.0,-2.6800701649141443,-2.6729540350881487,-0.8704142744490522,-0.13510560413981854,-0.021317016109365414,-0.11781726236807728,-0.015238832697869097,-0.2150129044327088,-0.1641574466758425,-0.04711255602737631,-0.10931600112278746,-0.13756109873381944,-0.12559603849866474,0.006658507678320727,0.030769195427365448,-0.19273893017453256,-0.07974855503239252,0.6843090195896323,0.6394546808487318,0.06787098776820201,0.5473906712753183,0.5790829616606057,0.39693811198871154,0.4481223086878602,0.934178712503877,0.6186263393601982,0.01495815804878083,0.6970284129098989,0.5087386144039852,0.5055598059808991,0.4228612726056493,0.0,0.0,0.0,3.0,1.0,0.0,2.0,0.0,0.0,1.7333140252265702,4.522932828480241,2.8486152978732036,2.793627216976274,1.8727480991914744,1.775738717946913,2.5494890291301187,2.622186007875236,1.7883318120716016,2.0,1.8449806388130012,-0.3728736016343405,1.0,1.0,1.8567897376790041,1.67900671477051,1.985727715331369,1.0,0.0,-0.2925098377537262,3.0,1.0,2.0,2.0,1.0,2.0,13.942438045709974,-3.115866626718576,12.028687320692967,0.41251839871171914,0.38347704859817877,1.4157560400124496,0.15019878979716678,0.20969856082279686,-0.6513476459701758,,,,,,,,,,,,,,,,,,,,,,,,,,,,,,,,,,,,,,,,,,,,,,,,,,
322381,0.9771328,0.35135135,0.29000000000000004,0.28192947697193393,,0.13151932120396792,1.0,1.2345896077072096,-0.10703308129547207,0.4877289659827872,4.0,0.575892558271121,3.0,-0.1538615056915897,0.22460109634178152,-0.6412274024359815,0.3769586861245845,-0.21983546188612285,0.12390573077094855,0.10153804600031549,-0.43446343462393283,-0.007413283310404778,-0.3119342116684178,0.08133904793273104,-0.3933072309526673,-0.09481065695608414,0.21482719719188265,-0.03496432105025921,0.222648439028502,-0.055840819833063465,0.6009352857256034,-0.10962024615933946,0.3476518528136736,0.21657083874005573,-0.10674369267166786,-0.02229002915180423,0.06267338570973781,0.6048015658613362,-0.12748300306096844,-0.11114989190254798,-0.22822729926614335,-0.5540255709989815,0.6224577086080088,-0.37869276364776355,2.0,0.0,0.0,0.0,0.0,0.0,0.0,0.0,1.0,1.593560514966839,1.335005606598748,-0.743266419545163,-0.15300103910680932,1.8813014318167258,1.9649898738773692,-0.35153086279659174,-0.4166461516778517,1.3938979769772057,2.0,-0.3840125166176982,3.017674105049767,2.0,2.0,1.9857913057329677,1.8170337558506984,2.243665234327313,2.0,2.0,2.4172526320357344,3.0,2.0,1.0,2.0,2.0,0.0,31.474539397949727,-1.184616455389809,-5.279339325883463,1.27495308688292,-0.03767162457312734,0.9194685840521128,0.061965030215175354,-0.23500241881153539,-0.03653916260224094,,,,,,,,,,,,,,,,,,,,,,,,,,,,,,,,,,,,,,,,,,,,,,,,,,
153539,0.736788,0.49680653,0.09999999999999999,0.01672075323499393,,4.881951019811576,4.0,0.14845628673945926,1.0519157298344366,0.01774192781165969,4.0,0.3362964206362914,2.0,0.6972696425883113,0.366985717186862,-0.7592307075192691,-0.10694763102408275,-0.09591800770542137,-0.04204095340157754,-0.02915006790848025,-0.21779039690174165,-0.11617022682376085,-0.05799914068622069,-0.07216257505202875,-0.15109297235419772,-0.052546511369118816,-0.12458222183220079,-0.03248795280722179,-0.2428373267281064,-0.14862263209591817,0.5867465931583744,0.5992298910707555,0.5808114308682836,0.5556076442794059,0.5545890671705757,0.012623787952739371,0.013804209844445983,0.009155852419082972,0.5462282117595947,0.004688782376799282,0.0060830822945971575,-0.012163048143342577,-0.008379767696888368,0.5292116259064955,0.0,0.0,0.0,1.0,1.0,2.0,0.0,0.0,0.0,-0.5667841817855968,-0.3759857635242077,-0.3646864502063137,-0.3628579293762577,-0.5573548719750195,-0.5498840264684902,-0.4040766935514883,-0.3846150483391358,-0.556210994437187,0.0,-0.5568310020540784,-0.3955614459329068,0.0,0.0,-0.5254732097096702,-0.5576173315308489,-0.5344981093602618,0.0,0.0,-0.40602622190046084,0.0,0.0,0.0,0.0,0.0,0.0,-6.646497039343357,5.299195080529307,0.7175367137742608,-1.2513181089568828,0.23709467849217009,1.304893781766377,5.91424920169947,-4.420094375788603,5.865065251328575,,,,,,,,,,,,,,,,,,,,,,,,,,,,,,,,,,,,,,,,,,,,,,,,,,
414939,0.9437184,0.4313648,0.27,0.2197729180535744,,-0.1475990637369509,0.0,-1.462954630474311,-1.192123915780044,0.6108276955087879,4.0,0.18530481238424523,2.0,-2.809109616094891,-2.688045733414188,-0.24869466247135796,2.0297305162909,3.455322947317138,-0.30417550156233836,0.7502839556566485,-0.30495804873949134,0.8849193380437578,1.0682582572810795,1.4113343831556706,-0.40347941260089687,0.9604271256462066,1.2395478749692281,1.7122666124730632,-0.0685818581274594,0.34086850055536755,0.8620275490802958,0.03810488411497322,0.08779133554726364,0.2675969030866568,-0.10348351990698887,0.11100803886958771,0.7382081002200677,0.8210544371571563,0.7993313991387261,-0.2620972927494538,0.8998432096551117,0.7803817256238799,0.6675615364749024,0.24337770291789856,0.0,0.0,0.0,0.0,0.0,0.0,0.0,2.0,0.0,1.8987848424344995,1.1444932467480613,2.323511390143691,2.9151093767376137,1.7964215004674737,1.8940080963069315,2.3777940525631167,2.6435699888661888,1.6401900730002918,2.0,2.0947954789713688,-0.22669342645332818,1.0,1.0,1.9408182211395955,1.62860604998762,1.3275068926393896,1.0,1.0,-0.3571299387684699,0.0,0.0,1.0,2.0,1.0,2.0,14.068798109592434,-3.180653415406619,11.7350427867711,0.18300539707965435,0.12831632680130156,1.4665900204777222,0.13880005415991628,0.4252732113296681,-0.309824925569709,,,,,,,,,,,,,,,,,,,,,,,,,,,,,,,,,,,,,,,,,,,,,,,,,,
178363,0.9088721,0.29829064,0.060000000000000005,0.00771172199313132,,0.11881471987536783,2.0,-1.2643166690058343,0.9369610171219374,0.004695990645443201,4.0,0.31533072352117425,3.0,0.31436431357970407,0.3633511427186811,-0.7511850421309265,-0.10118742727481064,-0.08835589381590318,-0.04209374872031688,-0.03072752049158321,-0.21976535359276916,-0.12706016328880648,-0.05195951844334888,-0.03471961395872814,-0.27747817275273556,-0.04712513340265544,-0.1021005404394799,-0.03275723166194168,-0.2548633710443944,-0.16676308279488572,0.6041292076119201,0.00048088334179398535,0.0026658487368314385,-0.006647303634600802,-0.003965107018152853,-0.0006854764275826008,0.45156935251359376,0.9936659520678051,0.5260243453910142,-0.009644408155193592,-0.010099934129707902,0.0020679055828304103,-0.01614479594747705,-0.0018968281081738773,0.0,0.0,0.0,0.0,0.0,0.0,0.0,0.0,0.0,1.7572367011180305,0.17735490461418846,2.793776462248289,2.798458897792421,1.8075366979049459,1.7925718226504497,2.586233686404445,2.6048557696394594,1.7840017128486274,2.0,1.8911821995722158,2.6777761930355433,2.0,1.0,1.7282915855331864,1.6950309056188397,2.088154320790944,1.0,1.0,2.5357994640319266,4.0,2.0,1.0,2.0,1.0,1.0,26.741204523207315,-0.3618784835979331,-1.0870891046527227,0.13343012568051069,-0.04318579574824536,-2.277086733009928,0.5508217766796387,0.9095923127211246,0.5506054974330334,,,,,,,,,,,,,,,,,,,,,,,,,,,,,,,,,,,,,,,,,,,,,,,,,,
233206,0.9989242,0.39731768,0.33,0.4524492658823626,,-0.2799736075392703,2.0,-1.644034750796258,-0.4611077466729842,0.16428030751475742,4.0,-0.5308147291210262,4.0,-3.0604087695649644,-3.4494277113862957,-1.6229742995673635,-0.63715860890856,0.25070449549578677,-1.096401165879558,0.6699401129513634,-0.7180541706799138,0.5013746025687809,0.02453064225697202,0.8562809898508905,-0.1705851426005643,-0.5507954568949376,0.6347798986053061,0.16680097211093872,0.41877607615335266,0.6295044050278301,0.14742895573122677,-0.3666179449589094,0.765272535707529,0.40623498697772,0.5975147272827056,0.33119269483834146,-0.182558915813255,0.7970438294369118,0.21224527432333157,0.05524302920039947,0.6410562907091264,0.09398505192639517,-0.11598106150501131,0.37718922240281894,0.0,2.0,0.0,0.0,2.0,0.0,1.0,0.0,0.0,1.2869979604136605,-0.45511792341885116,2.8276914158871094,2.5419219581957675,1.0770670538332365,1.4676163179765342,1.4123518012618188,2.898994635770285,1.6258869065392008,2.0,2.1409389558995557,-0.9687228060679898,0.0,1.0,1.3375353307154607,2.637611568834169,2.2737873500805983,1.0,1.0,-0.8554064734566333,4.0,1.0,1.0,2.0,1.0,1.0,10.614989760449157,-2.409310305383285,17.893030749180053,-0.30675118473324503,-0.07247593336672498,-1.970859532424315,-0.560507867070432,1.7196346039198338,2.6745063405932834,,,,,,,,,,,,,,,,,,,,,,,,,,,,,,,,,,,,,,,,,,,,,,,,,,
528409,0.94637847,0.31253463,0.18000000000000002,0.06325205919758363,,-0.6268335897587761,0.0,1.2177633569763464,0.8749072774917716,0.5618462262961558,4.0,-0.515299024875542,3.0,-2.81221817095689,-2.86720197218162,-0.7471255833122684,-0.14397623077418906,-0.09453782540927934,-0.07394956937351913,-0.22892815634554556,-0.1110709095984023,-0.13509071044267706,-0.10035750597336608,0.03161134089067655,-0.21706671642619776,-0.006230754167866143,-0.10979940850517295,-0.07409028648978508,-0.13362398027773503,-0.10701076168120721,0.5464906441720446,0.5954185637042657,0.5025632440382197,0.581262794188952,0.5786537300799672,0.5268715722987783,0.29999622871401765,0.9977776518974175,0.5054378741245321,-0.08680280799562475,0.6610818724493734,0.44181355407948725,0.5038485138701917,0.43440865070600615,0.0,1.0,0.0,3.0,1.0,0.0,0.0,0.0,0.0,1.7178490027640005,5.524291965408858,2.7167195878202652,2.72759754079297,1.9428608738750106,1.828325988984104,2.4643437491483384,2.7312621345287997,1.8363488981120786,2.0,1.8967631093355821,-0.48239698441841666,1.0,1.0,1.831531933945444,1.5940804382953577,1.5425503341637579,1.0,1.0,-0.43485614602181855,2.0,1.0,1.0,1.0,1.0,2.0,9.462159422689611,-2.4159454979177157,16.044469907340446,-0.6378541804607015,0.22723786771785737,-2.173638242995939,0.3443642226394036,0.6814167601623604,-0.5446140817457447,,,,,,,,,,,,,,,,,,,,,,,,,,,,,,,,,,,,,,,,,,,,,,,,,,
476474,0.99639755,0.4675456,0.22,0.11308859038292954,,-0.7500980271033577,0.0,-0.059148857858307244,-0.8323923830299469,0.560452659283362,4.0,-0.31862301074488286,3.0,-2.7940534529712457,-2.608677076180038,-0.6423511493019598,-0.15359139586003095,-0.1951243967464068,-0.21621599410470713,0.039778575066953134,-0.2041896924137099,-0.08062251719151302,0.013832896778828992,-0.06633907367775663,-0.2243215018913174,-0.004999959837751852,-0.07465838724851101,0.018676131464662585,-0.1558429701920663,-0.17840652283513206,0.7077436141248078,0.037582175421150395,-0.145358591219746,0.5603803001291877,0.5698538726459739,0.409370565468568,0.44098517869503084,1.0178441323788112,0.7109988628079003,0.014791021839172042,0.6346307149516887,0.4570743243450233,0.32786881753114444,0.18902703334592802,0.0,1.0,0.0,3.0,0.0,1.0,0.0,0.0,0.0,1.6963787789330187,0.2698994691342967,2.655015648348027,2.814615860331338,1.9036116271356005,1.9249665868983807,2.4317533725673846,2.5290156197986535,1.7730549245843956,2.0,1.9736455559879784,-0.6509688435568802,2.0,1.0,1.7676813623465588,1.5573226265258822,1.996479174704411,1.0,1.0,-0.29008081779383293,4.0,2.0,1.0,2.0,1.0,1.0,9.54259952385774,-2.557767601492075,15.902498049022435,-0.7384791024163504,-0.09129921424642895,-2.171500772131054,-0.07863213117861986,0.6349220102212864,-0.4179761798444085,,,,,,,,,,,,,,,,,,,,,,,,,,,,,,,,,,,,,,,,,,,,,,,,,,
393744,0.9923636,0.3198811,0.28,0.24919445743323487,,-0.7072612406343165,0.0,0.91110049899,-0.2142398179666631,0.7824923212631413,3.0,-0.390953629145405,2.0,-2.4942961202861884,-3.005959204502507,-0.6219051285908272,0.6014670167799187,0.10762337813180409,0.18789552711100505,-0.011762202343174155,-0.43526625334112834,0.21732177502751143,0.1662775816400832,0.7990149113789571,-0.021140769602368104,0.08796295804266015,0.10787557309511675,0.6547434319680883,0.20283459014736988,0.03139423592597537,0.46557339127627845,0.1826357633724099,0.784591920197284,0.037127592070168136,0.5423893583558681,0.49255081597443984,-0.16898234079395066,0.4902054136216591,0.658631120190174,-0.21084959925638658,0.6363003078464375,0.5371033427264037,0.5198920002346802,0.8801699506657921,0.0,0.0,1.0,3.0,0.0,0.0,1.0,0.0,0.0,1.859853338400105,1.3816535664679712,-0.7542220101989502,0.12880962611293933,1.6691484513836352,1.8072382645859049,-0.5454635455746392,-0.40749597224023737,1.7396101832014026,2.0,1.545361376313837,-0.6913065042892416,3.0,0.0,1.684722920369004,1.7425468029680957,2.0699010578298216,2.0,2.0,-0.45431877701880785,0.0,1.0,1.0,1.0,1.0,2.0,9.678399972259298,-2.6398543745319043,16.11809759439642,-0.6980651196267657,0.029512613145526265,-2.3679796825170136,-0.0757864002120564,1.1722104562137035,0.2583274717966521,,,,,,,,,,,,,,,,,,,,,,,,,,,,,,,,,,,,,,,,,,,,,,,,,,
153578,0.90198815,0.08433505,0.28,0.24919445743323487,,-0.691711672695729,0.0,0.33970094885418795,0.34498507125846,0.27290752913652994,3.0,-10.941475109874126,1.0,-2.8847342022601907,-2.692194925542707,-0.6893339968492936,0.12478461028684523,1.8666515445152039,0.24185521504065016,0.31027626967282645,-0.7009058378072234,0.6504398424184301,0.9701523086816013,-0.27165976520458535,-0.07824017668695793,1.6580580034778523,0.8609153696355664,0.8036047003248281,0.9256057774915236,0.5130802165504741,0.6305594659809485,0.31940493481685206,-0.14059133129246476,0.8734855836988433,0.7748635442526912,1.0918772393947176,0.5902703161888938,0.9809891338282642,0.216382531392883,-0.3935306483943966,0.7762170806618897,0.36906121579185625,0.31694416874994935,0.7882728857257868,1.0,0.0,0.0,3.0,0.0,0.0,1.0,2.0,0.0,1.6782528683503966,-0.022571462883315963,2.9999510839483468,2.6297475147525335,1.7904123922742174,1.7836468961281187,2.6685190282087623,2.9002735537450754,1.423085676359295,2.0,2.032324351965724,-0.4380325314765663,1.0,1.0,1.55635449426076,1.5991284106214794,1.6555256411429142,1.0,1.0,-0.5730300382581357,0.0,1.0,1.0,2.0,2.0,1.0,14.407817619349702,10.15175585648338,13.26176707699213,-8.238823007314936,13.743244749310549,2.2331519601391334,-0.8135076103235919,-2.985877688040739,-5.557629425116826,,,,,,,,,,,,,,,,,,,,,,,,,,,,,,,,,,,,,,,,,,,,,,,,,,
48419,0.9828965,0.4127918,0.23,0.12982628505779303,,0.8327682672074197,2.0,1.6495027591292566,0.8755912313994948,0.04324271214966196,3.0,0.10781450916216753,2.0,0.4961466404247466,0.4400555935566828,-0.783707931949995,-0.15489201021492904,-0.010948764124430788,-0.112117172240834,0.09585937064788741,-0.3195676399173988,0.07651620676087409,-0.07864069039123028,0.009435451484749842,-0.33452196888508007,0.11493395085116401,-0.02950601133155974,0.06558136488811722,-0.29990973101156737,0.039931533026147575,0.6243559970724872,0.08286965856039816,-0.08578078113815298,0.09681761022478542,0.011608621167032622,0.06040792687589969,0.5022192902390079,0.9805033647944538,0.07057028320475418,-0.06322126292716478,-0.1268786875730606,-0.1410307535935611,0.06932779089726263,-0.06454665386140865,0.0,1.0,0.0,0.0,0.0,1.0,0.0,0.0,0.0,1.8344632150275777,4.770499170293602,2.688936551104539,2.9815745307002346,2.088619083516143,1.885291088111579,2.4719985951911987,2.623673883569167,1.614810230198935,2.0,1.8592760694733579,2.6195807705735277,1.0,1.0,1.7780671334380933,2.02601318736029,1.759357653828942,1.0,1.0,2.4766815734590244,4.0,1.0,1.0,1.0,1.0,1.0,31.089973332138253,-1.2189586627299025,-5.314884682343655,1.1171194660837966,-0.06840931360254857,1.0564499552266606,0.11500140611416992,-0.37600133001613545,-0.6644544175915502,,,,,,,,,,,,,,,,,,,,,,,,,,,,,,,,,,,,,,,,,,,,,,,,,,
135216,0.99761814,0.29929698,0.31,0.35858330855333026,,-0.4961242184979431,0.0,-1.0094526632167904,-0.15753214952858535,0.8239434781419492,4.0,0.636007605390244,3.0,-2.7339543227348115,-2.027958677565123,-0.6503317245348823,-0.5165968180786137,-0.03661503917199968,-0.2754378210318398,-0.020484683779605967,-0.8190711738341497,0.19830594296754955,0.39975815799011283,0.2617099050844743,-0.5441517510795222,0.16612912447871525,0.48274590634390746,0.2094032460864975,-0.3759105347063566,0.2755970220730155,1.1394659576283708,0.6167142587016893,0.6800127409474561,0.654140862854882,0.30610371954301696,0.5924488385647545,0.18277251065385694,0.7346309130492208,0.3074148807581162,0.4066729544991046,1.221231772814274,-0.15147426853332902,0.5981296167584786,0.8187886792076184,1.0,2.0,0.0,3.0,2.0,0.0,0.0,0.0,1.0,1.947470203640553,0.41531540265168454,2.950113817824618,1.7067263667755213,1.4322594743628376,2.421844170980152,3.4718732821030165,2.8509500051705263,2.3968395335131842,2.0,1.3962322567566983,-0.43116568981957515,1.0,1.0,2.1147748736528,1.3064706509473447,1.8470851323853084,1.0,1.0,-0.4288533078928787,0.0,1.0,0.0,2.0,1.0,2.0,9.810632163447172,-2.2990475043104457,16.125444619016346,-1.029884776968348,0.43783268636154177,-1.9142717872701196,0.45978806062618144,0.6858129639039505,0.8029686282621552,,,,,,,,,,,,,,,,,,,,,,,,,,,,,,,,,,,,,,,,,,,,,,,,,,
226560,0.92079204,0.23956642,0.08,0.011477469205752985,,0.7534113978934145,2.0,-0.7869045149912978,1.05941454410568,0.003624171629479281,4.0,0.3124337250014996,2.0,0.3723090305329116,0.3722344663058984,-0.7514685308313676,-0.10332268367179498,-0.09904843238753777,-0.0503608462018303,-0.060094855114318994,-0.18992963238783978,-0.1193486562250504,-0.04764535271178038,-0.0324196179731462,-0.26975102513072396,-0.04548026282173317,-0.10072813648168638,-0.05921182421603515,-0.24635733072408403,-0.16408602286592058,0.6045961428643463,-0.01131464192000578,0.014014127083718221,-0.026982388778329747,-0.027788294358587543,0.002992946430453785,-0.002810765338073304,-0.011637114280994105,0.007235754620348033,-0.012351115408196512,-0.0004804206413924346,0.0022910384555218217,0.002299361166397771,-0.005481408552140603,0.0,0.0,0.0,0.0,0.0,0.0,0.0,0.0,0.0,1.7729923144030462,0.5671452639668809,-0.3552069675106746,-0.35505690695347786,1.8266523068792018,1.782482299717917,-0.3900173368832348,-0.37714125521211334,1.745972747595373,2.0,1.8733780813008996,1.9080581286611709,2.0,2.0,1.7423687591919486,1.7092108262824746,1.4518338469098144,2.0,2.0,2.5611706689382343,3.0,2.0,2.0,1.0,1.0,2.0,31.383648850969674,-1.1637940018091018,-5.258077261189858,1.1355770898193924,0.07394806118682401,1.0198795099128346,-0.04058814253439151,0.10846809835542492,0.15238303522496205,,,,,,,,,,,,,,,,,,,,,,,,,,,,,,,,,,,,,,,,,,,,,,,,,,
26005,0.98972136,0.1677841,0.26,0.19338051145240298,,-0.5690587209084061,0.0,-1.0594068168252533,-0.38962741390485517,0.35988359275721227,1.0,0.6524555905574586,1.0,0.09039291439345726,0.18465847374436578,-0.7926058667748396,0.09485664108645686,-0.12084032798251315,-0.03006075974777858,-0.0918018192590845,-0.08645749732453062,-0.6171203773758899,0.08880570663824171,-0.07994248598789418,-0.3147780033804471,-0.013764634174012932,-0.051003244660785166,-0.07544665515443155,0.11379895802598372,-0.3304553207839176,0.9354075981747189,0.1663479397756,-0.2554884784659397,0.3662065504361211,0.9077743026109335,0.8565731684383264,0.23172399869580193,1.2538789460703852,0.7503392724733724,0.04252141788812171,0.4294736660455536,0.7363293373668541,0.685515738454273,0.7766435155487643,0.0,0.0,0.0,1.0,0.0,0.0,2.0,0.0,1.0,1.6060038753696655,0.01928390060749774,3.1855017809577744,2.8290401311767672,1.3967994882877774,1.4906265897453814,2.379805812193166,2.9283341687971003,1.6192168890359662,2.0,-0.7816172105908762,-0.60579799810491,1.0,1.0,1.844531268339374,1.739724690141692,1.679254254256587,1.0,0.0,-0.3943150697516015,0.0,1.0,1.0,2.0,2.0,1.0,9.642849485324989,-2.3601516519045505,15.896149727202102,-0.32226675098510194,-0.3891750848397197,-2.2191019972305224,0.10363134575631694,0.9496133513202895,-0.3773530014262893,,,,,,,,,,,,,,,,,,,,,,,,,,,,,,,,,,,,,,,,,,,,,,,,,,
547304,0.7443906,0.480913,0.060000000000000005,0.00771172199313132,,1.8982400898185845,4.0,0.046497689442865815,0.08211308659226446,0.006115399436964585,0.0,-0.23691177997384807,3.0,0.14872861756197236,0.3529614802770608,-0.7445218502435474,-0.1025124222306786,-0.09351996296870572,-0.05526742361077268,-0.08271713116906552,-0.21454073858181255,-0.10960945506851014,-0.04678642243787683,-0.053077194229185845,-0.2117139744128153,-0.0503649120855555,-0.10693318381313982,-0.05867547516764173,-0.25109281738321293,-0.15305241296134628,0.6095724021949485,-0.00927965772077528,-0.01139551477390155,0.5363968551809779,0.004283837041321263,0.0035817179078926867,-0.003144236560103288,-0.0025905985510567215,0.5392116405040407,0.651978269445426,-0.006244878846035207,0.003181230704958751,-0.014056289266609694,0.5418520702652945,2.0,1.0,1.0,1.0,2.0,1.0,1.0,1.0,1.0,-0.5779425159829995,-0.4053956621963341,-0.3432009587798436,-0.3676180879822923,-0.5563264494678175,-0.556926458832788,-0.3791427224839349,-0.3795039321897038,-0.5579869645566073,0.0,-0.5444141871394022,-0.3895007177081494,0.0,0.0,-0.5599074248296033,-0.5666778399399219,-0.5604717072437384,0.0,0.0,-0.3921269240681387,0.0,0.0,0.0,0.0,2.0,0.0,-7.52696036204889,-0.003855838627225284,-0.6039532970975644,0.2613993896713374,-0.14145263914364503,2.189885640203335,-0.13451621554678897,1.1706390571484577,-0.7425558040861238,,,,,,,,,,,,,,,,,,,,,,,,,,,,,,,,,,,,,,,,,,,,,,,,,,
198865,0.5951296,0.44248223,0.02,0.0032300924127905565,,-0.8917473447282653,0.0,1.2196427218952304,0.8896147024232058,0.5881857743227065,4.0,-0.47955786271509787,3.0,-2.7250928043405347,-2.7908520122445517,-0.7550294395499434,-0.10014546142699543,-0.0853510825924985,-0.033160213836829266,-0.05065990499456542,-0.21891546631524564,-0.11066052406563386,-0.03440816137469248,-0.035397845526441526,-0.2727034892074695,-0.03606364594441732,-0.10315852699579711,-0.03569249298404267,-0.2432826930642678,-0.15141220090136512,0.6300044360141915,0.631339196920411,0.5720456711113365,0.5573699664666207,0.5648256115803658,0.5522667984560345,0.0030012737514756777,0.0006680479426941987,0.5351380365396088,0.00048659951529935467,0.6311095132824075,0.5365923074016339,0.5354133529696015,0.5550001240869784,0.0,0.0,0.0,3.0,0.0,0.0,0.0,0.0,0.0,1.71568873552094,1.7560161883934835,-0.3563173839304935,-0.35648217161449913,1.8003587969948045,1.823106036288462,-0.3834650263909835,-0.38865476489360046,1.7676070379873425,2.0,1.8917714213440042,-0.3909168900043173,3.0,0.0,1.85002100298836,1.896612677988058,1.9403435999809024,2.0,2.0,-0.3914699741456702,0.0,1.0,1.0,1.0,1.0,2.0,9.509132628038925,-2.6676669423402783,15.849287222021056,-0.5595728013877933,-0.10838016322371792,-2.153549991558351,0.23236899082618095,0.5011889420375671,-0.6115607840677294,,,,,,,,,,,,,,,,,,,,,,,,,,,,,,,,,,,,,,,,,,,,,,,,,,
414965,0.9954482,0.48148572,0.33,0.4524492658823626,,-0.36993992387498015,0.0,-1.0545258930992902,1.0253435047943025,1.2178177384732574,3.0,-0.14926588422811288,3.0,-3.077668180982183,-2.74330615557023,0.17895888758137823,-0.08702705440189895,0.2464965250582487,-0.48341928826378144,0.6705787811012234,-0.758471739483816,0.22015839470761625,-0.5634305423111593,0.3724454503345574,-1.0220189452122774,0.3397977335436128,0.8091057713550012,0.07033319098217383,0.33877743633832735,-0.27941489786019647,0.4736493708586039,0.008720224350319003,-0.2084633996971123,0.6909092305777663,1.1550083206843749,-0.04415846671948598,0.11642428869313981,0.5755945440124102,0.6214885243635925,0.06427667144612494,0.5055635591854466,0.2918022395365224,0.803297989274812,-0.1523322367312957,0.0,1.0,0.0,3.0,2.0,0.0,0.0,0.0,0.0,0.9316814559233656,2.0006189628341327,2.8040888308107217,2.8107578898267436,1.8970649718071726,1.3380942365216217,1.941306605844955,2.3195548008993057,1.6300853403339266,2.0,2.2894712659122156,-0.5530775841569338,1.0,1.0,2.3494787855736203,2.1065253649510582,1.8844299093015828,2.0,1.0,-1.3210014814616344,0.0,2.0,1.0,2.0,1.0,2.0,14.025069539292275,-2.664234553570738,11.866602993621465,0.6663711916426223,0.9220125761197414,2.5620395960092193,0.3316373916701162,-0.09894656615890152,-0.2668920403641064,,,,,,,,,,,,,,,,,,,,,,,,,,,,,,,,,,,,,,,,,,,,,,,,,,
194666,0.96518356,0.34880048,0.17,0.05427181375432048,,0.7305918190951408,2.0,-0.8172024174824917,1.1066389892946673,-0.06254875549045975,4.0,0.2531980509684075,2.0,0.19491062708031207,0.31244290420633547,-0.7856516060447339,-0.11566383796860719,0.04163193749046308,0.02066383371718227,-0.009010361863467046,-0.16113801115907347,-0.11804421478792466,-0.03139996266169742,0.04859597350825692,-0.2823424359544224,-0.08360949425413775,-0.021394290523464907,-0.09058493701939654,-0.20164953661410534,-0.22278176101521951,0.6440371397304676,-0.05223923877704844,-0.021346091340143498,-0.006544853957410828,-0.12250777144298346,0.03713406270812337,0.8566990051243262,0.9932144053363186,-0.05384236814576392,0.10355010645440865,0.017914690495939998,-0.0023166013786200886,-0.02724856970869577,0.06689201802981447,1.0,0.0,0.0,0.0,0.0,0.0,0.0,0.0,0.0,1.765292134337801,-0.005231672464168773,-0.3391586984965877,-0.35073933923862083,1.8013374365914954,1.8283037140122538,2.694318800932819,2.58936740420831,1.7894545857249917,1.0,1.795332080682847,-0.47481411079561286,2.0,2.0,1.739884052387264,1.5148731880492534,1.4584697724981486,2.0,1.0,-0.39446271816427375,0.0,1.0,1.0,2.0,2.0,1.0,26.650316975859436,6.207513290143048,-9.967760341222627,-2.309600374845287,-0.34340510727788237,2.2936860597871904,-0.42773540140679533,-2.671591427556069,1.5526568421039528,,,,,,,,,,,,,,,,,,,,,,,,,,,,,,,,,,,,,,,,,,,,,,,,,,
504536,0.71706957,0.35794637,0.05,0.006265852597583031,,-0.31149980057530385,1.0,-0.4183172369862798,0.6223615840082013,-0.002498586135096986,3.0,0.30776377164435037,3.0,0.42327838221223957,0.35116402093673166,-0.7557521682346546,-0.10269246968750564,-0.09147486837308243,-0.04630234225191064,-0.044536337759807684,-0.21294094326718035,-0.11460257608761663,-0.048585132562331795,-0.038054750820945,-0.259581858746245,-0.050667778746179934,-0.10667543396486495,-0.042291977155272636,-0.2576384024331837,-0.1658486117186838,0.6101829773974359,-0.0070398839589166165,-0.002888271573729315,0.006896674323512017,0.005205203504173703,0.007712041462005589,0.5494027685840444,0.9963960542761192,0.00847451969707705,0.0073256729008814615,-0.003032796346310216,0.004165812756421544,-0.0029114027332383806,0.0011081637502217915,0.0,0.0,0.0,0.0,0.0,0.0,0.0,0.0,0.0,1.7694692359385062,-0.042276645437159074,2.8022534424317156,2.7938517565086975,1.798094976649357,1.8028748330665203,2.6067849903931104,2.608156792491027,1.776620698292848,1.0,-0.5245279705599042,2.676220973421139,1.0,1.0,1.7274471280357704,1.8368808538505697,2.0011059220149523,1.0,1.0,2.5422716116428647,4.0,2.0,1.0,2.0,2.0,1.0,31.410886061223398,-0.5356780341167776,-5.252163707679285,0.9124892646000302,0.31809458117247086,1.0630816267088934,0.014010055368209363,0.17981096124619111,0.47224840582492317,,,,,,,,,,,,,,,,,,,,,,,,,,,,,,,,,,,,,,,,,,,,,,,,,,
332942,0.8225245,0.46112192,0.05,0.006265852597583031,,1.5963392982587528,1.0,0.439258939268594,1.1091970129793804,0.0004899775962873831,3.0,0.30925625140088064,3.0,0.20023751036948384,0.35088925697789675,-0.755611563633031,-0.11536936345975421,-0.08995188417692145,-0.04311284969912538,-0.04060121039349657,-0.2197519848586882,-0.10574179185636787,-0.049585496810143855,-0.043488028626685334,-0.2545385892552734,-0.03543258512805709,-0.09386997992706593,-0.05015592287534795,-0.23620751605993018,-0.18100091722624892,0.6167007809355853,0.005036957861261994,0.003043079426311237,-0.002683007761586862,0.000784538768800731,-0.004029760891554486,0.0028917339518639996,-0.002353003536675032,-0.001398949852201445,0.00703919270417446,0.0003666729391142706,0.008758224413401806,0.5362578086846864,-0.007020764714299648,0.0,0.0,2.0,0.0,0.0,0.0,0.0,0.0,1.0,1.755965713445707,1.1519970087914333,-0.3632409785707766,-0.36166224354757254,1.8478219440581325,1.7377592481483646,-0.387395679286703,-0.3828868232170715,1.7793787211505807,2.0,1.854618037779946,2.408517916273884,2.0,2.0,1.7391158272471086,1.708848962000362,1.6486409407758493,2.0,2.0,2.567073024966133,3.0,2.0,1.0,1.0,2.0,2.0,31.157080119681233,-1.1912627520671961,-5.410434817392869,1.1616747976444364,0.08350777696317936,0.9886885806127103,-0.12370175555285053,-0.19110314508267912,-0.5391195184939923,,,,,,,,,,,,,,,,,,,,,,,,,,,,,,,,,,,,,,,,,,,,,,,,,,
169947,0.9901646,0.41072518,0.28,0.24919445743323487,,-0.1429540331906053,0.0,-1.53039751064419,1.1145870901205748,0.8224428313104357,3.0,0.16367950695227473,4.0,-3.132913231507297,-2.7077391023586577,-1.1315034676451043,-0.015020070999295004,-0.19767762817984041,-0.30244735658639466,-0.3286901124806307,-0.3894132416989736,0.5163230884758367,-0.21869385131572425,-0.27020719079789424,-0.3151980957726554,0.386609933471804,-0.2214708994893166,0.0897340331790085,-0.05661043741667174,-0.07153367568881776,0.954212810615256,-0.5033358272611796,0.7077971328081804,0.5816096185478733,0.5039804518813263,0.743976995956807,0.3143783272058678,1.3392694377779013,0.5188136483632063,0.15410495199415142,0.2928594339616616,0.2818158282364032,1.0574298661895762,0.3195291171788681,0.0,0.0,0.0,3.0,0.0,0.0,0.0,0.0,2.0,1.7036373068861526,4.848217926682899,3.028031871240058,2.932868374320368,2.3537053985918335,1.6227113207384174,2.343900087934852,2.5251540959232086,1.585900282014853,2.0,1.9006678341650467,-0.3154542596275931,1.0,1.0,1.7846954999289126,2.4916352398932684,1.4168835312108716,1.0,1.0,-0.23346810105509377,0.0,1.0,1.0,2.0,1.0,2.0,9.71219199350397,-2.2372110006759907,15.863053089721731,-0.6866849541612331,-0.0689934713625193,-1.8758622955937416,-0.09267122151290877,0.21489163388491284,-0.317914199789086,,,,,,,,,,,,,,,,,,,,,,,,,,,,,,,,,,,,,,,,,,,,,,,,,,
451516,0.9756619,0.29609162,0.17,0.05427181375432048,,0.9667882990664987,1.0,-0.012714097987960304,0.022619719391211088,0.005910958293428291,4.0,-0.2385028336855698,4.0,0.5402486764628579,0.45980294159689317,-0.6773430680671996,-0.1854777421745641,-0.07274410064331864,-0.0002715485579406138,-0.07697838889366782,-0.2110179190348788,-0.04790546523580611,-0.01644247603125088,-0.030071630643803006,-0.12928125576041954,-0.10872388740893749,-0.046026031096173266,-0.057231952729233156,-0.15090140053875112,-0.034419931975638834,0.6447993562286091,0.5714788143849201,0.5199350820269146,0.7854018994073206,0.6342394268236626,-0.06302110982169316,0.018593257926515113,-0.14627938307135652,0.6609305277338016,0.05097262411681307,-0.0037777101960038326,-0.028602978342524156,0.12731245342503422,0.8552206665593922,0.0,0.0,0.0,1.0,1.0,1.0,0.0,0.0,0.0,-0.5777803536187692,-0.3958351463574758,-0.4427371439702227,-0.3924798223345436,-0.516178635820126,-0.5649668039211069,-0.32916630028462585,-0.38884647526339894,-0.6367968202666651,0.0,-0.5420245155535386,-0.32061900642480834,0.0,0.0,-0.5088637656263383,-0.5183284213607787,-0.509106319852561,0.0,2.0,-0.3830992738147006,0.0,0.0,0.0,0.0,0.0,0.0,-6.695414190377724,0.850492551122694,0.34936851081254433,-0.08115539955437046,-0.009309562493656637,0.597068198152644,0.5012454405964892,-4.398017796639543,2.112575616855503,,,,,,,,,,,,,,,,,,,,,,,,,,,,,,,,,,,,,,,,,,,,,,,,,,
56702,0.8966291,0.4549343,0.08,0.011477469205752985,,0.04603184635844645,4.0,1.2538151020368844,0.951623702163579,0.00907148352953628,4.0,0.3289260457093505,3.0,0.2817270051940097,0.3511208458533124,2.257050509719909,-0.09514172329142118,-0.05978532084234433,-0.04657935752606805,-0.050122515595200104,-0.23205760465501407,-0.08900406052352178,-0.06662172764598104,-0.028734227606098586,0.08818581222039579,-0.062429303015978314,-0.06066182644369897,-0.05075157385630245,-0.2500270915674868,-0.13389454572770623,0.6143541853280934,-0.004721904957906433,0.5261996931448955,0.5440079218963082,0.5481735439219422,0.0038319195338776648,0.0003431971191671742,-0.0012905957630530555,0.5572524075837098,0.5704136992286439,-0.005624344083258429,-2.9775971758871866e-05,0.012724458622030426,0.5554551338594237,2.0,2.0,2.0,1.0,1.0,2.0,0.0,0.0,0.0,-0.5850618441704406,-0.39908854971096197,-0.3698406043355217,-0.3518155665579289,-0.5483432602014793,-0.541338892792946,-0.3775188191137978,-0.37417366169408156,-0.5659715504765432,0.0,-0.5151422971935616,-0.4022121316637568,0.0,0.0,-0.5724024276682361,-0.5622899656978596,-0.566536328133098,0.0,0.0,-0.3817226518371565,0.0,0.0,0.0,0.0,1.0,0.0,-7.500860675105498,0.6966647252407988,-0.5300052226713438,0.005481043873953094,-0.006943686542279862,2.2498989156407423,-0.08424220733494564,1.2694780530462675,-0.40331485898329256,,,,,,,,,,,,,,,,,,,,,,,,,,,,,,,,,,,,,,,,,,,,,,,,,,
534970,0.98525167,0.31314373,0.3,0.3182832888392961,,-0.7111650860562521,0.0,-1.2392821581920885,0.6941867396774775,0.8045732086235678,0.0,0.5608268194970122,2.0,-2.3600384297349035,-2.836268618059014,-0.8218822357215593,0.13987416926175442,0.1890465331541495,0.058786816568375144,-0.4853827258408852,0.5215531355415814,-0.4091770164492357,-0.025790216212901514,0.14009784356248622,0.6918491748017447,0.16017435746711897,0.2225579316373386,-0.6456234875941562,0.4266909549757384,0.07443948984132928,0.4115127319311021,0.3198494988324235,0.4410249303683332,0.2053292940454805,0.258334095929062,1.0974844200141889,0.08261182139329482,0.7948114650616446,1.1350716626663133,0.11070222383523819,0.5240442824159137,1.254980084845298,0.033051639591337056,0.9785735531653694,0.0,0.0,0.0,3.0,1.0,2.0,0.0,0.0,0.0,1.822671937768371,2.2162551970208555,2.719980652751344,2.573869715783777,1.6714677743513742,1.2499674663171454,2.5693922202950104,2.6320827673387113,2.1011390090467126,1.0,1.5578934891549965,-0.662599413601523,2.0,1.0,1.4712982744296133,2.049756684570487,1.9487529590211483,1.0,0.0,-0.4843357053923136,0.0,1.0,2.0,2.0,0.0,1.0,9.856843070650394,-2.7728621603286117,15.814657213597851,-0.48391424246637915,0.26932208523335366,-1.8004207205359883,0.07453655272959869,0.6729126527185592,-0.8965577898082044,,,,,,,,,,,,,,,,,,,,,,,,,,,,,,,,,,,,,,,,,,,,,,,,,,
260208,0.5376433,0.4122637,0.01,0.0025521382703821843,,-0.28834193379479023,4.0,-0.7965263750673696,0.7554512951639625,7.729417790138578e-05,3.0,0.3024989046311306,2.0,-0.04850757685602401,0.3569821306499644,0.9792067968364541,-0.098863593160077,-0.09281216508768475,-0.03749290476194237,-0.057318553750241794,-0.2219045837813387,-0.11101291125403054,-0.0455280956637137,-0.052940268157568866,-0.21357602267448828,-0.06161080113477502,-0.09661857994783389,-0.03770410332041815,-0.24347112157627063,-0.1503902092335766,0.840296109852719,0.6070983924130412,0.5486953794001356,0.5292053592643329,0.5495627543262072,-0.0046420428889644766,0.0003701115172889732,0.001395419273565839,0.5297677852673532,0.598191625720983,0.0014204872022728215,-0.0009511674976418989,0.0026439745520287754,0.5359447233573809,2.0,2.0,2.0,2.0,1.0,1.0,1.0,1.0,1.0,-0.5758025212692746,-0.39365609549112945,-0.35813534846947565,-0.35662799642173526,-0.5558534664936459,-0.5527759565315841,-0.38492209794480237,-0.3836577758002016,-0.563124017552909,0.0,-0.5309858422811831,-0.3917790885295703,0.0,0.0,-0.5648441461694358,-0.5519768553426496,-0.554400471159504,0.0,0.0,-0.3906360716099767,0.0,0.0,0.0,0.0,0.0,0.0,-7.534125312663349,0.13191418782198974,-0.5927360058518102,0.2563360892638587,0.043622811326781134,2.2087391764116413,-0.079771897437462,1.2593092374164254,-0.39940557990708914,,,,,,,,,,,,,,,,,,,,,,,,,,,,,,,,,,,,,,,,,,,,,,,,,,
342629,0.7188377,0.4927717,0.03,0.004056900182200707,,-0.06778114758496176,4.0,-0.7623550688642271,-0.7364413328644694,-0.004447177941826601,4.0,0.32166646424326495,3.0,0.40410823190470746,0.35777794716005407,-0.7569432033392897,-0.10116757605789471,-0.09134602855085408,-0.03554053645832532,-0.051997672797828194,-0.2182932283134679,-0.12451256272834899,-0.05031658487097826,-0.056286440024934575,-0.1459462898350169,-0.05027469695719353,-0.09982062384063436,-0.0435144938297088,-0.243297470276188,-0.1485558809315038,0.6124609469443484,0.6087761175872047,0.5499709703199087,-0.0025953482691599824,0.0033222639331209405,-0.007889790309738418,0.0031982888516084865,0.0028955135913433503,0.5307774990616106,0.0006137449795132025,-0.0027090130712757346,0.004807843158662207,-0.0031730458824271008,0.5285607656924214,0.0,0.0,0.0,1.0,1.0,2.0,0.0,0.0,0.0,-0.5745399290444416,-0.39791056587952034,-0.36044018557604535,-0.35676615498514264,-0.5473141928482567,-0.5501546433741737,-0.3898657955404711,-0.3837882754263169,-0.5671262680141413,0.0,-0.5285854285483477,-0.39459046989587854,0.0,0.0,-0.5621903143958928,-0.5548157044381017,-0.5523481683990388,0.0,0.0,-0.3876707863939208,0.0,0.0,0.0,0.0,0.0,0.0,-4.88703870029931,0.6114881696568913,-3.246885340486094,0.12998285398283155,0.461899925515984,-7.265725467347396,0.8566232674437947,-1.8796783417673297,0.809116807978711,,,,,,,,,,,,,,,,,,,,,,,,,,,,,,,,,,,,,,,,,,,,,,,,,,
61497,0.997267,0.27733946,0.29000000000000004,0.28192947697193393,,-0.5557659389205016,0.0,0.7795047389004437,-0.1855434541332509,0.25982713462287443,2.0,0.38801725880431936,3.0,-2.516092855309724,-3.050058830280746,-0.4826985272731525,-0.17042940708696608,0.0990238789305192,0.3730218882595187,0.208627066048504,-0.24562836320638526,0.36185893008125986,0.21884671091054303,0.02192636441972773,-0.3137701287988005,0.10151406731906824,0.5149926535928655,0.22134386053986999,-0.6319792329566255,0.059764396381274454,0.895519387669941,0.03968746490032327,0.80361240860504,0.5072670303068534,0.5773302629029589,0.6250955756104404,0.3992722060023741,0.87244173273183,0.5382387195846955,-0.46404793933976174,0.91746535709718,0.6682614075074383,0.6123742130675283,1.1364572972521847,0.0,1.0,0.0,1.0,0.0,0.0,0.0,0.0,0.0,1.9453484304854882,0.3045637447842814,2.6400116850460322,2.8836417759509114,2.23940298031256,2.0980229705870235,3.003004209367458,3.0150198712991307,1.4312734450670703,1.0,2.013467238214185,-0.28721565618856587,1.0,1.0,2.0704902674729366,1.6611762052430654,1.0993416096129178,1.0,1.0,-0.05484538651488896,0.0,1.0,2.0,2.0,2.0,1.0,9.355732283867065,-2.536788102529871,15.908733019268402,-0.30157960909765985,-0.12102801810463563,-2.639218518192159,0.1965762169192199,0.6804956633119759,-0.22228915601697044,,,,,,,,,,,,,,,,,,,,,,,,,,,,,,,,,,,,,,,,,,,,,,,,,,
537472,0.9331986,0.159043,0.19,0.0734769996100588,,-0.4365237823591166,0.0,0.8194336232810964,0.11213161725164032,0.5824415501564015,3.0,0.3280188781381436,3.0,-2.764368626242278,-2.7366657266283885,-0.7172384289180127,-0.04271268181779695,-0.0648503023013703,-0.003522986296571537,0.05257209864430007,-0.14433028185627716,-0.20219735316973816,-0.09329617343938976,-0.013353068032871448,-0.23455989222368004,-0.0466507230834349,0.06795883855316096,0.041518872857936207,-0.026264969234961716,-0.14425047209228592,0.5208282306536379,0.6678175263734509,0.6353069648241074,0.6375094202692745,0.5286377439534719,0.5592696711532241,0.5344482278311582,0.8525264946712112,0.676147859658013,-0.045959330860987115,0.5947753125933286,0.4093283728596331,0.46854122143608756,0.6607533026462037,0.0,0.0,2.0,3.0,0.0,0.0,0.0,0.0,0.0,1.8038173048525556,0.4910552576746209,2.8124414618202445,2.9744750919927307,1.8627105076350572,1.6520542109631067,2.532199778234958,2.616043447776232,1.7830043667967783,2.0,2.0307563535193554,-0.4081595952106436,0.0,1.0,1.8773988581548544,1.9857150451357584,1.8531244805601517,1.0,0.0,-0.44442486972858086,0.0,1.0,2.0,1.0,0.0,1.0,9.644705447843439,-2.5741675329598457,15.834683366899833,-0.5814680695745448,-0.03194181434484443,-2.194800628234896,0.3306796272857025,0.6284896324509731,-0.3399948783368938,,,,,,,,,,,,,,,,,,,,,,,,,,,,,,,,,,,,,,,,,,,,,,,,,,
549488,0.9969494,0.29844055,0.22,0.11308859038292954,,0.15142441680048732,0.0,0.70049586684151,-1.180820205960901,0.46748368661132644,4.0,-0.522379099739607,2.0,-2.8812726077868613,-2.8899529655383462,-0.9127265139418841,-0.06973330456384003,-0.06367783407424632,-0.06770525032653833,-0.08358233419782135,-0.1408830137825389,-0.3211374393239531,0.004198128412115913,-0.06428335867895822,-0.3378834697106521,-0.0482312925091124,-0.046359538596246905,-0.14863121121920778,-0.1641950424301798,0.11427402069321418,0.6027541475747791,0.037953805960088564,0.37889603965310903,0.34853577203224817,0.5662222846926326,0.35100824946055775,-0.13437940437388715,0.06258143073893221,0.6624366812207331,0.09218638674873395,0.5985765195463179,0.4885239411141787,0.6059004443101549,0.6460667009295947,2.0,0.0,0.0,3.0,0.0,0.0,0.0,0.0,0.0,1.7238327833530163,3.758507621393936,-0.24696074175319604,-0.40303893471926533,1.8226981998934575,1.8815287251167627,-0.3972429002205689,-0.3502362253189033,1.8100477250985971,2.0,1.8553420564939478,-0.5173435203479656,3.0,0.0,1.7716999419738346,1.6846497990847966,2.0617574683402466,1.0,2.0,-0.4950784722700191,0.0,1.0,1.0,1.0,1.0,2.0,9.662986860183365,-2.411051577088355,16.1761037795881,-0.788332312410389,0.4105613622534218,-2.1055401370907494,0.10323513433197483,0.7683688316185141,-0.16923607531661,,,,,,,,,,,,,,,,,,,,,,,,,,,,,,,,,,,,,,,,,,,,,,,,,,
196685,0.66802496,0.3468922,0.06999999999999999,0.009434629620313228,,-0.5064557646754384,1.0,-1.6837715525097539,-0.7328491886978739,-0.0004749434726038495,4.0,0.3210879283741512,3.0,0.14209181876260427,0.3720271423176422,-0.7416744038829111,-0.11132487463037039,-0.08884246306146013,-0.033324463690757436,-0.02674214126466582,-0.20780238726181136,-0.13312581164108234,-0.04560563284234252,-0.04304072323283753,-0.27468348859984626,-0.052601834445418244,-0.10122218503113498,-0.04079791830478428,-0.2505813402309353,-0.1487590809768718,0.6187482838944495,-0.0031002853568533714,-0.021216762508501047,-0.011123670036690727,-0.00015785391485093175,-0.014522372660925372,-0.014817072046184055,0.01399399267090856,0.0076821169858175085,-0.003879376761283754,-0.009652952447981186,0.017930464901503223,-0.009905802258758449,-0.0071721782369458835,0.0,0.0,2.0,0.0,0.0,0.0,0.0,0.0,0.0,1.754654614839816,0.026631827498992962,-0.3450630969608412,-0.3735324774391897,1.8023492055241184,1.8158422341502212,-0.38811404584688414,-0.37233368474887146,1.7422751271721435,2.0,1.8922366451290509,2.6678606681907295,2.0,2.0,1.7329732556460506,1.4944354628823877,2.09616681145826,0.0,2.0,2.5373932389696634,4.0,2.0,1.0,2.0,2.0,1.0,31.161130639060133,-1.2044453773570456,-5.397104871564599,1.1524106564356187,0.07637864296537974,0.9699621228788622,-0.12497296089625999,-0.20474685388866962,-0.534364175883703,,,,,,,,,,,,,,,,,,,,,,,,,,,,,,,,,,,,,,,,,,,,,,,,,,
73726,0.9920089,0.42627743,0.35000000000000003,0.5666345800318102,,-1.3041599440345855,2.0,0.4282892700351532,-1.639395980130103,1.1820775542497093,0.0,-0.7593498982549347,3.0,-3.2618565273321893,-3.27946027991016,-1.3102759636019268,1.0019332905517235,1.1437292710587428,-0.3252830084700981,-0.1954749671063193,-0.4672081188123006,0.3100474028953651,0.6456019243224831,0.47217333698661806,0.5682801281867104,0.8100936278923215,-0.4801070711714742,0.10717185473512847,0.13258568935994536,0.24117866196352244,0.4300765631588399,0.0116955343595996,0.20199734445921333,0.3287770759088736,-0.05526283112023678,0.960068357573529,0.5462481108802173,-0.41324508367882,0.3562707910427154,0.6322737094015509,0.40427500626397456,0.8709154622762633,2.169308175283924,1.561981635458423,0.0,0.0,0.0,3.0,0.0,0.0,0.0,0.0,0.0,1.978650519771882,1.3287550210227899,-0.30213750259821626,0.52103755063824,1.7463993300154865,2.6207935509112574,-0.17661860571933916,-0.422362628518435,2.513589401522138,2.0,2.8409917775027873,-0.9566281739059056,3.0,0.0,2.433949777354468,1.9789446103329797,0.6838004679074525,2.0,2.0,-0.27203844653118403,0.0,1.0,1.0,1.0,2.0,2.0,13.557034055932732,-4.143623672527447,11.92470514712914,0.19457045601730058,0.41197205062904557,1.1046916179874182,0.2550773777602018,0.5660542965291091,-0.8615357181295009,,,,,,,,,,,,,,,,,,,,,,,,,,,,,,,,,,,,,,,,,,,,,,,,,,
188363,0.6662193,0.49686408,0.01,0.0025521382703821843,,-0.43456243943517764,4.0,1.0571538388915358,-0.7574549750502568,-0.007090839478115939,3.0,-0.8159020444236985,2.0,0.0872718393147197,0.35716091402242267,-0.7558099531279465,-0.1020509258964725,-0.09579926862967267,-0.03912416495634874,-0.05895639140765517,-0.21851743030825274,-0.08607310595610175,-0.04443437503669564,-0.05358575153138507,-0.09142428419850201,-0.05102681519638875,-0.09274237866710884,-0.04134725975849002,-0.22843902172156424,-0.1543258531727036,0.6112482493786431,0.6144310883521076,0.5473078797866465,0.5372806404438774,0.5492205983748296,-0.0005724278097868806,-0.002170737293084901,-0.0021328544244339632,0.5352782701940756,-0.002092917378460084,-0.005659666156449359,-0.002103455963851449,-0.00066513817688265,0.5347374917055115,0.0,0.0,0.0,1.0,1.0,1.0,0.0,0.0,0.0,-0.5705793531382735,-0.3867619144576715,-0.3601431354883638,-0.3589206495873555,-0.5548396402612398,-0.5577658331865188,-0.38481648185021783,-0.3817663832151042,-0.5608158832474828,0.0,-0.53205429419759,-0.3899646496654656,0.0,0.0,-0.558486748161068,-0.5602842552364214,-0.5550158098663622,0.0,0.0,-0.3888469841617452,4.0,0.0,0.0,0.0,0.0,0.0,-6.576642043606666,0.7100233819799587,0.37956670338348675,0.03934583623944896,0.15459833431639944,0.44872438907140966,0.05025010206034171,-4.312508556637089,2.0494003471326514,,,,,,,,,,,,,,,,,,,,,,,,,,,,,,,,,,,,,,,,,,,,,,,,,,
364710,0.99437875,0.35684985,0.2,0.08508720268939021,,-0.8380617689742658,0.0,-0.14971887977555817,-0.8920067726299856,0.49293512302230824,4.0,-0.3222942107071109,4.0,-2.668295624722455,-2.738288054288466,-0.7096473275248556,-0.13718773685898597,-0.1236069637535567,-0.019347402000078937,-0.03163794490372051,-0.17351893635433235,-0.07202042451226687,0.02323786584302618,-0.17905002595709352,-0.19854601889432166,0.06406858947392809,-0.13008353371947726,-0.04809456910435209,-0.15816541239874715,-0.21465724799083724,0.47261507774402045,0.00950957974771374,0.044398370013992196,0.4863471650331982,0.7186068537992598,0.5462543569486454,0.47248735628717997,0.9443318968976127,0.42652604773948644,0.10418572176105934,0.6744431850194554,0.50004260094846,0.4089985618601546,0.764001670206603,0.0,0.0,0.0,0.0,0.0,0.0,0.0,0.0,0.0,1.7419880907133716,0.13674965219280377,2.756452596184296,2.708183052641776,2.00854874027261,1.7296229911235201,2.6208142079890027,2.596579079824931,1.732629254318535,2.0,1.8768698082051662,-0.5990287241858774,1.0,1.0,1.8817288905760916,1.9637313915092052,2.0023663230131357,1.0,1.0,-0.39419672800643396,0.0,1.0,1.0,2.0,0.0,1.0,9.717679230626452,-2.6686696921092965,15.843579414456439,-0.6486298454148243,-0.0633326492458354,-2.1515484906452653,0.17134165224103629,0.49148737852281055,-0.6442977995360232,,,,,,,,,,,,,,,,,,,,,,,,,,,,,,,,,,,,,,,,,,,,,,,,,,
511029,0.5962523,0.32487378,0.01,0.0025521382703821843,,-0.6954956760509837,4.0,-1.3655070873791768,0.6519868904514108,-0.00497679753504537,4.0,0.32653114022817176,3.0,0.37109986908083775,0.3629296766484272,0.9375268164908003,-0.09177271458434848,-0.08352862327063662,-0.03800776755575114,-0.0609311909560496,-0.22206649997901015,-0.11307660091591541,-0.05041491160000179,-0.0572629300012333,-0.15367536177362523,-0.056178117365379907,-0.10191720205829666,-0.04716385180057385,-0.2241874043331488,-0.13098736418083423,0.6106645868270063,-0.0010085715014136422,-0.0034296088095286674,0.5525202373580776,0.5566355236799795,-0.0007751754827849416,-0.0006630194116940648,0.0006477852293201015,0.5348723916230923,0.5996147800771582,0.0037279749265620773,-0.004058460693037726,0.004019022247529,0.5505644262238353,2.0,2.0,2.0,2.0,2.0,2.0,1.0,1.0,2.0,-0.5732492517754989,-0.39088176851263673,-0.3565027575927778,-0.3592181199078205,-0.5543643774377247,-0.5544673015661367,-0.38611683963775234,-0.384674963452567,-0.5648328958736863,0.0,-0.5254631248368633,-0.39630804553916515,3.0,0.0,-0.5611702765006819,-0.5542000792971724,-0.5535503174471246,0.0,0.0,-0.3935231724717499,0.0,0.0,0.0,0.0,0.0,0.0,-7.5277284176324555,-0.013984044879545635,-0.6032993064553617,0.25912044750821206,-0.13905957521567547,2.197873281529978,-0.14077646375943786,1.1813882893378838,-0.7224438434672308,,,,,,,,,,,,,,,,,,,,,,,,,,,,,,,,,,,,,,,,,,,,,,,,,,
275788,0.9931819,0.41952097,0.14,0.03356392623053241,,1.032275286012995,3.0,-0.6618146408747427,0.9580291554557958,-0.1331665268781364,3.0,-0.4355687226836614,2.0,-2.714157071889661,-2.7907079116232243,-0.7316768576724891,-0.10523512284979275,-0.11566658310997571,-0.022626019977169676,-0.03977773714403968,-0.21254503915949677,-0.14657702230982395,-0.02009044762753842,-0.0031796684910363887,-0.2673203957257935,-0.011018014269968297,-0.06843449861382438,-0.08125282738520662,-0.2354881161752384,-0.09122040327267167,0.6318843256982797,0.0017231986967327696,0.01614496969175101,0.521776308128931,0.6017696714071802,0.5434412707177666,0.4019984622560746,0.9774312135272643,0.5285220650691057,-0.08381855034675192,0.5811923131191558,0.5520872426104284,0.4541623273431684,0.5686168455584549,2.0,0.0,0.0,3.0,2.0,0.0,0.0,0.0,0.0,1.754526469143401,0.5521328194843645,2.7723978036287824,2.812631271237911,1.9094213163646225,1.803599804318526,2.5126172826308637,2.6710983750639334,1.7288533187511959,2.0,1.9298968339831426,-0.3644860217899395,1.0,1.0,1.7030532181281202,2.109495620977855,1.4989881584910132,1.0,1.0,-0.4439263869032945,0.0,1.0,1.0,2.0,1.0,1.0,9.728208527763755,-2.592865279925103,16.111084250892993,-0.6427055224036006,-0.08173944231750446,-2.239158951449509,0.14492678141228932,0.7643852227011381,-0.1326348638716865,,,,,,,,,,,,,,,,,,,,,,,,,,,,,,,,,,,,,,,,,,,,,,,,,,
215071,0.6777907,0.37418225,0.11,0.020034599671098444,,0.9578581430800274,4.0,-0.49781285264891617,-0.12166161672663456,0.008620569426738372,4.0,0.35125620190785534,3.0,0.18811209528538997,0.35491492038744066,1.2559770277503093,-0.06530615676541587,-0.06698327298665302,-0.03347278593323087,-0.057902249007929,-0.23560589427566317,-0.016071250821975216,-0.02768205350952098,-0.04924543028515705,0.5926467915445819,-0.03444211611913463,-0.07968475424953668,-0.056539587172735495,-0.09450948230540496,-0.12616929301249655,0.7425015350019918,0.6716440962386138,0.5215405613355586,0.7876697604398959,0.5208229038913434,0.011112362149386499,0.0013048304487089425,0.04344311656411564,0.7922075689626445,0.6150382303303367,0.030793157733783397,0.005554078935331912,0.028780243621468898,0.8179767292365728,2.0,1.0,1.0,1.0,1.0,2.0,1.0,1.0,1.0,-0.5916800004739691,-0.3811262704614047,-0.3587427586695405,-0.36596695041435284,-0.5697930990141362,-0.5809113064385236,-0.4093166026788995,-0.38638493755600517,-0.5604277740359003,0.0,-0.5123765740929072,-0.39846542528709755,0.0,0.0,-0.574475857404915,-0.5305650468055931,-0.5603808462506368,2.0,0.0,-0.4328792568056997,0.0,0.0,0.0,0.0,2.0,0.0,-7.558880475898997,0.723507387614005,-0.611450254943271,0.06576027947744556,0.38392646540739245,2.246238752003296,0.14502110341207278,1.450877973682527,0.38359284272594457,,,,,,,,,,,,,,,,,,,,,,,,,,,,,,,,,,,,,,,,,,,,,,,,,,
132926,0.79390097,0.37190357,0.05,0.006265852597583031,,2.821555468083428,4.0,0.112184896076314,0.7473710285338749,0.006098713090526571,3.0,0.2594581114612125,2.0,-0.04032622866515656,0.36217630675878143,-0.7518733308560877,-0.1031953427012933,-0.09573411347105107,-0.037618166851284975,-0.062429966997037165,-0.2154312861334752,-0.11686750843169724,-0.04935931460774531,-0.057184514097816545,-0.21484880323989944,-0.038784029125299144,-0.10148856676653721,-0.04924704272283054,-0.2512435353126995,-0.14407143233929023,0.610113388866348,0.6047676430026571,0.5497254848233525,0.5380617787220866,0.5540307021071047,0.007631037004132715,-0.005845667372599384,0.00835439332692579,0.522879611635475,-0.0034244085427172113,0.0004031857973649637,0.0006818815855631452,0.010862221926946622,0.5319972667729275,0.0,0.0,0.0,1.0,1.0,2.0,0.0,0.0,0.0,-0.5733327377229013,-0.38796402295781024,-0.3649948570471133,-0.356183710126043,-0.5532074977638899,-0.5464297201523493,-0.383860410800633,-0.3960201891239742,-0.5719593510210013,0.0,-0.5230191758285111,-0.3851208660680994,0.0,0.0,-0.5657304974937991,-0.5582100229961015,-0.5521045844238617,0.0,0.0,-0.4000034825190744,0.0,0.0,0.0,0.0,0.0,0.0,-6.672539349936219,1.3265569651211435,0.3981336179208353,0.3867149629874874,0.3070306299125077,0.8242244878937522,3.03893888153921,-4.016366708268854,5.144808279021441,,,,,,,,,,,,,,,,,,,,,,,,,,,,,,,,,,,,,,,,,,,,,,,,,,
566981,0.7570602,0.48138714,0.19,0.0734769996100588,,-0.7739721008298387,0.0,-0.9136578375505068,0.38321504666350736,0.5374439406024225,3.0,0.3561557301027119,3.0,-2.7264079058083857,-2.922452399572625,-0.7502123580753205,-0.2224586892647516,-0.04179857959697668,-0.02583926602778853,0.03616247052378152,-0.21707071554987278,-0.08652401989353964,0.055428697912677946,-0.10294750364906693,-0.15342576815982883,-0.10341660518632939,0.08771563980099406,0.0747108590605816,-0.14229939272645242,-0.13336820300702873,0.5342306667472553,-0.12531311471782788,0.055697700553399176,0.3938631841629603,0.6294640112806319,0.5183878701526028,0.3068580608424471,0.978632829881302,0.5044097772452052,-0.12428877257965114,0.7296370896000287,0.5141605272965676,0.7858768036353585,0.6444450062982682,0.0,0.0,0.0,3.0,0.0,0.0,0.0,0.0,0.0,1.6961440913242767,1.315079733220477,2.728622619469754,2.818565902739226,1.8921164100310262,1.92642767053782,2.61349909800899,2.5970160363301007,1.8373283079301486,2.0,1.8376349632449465,-0.3248882354075703,1.0,1.0,1.8728045141575798,2.084934583054722,1.7003046454065225,1.0,1.0,-0.3414091887768442,0.0,2.0,1.0,2.0,1.0,0.0,13.99773606254333,-3.3373537069877455,12.039597892751763,0.27360296683122043,0.26400416909015545,1.2049850240164108,0.10225260598375294,0.26451201417249276,-0.8798082643690162,,,,,,,,,,,,,,,,,,,,,,,,,,,,,,,,,,,,,,,,,,,,,,,,,,
251466,0.78172433,0.2590523,0.12,0.02389616287845446,,3.286637842487395,4.0,-0.171703139987075,0.16483748257870676,0.00118095831522823,3.0,0.25641809245078506,2.0,0.4570118687802789,0.37719545592634857,-0.7638629812747031,-0.1144060099694206,-0.11713124914786513,-0.03658533853265172,-0.06856157669758045,-0.20799074177452637,-0.1412137959559157,-0.06368720226535392,-0.02815435405524008,-0.22444626072730445,-0.041635892139765714,-0.11383082898997213,-0.03839087960306017,-0.2521345924000152,-0.10684215618856811,0.6265404635423995,0.5794388638974857,0.555565573399963,0.5458594360021651,0.5243812718254857,0.016505033683169402,0.008515732139986982,-0.0071306871378998505,0.5431641817281995,0.028390254018436,-0.03837523034751537,-0.020611625248894563,0.014970529422423497,0.5898893878797451,0.0,0.0,0.0,1.0,1.0,2.0,0.0,0.0,0.0,-0.624529426253328,-0.3916863703543137,-0.3741910249187859,-0.3426531815906972,-0.54302583403375,-0.525142720297309,-0.41433224156314624,-0.37143895198226,-0.5840451073133578,0.0,-0.5065355253738169,-0.38150812973690523,0.0,0.0,-0.5777884879017257,-0.5139542540575713,-0.5668533118911789,0.0,0.0,-0.4013697422872902,4.0,0.0,0.0,0.0,0.0,0.0,-6.61002659634109,1.7156607024284367,0.4439604327238278,-0.21302068088439294,0.4298796401357802,0.7349686551257016,2.1731602347040364,-4.133873542017047,4.126064468634765,,,,,,,,,,,,,,,,,,,,,,,,,,,,,,,,,,,,,,,,,,,,,,,,,,
443983,0.95842093,0.40655145,0.21000000000000002,0.0982356594956918,,-0.8070958695708156,0.0,-1.25599034426597,0.805623528155467,0.6055865172391772,4.0,0.31469005567732505,2.0,-2.65887404611071,-2.9136522521953827,-0.7102797922538311,-0.1048342835604396,-0.022673510397902788,0.008573910079434262,0.026140804715428102,-0.19125461114002795,-0.15740101940259438,0.05448407463348007,-0.04030611950703311,-0.3029673015062354,0.06419795606743757,-0.11250853755682834,-0.1034411194741296,-0.30910563966519156,-0.19500243588490412,0.6353714763368422,0.6441781222279376,0.3283739438211241,0.7054828516161833,0.576705878394808,0.46079586488528657,0.3570506314432028,0.9723617594721011,0.5247315321523653,0.027081126596298567,0.6199501723965984,0.558898996293642,0.6423870487493974,0.47273674462583426,0.0,0.0,0.0,3.0,0.0,0.0,0.0,0.0,0.0,1.7836184813375418,1.0592016393382586,2.821526307472414,2.7163525517209623,1.6525418736388917,1.7624499957156512,2.3769438643893905,2.7242716964672735,1.6823714396287663,1.0,1.8851350951814907,-0.15067972822790063,1.0,1.0,1.929595164123989,1.8224006105280413,1.9193054056829248,1.0,1.0,-0.43751926782409956,0.0,1.0,1.0,2.0,1.0,2.0,9.621699358743236,-2.3169453258880184,15.96358497114211,-0.2231251992488162,0.3651881490864558,-2.151195948718519,0.31588939576490094,0.5010811106684478,-0.5147764725640389,,,,,,,,,,,,,,,,,,,,,,,,,,,,,,,,,,,,,,,,,,,,,,,,,,
24153,0.89506614,0.45082882,0.13,0.028378895023486856,,-0.3927071592914285,0.0,-0.23710747353126663,0.7151956304778384,0.5846527499614272,3.0,0.29226996010430256,2.0,-0.023027806518283393,0.2981329182978427,-0.8007869212755642,-0.10602371785626863,-0.11663261756036293,-0.0436076065378701,-0.04561366771207087,-0.2450556308405164,-0.14625253676117506,-0.050132536434240434,-0.04679889063284989,-0.3084401305977228,-0.07831575734936358,-0.1276728719677679,-0.009233311919684982,-0.23921799968077032,-0.16255704047908673,0.6276854172343878,0.003325822932744575,0.02479280832208398,0.5744919213159889,-0.03770119015579011,0.5311086986143532,0.015143498935269352,0.008847477719309537,0.5332690227623452,-0.024156332403138085,0.6399066145373414,0.5379055407805337,0.5356668055677839,0.5156676599947483,0.0,0.0,2.0,3.0,0.0,0.0,0.0,0.0,0.0,1.757004000181695,1.2632766860462503,-0.370251316642791,-0.3801628508538049,1.8759443127095579,1.856752908510571,-0.3989727327059722,-0.3512053310991152,1.7251735083646516,2.0,1.8959219602673854,-0.41111609401482585,2.0,2.0,1.825242034083379,1.624984763366993,1.5884406885457856,2.0,2.0,-0.37550974747218824,0.0,1.0,1.0,1.0,2.0,1.0,9.49885279994415,-2.6787016235345895,15.842214388815998,-0.5721910483770565,-0.1170033815868491,-2.153780580860002,0.14144251999412105,0.49251172620518313,-0.6309747319690358,,,,,,,,,,,,,,,,,,,,,,,,,,,,,,,,,,,,,,,,,,,,,,,,,,
411327,0.9391856,0.32967067,0.24000000000000002,0.1486439774738485,,-0.3762828809000702,1.0,0.5294529653882866,0.722810549393286,0.6973513636779182,3.0,-0.6784419625186495,0.0,-2.98946314790077,-2.8269778024574777,-0.8059001733292642,-0.12922297304043348,-0.24710731423240304,-0.14081314735493228,-0.07388760557191043,-0.06817908206692933,-0.13485463846042825,-0.14737034495413043,-0.16764401791804653,0.027489503649805624,0.033048788888383,0.030425157422640625,-0.011044984963491287,-0.10202795973999698,-0.08478903671943139,0.3019399311054603,0.23003019473298394,-0.04550389153637778,0.37160535826331376,0.10501881791120898,0.6608547172701973,0.051380987152695255,0.06981270172489067,0.7562676330301538,-0.1276289388777157,0.34369455416301564,0.4078445937018388,0.5099014528764705,0.3912210495182221,0.0,0.0,0.0,1.0,0.0,0.0,0.0,0.0,0.0,1.7320589620595521,0.3245663166138387,-0.2583736366166759,-0.7065224991017154,2.005096212799617,1.6312465620493888,-0.40561023998505275,-0.5693301787578298,1.9442217183119568,0.0,2.2226976865468093,-0.317341984011905,2.0,1.0,1.2616785787678704,1.5525110564850373,1.532433698071676,2.0,2.0,-0.43815055495299454,0.0,1.0,1.0,2.0,1.0,2.0,9.29487330247097,-2.7402783850139167,15.81597115120327,-0.6042925161467058,-0.2326904344867388,-2.135187549928909,0.2845046145910689,0.2913224951946989,-0.484879897108549,,,,,,,,,,,,,,,,,,,,,,,,,,,,,,,,,,,,,,,,,,,,,,,,,,
523662,0.5844876,0.49672428,0.01,0.0025521382703821843,,0.6327205448522916,4.0,0.14346405115357252,1.0635846110681932,-0.0017125021413081612,4.0,0.3202345268729967,2.0,0.7813501108158586,0.3553539375404477,1.0939122695795331,-0.0838385897920121,-0.08564692126674944,-0.03635723067926397,-0.06341733269384352,-0.2188692015321694,-0.10140719284236094,-0.04587068798872318,-0.05583734988469414,-0.15255310499530228,-0.05140378541906512,-0.08698421179131034,-0.03678035893078377,-0.18236322549467962,-0.12624174307163316,0.6630634989372546,0.6639408692722942,0.5493727448514384,0.0014589810086679895,-0.006080181372235103,-0.0031458280159164867,3.2471163710138254e-05,-0.000821853643672889,0.6020440083316706,0.6792851947384002,-0.001353391429486723,-0.0010191885882577247,0.00044938017673209736,0.6034071957788837,2.0,1.0,1.0,2.0,1.0,2.0,1.0,1.0,1.0,-0.5745095795775312,-0.3904130215436524,-0.35262460584550404,-0.35842399462879365,-0.5569872225344762,-0.5542137180412087,-0.38635800804222603,-0.37922822966139735,-0.5640648230580663,0.0,-0.5298362524604014,-0.39211307847201987,0.0,0.0,-0.5613209706960963,-0.5581282057872591,-0.5569584689843624,0.0,0.0,-0.3912729511817517,0.0,0.0,0.0,0.0,0.0,0.0,-5.878086654794212,0.8890857038725907,-4.178012684444354,0.24980892669885443,0.4472547230586126,-5.409327347157195,1.5708874507836585,3.8192109342271077,-0.7437237243665624,,,,,,,,,,,,,,,,,,,,,,,,,,,,,,,,,,,,,,,,,,,,,,,,,,
447132,0.97927105,0.4460738,0.11,0.020034599671098444,,-0.9284141352737368,3.0,-0.9272533094708152,-0.7017325483077635,0.5956962837783568,3.0,0.29061327108363477,4.0,-2.7055560128306593,-2.7873096615991897,-0.7548993060545396,-0.11531625424502687,-0.03618124999983728,-0.004896564401469898,-0.06675226291868978,-0.23335941263433457,-0.09834558151303613,-0.06181763807040305,0.02772399468728638,-0.27891952975086926,0.023516578689860596,-0.07759154275916155,0.009252373233639762,-0.12604769967358867,-0.10430861439650849,0.6186224855219581,-0.0027284583620911023,-0.021027261896466885,0.5878132626845961,0.5551195326807798,0.590829349516182,0.42461610803018374,0.9787453589839582,0.5357020399099375,0.03466945115176094,0.704737437677761,0.5955032809113601,0.6161816837996063,0.5853844655459789,2.0,2.0,0.0,3.0,1.0,0.0,0.0,0.0,0.0,1.7604260757262724,0.1724655424361839,2.79958048613901,2.781946350695839,-0.5563177941356973,-0.5360342104499125,2.6053863872686405,2.6395077493441774,1.735096437127277,2.0,1.9251081783868518,-0.38983504413897857,1.0,1.0,1.8620333641122198,1.8671161963204363,2.049652457294602,1.0,1.0,-0.3936235092508899,0.0,1.0,1.0,2.0,1.0,1.0,9.484497904203941,-2.6474029173456413,15.831828713856567,-0.5523987180303187,-0.12089093667092068,-2.1677460669540585,0.14947684342098408,0.49988911641759665,-0.6055197128739539,,,,,,,,,,,,,,,,,,,,,,,,,,,,,,,,,,,,,,,,,,,,,,,,,,
181730,0.968677,0.10296255,0.27,0.2197729180535744,,-0.7499054386017522,0.0,1.2481230053772232,0.407668869833294,0.7754904942342863,3.0,-0.30825410814721743,2.0,-2.2924651349848637,-2.8005275732218773,-0.7948357099708111,-0.6968307668988983,0.2014278439151138,-0.14954324581601847,-0.3851788259135203,-0.3932883444382298,0.15710170779475435,-0.2701082380134405,-0.2349602489889217,-0.18267289017640997,0.13639978408616796,-0.03755919279248118,-0.22021547023410123,-0.11948416893874245,-0.09350045151441157,0.6657751783657149,0.09474943465574406,0.7176308071034915,0.2255933248261815,0.488563208165854,0.7387201974185958,0.33623887619238024,0.8400087227733944,0.9193256796081146,0.22371686230646076,0.45523537928518,0.5343782829264769,0.5184176815503975,0.7030627172721999,0.0,1.0,0.0,2.0,0.0,0.0,0.0,1.0,0.0,2.0772598620796034,0.44753496534524645,3.159398335937569,2.7517924916134735,1.5696176953390073,2.1979329805461063,2.600125419118394,2.577587803528792,1.7926353375028143,2.0,1.720061573582868,-0.42320727056332463,1.0,1.0,1.7902672078553241,1.3109183538168725,1.9490420655782645,1.0,1.0,-0.6239114809143016,0.0,1.0,1.0,2.0,1.0,1.0,9.650413745360659,-2.3550318491632054,16.048890310776677,-0.4482033870526787,0.8398057453191905,-2.2813967873610492,-0.0675003860317216,0.34488070478741606,-0.8761357002217527,,,,,,,,,,,,,,,,,,,,,,,,,,,,,,,,,,,,,,,,,,,,,,,,,,
114901,0.98948145,0.27597794,0.18000000000000002,0.06325205919758363,,-0.8151891651224819,0.0,0.8466492636239751,0.12927329228639986,0.5331269255389524,3.0,0.16526710136035405,3.0,-2.8086857913066265,-2.834327750823761,-0.7739141999679879,-0.1120967596265591,-0.0893860698140455,-0.05049007333881636,-0.0403737325993971,-0.2366147114760049,-0.13602469579343696,-0.018728649745589285,0.02280090981919541,-0.280668142838328,-0.0676509648295342,-0.017428137831585908,-0.10085952048054014,-0.19751533062843427,-0.14666596832443377,0.704220970974076,0.06442511346744427,0.005903124193311112,0.6801431522763867,0.6332935798920625,0.617159577627086,0.06597191703965304,-0.03337066221585391,0.4734088689487606,-0.07101993075259488,0.6303510848231754,0.5947826011019653,0.565241427462481,0.5229593102129503,1.0,0.0,0.0,3.0,0.0,0.0,0.0,0.0,0.0,1.61099663869511,0.6428314384354048,-0.35749614402872587,-0.38841357914533464,1.76238504854858,1.8556273065970053,-0.4408334733656584,-0.4378442572153909,1.6732636931848337,2.0,1.7942299732788645,-0.49179804798044463,0.0,0.0,1.791175605052831,1.9163560690930714,1.8490288307123282,2.0,2.0,-0.3609466019292676,0.0,1.0,1.0,1.0,2.0,2.0,9.572455049498476,-2.664526702469952,15.830308223930357,-0.599411570466771,-0.026320099312181947,-2.1355798636065964,0.20643365595500157,0.6304084640710509,-0.6341893173116803,,,,,,,,,,,,,,,,,,,,,,,,,,,,,,,,,,,,,,,,,,,,,,,,,,
532569,0.96588135,0.32290328,0.19,0.0734769996100588,,0.8266820693535106,4.0,-0.8074891939315125,0.03381383227934222,0.03954589535138335,2.0,-11.031206236502712,4.0,-0.1263808302839376,0.2691306233639529,-0.8540261675479853,-0.18427782003413273,-0.10479646646667863,0.0008107265975304812,-0.050121868959509805,-0.20060268972093587,-0.023495807059153884,0.09653177866779991,-0.11621015423529177,-0.4295255849088422,0.007092671189228683,-0.062220722360431975,-0.009846357891663396,-0.18870407035116732,-0.09236971194684307,0.6472985322218661,-0.01413019165773436,-0.012348027832857704,-0.021401870803846746,-0.029583555559878853,-0.0375372865917739,0.12214899408623771,0.050113630445261355,0.5707532735163856,0.01562930216831332,0.008224668960180466,-0.15316188329858102,-0.009067667940472564,0.503820969816294,0.0,0.0,1.0,0.0,0.0,1.0,0.0,0.0,0.0,-0.6404236280174608,-0.358772386379136,-0.3230056135955661,-0.2722803848656697,-0.5541394711495803,-0.4241730127834944,-0.28769294211522267,-0.5344556199784998,-0.4359857645665851,1.0,-0.5915928414391189,-0.38561546515261785,0.0,0.0,-0.5989822381350773,-0.5581494466807378,-0.4126433160444335,0.0,0.0,-0.45285322044544246,2.0,0.0,0.0,0.0,0.0,0.0,-4.868402359933483,0.22480613358480755,-3.3753902406666265,0.11131610107691932,0.05843209256549225,-7.343520816398229,0.5094031346086141,-1.861283671133789,0.8517403261992934,,,,,,,,,,,,,,,,,,,,,,,,,,,,,,,,,,,,,,,,,,,,,,,,,,
170291,0.98882,0.15954532,0.12,0.02389616287845446,,0.34033321035699954,2.0,0.8186644658193927,1.0765724914543,0.03505636195018579,4.0,0.31279749992687683,2.0,0.11879934468293184,0.34047155628609255,-0.7546313999770359,-0.13851135838886752,-0.05543086926267562,-0.05414176546560116,-0.003801045028316237,-0.22475230483695252,-0.09775536393328704,-0.04886947445507726,-0.042182438874610116,-0.24732957427592114,-0.05130701606832279,-0.046568570159006666,-0.053440137992346114,-0.19600158973810108,-0.08096942327730494,0.6015611014410109,0.6004392017649304,-0.03398413406583,0.037868459765995434,0.006045301342865637,0.0023830601462222073,0.41185892742979446,0.9935724023583755,-0.008524489986607075,-0.0004382818977855021,-0.007387808654122085,-0.01584512884708217,0.013119055633210539,0.011903875276569114,0.0,0.0,0.0,0.0,0.0,0.0,0.0,0.0,0.0,1.7334558027868456,0.9269803363735926,2.8024881321184996,2.7671023270143693,1.7918765858996053,1.8305338837421448,2.6484365511685506,2.6365182157557845,1.768332926232313,2.0,1.8913230233793241,2.6768354357099193,1.0,1.0,1.7116923513395181,1.8906329116642895,2.08823639009947,1.0,1.0,2.5588638548071594,3.0,2.0,1.0,2.0,1.0,2.0,31.357043134928983,-0.7736751734910666,-5.186693391909124,1.0711059588204124,0.49645149919704984,1.0898776757792183,0.915229119402769,-0.05420704182847873,0.404256003425237,,,,,,,,,,,,,,,,,,,,,,,,,,,,,,,,,,,,,,,,,,,,,,,,,,
473536,0.62000924,0.41743723,0.02,0.0032300924127905565,,-0.29105042526912484,4.0,-0.3557256347048147,-0.42213416007420745,-0.0013593005065741337,4.0,0.3260430330303484,2.0,0.45064662002413,0.3545008103694587,0.9680101677310351,-0.09129422845286167,-0.09659467019537124,-0.03750728860012088,-0.062434957181912,-0.21967186189116614,-0.11142907890896712,-0.05054803093927549,-0.05193847168115506,-0.21337298956973944,-0.055705371716299745,-0.09940129986460859,-0.03436894340212165,-0.24769522714481118,-0.14509895767935496,0.6090742987163867,0.60850487081008,0.549284000676695,0.5334577108629664,0.5496426378628206,0.0026669290199997316,-0.009109007186625225,0.0005862044137309086,0.535693902038367,0.601674332683817,-0.0016449529251338483,-0.001750609409577626,0.0010573955547298819,0.5293111525011845,2.0,2.0,2.0,2.0,2.0,1.0,1.0,1.0,2.0,-0.5764486408473157,-0.39552030557443757,-0.3633745196105878,-0.35477378887973493,-0.5516265985376738,-0.5480372349306055,-0.38229555796895287,-0.3889348425717309,-0.5708484230615427,0.0,-0.5320178409703744,-0.39175313703091874,0.0,0.0,-0.562063169227645,-0.5559415512718351,-0.5597327919716185,0.0,0.0,-0.3875110849947759,0.0,0.0,0.0,0.0,0.0,0.0,-7.535650104691441,0.24722714244288624,-0.5704492083196195,0.3134122906921738,0.05010793345302819,2.2531036120415235,0.2784898092113488,1.2035539845402006,-0.35470635689418023,,,,,,,,,,,,,,,,,,,,,,,,,,,,,,,,,,,,,,,,,,,,,,,,,,
229719,0.8472162,0.48564646,0.14,0.03356392623053241,,-0.7439254346485865,4.0,1.1033175156072554,-5.928340717328531,0.0287426435769279,4.0,0.3555109399677902,2.0,-2.7415330305658743,-2.8522954328518044,-0.7361897311541712,-0.13390986107056102,-0.035419626665681894,-0.06011114116112476,-0.08626280944087658,-0.18075284626509527,-0.09664908662298383,-0.021485588452680157,-0.06086365637392341,-0.23424220791240502,-0.018671627377231832,-0.07038964058219224,-0.03786035490944224,-0.23021901564377592,-0.1307493505068108,0.6064189904283473,0.03900490483780425,-0.05218897263620534,0.5032534178698918,-0.026688602682684366,0.5461787684321815,-0.02063729604376599,0.04103027391728164,0.5724559968626315,0.09148463251849702,0.5902203384598882,0.522263709152693,0.5518083742066427,0.5262206956721405,0.0,0.0,0.0,3.0,0.0,0.0,2.0,0.0,0.0,1.6299201689856648,0.47507038300335697,-0.3731495659954887,-0.3729020665433545,1.8224383443870407,1.8304864307946747,-0.3904184788640481,-0.43963715773741663,1.725183402144401,2.0,1.8325736254328597,-0.3846786779768959,1.0,2.0,1.885437500657284,1.5836286086206899,1.9504053158082666,2.0,1.0,-0.41174043740937527,0.0,1.0,1.0,2.0,1.0,2.0,9.47535426768942,-2.7515843978111953,15.846229817535706,-0.5722878830441795,-0.06584347718875302,-2.194820656867462,0.11817423805347838,0.5027606433754165,-0.6430803937316503,,,,,,,,,,,,,,,,,,,,,,,,,,,,,,,,,,,,,,,,,,,,,,,,,,
452436,0.83632195,0.28532606,0.3,0.3182832888392961,,-1.3871068378780005,0.0,-0.6293688711297687,-0.6925736263400326,0.2699968087144471,4.0,0.459959250126152,2.0,-2.161017265697086,-2.3038352466557184,-0.29538704694567725,2.0295005313649392,3.5649644876487394,-0.3478731265022675,1.1442974365164764,-0.32031274278390426,0.7991334446432969,0.978951416876219,1.3005397380949753,-0.5571608925515581,0.878365701989813,1.3770573053400974,1.406227263519989,0.1281797966878414,-0.08596966991093047,0.9755366363856028,1.4629883333215639,1.23454530940552,0.6363027503149663,0.4613410783129221,0.44982490549995446,0.27778138128980623,0.85122257151635,0.045330025828646314,-0.3880621251546795,1.0597803627352445,0.47844803947140013,0.312163999907176,0.1981478082475549,1.0,0.0,0.0,3.0,2.0,0.0,0.0,0.0,0.0,1.4641137439169989,2.0115260958681356,2.32173990405541,3.5093131332735368,2.1878422734384038,1.119160455414907,2.682278694531093,2.0169815590043267,1.3759120686420983,2.0,1.8779216222992476,-0.45310610550381564,1.0,1.0,1.3258406279194181,2.49448700146679,2.2348655561024513,2.0,0.0,-0.5134897214903852,0.0,1.0,1.0,2.0,1.0,2.0,9.441554673686337,-3.3154061899381135,16.004372427685276,-0.048070841493630834,0.13123435633642683,-2.617137723693,0.2538252787255947,0.09593594240181064,-0.7359453716757767,,,,,,,,,,,,,,,,,,,,,,,,,,,,,,,,,,,,,,,,,,,,,,,,,,
79238,0.9493104,0.1791145,0.09999999999999999,0.01672075323499393,,-0.28080451893514974,4.0,1.3683432440357177,0.8610408733055863,0.5790620638590633,4.0,0.3276663334630631,2.0,-2.72991767697076,-2.809867913415152,-0.7615058725844602,-0.12617324833275187,-0.0698375375165022,-0.04874944175764753,-0.04553937742460436,-0.23304609673390855,-0.1229247458475802,-0.027365337766671143,-0.04732941640607459,-0.2865687219310233,-0.04965028054973648,-0.11329199300615751,-0.06228601705315802,-0.2515061485880503,-0.12450092164864951,0.6291006940781106,0.009953983043154013,0.0031061769073884803,0.7544006915669085,0.5474359956114152,0.7379445429841769,0.3851016279825561,0.9980760196084958,0.5171349046012,-0.007633091478802115,0.845905211410844,0.5572962328047603,0.527252512903003,0.7606652598774891,0.0,0.0,0.0,1.0,0.0,0.0,0.0,0.0,0.0,1.7332017049273498,1.3139388163589012,2.7894046131178887,2.7995112898187657,1.8146949567177237,1.8150437225880662,2.6022719994686403,2.616621440019754,1.7761664117592255,2.0,1.8878481488097623,-0.40568964570794286,1.0,1.0,1.854583035441076,1.6360840493664506,1.9336397365050069,0.0,1.0,-0.38315761270295434,0.0,0.0,1.0,2.0,2.0,1.0,9.57657319360084,-2.654094690252351,15.927457357713097,-0.5721739381928733,-0.12590973219841553,-2.160057934148417,0.1616913009578827,0.5776771019841229,-0.48109512068813604,,,,,,,,,,,,,,,,,,,,,,,,,,,,,,,,,,,,,,,,,,,,,,,,,,
179749,0.97064096,0.4964037,0.22,0.11308859038292954,,-0.7212161156952296,0.0,-0.14886887087743314,-0.25977613685077705,0.5287963732768084,4.0,-0.6125666984757312,3.0,-2.8093768192317525,-2.667077634648872,-0.8362124116202635,-0.11149183710779814,0.10510779671654916,-0.04994715703783853,-0.04468703790066648,-0.22024533041713473,-0.1395044862973347,-0.031219701717113135,-0.0876052550200693,-0.05009489039577594,0.07569041344998555,-0.0695278594211024,0.18422889624892375,-0.24769348626748214,-0.09469451877588288,0.6637445485463552,0.5662834875570891,0.6470657764437227,0.7801677906701641,0.36141011444753013,0.5045113077258997,0.2060881628731181,0.09683494072236924,0.30839586897812826,-0.024450067615871603,0.5102838606225109,0.08360463728198395,0.08478075845944046,0.4442892955629583,0.0,0.0,0.0,3.0,0.0,0.0,1.0,0.0,0.0,1.7895492693136776,-0.29205724607687156,-0.35536711511242247,-0.44746622412156,-0.6744806194653874,-0.3975206529621722,-0.4478142029044166,-0.41842081544981274,-0.5919039018307316,2.0,1.6580238513919208,-0.43556099573907825,0.0,0.0,-0.6633667160304825,-0.49922196683164044,-0.624933754640832,0.0,0.0,-0.2930072616143678,0.0,0.0,0.0,0.0,0.0,0.0,-6.435134871775917,0.24438922015365902,0.31327844379055814,0.009598727969799782,0.5004234128498085,0.33796973651213097,-0.7221857880651252,-4.409880481458143,1.3595775159604542,,,,,,,,,,,,,,,,,,,,,,,,,,,,,,,,,,,,,,,,,,,,,,,,,,
307950,0.7958242,0.28520355,0.19,0.0734769996100588,,3.7355679546629923,4.0,-1.5088855676326605,-0.013156684687369774,-0.09264363153293291,4.0,-0.9403995491938506,2.0,0.35811561390383934,0.40755614131941953,-0.7837027923029847,-0.11543294256126767,-0.1280324715857767,-0.08150534150207517,0.008155903961105729,-0.28835488176632074,-0.2524623343142209,-0.06303513209648104,-0.00482841995783307,-0.35431304871203073,-0.0743252485901577,-0.10439599424765893,-0.05588475579972449,-0.28274933973200134,-0.09539446447696595,0.6178676280500548,0.6707472423858338,0.6373597682383102,0.6748660760387865,0.4630593744947573,-0.13339252215121833,0.05835614091867264,-0.19057448423477533,0.5088360804835017,-0.035473159901592895,-0.11826477170360165,0.012741380656328306,0.07862630623968343,0.5936520001652453,0.0,1.0,0.0,1.0,1.0,2.0,0.0,2.0,0.0,-0.6313655021267982,-0.2868746599860524,-0.3697062167882101,-0.3770239299884995,-0.4593642921751402,-0.5788300991165629,-0.26285344657324744,-0.38916150376626696,-0.5180518863289587,0.0,-0.5109486739638216,-0.44556640587801677,0.0,0.0,-0.6884702156368346,-0.5081281787547558,-0.598003183804447,0.0,0.0,-0.3295178989813836,0.0,0.0,0.0,0.0,0.0,0.0,-6.589904133719703,1.085217472308031,0.38019954186491717,-0.1481080538438422,-0.08914644454800537,0.4860892839158351,0.509218306587736,-4.5141769421169355,2.037296926099237,,,,,,,,,,,,,,,,,,,,,,,,,,,,,,,,,,,,,,,,,,,,,,,,,,
168507,0.91813624,0.48147377,0.08,0.011477469205752985,,0.2667084975442731,4.0,-0.4720200958854582,0.9245737709696781,0.004370926573601348,4.0,0.3317198369898558,2.0,0.6944980476016818,0.35028417718624694,-0.7521103504178576,-0.10677696904944288,-0.10109433226440531,-0.038485996675755516,-0.05836207129290379,-0.20838352565398777,-0.09421951580156797,-0.05367820560122148,-0.04130570478157139,-0.07604757200494466,-0.028559753997930492,-0.10597338245199539,-0.06211736190064445,-0.22179473853601903,-0.12709254769798645,0.5998357583286851,0.6100328111049851,0.5637296719256201,0.5533880072926037,0.5324161241028904,0.004409856311558233,0.008720065231830564,0.0010827150602556828,0.5495331155163501,-0.0062028840011207845,0.017999810681517278,0.023860496886324196,0.011403109739663882,0.5486524229759104,0.0,0.0,0.0,1.0,2.0,1.0,0.0,0.0,0.0,-0.5770751322271448,-0.3829858226534177,-0.3809905067041355,-0.35245262008624406,-0.5586714103843328,-0.5390891903283397,-0.3802972845251992,-0.38204150339162873,-0.5646963417574212,0.0,-0.5217937857409213,-0.37257692630775574,0.0,0.0,-0.5444550212269492,-0.5578008221638802,-0.548997715687784,0.0,0.0,-0.3902291751857748,0.0,0.0,0.0,0.0,0.0,0.0,-6.565051980414802,0.5018508537904429,0.3625623469586954,0.08849837036181893,0.11233738915464639,0.4543370238691953,0.06668427264801557,-4.3222780288243925,2.0281602827732446,,,,,,,,,,,,,,,,,,,,,,,,,,,,,,,,,,,,,,,,,,,,,,,,,,
75495,0.9979285,0.23421869,0.25,0.16975275626876413,,-0.745880647526986,4.0,-1.056262741081314,0.14878316267688857,0.8017427289787664,3.0,-0.11164017981709351,3.0,-2.4723928380525177,-2.917822001885211,-0.5115323790660312,0.37438798148065033,0.4329634596500256,0.09391484189626176,0.11780927515339577,-0.14103953013928122,-0.2429476435627544,0.4753133688690057,0.0809617422365503,-0.07617953901190297,0.003468387745305196,0.22000749866936498,0.3176190121470431,0.01958947514039394,0.11041794872012284,0.8622083681053919,0.14048361047994012,0.41985014010020183,0.5337924031068145,0.6300271964143397,0.6965979625894826,0.5169893673871708,0.9199790415816003,0.7893751531246863,-0.2550244504002434,0.8193945663668003,0.6843564291970472,0.471273020845959,0.7358462536945776,0.0,0.0,0.0,0.0,0.0,0.0,0.0,0.0,1.0,2.20216388535218,2.555293666768255,2.913464412060664,2.8126845547693966,1.6075614091101966,1.6664399054907233,2.7882323311417583,2.4376040643391685,1.824342364825947,2.0,1.9589759714931725,-0.3650128719526675,1.0,1.0,1.773185804343437,1.741136861078989,1.8618001820762333,0.0,0.0,-0.1125083666619735,0.0,1.0,1.0,2.0,1.0,2.0,9.6419193113615,-2.5210225145417375,15.957492474721532,-0.6585156468041534,-0.1303107120626096,-1.6119421103693186,0.21581395775646706,0.6439312841347975,-0.7199394374998485,,,,,,,,,,,,,,,,,,,,,,,,,,,,,,,,,,,,,,,,,,,,,,,,,,
573051,0.9952814,0.47937208,0.24000000000000002,0.1486439774738485,,-0.993589175661246,0.0,1.027967772615217,0.8452653938240836,0.5302576082635307,4.0,-0.3322510863924903,3.0,-2.622879013128841,-2.70442821965296,-0.6920666345434214,-0.12316870487371401,0.33853689707681744,-0.29162854651693365,0.16849677542307032,-0.20153699716804693,0.10396703299956239,0.10449359236827835,-0.13567820247719609,-0.246873967216017,0.03416714150029426,-0.0611440311836908,0.03463540114456467,-0.12270745890451293,-0.16372430921561015,0.5546807981758527,-0.07052558136344962,0.1392985423659984,0.4555312153516171,0.5619301321538968,0.4234577318400933,0.4362228364582872,0.9172837985975572,0.4586144106088531,0.008114232375973257,0.3087029343724582,0.3704056320199578,0.6056791789183146,0.2651439432754682,0.0,0.0,0.0,2.0,0.0,0.0,0.0,0.0,0.0,1.760088728285398,0.9913428397382612,3.2255219146850447,2.9326268819139716,1.8941276901801456,2.089881347172277,2.4427159194652512,2.412350276012566,1.788754178417598,2.0,1.9716306557296677,-0.1849804942397539,1.0,2.0,1.8131851833249446,1.8982479476150882,1.6885714421541846,1.0,1.0,-0.4101134045006078,0.0,1.0,1.0,2.0,1.0,1.0,9.731485382679637,-2.536857052386849,16.068269011618213,-0.8345412963534959,-0.41917055390406677,-2.1447889049063735,0.27700281171544516,0.3191699536357234,-0.7316102915069541,,,,,,,,,,,,,,,,,,,,,,,,,,,,,,,,,,,,,,,,,,,,,,,,,,
292487,0.8308972,0.43087548,0.05,0.006265852597583031,,-0.4826067661893141,0.0,0.3746284870832132,0.9357994142655316,-0.0013177829631181998,4.0,0.3201939725664983,3.0,-0.07965729423523335,0.36592560649042233,-0.7506493061990892,-0.10784100965752211,-0.10593877976765434,-0.04479006841229895,-0.06147502211678275,-0.2157160918778295,-0.1241724752373126,-0.039789483216091964,-0.05383391311805709,-0.273855361414411,-0.040299551385218194,-0.10370802479957918,-0.045259045998905005,-0.23877387943276354,-0.13938449134563644,0.6194385392977744,0.6062544534988866,0.5426624992889398,-0.009550385344374222,0.012782206198915045,-0.015067014731624822,0.0041346604033138685,-0.007095693760758291,0.5338566589438393,-0.013961569713032381,0.0009858406652396606,0.002664340216416842,0.0018757950982938587,0.7414803254964576,0.0,0.0,0.0,1.0,2.0,1.0,0.0,0.0,0.0,-0.5758822661275398,-0.3835964663269153,-0.3760899736200414,-0.3600633628266159,-0.5544637389961654,-0.564991643077946,-0.3773902237235185,-0.3747996693660162,-0.5667124067666442,0.0,-0.5227968995726658,-0.39351721754386837,0.0,0.0,-0.5622040873712691,-0.5680323408583265,-0.552185892367854,0.0,0.0,-0.39704848105483165,0.0,0.0,0.0,0.0,0.0,0.0,-4.897403272383803,0.5236562283099232,-3.2566819802042,0.25794924524727497,0.28084773200108043,-7.263223629471744,1.0097228393830788,-1.8102113287432207,1.1094004557866115,,,,,,,,,,,,,,,,,,,,,,,,,,,,,,,,,,,,,,,,,,,,,,,,,,
126360,0.8512099,0.48781574,0.08,0.011477469205752985,,-0.5469092403667898,4.0,0.19538898999660914,-0.48508352107542857,-0.005143714839711521,3.0,-0.6962956651555736,3.0,0.6957536108789099,0.347390967383472,-0.7582015064480401,-0.09922828219865161,-0.0965904668250552,-0.05229182303263073,-0.0700891956196815,-0.21423262126419398,-0.10959672886525934,-0.05210681799203614,-0.0697007643647779,-0.2070591016214071,-0.05063807591632135,-0.0992306269010692,-0.06340936439964255,-0.23245122609420957,-0.14683258049325598,0.6312375778331111,0.6144714057816217,0.5243801948698348,0.5618507086341371,0.5604500653408807,-0.0011839095536162168,-0.025356514715163616,0.013823582673511345,0.5265408498681142,0.01614572725080914,-0.019642133227197003,0.0014348080256417857,0.0038264319994574755,0.5558769557843101,2.0,0.0,0.0,1.0,2.0,1.0,0.0,0.0,0.0,-0.5736954598645254,-0.40749550412703983,-0.36201210585540783,-0.37621148809219207,-0.5709971381862283,-0.5364892397552227,-0.37372513124448115,-0.3800627023302153,-0.5595378785828231,0.0,-0.5269580453879553,-0.40555026164255514,0.0,0.0,-0.5642672871016775,-0.5483732038994736,-0.5632780795833023,0.0,0.0,-0.3878197314049959,0.0,1.0,0.0,0.0,0.0,0.0,-6.553487144316702,0.07322075877976245,0.3222926992332902,0.1661106617947495,-0.07929411562702418,0.38451272573208944,-0.4066566845370765,-4.3071169239567695,1.7168147142723187,,,,,,,,,,,,,,,,,,,,,,,,,,,,,,,,,,,,,,,,,,,,,,,,,,
28025,0.80719614,0.3465496,0.22,0.11308859038292954,,-0.45476114361621744,0.0,-0.8881248751531752,-0.6003256808000057,0.5114828447930244,3.0,0.2737304990407089,2.0,0.7915651553003256,0.24902707419225628,-0.687196846535967,-0.14148114151480834,-0.3021977240526328,-0.06814772747700384,0.007975714365400281,-0.058995047886703206,-0.07685112045418585,-0.09317843345676417,-0.08363862723693663,-0.17915261662544957,-0.06308880787904438,-0.16933927003128568,-0.15778514080104838,-0.20639463839653543,-0.12298924161551636,0.5625616449627291,0.0400905620073242,-0.091409514994719,0.512534562339144,-0.004618838941175855,0.48467816016063103,0.6678225386045149,0.8630349147533048,0.5717160133460554,-0.1545027216431776,0.3667579646169153,0.5003505403788383,0.5645157136900584,0.631873905928273,0.0,1.0,0.0,3.0,0.0,0.0,0.0,0.0,0.0,1.7508720239153783,1.5668474035005042,2.7461467723733524,2.858966120358369,1.9248964464427964,1.8376729383097326,2.6208943284541344,2.72817955268798,1.927303022279201,2.0,2.0055921102766527,-0.4792423548950939,1.0,1.0,1.8030759701967818,1.6652497977935123,2.0767886617220763,1.0,2.0,-0.41495642330812627,0.0,1.0,1.0,2.0,2.0,1.0,9.231293770382134,-2.695665281308207,15.872595436740095,-0.6053042874218331,-0.1435310167130171,-2.0924134022822267,0.1116423259101195,0.5747031832420364,-0.4799741627119253,,,,,,,,,,,,,,,,,,,,,,,,,,,,,,,,,,,,,,,,,,,,,,,,,,
397526,0.97425747,0.083776906,0.21000000000000002,0.0982356594956918,,-0.4594058854606622,0.0,-0.003723951252605495,-1.1819070798383335,0.5966027410241049,2.0,0.5296997193489608,3.0,-2.828970897323045,-2.791753240406374,-0.7464232171361658,-0.11274461490690815,-0.12900199108789304,-0.11048133605587036,-0.2019470611800501,-0.39221957278737807,-0.13761924929914618,-0.05603302781604783,-0.13218187710288448,-0.2038588608266741,-0.013232368374189098,-0.11740519447464648,-0.16230102832166282,-0.13699901553673638,0.055857172176934394,0.6209272963207315,-0.040465225683210794,-0.08858627720407569,0.5334159030988658,0.48403843178984235,0.48798864251751173,0.046573691605148196,0.14866426641152222,0.4030670820569466,-0.12068157273831226,0.5520627885390764,0.5710623297785877,0.5243461896457482,0.6480736524813581,2.0,0.0,0.0,3.0,0.0,0.0,0.0,1.0,0.0,1.7228193088087387,2.0273521823152847,-0.40603423229571234,-0.46080016811915636,1.8875821114705276,1.8755178187336567,-0.40683849319361864,-0.37685767014178173,1.8088624913692561,2.0,2.0390442007764276,-0.429117824755904,3.0,0.0,1.9443212976304245,2.0535433754785486,1.9176064534138593,2.0,1.0,-0.29706048619175335,0.0,1.0,1.0,1.0,2.0,2.0,9.495684489828271,-2.5823591102811183,15.858907966750674,-0.40973167618138695,-0.12285254255445771,-2.1718503183820697,0.10062874911521871,0.6973190226963925,-0.48971302546947443,,,,,,,,,,,,,,,,,,,,,,,,,,,,,,,,,,,,,,,,,,,,,,,,,,
501802,0.81269854,0.02109793,0.24000000000000002,0.1486439774738485,,0.6880080136550322,4.0,0.5961741075512503,0.6024106509650089,0.05425432903804915,4.0,0.0918788397511984,3.0,0.2825670250186355,0.2851516641761172,-0.5739136292636133,-0.19063348812644412,-0.30413819901474837,-0.04175092450771169,-0.008539330961427158,-0.14468041221512823,-0.18274184391838905,-0.0008807182743421349,-0.026852842545925647,-0.18465316685711625,-0.10235661598776287,-0.12552315472396103,0.003997829728612359,-0.06353318897861826,0.16557554450993933,0.7575962665059771,-0.05412816993556985,-0.11452315585268057,0.4657548614947567,0.2500668088285341,0.18201472495114618,-0.14530464865412163,-0.11233307847221849,0.684607711699413,0.13036580416175408,-0.011563469698556495,-0.09357332264616296,-0.03842945233388457,0.818119891629427,2.0,0.0,0.0,1.0,1.0,0.0,0.0,0.0,0.0,-0.20986873947176493,-0.6244902839673699,-0.40536275172472763,-0.2535868831978255,-0.6081002287280567,-0.6652529529319264,-0.5709954722750921,-0.3228675079361207,-0.39424701140866214,2.0,-0.22936494861597195,-0.42873243998057387,0.0,2.0,-0.3269670723704692,-0.1904189764715148,-0.8332948824169266,0.0,0.0,-0.179714866453626,0.0,0.0,0.0,0.0,1.0,0.0,-6.418994799336643,0.029940402468521976,0.3718769493019366,0.20415955369781938,-0.383240531964125,0.4524858983323539,-1.3142640584447984,-4.357438825391713,1.391661559367696,,,,,,,,,,,,,,,,,,,,,,,,,,,,,,,,,,,,,,,,,,,,,,,,,,
160053,0.9871559,0.43997929,0.2,0.08508720268939021,,-0.6010963680921974,0.0,1.2287846453284146,0.8460658453796672,0.4682664977230804,4.0,-0.4849923918605471,3.0,-2.7332612655172244,-2.831851970756202,-0.7272706791761488,-0.20590641021737785,-0.1431292420013141,-0.025830151747282388,-0.05822478269351197,-0.2849977006596217,-0.018533357918806892,-0.09491033385051394,0.09209766865670554,-0.22019881024491686,0.011744367424150678,-0.11576119032328978,0.015768399375058924,-0.11829384816612465,-0.2292184161331559,0.7186852789745555,0.035236829821987205,0.3999041055946616,0.4746911854152405,0.5519827087569271,0.5844740878060353,0.1821546070330168,-0.00325592629725258,0.5027454040015901,0.10367239876827623,0.45734538019898074,0.6174402280724,0.5764060100672845,0.5832549865254312,0.0,0.0,0.0,3.0,0.0,0.0,0.0,1.0,0.0,1.573586562794054,2.3600835406320613,-0.35460904201093446,-0.252966015823211,1.7788978057520255,1.938261996364921,-0.32362206602489596,-0.27421041071092206,1.7615574901486886,2.0,1.7713811547312452,-0.3828065867533482,3.0,0.0,1.8531258522277954,1.5107859838923225,1.9823233955586415,2.0,2.0,-0.5095705813403426,0.0,1.0,1.0,1.0,2.0,2.0,9.852599894043596,-2.6056292830919188,16.234726339462753,-0.7404968992629712,0.14104519525773257,-2.222129258253279,0.16171040686274923,1.0354449893735407,0.35791875308821497,,,,,,,,,,,,,,,,,,,,,,,,,,,,,,,,,,,,,,,,,,,,,,,,,,
261529,0.8318643,0.3843953,0.14,0.03356392623053241,,-0.7965220505696272,0.0,1.071773647092051,-5.8937012520375776,-0.013932464962872928,4.0,0.334396904379078,3.0,-2.6997458842583804,-2.774447441204158,-0.7943105703345273,-0.11534263348908802,-0.11583485481246401,-0.02828687783829294,-0.03277558025995474,-0.1578236713216238,-0.134181275957749,-0.06638570054548332,-0.08202346292473517,-0.23434429532280138,-0.0652752296457965,-0.047545589105415474,-0.04156261380403211,-0.26122638728977987,-0.21054346352928685,0.6523261765525712,-0.04117630752538505,-0.020473910208679162,0.5588721041749929,0.010696457758606247,0.4852499579886865,0.020036519173380757,-0.05192164390039275,0.5348741938668878,-0.044785476594519986,0.6209948212325411,0.6180309231701769,0.7439025015371153,0.5341984669140497,0.0,0.0,0.0,3.0,0.0,0.0,0.0,0.0,0.0,1.6827388842693631,2.204482599941818,-0.3683842429649216,-0.3712397624175427,1.7641264206028444,1.7904843769953944,-0.42353447891803886,-0.38657456490732506,1.796023028945272,2.0,1.8831497433442819,-0.394172994906895,2.0,2.0,1.815178270804997,1.8438513180690002,1.9986598329669032,2.0,2.0,-0.4380228485704619,0.0,0.0,1.0,0.0,1.0,2.0,9.541279389357584,-2.6862243705017947,15.791971551725043,-0.5523305019065821,-0.1293648823720759,-2.183955459723521,0.15605286082121506,0.5305249684462204,-0.639876135007114,,,,,,,,,,,,,,,,,,,,,,,,,,,,,,,,,,,,,,,,,,,,,,,,,,
410148,0.7444863,0.31955916,0.14,0.03356392623053241,,3.7481817857343676,4.0,-1.267946883911508,-0.7403217614846334,-0.0120620024168763,3.0,-0.7674928557077186,2.0,0.1380359379029305,0.3680773489963504,-0.7975946617112322,-0.07000793466209249,-0.005731675951296533,0.000894375919825427,-0.0033944097892978087,-0.16792491982479607,-0.014989958885926233,-0.021243949358384646,-0.0953779257619012,-0.03615604307527704,0.004438098019597617,-0.0766358322804502,-0.08127116587780374,-0.16607263072390566,-0.16394859998153796,0.5832025439245098,-0.00932110662950044,0.5950323974675965,0.545644785780677,-0.05433342601352167,0.01712917208986781,0.004857546936247974,-0.019637944510193774,0.706168241216731,0.6263472937475588,-0.0373371576750072,-0.0002668449093400576,-0.008530575094424172,0.5697093937745475,2.0,2.0,2.0,1.0,1.0,2.0,1.0,1.0,2.0,-0.5327796023136507,-0.3522485905680911,-0.3729177549225097,-0.293516185658241,-0.5528124905054269,-0.5844516855371474,-0.4430207290415677,-0.4179336696902967,-0.5479384442405836,0.0,-0.5147780357904131,-0.4471398156178698,0.0,0.0,-0.5403446984845388,-0.5787992086927227,-0.5936145725157757,0.0,0.0,-0.3673684886012587,0.0,0.0,0.0,0.0,0.0,0.0,-7.540794512311998,0.15616755137149413,-0.596542321008824,0.2677023305197964,-0.029363850174684805,2.190497166641681,-0.18573806234672585,1.1561583377516436,-0.7569783483221713,,,,,,,,,,,,,,,,,,,,,,,,,,,,,,,,,,,,,,,,,,,,,,,,,,
438967,0.5517045,0.42889482,0.01,0.0025521382703821843,,-0.5243844318931707,4.0,0.7583856340748565,1.065650224982976,-0.003481451379708905,4.0,0.326503512947959,3.0,0.8438835015518421,0.35771171649097117,1.389523888335578,-0.08197763948508001,-0.009738849182084664,-0.034002364218646955,-0.06222047692590656,-0.216251046225952,-0.11914855419305986,-0.04804597428046718,-0.05513001806851867,0.023318803965406,-0.052552356714621495,-0.08364475638074002,-0.04579055189072985,-0.08859951892887459,-0.1270557615472232,0.6204495066352882,0.6178830097494779,0.5494789673258347,0.5746000698186368,0.5483940213675101,0.00012606350405437866,-0.0030706261422859316,0.0015968854685412665,0.5425234359490038,0.6360451283875088,-0.0010830462205500867,-0.000243656165379707,0.006619529577911755,0.5717238793322765,2.0,1.0,1.0,2.0,1.0,1.0,0.0,0.0,0.0,-0.5733392792053545,-0.3911736645530082,-0.36141221747731955,-0.35445592446216573,-0.5527244908248419,-0.5468625957155338,-0.3843516072952696,-0.3858763970754849,-0.5628289085247246,0.0,-0.5304741422540116,-0.394665901509517,0.0,0.0,-0.5605445550891902,-0.5557372582667994,-0.5520532744532465,0.0,0.0,-0.3961227569252524,0.0,0.0,0.0,0.0,0.0,0.0,-7.593460613881314,1.0517937508822064,-0.537677486788469,0.2544967085895643,0.7046068892743081,2.5139288704048814,2.205359096994102,1.0411000825157544,0.5456952588646206,,,,,,,,,,,,,,,,,,,,,,,,,,,,,,,,,,,,,,,,,,,,,,,,,,
149387,0.9990693,0.3828275,0.29000000000000004,0.28192947697193393,,-0.045123886713152705,0.0,0.07727652559217477,-0.37748551311040934,0.5427740911913146,4.0,-1.268599534806722,3.0,-2.9827866761458246,-2.8163996103419997,-0.7447648443275994,-0.1923269954182441,-0.17993433834258063,-0.3680041470252437,0.01893553143686362,-0.5504273509218824,0.46277640872282755,0.18627039567267614,-0.16883079394695216,-0.3892827184208455,0.0968467573943359,-0.007859700066028152,0.3695482115589186,0.36057550911630065,0.06971025042748752,0.6269939686209218,0.3155624140526482,0.7342065262437497,0.3635914780361344,1.0521008308102877,0.22770049943565956,0.7206553211245321,1.3297365813255517,-0.13204448511180078,-0.5260962839189206,0.16125592737437827,0.3820131744217565,0.9960855012418425,0.8950053695693243,1.0,0.0,0.0,1.0,0.0,0.0,0.0,0.0,0.0,1.6576164019445931,1.3498727362623213,-0.680139862201594,-0.433296737866161,1.9652482027699798,1.8197512271848872,2.5554892735385044,2.2472508032338054,1.6399869827089435,2.0,2.072309349277136,-0.5376177946390096,2.0,2.0,1.6978187229380213,2.321240266295171,1.946927241609713,0.0,2.0,-0.2801809182764504,0.0,1.0,1.0,2.0,2.0,1.0,9.473695612347013,-2.849917263071109,16.254588034510576,-0.9731533300251256,-0.22321295450543374,-1.8483995447482564,0.27766691136422694,0.9378558354778813,0.003080325998184641,,,,,,,,,,,,,,,,,,,,,,,,,,,,,,,,,,,,,,,,,,,,,,,,,,
393261,0.8040663,0.47844312,0.26,0.19338051145240298,,-0.6745350185679163,1.0,-0.1754616243187567,-1.0821423684046494,0.5917885511779158,4.0,-0.7962849076904617,1.0,-2.7635092916477944,-2.75672587522205,-0.8394591433497964,0.009285236808260808,-0.21156690949522,0.3426553410198301,0.06160185973275162,-0.16396992375687686,-0.06152555132158111,-0.316836106421072,-0.2368602366736936,-0.35124089120221225,0.15805603075616123,-0.23051406468785596,-0.28882114272484005,-0.05162829316092013,0.04858701986275951,0.5757644572786067,-0.11214414426376129,0.19780411079553264,0.6334815781508258,0.19840926155146832,0.5551772013532498,-0.1304849623308125,0.04806451096907064,0.7152633160905358,0.03342896083756424,0.9111235805359059,0.341726837991162,0.5608612997344864,0.5059992190641474,0.0,2.0,1.0,2.0,1.0,0.0,1.0,1.0,0.0,1.665305068980751,1.9817676514528524,-0.16754030228100775,-0.6715243388900684,2.1963102627137343,1.7829427517227108,-0.603023501710582,-0.16398890654021844,1.434160954804606,2.0,1.9546810894165938,-0.37849714652587474,2.0,2.0,2.20642835566708,1.289791950045418,2.050501928492402,2.0,0.0,-0.3929172542489586,0.0,1.0,1.0,2.0,0.0,2.0,13.869735811085253,-3.580906711956564,12.219081308933726,0.327135479542363,-0.10913392963863083,1.2396946440814427,-0.3252023545840777,0.12468093150215476,-0.7221140604563092,,,,,,,,,,,,,,,,,,,,,,,,,,,,,,,,,,,,,,,,,,,,,,,,,,
342908,0.8558764,0.15985277,0.14,0.03356392623053241,,0.026513492728982995,4.0,-0.09659575687983973,-0.0936238568317959,0.0009594202232522551,4.0,0.31680470182420034,3.0,0.10528336767634117,0.333019624018243,0.9683704207095193,-0.10971073037340433,-0.04913609417835271,-0.03621546320133083,-0.06181911566146468,-0.19402429144468777,-0.004769362760642035,-0.025311735887455684,-0.033954699340266487,0.19555828595581023,0.02721613764864944,-0.08812582093395738,-0.038427726751891725,-0.16084280268195467,-0.18515933402440374,0.6065670044292787,0.032582945942020686,0.5482907968374654,0.6544347121349463,0.5994916437322214,-0.02831341489365846,0.011545851348481139,-0.0069585317230246935,0.48449664045409213,0.6324542658458496,-0.051052496305283926,-0.06261289709415797,-0.05258125753442975,0.5472923343615093,2.0,2.0,2.0,3.0,2.0,1.0,1.0,1.0,2.0,-0.5869813447961088,-0.4163294652660616,-0.343171467309587,-0.34057083480901856,-0.5502289537389067,-0.579849590427055,-0.40659427079949123,-0.3904133892752615,-0.5695889613250178,0.0,-0.5004018583905574,-0.4097157437350907,0.0,0.0,-0.5342784884037739,-0.547306661412763,-0.5006071336628235,0.0,0.0,-0.3926593348349624,0.0,0.0,0.0,0.0,0.0,0.0,-7.501252422965157,0.1446238452416873,-0.5845489622260759,0.16105314456228184,-0.05266588065404461,2.19677672932442,-0.115718904629035,1.1750734108242373,-0.740389056249924,,,,,,,,,,,,,,,,,,,,,,,,,,,,,,,,,,,,,,,,,,,,,,,,,,
380443,0.99543864,0.22993127,0.23,0.12982628505779303,,-0.8037375543572809,0.0,-0.334208471523627,0.8183741626920671,0.7102924138278033,4.0,-0.5064832455578784,2.0,-2.551230634875973,-2.736272669262233,-0.7848630625469841,-0.0008261418211639796,-0.019280377787084392,0.1013202650671789,0.20639171198440745,-0.05807700166010235,-0.2025634118537546,-0.1371598691023751,-0.04718099633331542,-0.2289966148166273,-0.04361244372463287,0.16212536973904607,-0.02405232832116137,-0.04166815015921932,0.040674700293078625,0.8000037845633332,0.6432791649380786,0.4696650953668062,0.5457171709010893,0.7021775443718976,0.6257204982217344,0.40728075860029406,1.0455680606182252,0.5912848039382739,-0.02935274807190732,0.5646868674413276,0.2897264357018488,3.110117184434019e-05,0.5330149551059512,0.0,0.0,0.0,3.0,0.0,0.0,0.0,0.0,0.0,1.7805930822700833,1.6514940683476527,2.818837462874801,2.842137690424023,1.813171180286799,1.8806378595218256,2.524254807647992,2.5711348312435978,1.6924539015121163,2.0,1.909555708406426,-0.41625139593454813,1.0,1.0,1.8077837545848574,1.9289643020351703,2.261418061404131,1.0,1.0,-0.2762422176785578,3.0,1.0,1.0,2.0,1.0,1.0,2.681620999615897,-0.5745540459271061,9.793161252403742,-0.8165576032634476,0.30018172954871264,-1.2257380103646212,-0.5609099059920285,-3.0708331267934894,-2.257104547860097,,,,,,,,,,,,,,,,,,,,,,,,,,,,,,,,,,,,,,,,,,,,,,,,,,
392973,0.99092454,0.12396636,0.22,0.11308859038292954,,-0.6472190786678955,0.0,0.041455541509470346,-0.7903591705252015,0.6578757376204417,4.0,-0.45571516919811145,3.0,-2.680452259675183,-2.769248351929714,-0.7997803974231823,-0.1468983139062331,0.05434913931079004,-0.029091324775226197,-0.07073996627848818,-0.3570287648561228,-0.5038953588560127,-0.11617470817788758,0.008370880768182423,-0.13890711017312413,-0.004958175680445431,-0.1312785145425125,-0.08421256748810141,-0.009837372664654148,-0.10875700383774911,0.6755580404616816,0.0029478817200108316,0.6880354134047869,0.6312990525024526,0.3883399992070147,0.8750823708102495,-0.141801061102785,0.16856490323562925,0.36168371695062423,-0.04446083427968687,0.684360132705666,0.5426792281430375,0.5393068865143561,0.47266748443803275,0.0,0.0,1.0,1.0,0.0,0.0,0.0,0.0,0.0,1.7747237033704812,1.5256452877123101,-0.31310166966712905,-0.4229893876834676,1.6512135028258585,1.727748512425933,-0.32317293593615104,-0.49755275589643505,1.6284088785192157,0.0,1.8566026372105116,-0.3642904992802709,3.0,0.0,1.807906909326283,1.7247155459675068,1.3887686854905843,0.0,2.0,-0.5050653478307755,0.0,2.0,1.0,0.0,1.0,1.0,10.085719855208046,-2.58241182657111,16.493344551999137,-0.7127226033837921,0.016681743232307422,-2.2246501032407093,0.3012554744961317,1.2384881417987865,0.5745588023352688,,,,,,,,,,,,,,,,,,,,,,,,,,,,,,,,,,,,,,,,,,,,,,,,,,
340652,0.9854504,0.19547349,0.18000000000000002,0.06325205919758363,,0.3616047969612713,1.0,0.8928581807645382,0.9343745055344816,-0.5445776143453649,4.0,0.3190523630173721,2.0,0.34754167560243654,0.28551820934763433,-0.7591826385807634,-0.2320270642556427,-0.16479105189535323,-0.15742282148249848,-0.10366724388697394,-0.20333799228407687,-0.15624974131173155,-0.1261099145669859,-0.001067614241881093,-0.3036515031653846,-0.04376860735547418,-0.11888199007917176,-0.06022480040007072,-0.21038665589905042,-0.04634951999246528,0.6945658325114079,-0.03995993485687782,0.028065204298242278,0.023876308743944356,-0.02453443225506136,0.038435216228353476,0.37079743964365813,0.9711837400094527,-0.038685091782568695,0.005831820980002238,0.001542512421505321,-0.04640536836331912,0.07087617401997184,-0.0688312942382219,0.0,0.0,0.0,0.0,0.0,0.0,0.0,0.0,0.0,1.828703678940314,1.1577016496506711,2.88801793269466,2.7858862085019873,1.7197635699095946,1.8248883729269387,2.6689188375705313,2.586516752680906,1.7078626909724466,2.0,1.7901475504787774,3.1825383163285164,1.0,1.0,1.8758164620933917,1.5318947209188438,1.8687945515416093,1.0,1.0,2.629334342504085,4.0,1.0,0.0,2.0,2.0,2.0,31.497534995758357,-0.8801689585332915,-5.180947242544035,0.9280049066335634,0.05172307318625307,0.9723520720987422,-0.061789884856397345,0.13588614095361745,0.2686271640095295,,,,,,,,,,,,,,,,,,,,,,,,,,,,,,,,,,,,,,,,,,,,,,,,,,
180665,0.99899393,0.12859279,0.28,0.24919445743323487,,0.42837109102528753,1.0,1.0595376789437383,0.6214622859652938,0.2653829385382692,3.0,0.7870574005731941,2.0,-2.912946491406704,-2.780136477395648,-1.1983501485893668,-0.3040951298750482,-0.06743729912831634,-0.3265569280177791,0.3920417280679403,0.03647232705695602,-0.3896667476157407,-0.4370518598940931,0.1219885298304452,-0.2154056004060755,-0.3562540182571056,-0.021524092068566883,0.7459708683803609,0.15206515167235402,0.312729601193095,0.49474848580223346,-0.07522527700932967,0.10456473932174501,0.3697996296952244,0.4581065455397432,0.5775374943794231,0.31534814447377285,0.6744223180176092,0.4897616646577072,0.042374175601228546,0.2030785359708131,0.523311585837998,0.34361313158799467,0.6318348080676387,0.0,0.0,0.0,3.0,0.0,0.0,0.0,0.0,0.0,1.7257270105863214,0.25354731725020385,2.6745076225818516,3.4406661559986897,1.8599240202486393,1.1117956002623113,2.6940320907184137,2.692797320566684,1.901030283672883,0.0,1.7438349408439089,-0.4237776942126045,1.0,1.0,2.154376994488435,1.8842483190928558,1.8561919707223493,1.0,1.0,-0.1147946584897615,2.0,2.0,1.0,2.0,2.0,1.0,10.052421623808868,-2.7289452142011204,16.338566260860656,-0.617991643263057,-0.19700749876276008,-2.228134001735657,0.5255037047019993,0.800584044235849,0.4350837114454742,,,,,,,,,,,,,,,,,,,,,,,,,,,,,,,,,,,,,,,,,,,,,,,,,,
212844,0.949798,0.4155346,0.18000000000000002,0.06325205919758363,,-0.8116585453552352,0.0,-0.06672631393202623,-0.8806408802132759,0.5168399650587595,4.0,-0.4691074794587672,3.0,-2.7715090896406007,-2.792011361427762,-0.66097991773357,-0.13727464241640022,-0.011643246093864634,-0.02260217785588338,-0.042467048138872455,-0.09221500289895157,-0.021290435893876247,-0.1001355584173466,-0.05901526114132914,-0.3126933199347717,0.09479950300517956,0.004523959435911648,-0.018794715586943685,-0.16291476567379198,-0.13049236261072764,0.6300793163585285,-0.04548920187798176,-0.004157695825525642,0.6604680648439175,-0.04117138772708292,0.5250003364240814,0.03900259519428742,0.04647436685379863,0.5227851392098837,0.0014639998988789655,0.5592055025716804,0.5135184804143902,0.5642976521796702,0.5555103929728721,0.0,0.0,0.0,3.0,0.0,2.0,0.0,0.0,0.0,1.7068999883711655,2.705348549608239,-0.3565840784101073,-0.44017904759165444,1.7101078190409214,1.7918620919351533,-0.2541107621063811,-0.4159853404725907,1.8011741171377578,2.0,1.8315738589563038,-0.34422597792886245,2.0,2.0,1.863739068722152,2.0193075389679525,2.139030158865627,0.0,2.0,-0.48650247312907247,3.0,1.0,1.0,1.0,1.0,2.0,9.532453153882598,-2.6945466512720815,15.88616779469464,-0.6526603018847529,-0.02549451437604608,-2.0312588012263695,0.053859183932582086,0.5211101503012832,-0.719928162637776,,,,,,,,,,,,,,,,,,,,,,,,,,,,,,,,,,,,,,,,,,,,,,,,,,
107960,0.9430925,0.044884857,0.14,0.03356392623053241,,2.355397185645003,4.0,-0.8507292047509702,0.36665827572211124,0.026534279684725864,2.0,0.3097678814352409,3.0,0.18926060115865195,0.35425245004017913,0.9276046253153424,-0.12461982612257173,-0.06925940011020355,-0.021828625313634713,-0.016711494408519594,-0.23116787793894655,-0.16235243446373307,-0.11284927349648768,-0.047236905432986094,0.08318700475795637,-0.08586307513679851,-0.06917031239548575,-0.033148204645102555,-0.18666623086200143,-0.06601944292320128,0.608624583530961,0.6476140394135679,0.6456179088345936,0.616607100550774,0.5489215267546366,0.04186081379562975,-0.01584112859629258,0.035552643693643964,0.6453355883969614,0.7291850179574203,-0.020997143476082374,-0.03501245433402107,0.058776624761455,0.5310724665893383,2.0,2.0,1.0,2.0,2.0,2.0,0.0,0.0,0.0,-0.5809844060178674,-0.36413160475099304,-0.4000209054405582,-0.3618833628881652,-0.5691378029001013,-0.5698490568948392,-0.3973384524121404,-0.3696184674084696,-0.5787215134507853,0.0,-0.579210426590908,-0.30545029282252917,0.0,0.0,-0.5955107368751715,-0.6641040760097544,-0.6153994231639675,0.0,0.0,-0.3781046959869548,0.0,0.0,2.0,0.0,0.0,0.0,-7.577530498603964,0.0006171817967349016,-0.5985412417764389,0.2267659671888622,-0.07165518405494652,2.1796765366534476,0.09624412968637942,1.1081754301166973,-0.7075636514322104,,,,,,,,,,,,,,,,,,,,,,,,,,,,,,,,,,,,,,,,,,,,,,,,,,
4712,0.9435424,0.3890066,0.17,0.05427181375432048,,-0.5726746172835068,0.0,-1.7148090823719806,0.5443176034651259,0.642897496975817,0.0,0.34061255614326397,2.0,-2.7489099023901296,-2.8309075261381564,-0.7812982763434683,-0.09821133785819527,-0.053572343426231094,-0.09746222448664321,0.008626728456998925,-0.2118832807905738,0.00811522471190304,-0.02613390061826691,-0.013285608286271925,-0.13990301844174088,-0.06630521580172913,-0.0934020920982151,0.011426010008706649,-0.18086396608865385,-0.1455827018413603,0.5854791370225704,-0.0003898869117758828,0.5597954016359061,0.01844666341505652,0.035828849926490824,0.024495402591274265,-0.07846447922025082,-0.07025814091332663,0.5645831812736111,0.049040680498544084,0.05155944296113504,0.04330365495634307,0.007723632775732491,0.0038357307432817537,0.0,0.0,0.0,3.0,0.0,0.0,0.0,0.0,0.0,1.7431049352733219,1.1604236542771065,-0.4025443612922397,-0.3336141162525143,1.7721654968028728,1.7401485206943574,-0.4554687812749103,-0.3952898003299093,1.8155750670658148,2.0,1.9376472955772477,-0.3931687693508187,0.0,2.0,1.8676639785214006,1.6773599638238985,2.0603256632428586,2.0,2.0,-0.37861005983199125,0.0,1.0,1.0,2.0,2.0,1.0,-1.4727418887741501,0.8804852475499386,-7.277089379760054,0.2451309478675587,0.2122550537663163,-8.75278881787081,-0.3568665882853069,-4.583471223907828,0.9319075105911189,,,,,,,,,,,,,,,,,,,,,,,,,,,,,,,,,,,,,,,,,,,,,,,,,,
241040,0.9898061,0.30734366,0.19,0.0734769996100588,,-0.7053119291737434,0.0,-1.20790885246122,-0.10809436362147327,0.6276361913878672,4.0,0.17438810470583763,2.0,-2.851740088157354,-2.9374877607287364,-0.5551359229568664,-0.1118330891905056,-0.24720335818189165,-0.016560981047610106,-0.08821464730515322,-0.2596643953180456,-0.2310858888894029,0.04535703094747405,-0.10474105736147515,-0.3024988813667107,0.056948736678408496,-0.10506219297217827,0.03603127387900269,-0.11766669956933926,-0.2002113175890592,0.4941423678087059,-0.007989756047111544,0.09940910530299976,0.5931825920052849,0.5531478024784423,0.5336142212025741,0.02483935204827805,-0.11664375762181914,0.4933943484683875,0.10750994537466359,0.5484869452542606,0.5886372538935278,0.6987512429871793,0.5483970074287362,2.0,0.0,0.0,3.0,0.0,0.0,0.0,2.0,0.0,1.4978408440389483,1.582042041117554,-0.2539764653932799,-0.3395472062534607,1.791432901842992,1.6775390017572371,-0.4991365200902427,-0.32961100325017056,1.7171917498094589,2.0,1.8342533603173252,-0.4288190951898823,3.0,0.0,1.8293272873507422,2.2472084637357765,2.1323370635768666,2.0,2.0,-0.3262957613604844,0.0,1.0,1.0,1.0,1.0,2.0,9.57839842146051,-2.7518553513838433,15.97773569522824,-0.5909594607948274,-0.05251176900218674,-2.1150936220402783,0.14628332968013802,0.4857601525612466,-0.5434838504711597,,,,,,,,,,,,,,,,,,,,,,,,,,,,,,,,,,,,,,,,,,,,,,,,,,
156238,0.8480231,0.38913754,0.14,0.03356392623053241,,0.5051553903893999,2.0,0.8443533640797839,1.098567995172948,-0.08555711342075942,4.0,0.38605627943857457,2.0,0.47781828384448277,0.37694348845263365,-0.8198908842052302,-0.0970986130976611,-0.112562401000345,-0.00357933946305182,-0.09398113894233641,-0.22355516872688042,-0.1549738081698471,-0.08744434095776468,-0.025983476394719082,-0.2800163586689332,-0.027992245581027638,-0.10685393914799185,-0.01312922669193807,-0.2360110733400518,-0.07932632315855283,0.6489941167994159,-0.04520714279313669,0.027999317053152697,0.09133789075924437,-0.038741616561295524,-0.0046592776199818695,-0.018511037170722954,0.008686384405013974,-0.0421721115155202,0.019613355464742535,0.022676253382781786,-0.055007255545958166,0.05772586592086034,-0.03632194548720508,0.0,0.0,1.0,3.0,0.0,0.0,0.0,0.0,1.0,1.7500673951387649,1.5365278289888893,-0.39392116788611153,-0.41171407794212145,1.7672878454376255,1.8125921346181952,-0.34846189256456583,-0.3443699496834556,1.7621194962600768,2.0,1.9283095704644337,2.695001677711145,2.0,2.0,1.7103909310241747,2.0503078041008145,2.0016750471672315,2.0,2.0,2.5634479631676075,3.0,2.0,1.0,1.0,1.0,2.0,31.18354633231015,-1.2276026944202663,-5.340040898693157,1.1834028484799708,0.15168718617597718,0.9550578064407623,-0.1315358736371788,-0.19354248081034187,-0.544638273704805,,,,,,,,,,,,,,,,,,,,,,,,,,,,,,,,,,,,,,,,,,,,,,,,,,
21746,0.922928,0.32775715,0.24000000000000002,0.1486439774738485,,1.075847003233257,1.0,-1.5877615564538803,0.2853194214993307,-0.18185129148375453,1.0,-0.027889764258656625,2.0,0.3343843270300447,0.1102989569616939,-0.7781868125019733,-0.2074377031726763,-0.16612127216113032,-0.24023701829271915,0.022449978878900226,-0.3728452702444718,-0.11432454240977799,0.014384855605543208,-0.03262419641095557,-0.26386808239236065,-0.19299164983969924,-0.11590042879982813,-0.2426850555124529,-0.026702412630533773,-0.1277346189228956,0.6289361870145319,0.05988705709776455,0.2826771791318072,-0.2756799628043693,0.05919119002539398,0.012786160136112109,0.41740892210408886,-0.18356346384894823,-0.07035544431716584,0.2958231732877278,0.20333890784521105,0.08849382584603871,0.14213384445312305,0.014231179936067455,0.0,0.0,0.0,0.0,0.0,0.0,0.0,0.0,0.0,1.8928466286536525,-0.19139915438733984,-0.10225541614051159,-0.46135516950312233,1.7451591547119352,1.9802180980296915,-0.20506227159983048,-0.42714908016249636,1.716189345738591,2.0,2.005887516944873,2.3307588297200255,2.0,2.0,1.8679253247242826,1.3877360218418255,1.5113786299152954,2.0,2.0,2.5547832256240737,3.0,2.0,1.0,1.0,2.0,2.0,31.989665734258672,-0.7638206688526957,-6.271564178982355,0.9858117682340122,-0.04689830794361648,1.7955604946874306,-0.20361268887051776,-0.02939348056573882,0.06551818122710651,,,,,,,,,,,,,,,,,,,,,,,,,,,,,,,,,,,,,,,,,,,,,,,,,,
477251,0.6233693,0.35484695,0.060000000000000005,0.00771172199313132,,-0.032544614532185316,4.0,0.7308593317393912,-1.023942915728371,0.00353493477755066,4.0,-0.2277058281718888,3.0,0.09236320913046316,0.3581821252209605,0.9304086564782617,-0.0675310000844644,-0.08420871550420372,-0.035253752873744444,-0.04852620910509527,-0.17151604350800478,-0.10466788552125243,-0.039642943568407356,-0.04721314085317176,-0.21868574222106948,-0.06786018348338736,-0.0840845490570151,-0.03510237758444577,-0.21678424112918548,-0.11817944924398568,0.6312394083360133,0.6400354559125782,0.561457579157879,-0.002896394043733062,0.005858084630903364,0.014422698527975808,0.003549204686830217,0.0025771397004138853,0.5456602331906596,0.615325435242596,0.005538859961308441,0.004834984870371853,-0.0008928503334546422,0.551261304992081,2.0,2.0,2.0,0.0,0.0,1.0,0.0,0.0,0.0,-0.5690671841748736,-0.4016634885984841,-0.3696723043301321,-0.3610993386407955,-0.5569035500006762,-0.5567072664214832,-0.37985775783025527,-0.3851695702212989,-0.5620773266451908,0.0,-0.5320660563518788,-0.37988756396127,0.0,0.0,-0.5448481013822202,-0.5413869931689401,-0.5609994458165019,0.0,0.0,-0.38410192940460025,0.0,0.0,0.0,0.0,0.0,0.0,-5.871021285394446,0.7228443936512711,-4.191957768220566,0.39477209849517875,0.18705228587929448,-5.349825045096852,2.0746445968059644,3.6032386840885278,-1.0733059391704163,,,,,,,,,,,,,,,,,,,,,,,,,,,,,,,,,,,,,,,,,,,,,,,,,,
371447,0.9261922,0.14489989,0.15000000000000002,0.03954065143898942,,-0.8269527825467144,0.0,-0.1986314074458919,0.8865905561588174,0.5854180863403212,4.0,-0.5617293544805744,2.0,-2.7400511577728586,-2.8089889911214527,-0.7356918829176615,-0.17366402195113256,-0.13472311434789508,-0.06524992017990691,-0.09447257021813112,-0.20242915131216185,-0.09977449874151226,-0.07106865845452223,-0.05824392318298205,-0.24752925583979102,-0.017861393795948578,-0.07042629733705885,-0.05707752317498371,-0.18412892695032312,-0.09139446052696432,0.6537670399391009,0.5672127585429904,0.573842772554654,0.6274110059638963,0.5327961971029123,0.5230406345877862,0.4660358428619561,0.9782374779952097,0.5386205197938535,0.038002212719238225,0.7399543022977013,-0.007684091659042489,0.47384011932528963,0.5000048131110477,0.0,0.0,0.0,3.0,0.0,0.0,2.0,0.0,0.0,1.7392093850080836,0.9745139590579363,2.7478195190892496,2.8310971361743285,1.757398400953865,1.8294668018058047,2.632092860556158,2.602126247884156,1.723426285691779,0.0,1.8503641144086667,-0.36585927431138887,1.0,1.0,1.85709525522906,1.6101964478633837,1.9492289281512172,2.0,1.0,-0.46422222885121145,0.0,1.0,1.0,2.0,1.0,0.0,9.58285238333055,-2.599101806983948,15.983302119018376,-0.5521709381699568,0.35302565289548926,-2.148997356214852,0.4236886324604518,0.5698298857357806,-0.4263938957391692,,,,,,,,,,,,,,,,,,,,,,,,,,,,,,,,,,,,,,,,,,,,,,,,,,
219781,0.9900539,0.4138016,0.25,0.16975275626876413,,3.207466003214652,2.0,-0.021830675315850326,0.9264977603478565,-0.3132882740344827,3.0,0.3942011052929074,2.0,0.5026880759434376,0.1680370478087479,-0.9431498399334304,-0.013024440349637456,-0.22103559732306008,-0.3034454845549,-0.08352996824095262,-0.17782337529762945,-0.36955730792513547,-0.01237066569940886,-0.33293160857109305,-0.24047958265051025,-0.06756150303318587,-0.34408948736123485,-0.1852314034739411,-0.21464411884183696,0.029478290888061753,0.7626350234928813,0.14010596056974006,-0.17172421781954447,-0.0645232011255795,-0.12295612422113787,-0.08743008478577159,0.4918936736837912,0.710257405561326,0.23540061327681347,0.325585019236218,0.00480040429776821,0.01777519101707428,0.7973158290387738,0.04954046431481537,0.0,0.0,0.0,0.0,1.0,0.0,0.0,0.0,0.0,1.6453834737862447,4.470749726314937,2.8314263441194387,2.747047031835726,1.6887189992915355,1.5764951453240013,2.6606760107162293,2.5848334714274164,1.4576284758220783,2.0,2.099629711047655,2.120312969867347,1.0,1.0,1.7498897649165597,1.9370553603942533,1.4968854502269338,1.0,1.0,2.788848564841965,3.0,2.0,1.0,2.0,2.0,2.0,31.503430160887916,-1.1594009785943762,-5.3299652825677475,0.8554389471073278,-0.035165047082064055,1.0015435201413585,0.07944720179383849,0.21540300712253102,0.24187540190532092,,,,,,,,,,,,,,,,,,,,,,,,,,,,,,,,,,,,,,,,,,,,,,,,,,
57829,0.72830623,0.36542982,0.12,0.02389616287845446,,0.5051524154638256,4.0,0.5009181681696382,0.5376692646740319,0.006920520700071108,4.0,0.014079851180666965,3.0,0.053851824579898955,0.32342637515219613,-0.7762356909978329,-0.11817458544254367,-0.11253150073259004,-0.06524475371804477,-0.06443679591064193,-0.22362699792380394,-0.11326513246180547,-0.05721481545962834,-0.06222091307357061,-0.306182036954578,-0.065147881283276,-0.09124661545946161,-0.033799646466947685,-0.27508208523033156,-0.1534108437901552,0.6300213685564688,0.0017131612549615102,-0.0006251259159565385,0.604100033677298,0.014925969624801725,0.03044517248686118,0.0077359804588359145,-0.0008944624206836874,0.5067904649852043,-0.03108423128334336,-0.02640358396521495,0.01157983195554784,0.05251019977990005,0.4994136384602276,0.0,0.0,0.0,1.0,1.0,2.0,0.0,0.0,0.0,-0.5991771928235626,-0.41735876366812047,-0.3063241212146403,-0.35961071735925604,-0.5361144969795641,-0.5188462657242068,-0.41127955010877065,-0.34030888388503405,-0.5731992546351007,0.0,-0.5382812138473109,-0.4034663257114929,0.0,0.0,-0.569404927985926,-0.548483489017547,-0.5472945644352187,0.0,0.0,-0.4171553995020084,0.0,0.0,0.0,0.0,0.0,0.0,-6.577258225496404,-0.17296436280476268,0.29431504333196856,0.19031852770414734,-0.1289794588338657,0.34056499193887735,-0.9126731728325463,-4.2738729457532205,1.4392981485411431,,,,,,,,,,,,,,,,,,,,,,,,,,,,,,,,,,,,,,,,,,,,,,,,,,
85030,0.95976126,0.3550609,0.13,0.028378895023486856,,1.1295575107506266,2.0,-1.099737360436008,-0.7335999239180853,-0.06697623585899147,3.0,-0.0615228019948639,4.0,0.1120967540003526,0.32966348560295994,-0.7842838819580455,-0.10412386983966672,-0.11232128194096366,-0.047841489267914275,-0.017888207724781488,-0.2186070319402386,-0.10928468914026249,-0.07982149774034747,-0.023759496248711008,-0.2564151309962363,0.006121014202536551,-0.054597524501325406,-0.06109437429818422,-0.22623727963601514,-0.10670821866628258,0.7894415107686499,0.697433323998028,-0.044790824407537067,-0.0051215748934377294,-0.02345193709106914,0.019261145932897943,-0.023978457079977297,0.042422698707826716,0.003179203767918967,-0.00478864111951378,0.027655746336790858,0.019206412871128002,-0.008114555671223253,-0.0182613190622235,0.0,0.0,0.0,0.0,0.0,0.0,0.0,0.0,0.0,1.700541731778545,3.367825358651734,-0.33255057426310164,-0.3526170044016055,1.7956416093673693,1.7500597429117526,-0.36330033644064263,-0.37640660753919936,1.8212940534658646,2.0,1.8864233826866355,2.6727602924326628,2.0,2.0,1.7059111015165613,1.5312025510451672,1.7114317140810604,2.0,2.0,2.59170268726814,4.0,2.0,1.0,2.0,1.0,2.0,31.136564266111122,-1.190950804936831,-5.420895860164913,1.1677561744605391,0.055416084542362354,0.9686299851325529,-0.16804937646000015,-0.20085172444891855,-0.5771107714713984,,,,,,,,,,,,,,,,,,,,,,,,,,,,,,,,,,,,,,,,,,,,,,,,,,
342356,0.9751507,0.28758806,0.12,0.02389616287845446,,-0.05181328894591139,1.0,-1.3766977991857805,0.9157159867844575,-0.527918410107939,3.0,0.23842509231869258,2.0,0.36190017705738015,0.27836862685246005,-0.7905957143282876,-0.10241247133691582,-0.08147195667635244,0.0038764330881845555,-0.04266739244367462,-0.17372607084407196,-0.08124800147140465,-0.08120840637048984,-0.039308014562684304,-0.26380641654359727,-0.03045141363898111,-0.09800847907104661,-0.08001774548553925,-0.2517539720654065,-0.17006266476149745,0.6512726077376829,-0.02552247698618471,-0.01760903356409116,0.007370157991664057,0.019288974697033737,-0.0034154028080515706,0.33743243706498227,0.9452987122182458,0.02275990096445478,0.057515321689322094,-0.0025212418818994194,-0.002953100636526983,0.022174277245299048,-0.0012652813075559593,0.0,0.0,0.0,0.0,0.0,0.0,0.0,0.0,2.0,1.692290260764355,0.07119670283344211,2.7755219248516623,2.8098332696973585,1.844083041510651,1.8012364632606763,2.595689774999844,2.589723935644331,1.7485352240883132,2.0,1.7866388431954887,3.250858552383537,1.0,1.0,1.642131967823975,1.5794599851031308,1.6267175679200203,1.0,1.0,2.5236818298412613,4.0,0.0,1.0,2.0,0.0,2.0,31.29907395378703,-0.6802434530038687,-5.342752493907132,0.8744325101794671,0.24926913278936355,1.0911356673104975,-0.07965494737665389,-0.11720565591414608,-0.10393469584563587,,,,,,,,,,,,,,,,,,,,,,,,,,,,,,,,,,,,,,,,,,,,,,,,,,
299575,0.6428093,0.35572076,0.01,0.0025521382703821843,,-0.02447374422609894,4.0,-1.6601178402833676,-0.8113389756160393,-0.002750410085029322,4.0,0.32189063893418024,3.0,0.41017232284542204,0.35757759393035876,0.9373434816972512,-0.06177337977032502,-0.05292382685088566,-0.037194530205526294,-0.0672886759277839,0.01007578346141484,-0.07190683127485403,-0.047656536806822865,-0.057722487507186185,-0.03268616806793335,-0.05467865533533246,-0.048372439747036054,-0.04768166919545587,-0.12151252193858367,-0.04828583474195272,0.6096750416800254,0.002463734456300505,0.003046951497607953,0.5344884044765146,-0.0011826164033166605,-0.002663607847497908,-0.0024446906709421393,0.0010332134644709153,0.5344986629364132,0.6004755359280892,0.0012868551460201256,-0.002534081066069394,0.0018391895409847307,0.5357564618220978,2.0,2.0,2.0,0.0,0.0,2.0,1.0,2.0,2.0,-0.5772430134450235,-0.3930680372130762,-0.35912950073329497,-0.36517674153214447,-0.5547776232679036,-0.5533886435262451,-0.38300261964302806,-0.38505746569666777,-0.5653051264504135,0.0,-0.5301374583095895,-0.39342335839735854,0.0,0.0,-0.5609352195561714,-0.5595446128045078,-0.554843842872761,0.0,0.0,-0.389720181406925,4.0,0.0,0.0,0.0,0.0,0.0,-7.52617187868693,-0.014226634424375075,-0.6032473557153897,0.2534165159777288,-0.14074811946572774,2.1931485325832636,-0.14038873670649119,1.1750024264816428,-0.7192310172716855,,,,,,,,,,,,,,,,,,,,,,,,,,,,,,,,,,,,,,,,,,,,,,,,,,
115724,0.9927578,0.22729322,0.17,0.05427181375432048,,0.23944722374776067,0.0,0.04657165429243136,0.7019853414207873,0.6461781512490641,3.0,0.2689516265225466,2.0,-2.67138025098435,-2.864885554109968,-0.8409888677250014,-0.11509558892121052,-0.1390887116675444,-0.018106527878115435,0.04201217167460296,-0.2504637083554125,-0.07728229771077666,-0.0602985097806258,-0.03516216069730367,-0.24623937473559193,0.03937998029760095,-0.13836956723093438,-0.09954153639437241,-0.12962532104872415,-0.09939761661143846,0.7112725646328284,0.03216511751859751,0.024596558409691018,0.5306791231925542,0.5890436290889558,0.535143392423518,0.41527117120002843,0.9638262558021116,0.5267987853824285,-0.02031760233841804,0.49260356716235176,-0.09049317940465744,0.5201282411561761,0.44393959596259114,0.0,0.0,0.0,3.0,0.0,0.0,1.0,0.0,0.0,1.7143129355696995,1.7275253129681187,2.78733170100475,2.7489267752781648,1.7961976676287488,1.8661298941065314,2.6481945332212,2.5631164402020024,1.819786873344031,0.0,1.9043755144435892,-0.34571932685853096,1.0,1.0,1.9788195878459294,1.6581595139281635,2.0860726736114326,1.0,1.0,-0.3157699690785506,0.0,1.0,1.0,2.0,2.0,1.0,9.533281459917445,-2.5799222889399074,15.854264657971173,-0.5404412157250896,-0.1485109733107258,-2.167977612638295,0.22200371023945548,0.5795029053191616,-0.47555085286788734,,,,,,,,,,,,,,,,,,,,,,,,,,,,,,,,,,,,,,,,,,,,,,,,,,
337593,0.9981269,0.32789776,0.21000000000000002,0.0982356594956918,,-0.7000969423316465,0.0,-0.6113534121467452,-0.6411381249061935,0.5773731782131956,3.0,0.33990209221469847,2.0,-2.7886070256171998,-2.963797093663998,-0.8424633287200085,-0.148572980924454,-0.07830165170621847,-0.08673656427298373,-0.19960183545171173,-0.1680909148799664,-0.2843766666175219,-0.289968039246563,-0.05108378232034031,-0.2846480076581592,-0.07887245662689209,-0.08471870357979548,-0.13757490469528538,-0.2781767011982369,-0.23683260068282586,0.744598807768537,-0.20347566027493302,0.02898532452562135,0.8279113760095272,0.5382743579326212,0.6102171298728691,0.3071301238447668,0.9887623026311386,0.44228659847436513,-0.08352008558440517,0.6452356197587339,0.035206845371796275,0.4292762986209016,0.415335152259348,0.0,0.0,0.0,3.0,0.0,0.0,0.0,0.0,0.0,1.6586408548267777,0.06261440181668762,2.7578848307640276,2.6894945030619395,2.071207590278562,1.9241055269437797,2.4939786630905196,2.431375749408338,1.5925457144026967,2.0,1.830057079332332,-0.4357913577172288,1.0,1.0,1.733969113401789,1.6878356431590724,1.3996769353794667,1.0,1.0,-0.4036077526662458,0.0,1.0,1.0,2.0,1.0,1.0,9.47910024411386,-2.6457594292903535,15.976169702189576,-0.640665016661201,-0.0011547383636652392,-2.2821005896519564,0.23456927758115376,0.6466333355839939,-0.30756475874491673,,,,,,,,,,,,,,,,,,,,,,,,,,,,,,,,,,,,,,,,,,,,,,,,,,
287531,0.96680766,0.48752326,0.16,0.04640734643340897,,2.8886526768036447,1.0,-0.11927507059379705,0.2819085123940439,-0.0004679473498990527,1.0,-0.48651838149794235,2.0,0.617754945042439,0.34254206761902756,-0.7958777011284538,-0.11189572219455986,0.0026247129763610766,-0.08625787462764242,-0.07969243263312176,-0.30511628460363655,-0.11968982166821455,-0.07987430119005764,-0.058281612065590266,-0.26125407261039385,-0.0075735165825075446,-0.1052729199057007,-0.08176232957322913,-0.3258587480169199,-0.11468308805906913,0.5961452359057722,-0.002135536873579119,-0.06291247370172492,-0.07614244612511888,0.025500298132404276,-0.06830364283860622,0.4417611653908562,1.034247086809193,-0.010880666782919136,-0.02335548459756072,-0.04953193460444421,0.023278235940943186,-0.06002492618830149,0.002414956686295208,0.0,0.0,0.0,0.0,0.0,0.0,0.0,0.0,0.0,1.8241996406109438,1.4352081815278168,2.85787432316161,2.851307520747755,1.8151557885618825,1.6847136633204884,2.608397791943309,2.5702656021511796,1.7919876170713065,2.0,1.9248289876668958,2.681928357840908,1.0,1.0,1.6594240222410483,1.525055677598844,1.9692577943085572,1.0,1.0,2.5897161823730963,4.0,2.0,1.0,2.0,2.0,1.0,31.15583321806333,-1.1685854463626695,-5.446944960274924,1.1468661216406488,0.07939140094235848,1.0013475092281339,-0.07679083562313352,-0.15079709109785008,-0.5602276264102197,,,,,,,,,,,,,,,,,,,,,,,,,,,,,,,,,,,,,,,,,,,,,,,,,,
259045,0.62071186,0.24367991,0.09,0.013888290969627364,,-0.6273363558542858,4.0,0.9662502626613285,0.9054794335732925,-0.01341902705693398,4.0,0.32401168845261086,3.0,0.8141200620839569,0.3597142773424587,-0.7518912541114596,-0.09219900232318878,-0.10365478768316634,-0.07733310918477375,-0.041716219925329465,-0.23387350104612165,-0.10845272889975167,-0.03631145395505807,-0.035963379970046894,-0.2060186542370539,-0.0470563933779658,-0.08263917442685446,-0.058681167675284446,-0.18275069279275333,-0.14281825249668326,0.6296693112195739,0.6318182263765515,0.5381879444903578,0.5604108303298139,0.5367942032302332,0.008919379045251221,0.011375081210110214,-0.002065656427881458,0.6707481127903325,-0.033573711628915516,0.001060456504285056,-0.004825816195304048,-0.011969152661338996,0.5420559900185766,0.0,0.0,0.0,1.0,2.0,1.0,0.0,0.0,0.0,-0.5592031914493988,-0.4094808864826081,-0.3551617708981047,-0.35613914754874576,-0.5296150647611687,-0.5335481681349314,-0.37078797609196384,-0.3742303477598605,-0.5803226085403259,0.0,-0.5239588229588245,-0.38923010348780135,0.0,0.0,-0.5914804836321417,-0.5443510763981311,-0.5458281664518628,0.0,0.0,-0.38977491508089207,0.0,0.0,0.0,0.0,0.0,2.0,-6.5506756174727885,1.0422211134789463,0.41269321754432053,-0.06657409240877263,0.06379969792175787,0.49113993258122807,0.15312397103333805,-4.500783996592376,1.6121852913349501,,,,,,,,,,,,,,,,,,,,,,,,,,,,,,,,,,,,,,,,,,,,,,,,,,
398173,0.9804252,0.45338356,0.19,0.0734769996100588,,-0.439036070789635,1.0,0.8814419354788757,-0.852084228984038,0.5297870235420731,3.0,-0.5525382252407713,2.0,-2.597901765936556,-2.7385967796520925,-0.6848187139134534,-0.11912882036621496,-0.045204780493421325,0.03431917619090534,-0.04938810744667515,-0.23277614148368833,-0.2269699302753772,0.0572650169602662,0.05024598816817631,-0.264630132277796,-0.1632246057200131,-0.041339648546577984,0.04805451765396497,-0.19308477767526688,-0.05823922959046249,0.5629300788901881,0.1039548523194891,0.04520649037320443,0.5766858297160691,0.016629754462398866,0.6372234878917222,0.4832313615584897,0.9997237109248209,0.3912834583178194,0.004765396517732052,0.5799927423963711,0.48941163988944203,0.10934174352260528,0.622465473840018,0.0,0.0,0.0,3.0,0.0,0.0,0.0,0.0,0.0,1.644525076898759,1.164173683138251,2.7355042531222757,2.843029083564638,-0.5563944164849949,-0.5845655502669659,2.496019013738059,2.5410146233100774,1.7464787575532073,2.0,1.8238828003621301,2.439736408435756,1.0,1.0,-0.4906760099678978,-0.4394822687225341,-0.64560182030218,1.0,1.0,-0.2522628694540524,0.0,1.0,2.0,2.0,1.0,1.0,0.10759811776425568,-0.3210867390979184,7.2743119239373,-0.6813658087024572,-0.24076005624320737,-0.928975300067885,-0.7284181271425452,-3.3178740418335617,-0.9304797638242703,,,,,,,,,,,,,,,,,,,,,,,,,,,,,,,,,,,,,,,,,,,,,,,,,,
192512,0.98640543,0.4018043,0.08,0.011477469205752985,,-0.6478249151708327,0.0,-0.8465417377061263,0.2949897569492495,0.5640484225781358,3.0,0.3175319401048336,3.0,-2.7251331612937597,-2.8005570960300417,-0.7556742471472174,-0.10380609691503273,-0.07039196694903249,-0.037370443993592996,-0.05173349830132809,-0.2425955967878792,-0.11973543658755159,-0.036991469254462374,-0.03084710602654038,-0.27000783870614004,-0.030014149814179672,-0.11174856239574307,-0.007921933266027765,-0.22735642363169034,-0.12449561793937573,0.6106070337875675,0.6117982355820152,0.545898193500005,0.7361287044475261,0.5332221833841231,0.7133260262172574,0.37039396462755286,0.9824532848806596,0.5275178807142037,0.0032053866134138798,0.8397511563382155,0.5598619326192527,0.5324884383940591,0.5229005097794082,0.0,0.0,0.0,3.0,0.0,0.0,1.0,0.0,0.0,1.7564759203387026,0.301979911774824,2.7790210489101046,2.7893643474582985,1.8049917385148118,1.8170915605173232,2.5998845196901588,2.602969246510433,1.763264719314425,2.0,1.8902846365399606,-0.4054502371256432,1.0,1.0,1.8388835533901122,1.6242972312558341,1.8191995120466375,1.0,1.0,-0.3963108656889584,0.0,1.0,1.0,2.0,1.0,1.0,9.584133819220185,-2.587332482774424,15.92849355673226,-0.6020908380094441,0.25573223892070657,-2.1342965517942605,0.37320904445924086,0.5601184968323841,-0.44887720491220867,,,,,,,,,,,,,,,,,,,,,,,,,,,,,,,,,,,,,,,,,,,,,,,,,,
377666,0.5297712,0.4005803,0.01,0.0025521382703821843,,-0.20736279286519307,4.0,-0.9945379943550837,-0.3238198416931131,-0.007092577536624774,3.0,0.3067266258233311,3.0,0.7039033999418562,0.3563753567161606,0.9373268034974034,-0.0760276531089536,-0.07208307492603062,-0.039364092130807646,-0.061473248300527715,-0.21495097260035584,-0.10016692716858198,-0.03978938609583936,-0.05660387352744608,-0.09271423586286799,-0.062056763110099014,-0.09663955344618547,-0.03775378987468034,-0.17396772715440348,-0.08949529378496385,0.6102718372790303,0.6098854267141012,0.5506609768834495,0.5684951658157954,0.5532322672171813,-0.004397279303736162,-0.004761887503249536,0.0011860076654341804,0.5541775181168637,0.6148699048932548,-0.002470866659947545,-0.00264872644830803,0.004312121517115228,0.5619585832802418,2.0,2.0,2.0,2.0,2.0,1.0,0.0,0.0,0.0,-0.572890861846706,-0.39156110238412206,-0.3611796166356812,-0.3539002547683214,-0.5512575687345295,-0.5511476574122975,-0.38277652912510535,-0.3818617058602236,-0.5658353636177109,0.0,-0.5245161546501542,-0.3992368399923279,0.0,0.0,-0.5629759948642347,-0.5509851752398776,-0.5568296455543784,0.0,0.0,-0.3931288476527764,0.0,0.0,0.0,0.0,0.0,0.0,-7.544438649832611,0.6241755677493604,-0.5489287650560869,0.3843078553045069,0.0734195888536567,2.285712334208145,0.555515847265387,1.2557848869908919,-0.006121750834742541,,,,,,,,,,,,,,,,,,,,,,,,,,,,,,,,,,,,,,,,,,,,,,,,,,
206540,0.9939162,0.3486268,0.21000000000000002,0.0982356594956918,,-0.4622622375848836,0.0,-1.4447581378443246,0.2329146927008329,0.6037112206366169,4.0,-0.5770350326037472,2.0,-2.770215738499643,-2.7737005133764296,-0.7059496987651581,-0.004240051196022235,-0.044893359826342225,-0.03469382298003375,-0.3082120007384594,-0.0485919076293847,-0.07173743137259761,-0.04822118861682041,-0.15699271396014736,-0.4296388818487815,-0.1588438589248342,-0.18221712517228852,0.0900736820883799,0.004811108722660329,-0.11170377329370854,0.48438495843130835,-0.01173650615628905,-0.020493000745585677,0.6200917729090083,0.5046036303326971,0.7574524002443175,0.416360396878946,0.9065333385507743,0.4758115055464643,-0.02255737460343352,0.6326232961309755,0.4558678370597561,0.3234030665230761,0.6929187448599481,0.0,0.0,0.0,1.0,0.0,0.0,0.0,0.0,0.0,1.613495302746536,0.9040409471986681,2.9779035917210317,2.8529083673408304,1.7620865463893038,1.9162723468420095,2.654569190319178,2.610917773366787,1.7968440268747135,2.0,1.9251008024993406,-0.6235004800518985,0.0,1.0,1.850757776784929,1.8854097981211078,2.0725240513166976,0.0,1.0,-0.4767726395614694,2.0,1.0,1.0,2.0,1.0,1.0,9.710876760383144,-2.6466998679108125,16.03880158191547,-0.5229022420029593,-0.13653379742688612,-2.2856027233573157,0.20567154476180682,0.5631593923882469,-0.6956874146139026,,,,,,,,,,,,,,,,,,,,,,,,,,,,,,,,,,,,,,,,,,,,,,,,,,
300223,0.84932834,0.48553097,0.06999999999999999,0.009434629620313228,,2.849192235127911,4.0,-1.5198476450070313,-0.060524507995069594,-0.006948125485193956,2.0,-0.8158404455347089,2.0,0.30806314998521817,0.35874079204089576,-0.7530834431117207,-0.10422999088612829,-0.08861813264433474,-0.02903580778358395,-0.04212115165290093,-0.21337869025860196,-0.11871609052242588,-0.05160852203408556,-0.06109356822768246,-0.2560333803522765,-0.0609851617487865,-0.09637227059059719,-0.04874617799875972,-0.24821282844669804,-0.17917474614948065,0.5981960883095621,0.007096776922259741,-0.009412450748328796,0.5324454680082916,-0.002821092870300933,-0.01123801621522288,0.0011203084092818792,-0.005943323243769067,0.546757539448532,0.014502331954524906,-0.00562832987126503,0.008970713730339327,-0.013632297689631635,0.5474385287674595,0.0,2.0,0.0,1.0,1.0,1.0,1.0,0.0,0.0,-0.5536729862050326,-0.3751262978738306,-0.3405276791613658,-0.35777443428739786,-0.5418725798269469,-0.5426176276291383,-0.3712579488715838,-0.3811475450383496,-0.5740291841701634,0.0,-0.5297863918597446,-0.39975163798072205,0.0,0.0,-0.5650743158154463,-0.5636633473552881,-0.550591891730895,0.0,0.0,-0.37845100370048346,0.0,0.0,0.0,0.0,0.0,0.0,-6.566476662632555,-0.1654958418883115,0.29936452819425946,0.1474507348379777,-0.1632907144459792,0.31610857621783744,-0.9063910192079538,-4.3044974504468065,1.440723635123341,,,,,,,,,,,,,,,,,,,,,,,,,,,,,,,,,,,,,,,,,,,,,,,,,,
115340,0.85932857,0.37160698,0.21000000000000002,0.0982356594956918,,1.6737104491559598,2.0,-0.5164682875913142,1.1642995030264185,0.05938276460328684,4.0,0.4875131893498759,3.0,0.2536979119541087,0.46495917506179896,-0.8333824430198525,-0.14055471770506472,-0.11637115457897998,-0.07523209487471702,0.07883836740782188,-0.38577261832525683,0.003751684173541478,-0.09045329110254749,-0.09439990047500073,-0.3046993729833498,-0.08072377505237614,-0.3450981491596803,0.06844795607410176,-0.15123478429229673,-0.23482543846272977,0.3779228376773527,0.06018062747672312,0.10659776549867188,0.12410135227851748,0.03427823281468053,-0.05819161342778575,0.6878128427863627,0.9879350030596078,0.10834186682173313,-0.14474413003736625,-0.07920550226760234,0.18402267423286806,0.13408986805672354,0.085024853960992,0.0,0.0,0.0,0.0,0.0,0.0,2.0,2.0,0.0,1.6831990775115102,1.3110397341341815,-0.19095554756373595,-0.46806143600455474,1.83689893271543,1.9233618467883415,2.761153297599122,2.6812514077671588,1.7513520366801891,2.0,1.8157875210906513,-0.505342523462966,3.0,2.0,1.7326751052223224,1.5622563424234317,1.4575199431904045,2.0,1.0,-0.32173486226790465,0.0,0.0,1.0,1.0,2.0,1.0,27.290272023483073,6.155715742175771,-8.908353458959136,-2.602847045325409,-1.3755398351040617,2.0768894153451165,-0.7462798772187873,-3.5071089064720913,-2.202789870744655,,,,,,,,,,,,,,,,,,,,,,,,,,,,,,,,,,,,,,,,,,,,,,,,,,
12881,0.7032847,0.37531862,0.14,0.03356392623053241,,-0.7730998930027813,0.0,-0.0030353101340599917,-0.9692506397906192,0.6474444639142813,4.0,-0.4597041867235108,3.0,-2.7482947074115867,-2.749830418091765,-0.7653624485280588,-0.10948920500270545,-0.09507303420785027,-0.04110940963053022,-0.011901309716366881,-0.24698655708684303,-0.11701512331531597,-0.012038587435315648,-0.012888901870186015,-0.24802683487485025,-0.009861941615166597,-0.08642143997455454,-0.07411693313927235,-0.2487752701044187,-0.11528887089681991,0.6895856928766646,0.6658919992069788,0.6246707320523844,0.04185376904716705,0.01831669563910132,0.048429283047445676,0.07075017826336308,-0.020753433168724758,0.4765417934372352,0.0193880036330838,0.011562818419819171,0.09428254747714114,-0.024535627978912,0.014227112900773534,0.0,0.0,0.0,1.0,1.0,0.0,0.0,1.0,0.0,1.7571455296742053,0.7197397595533377,-0.365000527010672,-0.39069877880929976,1.7828141314818362,1.7986825133426045,-0.42812411301859415,-0.43412709565193025,1.8361606578618592,2.0,1.8859278962117745,-0.3785344575953624,3.0,1.0,1.8847980637600987,1.456242653775985,2.05857419817306,2.0,2.0,-0.34840153247176103,0.0,1.0,1.0,1.0,1.0,2.0,-1.40346006075548,0.8209569162810618,-7.347406610044604,0.23245747385763876,0.05683096413570623,-8.73987422218995,-0.45630987993177186,-4.670005942755264,0.9688982531178627,,,,,,,,,,,,,,,,,,,,,,,,,,,,,,,,,,,,,,,,,,,,,,,,,,
368788,0.8250744,0.47378898,0.12,0.02389616287845446,,-0.7704872045847196,1.0,-0.7045437795049734,-0.27118567562021495,0.007773693521090367,3.0,-0.8897927278192256,3.0,0.42511732961244614,0.3129494051203316,-0.8062642960929783,-0.12975719899948254,-0.08081041031739689,-0.028135987627665702,0.00948950530340386,-0.2644423738819445,-0.11912007933411184,-0.06027850788074763,-0.06936874394125714,-0.2610010748712164,-0.06030280881844902,-0.10007073637604444,-0.031323786627979966,-0.276610574197687,-0.22228583773884067,0.6158300452940246,-0.0040436031854348175,-0.01830185019294291,0.023876563333468794,-0.03980854464984321,0.04762761491130861,0.024934262661176463,-0.024687778485560724,-0.009066122231339754,0.04595543160376966,0.004710958897869752,0.041643557873243656,0.0292956700006974,0.01306494195849821,0.0,0.0,0.0,0.0,0.0,0.0,0.0,0.0,0.0,1.7338425123626284,0.466423242121653,-0.36063346587353107,-0.3237308419505041,1.8353678337532062,1.8026856280149626,-0.38084050667929825,-0.4094359208697575,1.7793198670320927,2.0,1.8872310071531821,2.665246571421683,2.0,2.0,1.740827329896234,1.8195850134850327,2.012481096454139,2.0,2.0,2.552230588696847,3.0,2.0,1.0,1.0,2.0,2.0,31.170682174117527,-1.200744364370657,-5.415507098244408,1.1529458151958194,0.08728728685419117,0.956531640328982,-0.12177784149777404,-0.20750255150010305,-0.5583428644905025,,,,,,,,,,,,,,,,,,,,,,,,,,,,,,,,,,,,,,,,,,,,,,,,,,
77265,0.81090695,0.41953054,0.060000000000000005,0.00771172199313132,,0.5152935270911324,4.0,-0.46758671490860715,0.9235851987218817,-0.0032345406974227005,4.0,0.31694813542450484,2.0,0.4107065794764946,0.3467974726819732,0.9555438526273876,-0.09474346854280266,-0.06874240796975804,-0.043928619766633877,-0.06939838742826614,-0.21185864257504933,-0.11887586850670019,-0.05986279794998235,-0.05978458339584068,-0.21453652338326137,-0.058312523370337266,-0.10416578847519661,-0.040049472539735634,-0.21868726559573665,-0.10435944855741934,0.6091773486778786,0.6031600052602691,0.5501722170796376,-0.0003262259982369818,0.0028300737374054633,0.00393652859592599,-0.0002908146260699104,-0.0015150390491071707,0.5401211986729074,0.6126034723576845,0.006378114838750433,0.014462496861115315,0.010011385231132314,0.545935014171888,2.0,2.0,2.0,1.0,1.0,1.0,0.0,0.0,1.0,-0.5831669414774494,-0.37900148878386863,-0.34703432411581303,-0.3528788240556506,-0.5531855396361238,-0.5568161776629604,-0.385800747114373,-0.36936216809123523,-0.5650832121723006,2.0,-0.5267064739755872,-0.39440968581516866,0.0,0.0,-0.5654937095005041,-0.5567317068231085,-0.55865023211725,0.0,0.0,-0.39669039050498706,0.0,0.0,0.0,0.0,0.0,0.0,-5.859640165897719,1.7004499374890438,-4.111776704072132,0.017531649994198137,0.1562647329387833,-5.285971912198195,2.465305960019061,3.530657713047813,-1.002095195228443,,,,,,,,,,,,,,,,,,,,,,,,,,,,,,,,,,,,,,,,,,,,,,,,,,
477335,0.92400426,0.44388762,0.15000000000000002,0.03954065143898942,,-0.6364123045025527,0.0,-1.1228536119454602,0.6685357018967343,0.5561131358284169,3.0,0.22491713486037176,2.0,-2.7075096868517927,-2.792683707524232,-0.6924608223660575,-0.12387806026367336,-0.08656666463209356,-0.028268480010560405,-0.07107637758801709,-0.20797926192641453,-0.1583115166702746,-0.03239340824470746,-0.053172539899569236,-0.27615786496453076,-0.03647779993338054,-0.07012010697306047,-0.010044159616214542,-0.2683647538938171,-0.1055483284537611,0.6742819785788712,-0.033170875101602264,0.03450335314367471,0.577540777678178,0.5174113855250131,0.6039416030416527,0.3308214232979391,0.9331754830443881,0.5428916467080137,0.006891737341015387,0.6088276313518247,0.5703359122236876,0.657014076698014,0.5080646370024253,0.0,0.0,0.0,3.0,0.0,0.0,0.0,2.0,0.0,1.7586501495793316,0.6222198446619409,2.7962791016733153,2.873497536106709,1.7964765337984212,1.7669369798675278,2.5346495897086014,2.6210144915024807,1.8028016634690742,1.0,1.8633956055846592,-0.40634406239810084,1.0,1.0,1.8244741459696698,1.8045203559052496,1.8877900319850989,1.0,1.0,-0.4097293629239215,0.0,1.0,1.0,2.0,1.0,2.0,14.00659069803622,-3.267197755287076,11.90758799567848,0.2737166524807597,0.1388405912153169,1.2330513627606934,-0.08751196494178769,0.17473513022399473,-0.9457662187324458,,,,,,,,,,,,,,,,,,,,,,,,,,,,,,,,,,,,,,,,,,,,,,,,,,
291179,0.9357337,0.336092,0.08,0.011477469205752985,,-0.7595101725436224,0.0,1.2105282925318783,0.8872844956882042,0.5713442566434085,4.0,-0.4911179580138736,3.0,-2.7174447999306155,-2.79236127796377,-0.7510847774660566,-0.06243722041537102,0.09624949959211904,-0.044754376902797786,-0.03357585822347363,-0.2098283402270977,-0.10787965746770314,-0.02845345964521568,0.020395523370274705,-0.26273828576684544,0.19441858693906686,-0.0250415713760223,0.04209722862911135,-0.05241883992772153,-0.11370584772826083,0.6072631311045507,0.6394433692336137,0.5174098662113576,0.830526549363773,0.5255430227763955,0.7833511648231946,0.4152794163375012,0.9942768611931053,0.5088367384613501,-0.020638936098408323,0.9576935538195066,0.5760345270619475,0.7751268510556869,0.5403538590328864,2.0,0.0,0.0,3.0,0.0,0.0,0.0,0.0,2.0,1.7377006225399365,2.365868484878886,2.79035498221446,2.7721989441839248,1.759013835539252,1.7711922415390886,2.634370576550729,2.60142222845156,1.7703673693866406,0.0,1.85588561711184,-0.40425760579545456,1.0,1.0,1.8522719958748737,1.819550021311336,1.93484348649713,1.0,1.0,-0.3926383291746988,0.0,1.0,0.0,2.0,1.0,2.0,9.505530503436962,-2.547354708252389,15.873045523358059,-0.5869307065468276,-0.0038120692020798905,-2.1535163621972786,0.27712676251976337,0.5073515799119954,-0.5908838939160832,,,,,,,,,,,,,,,,,,,,,,,,,,,,,,,,,,,,,,,,,,,,,,,,,,
547190,0.9828876,0.34974894,0.13,0.028378895023486856,,-0.8388361014555477,0.0,-0.5930779420226098,0.9491827319686535,0.5860332026901648,4.0,0.31390741563282715,2.0,-2.701485961696742,-2.797586176603827,-0.7671339250639166,-0.10629850555808021,-0.11792817365769118,-0.04054938093022883,-0.06371219565760103,-0.2615331139232719,-0.1181106534262205,-0.012408762101663862,-0.028771570906617805,-0.26116175664454755,-0.048108487734215444,-0.021799565042714394,-0.08848866783168079,-0.226461881772999,-0.09186295398041133,0.590557307973905,0.03315606983810032,0.06000610698809896,0.5414746094092754,0.5710420772786734,0.5512196349177927,0.0005013350408196175,0.014697456525792095,0.4971775593129751,-0.0539636678670042,0.6580120764666948,0.5721518386182192,0.5156946671994574,0.5331704931350157,0.0,0.0,0.0,3.0,0.0,0.0,0.0,0.0,0.0,1.7617012349319177,1.7780985390381552,-0.3335139470969402,-0.37839297205210554,1.812702570870377,1.814224231725385,-0.41954233912979916,-0.35743461417120415,1.7454292664181421,1.0,1.892108801957138,-0.3493274352511922,2.0,2.0,1.8638309956295045,1.5851681865770495,1.9612748654175023,2.0,2.0,-0.3606017738027505,0.0,1.0,2.0,2.0,1.0,2.0,9.498611375024677,-2.6487031485627917,15.828610268832652,-0.5885762486734638,-0.10879504299074683,-2.1963318413360726,0.15220645999370674,0.45958477541614795,-0.6156225296596287,,,,,,,,,,,,,,,,,,,,,,,,,,,,,,,,,,,,,,,,,,,,,,,,,,
392160,0.92082673,0.306358,0.14,0.03356392623053241,,0.038236010509291936,0.0,0.6292028670533838,-0.3368028448491848,0.5619492079978623,3.0,0.3040033947180363,2.0,-2.743230426236042,-2.796185286486506,-0.764554243609477,-0.11894801615069786,-0.03107081024604777,-0.0221911563298473,-0.04189019414665274,-0.23391522612260957,-0.10516441818401702,-0.10585892551391687,-0.01146603321944318,-0.271467162051259,-0.026827048737486425,-0.13390757492332775,-0.06168823724193642,-0.17604741839279747,-0.1700304372985548,0.6005485057816646,0.03718586938175001,-0.040876593727375427,0.5015759946657401,-0.0060549144307028785,0.5466325883322212,0.47690092777127313,0.9662150529571026,0.5405154546469711,0.03501622273306115,0.6099547310110528,0.5634144519616885,0.5499428871444278,0.6265400719388091,0.0,0.0,0.0,0.0,0.0,0.0,0.0,0.0,0.0,1.7781123641253607,3.045940745977399,2.789157598417827,2.8235338918479496,1.8097772608335,1.7860979465772922,2.5817831869106502,2.5418772164191137,1.7137033464942892,2.0,1.907274724838094,-0.39888468360690255,1.0,1.0,1.8451699466781992,1.9602890530447072,1.9741429065378342,1.0,1.0,-0.3330563980637119,0.0,1.0,1.0,2.0,1.0,1.0,9.498908325729035,-2.661869541121261,15.861080997077384,-0.5767193634433748,-0.13690806398354044,-2.097753636146908,0.11850452710773121,0.509659601399361,-0.6088528263915849,,,,,,,,,,,,,,,,,,,,,,,,,,,,,,,,,,,,,,,,,,,,,,,,,,
203097,0.9921153,0.49896112,0.26,0.19338051145240298,,-0.5081762657370771,0.0,-0.10766070768608971,-1.1017403083555617,0.7551592728441523,4.0,-0.3415195829860048,2.0,-2.3888815079301655,-2.725220636351838,-0.6389632590637307,-0.030011883599805795,0.009593509204141829,-0.10675814133931857,0.0232147920904349,-0.07824945241829262,-0.04885495079654924,0.4427894046200417,-0.15983275430096888,0.14239465544420327,-0.3277285591343701,-0.006218632527937536,-0.15852099252911606,-0.09897794280670713,-0.12799388929751015,0.5799035042250541,0.48746876070858797,0.8781727369942693,0.567847125096642,0.4128872917051243,0.429837091171849,0.36533221811497196,1.2647416669500122,0.6105996768272329,-0.11719083911837466,0.7395471128547131,0.5610434541522662,-0.12181300036034504,0.9078805988865755,0.0,0.0,1.0,3.0,2.0,2.0,0.0,0.0,1.0,1.8037960664190607,1.57799842755169,2.580530830676031,2.5812945369901232,1.872531888855097,1.4377747640789573,3.0271924021465155,2.725405224757087,1.8287959476214297,2.0,1.8834812203218592,-0.23112932199240316,1.0,1.0,1.623816965105339,1.6183482707651546,1.844249127427976,1.0,1.0,-0.26638541173972174,0.0,1.0,0.0,2.0,1.0,1.0,9.687998587197129,-2.474281713666472,16.038234532245646,-0.43892130610013536,0.09483654507839188,-2.300012599854097,0.1525414939376077,0.35174549380684494,-0.5862480885850507,,,,,,,,,,,,,,,,,,,,,,,,,,,,,,,,,,,,,,,,,,,,,,,,,,
235544,0.99649066,0.34993088,0.29000000000000004,0.28192947697193393,,-0.42889989364094766,0.0,1.0484571354791492,0.24814166555711262,0.5833720429526086,3.0,0.230467235225287,3.0,-2.9303787575295805,-2.89350197111072,-0.5408086794342695,0.07832728726106833,0.3676401154819514,-0.4243554815831742,0.5072508534863767,-0.31718544355598666,0.09967873117858125,-0.3604010350252457,0.14541542444823588,-0.14438679547490574,-0.20390207709539962,0.006336753389907426,-0.13025024277392738,0.1854425562967137,0.17930115735230046,0.7528883027954227,0.16699207111507255,0.5792192612803863,0.6340253917278285,0.8644926874078518,0.372621841370789,0.18452556281290483,0.8598168432296782,0.5656599354665347,0.005706882918846285,0.7770221969665149,0.22187901100201357,1.123122438216034,-0.10811606635375426,0.0,0.0,0.0,0.0,0.0,0.0,0.0,0.0,0.0,1.2679600664042718,-0.11677001339923115,3.4172526269418637,2.6374060311205576,1.4459483033586515,1.851002099153698,2.8281310729481657,2.474445960638556,2.0971526177214597,1.0,2.1643215053922633,-0.564852788485533,1.0,1.0,1.1118606446645871,1.3286206143416188,1.5168171357802747,1.0,1.0,-0.4748046616869155,0.0,1.0,0.0,2.0,1.0,1.0,9.50967666136535,-2.677600551278283,15.5338131932063,-0.466402232623187,-0.09838105045206205,-2.115796583845871,0.45834821505181117,0.5328672720464634,-0.42772700449431555,,,,,,,,,,,,,,,,,,,,,,,,,,,,,,,,,,,,,,,,,,,,,,,,,,
35826,0.8725545,0.16262278,0.17,0.05427181375432048,,-0.5990912084400657,0.0,0.5772689766208434,0.20698024980172558,0.5945104081378696,4.0,-0.5312789189690376,4.0,0.8695827475575298,0.33274620775732106,-0.7219243671344708,-0.1394376747487115,-0.12081394951600267,-0.08016789042275774,-0.041084134370821375,-0.20549334518718004,-0.17751838892087202,0.013180478640955354,-0.01804999344932073,-0.18369137613693814,-0.04649945397009535,-0.10393532273951331,-0.06088280263950779,-0.20842051971203424,-0.18072450506115714,0.6704174973868188,0.01001410422053128,-0.06410449191631439,0.5425753321543023,-0.0036813998103956574,0.5351512302976522,-0.08770666038179672,-0.07430806754366,0.580151376082312,0.05870563900976373,0.5872409281653935,0.6119247123983709,0.46234783941123025,0.5318350601682198,0.0,0.0,0.0,3.0,0.0,0.0,0.0,0.0,0.0,1.7026737266637644,3.936253481771686,-0.4255503360278168,-0.3381971903820503,1.821364996159079,1.7686772959334067,-0.2839615327702909,-0.4391442710069229,1.7972222889094085,2.0,1.9044558184876943,-0.4723453455345692,2.0,2.0,1.8151929948852472,2.1670119652185456,1.9450734603872581,2.0,2.0,-0.36445524148615993,0.0,2.0,1.0,2.0,2.0,2.0,9.531655019641192,-2.6037240505970907,15.810445580034758,-0.6315444036173112,-0.06297117507556793,-2.1821025419955093,0.14361211046704025,0.5839378814569223,-0.616132720879737,,,,,,,,,,,,,,,,,,,,,,,,,,,,,,,,,,,,,,,,,,,,,,,,,,
287667,0.77144563,0.43454298,0.09,0.013888290969627364,,0.969214671159879,3.0,-0.06266840662634977,-0.08932619616685743,0.02414306390302801,4.0,0.31573204608230265,3.0,0.46135760430072814,0.34620505697186726,-0.7664217669199789,-0.1066638330347722,-0.10110595511108153,-0.02477442202470305,-0.06550579022166396,-0.21585605539736144,-0.101146961203624,-0.027223503097690338,-0.030240671991026136,-0.20914297146817867,-0.03962713885765009,-0.11698011098208898,-0.048549380384570164,-0.21652089206659722,-0.13645000080113429,0.6540373354717267,0.6082553724651971,0.5554510095659829,0.5769647279105152,0.5694760203176578,0.006232352535882362,-0.0024042514685072174,0.010780834256609815,0.5664808648871595,-0.0025413641912709443,-0.02106897430031788,0.0056361591062965176,0.004902223579417278,0.5651833149369563,0.0,0.0,0.0,1.0,1.0,2.0,0.0,1.0,0.0,-0.5741621767807698,-0.4013319902998664,-0.3337399749307613,-0.3932969273587905,-0.5590049341354505,-0.5522969303620313,-0.38111514705460403,-0.39203660347847435,-0.5861252756850044,0.0,-0.506699920716807,-0.38755861359273724,3.0,0.0,-0.5511412929368359,-0.5435139514089613,-0.5623350676407876,0.0,0.0,-0.41205197803274957,0.0,0.0,0.0,0.0,0.0,0.0,-6.556544966677672,0.0056744633326184755,0.30735561484046725,0.21624674510142908,-0.0934745465562946,0.406918429213835,-0.22942342585940811,-4.385179278523884,1.6326999556631845,,,,,,,,,,,,,,,,,,,,,,,,,,,,,,,,,,,,,,,,,,,,,,,,,,
244397,0.8857094,0.35485777,0.13,0.028378895023486856,,-0.7904846014808219,0.0,1.043820081676497,-5.912498025624359,0.029703502630006234,4.0,0.3833035878284887,2.0,-2.6988930089141974,-2.7848075735097346,-0.7418271700511224,-0.12164343764531368,-0.07825962920299287,-0.025643140255149813,-0.01785175625674591,-0.24654627790808736,-0.16413688896760964,-0.011026554631375082,-0.04846051373446609,-0.30147443336241503,0.012739232059425863,-0.10165149700257843,-0.06343947934873369,-0.2357781328645066,-0.0980684741585922,0.6086762583606847,-0.016893428895544432,-0.07045949083197693,0.5581922660585436,0.0031017183810839667,0.5468006349376906,0.005810317629566503,-0.00910262865802946,0.5745703333360699,0.00011163728703141399,0.5849766949382301,0.5322885557175443,0.7454504355578252,0.5452904168025569,0.0,0.0,0.0,3.0,0.0,0.0,0.0,0.0,2.0,1.64490290082968,0.5528923096723085,-0.31865338414074107,-0.3287487110873858,1.8328464602156649,1.7807514636827149,-0.36541352083830625,-0.37966496861263216,1.741935885413873,2.0,1.8457473266061304,-0.4176229723113552,2.0,2.0,1.8479400351529154,1.8030257105643757,1.9147592898322003,2.0,2.0,-0.35106018551819534,0.0,1.0,1.0,2.0,1.0,2.0,9.536319024726627,-2.695608098090397,15.878807187994946,-0.5864664908223266,-0.09536194648474064,-2.1702263581387813,0.13798258019440807,0.4924450530459048,-0.6027156372994226,,,,,,,,,,,,,,,,,,,,,,,,,,,,,,,,,,,,,,,,,,,,,,,,,,
54649,0.8921251,0.41860056,0.09,0.013888290969627364,,-0.015487137199138115,4.0,1.0429819657396022,-0.7514399415591478,0.026890371141282638,3.0,-0.7805700987029303,2.0,0.31021716024624285,0.369136686494652,0.9573117120900387,-0.10919109153071152,-0.07263939143767209,-0.05264232205692658,-0.0474229665990423,-0.20688373964223958,-0.10844615504995549,-0.05655788067202931,-0.05025978007303039,-0.15890248935682327,-0.053306944492511096,-0.08649274063702035,-0.026033974907034685,-0.24212125518492034,-0.13065156592256277,0.6126776017111365,0.5895487577206519,0.5725610613787813,0.5121829020429873,0.5290560695766086,-0.01040741286005188,-0.025605016224989906,0.016556695343897438,0.5323549759891307,0.5998636497124631,-0.002526288446351485,0.019206920221558517,0.011706424650681942,0.5586478644801213,2.0,1.0,1.0,1.0,2.0,2.0,1.0,1.0,2.0,-0.5689521865884594,-0.3785819375221879,-0.3694284783343421,-0.36761142287217713,-0.5284675485274541,-0.544943780598321,-0.37354046771158667,-0.36225843896149434,-0.5397449424295004,0.0,-0.5073615087371222,-0.39962756604493593,0.0,0.0,-0.5458779806720206,-0.542996973781445,-0.584696980020517,0.0,0.0,-0.3787669499731955,3.0,0.0,0.0,0.0,0.0,0.0,-7.5886273533682,0.3446183199391222,-0.5677548689905884,0.21591086467445889,0.07821872732911053,2.303273261862941,0.8065232813134162,1.0366848715651913,-0.4035957988485285,,,,,,,,,,,,,,,,,,,,,,,,,,,,,,,,,,,,,,,,,,,,,,,,,,
156363,0.86248964,0.2122891,0.15000000000000002,0.03954065143898942,,3.708576096855327,2.0,0.1341359108502401,1.065409878111806,-0.015894216198131045,4.0,0.273924545236375,2.0,0.6764757351203174,0.3419176692574983,-0.7247123130593965,-0.11667826242427698,-0.0788150704644247,-0.09062858212414279,0.006491417165374033,-0.1910982945693929,-0.1659844466963673,0.05361896734521428,-0.11320633242720883,-0.14135408711540065,-0.09096598390028106,-0.0999817509190079,-0.043235334991841276,-0.17669268643117655,-0.1474569017535298,0.6268232460650425,0.571773257147581,0.5086640613520057,0.5360707520118972,0.5015733714773715,0.007265807838523938,-0.07957901360427537,-0.02130387200687219,0.5126503385192566,-0.010660828875147068,-0.06691780098186804,0.04889535555400313,0.05838506019036247,0.6461007036181976,1.0,0.0,0.0,1.0,1.0,2.0,0.0,0.0,1.0,-0.540113827152823,-0.4316144460019332,-0.3162504702551714,-0.3560852195572467,-0.5353703002169229,-0.49489629450895767,-0.41003116210906637,-0.4242661740412924,-0.5833146673248726,0.0,-0.50074660059742,-0.41552452191658185,0.0,0.0,-0.5441838035107253,-0.5479027751615483,-0.5253537242537425,0.0,0.0,-0.34266010814963915,0.0,0.0,2.0,0.0,0.0,0.0,-6.836550655202782,3.715006735957939,0.5126550281095953,-0.5721488559701212,0.7622702546122986,1.3824320575327924,7.251224678179643,-4.936202600361413,5.073119609990029,,,,,,,,,,,,,,,,,,,,,,,,,,,,,,,,,,,,,,,,,,,,,,,,,,
177564,0.9913312,0.43614152,0.28,0.24919445743323487,,-0.752328585591581,0.0,-1.0385493567523123,-0.3619824609517709,0.4231641631771892,3.0,-0.5304588791189999,3.0,-3.065832918973531,-2.9601313425575553,-0.6832667304488638,-0.30990059241557133,-0.2091590973877211,0.31541277284089025,0.01639005608672197,-0.22136394352688532,-0.01708109501442813,-0.2594804866825414,0.04187899213108595,-0.5042743965540303,-0.05970081076601906,-0.12672129208324034,-0.0936238621919872,-0.4927696942508966,-0.06994422079160045,0.7968036947848691,0.6178120109703256,0.5384890832708016,0.5962505908005472,0.8440160337418185,1.0874110978233475,0.11043831187875136,1.0856005915245397,0.2877251420438003,-0.23727337492224151,0.6045621881389461,0.375229913502788,0.7629411867080148,0.6626499420437875,0.0,0.0,0.0,3.0,0.0,0.0,0.0,0.0,1.0,2.157730332125672,0.6830785296075759,2.6339884510278457,2.503855697302435,1.5142212500488308,1.9998362983443958,2.7444549961793983,2.6945591583891315,2.0575186866985606,2.0,1.5745796352617427,-0.6429465534403644,1.0,1.0,1.9808442665641268,1.3114051374979405,2.341363379546943,1.0,0.0,-0.6675529710360928,0.0,1.0,1.0,0.0,2.0,2.0,9.394145431760997,-2.51673323577449,15.717148476478435,-0.4836880255147856,-0.3582400243161303,-2.3363174785109138,0.15241499983781526,0.4187503722071944,-0.5146004494473445,,,,,,,,,,,,,,,,,,,,,,,,,,,,,,,,,,,,,,,,,,,,,,,,,,
444144,0.73102576,0.40106976,0.01,0.0025521382703821843,,3.748676285359804,4.0,-1.4879349350869393,-0.06710118312680759,-0.005617424243971155,2.0,-0.8207824872585671,2.0,0.8280754699160404,0.3616693403773213,-0.7537359139931497,-0.10087803366244005,-0.08643287632906102,-0.03719815087495599,-0.0631229045783949,-0.21642481896780655,-0.09887175597289474,-0.04613839396019818,-0.05168536927782557,-0.21284460017012571,-0.0546768271248594,-0.08561466287253296,-0.04831350738342262,-0.24160380178736818,-0.14779403084137613,0.6401357244596345,0.002121506181741072,0.5749795234815871,0.5374829069888107,0.00016341748739521009,-0.00013860145976379358,0.0024533859448037897,-0.005710268857736161,0.5314587319418601,0.6006983354779455,-0.001042876721486729,-0.0018850609826337138,-0.004046263243517402,0.5337107963426699,2.0,2.0,2.0,1.0,1.0,2.0,2.0,2.0,2.0,-0.5743822732099613,-0.39351599058287723,-0.35737086726621153,-0.3573418927151993,-0.5570526999982641,-0.5548172270467072,-0.3908986136998859,-0.383863393414239,-0.5668132536383806,0.0,-0.5259484540502118,-0.3899146972322049,0.0,0.0,-0.5613549732819654,-0.5537892651394503,-0.5548609683044929,0.0,0.0,-0.39523060553200645,0.0,0.0,0.0,0.0,0.0,0.0,-7.522041090055471,-0.012022793349582863,-0.6064329727242929,0.2546029415707642,-0.13962131564085248,2.195660303606022,-0.15883119748009364,1.1795297139395458,-0.7178505318336456,,,,,,,,,,,,,,,,,,,,,,,,,,,,,,,,,,,,,,,,,,,,,,,,,,
469531,0.9976993,0.10346102,0.17,0.05427181375432048,,-0.21743886788400643,0.0,-1.6032625286021787,0.9441365289954363,0.5874632553329014,4.0,-0.8116725847187862,2.0,-2.741499567154963,-2.8923161029762205,-0.8713926901028981,-0.11741894061115543,0.013301025392467105,-0.14100838397753615,0.06540387486141296,-0.270262842219693,-0.036084070121454384,0.051261005167151784,0.01617328219331817,-0.349968630229993,-0.05342043953658354,-0.05504652626342146,-0.01921864824271092,-0.1354899169992573,-0.03320705109345787,0.6548790003968439,0.03122230161865864,0.561661591268923,0.5798171708384056,0.5827154241591794,0.542261967889215,0.3902212118580946,0.991054035578501,0.5659714761706803,-0.055486397914267634,0.6805104199180713,0.5395289888477541,0.5182978861012314,0.5573367246433951,0.0,0.0,0.0,1.0,0.0,0.0,0.0,2.0,0.0,1.6754345335371557,-0.10297730796965143,2.7616462240149247,2.7714911222496044,1.823193019645848,1.8212742189395885,2.59010195546842,2.575563860340897,1.7161726297506439,2.0,1.844383236671181,-0.3474890586956764,1.0,1.0,1.7581888911908055,1.8919073353743987,1.7241401031233738,2.0,0.0,-0.39796347692876705,0.0,1.0,1.0,2.0,1.0,1.0,10.099599630772088,-2.1871534568752216,16.34692963740761,-0.8677802703822101,0.21839301247667042,-2.247862281555693,0.34206359536720277,1.0549756922894977,0.4051596039238876,,,,,,,,,,,,,,,,,,,,,,,,,,,,,,,,,,,,,,,,,,,,,,,,,,
27136,0.7273002,0.49984568,0.11,0.020034599671098444,,0.5175456161119792,4.0,1.488884316761945,-0.10207552260201368,-0.003386085792755541,4.0,0.3310274606986827,3.0,0.35843873433233225,0.3464063564198895,0.9531382094875802,-0.10600767279863475,-0.10182287376249897,-0.034860619038507824,-0.05070167916666417,-0.21660581662572637,-0.11933597467648265,-0.043017306514251924,-0.04089541887072917,-0.20847349182227257,-0.057302641957237575,-0.15045067619937513,-0.02495476939136144,-0.23326219429635334,-0.12050750403335617,0.5942917637850501,0.5907025567216561,0.5470238967551982,0.5624201151292381,0.5151578207082752,-0.02568450243447241,0.024973125770403486,-0.031754362752016006,0.5394954357033928,0.5795928310951622,0.028094828509462044,0.0069100390893326695,-0.003255307614820965,0.5174593004784614,2.0,2.0,2.0,3.0,2.0,1.0,1.0,1.0,2.0,-0.5607268229652216,-0.40885867631181777,-0.3753348997889381,-0.33407907343776483,-0.5698588448004003,-0.5254773330628526,-0.38882931054775643,-0.3967260861550675,-0.560996843416565,0.0,-0.532271575940349,-0.4028802008562129,0.0,0.0,-0.5441739182257691,-0.5641954827872226,-0.6003277192776368,0.0,0.0,-0.364348717736404,0.0,0.0,0.0,0.0,0.0,0.0,-7.677168950639767,1.688651853877624,-0.5002059842493167,0.5018575542981369,0.39375930862369435,2.8026925918194205,4.644724902169668,1.2119440180595826,2.7783724830892274,,,,,,,,,,,,,,,,,,,,,,,,,,,,,,,,,,,,,,,,,,,,,,,,,,
291709,0.9984987,0.12882735,0.39,0.8706033633359508,,-1.9566161218868248,0.0,-1.0455272506806639,-0.7768579778894696,1.119347240082467,4.0,-0.5426755121880117,1.0,-4.29792780987122,-2.4880488487178916,0.29085277495968853,-0.624255077970288,-0.0022205917397433196,1.0276236936259824,-1.9837630529049812,-0.0012062845629266516,-1.1217127152526902,0.18950256291930645,1.3627028361086895,-2.5259132513023648,-1.225498662591487,-0.9585253714243245,-0.07122437921239191,-0.021074448773051646,-1.0989735137223016,1.5028534012838106,-0.17114264084810968,0.9350319969394068,1.2644550467611013,1.2627397658198798,-0.42283660339395246,-0.6147285986543456,-0.8599315232701743,0.6661213979194689,-0.9279224992920339,2.592397662402547,0.7344491669357622,-0.886635770062031,0.8495710955026732,0.0,0.0,2.0,2.0,0.0,0.0,0.0,0.0,0.0,2.2808451724508316,1.0525421824455512,3.27024156764489,2.6614179617313614,0.7060636042840696,-1.2157602420935398,2.5116919047579014,2.81976702056596,-0.7168293745602412,2.0,2.7968362625825427,1.0025638307874924,1.0,1.0,-0.5668013327002116,0.07720461910479559,-0.1670689781560103,0.0,1.0,-0.7993892912676798,0.0,2.0,1.0,2.0,1.0,1.0,0.3852101779460767,-1.6770057892956518,7.435332839873959,-0.9558471289460971,-0.6293729726231888,-1.7119528546122191,-0.0842822566746444,-3.8490192557174807,-1.8328332024102771,,,,,,,,,,,,,,,,,,,,,,,,,,,,,,,,,,,,,,,,,,,,,,,,,,
194009,0.78201073,0.41960663,0.06999999999999999,0.009434629620313228,,0.518587419137788,4.0,-0.4823974233591035,0.9227442102355492,0.003563269458568121,4.0,0.31677947592118544,2.0,0.3194895262098457,0.3628980052623558,0.9561945410604951,-0.10604264347453306,-0.09127573123409585,-0.022919772531930626,-0.04077573667019319,-0.2066091703232763,-0.12616672428285244,-0.05077256575033041,-0.06460907768397679,-0.13429080769666243,-0.054975910851707395,-0.0966281121281034,-0.06666438838732994,-0.2248618993271417,-0.15211998339241553,0.6183344214913128,0.6019954661118203,0.5568843747766447,0.5191587861290373,0.554985371322425,-0.0008005315057988366,0.0047417936563828025,-0.003754774650568021,0.5362750050861232,0.5942955391233707,0.008198007160183754,0.005528141841938546,0.012519402115585795,0.5350554269726553,2.0,2.0,2.0,2.0,2.0,2.0,0.0,0.0,0.0,-0.557530927897196,-0.3906033768464293,-0.35176079267390237,-0.3556138612088404,-0.5539215190238971,-0.5653479309348418,-0.37221662528562877,-0.3807385336585766,-0.5640918863012379,0.0,-0.5239313113712056,-0.39063202550324616,0.0,0.0,-0.5438997757983189,-0.5395255187351636,-0.5526783856608285,0.0,0.0,-0.37837969446207287,0.0,0.0,0.0,0.0,0.0,0.0,-7.554010206842559,1.5271491028112814,-0.4917638547521978,-0.19205978631053572,0.32761476632931147,2.495530013137935,2.0030426990799333,0.9717859150342242,0.1460614942293943,,,,,,,,,,,,,,,,,,,,,,,,,,,,,,,,,,,,,,,,,,,,,,,,,,
187202,0.91086525,0.4964969,0.15000000000000002,0.03954065143898942,,2.4705630025230807,2.0,0.045645298398839955,0.6583070642733903,-0.05617500254131273,3.0,-0.49538259613082863,4.0,0.19222224302622856,0.40139944278779793,-0.7420148681769516,-0.12181009797161992,-0.08449055252340341,-0.039678613371292255,-0.04840953546468421,-0.17937343961699448,-0.0990242583022956,-0.03292066629340797,-0.0671082146620601,-0.32150991135206947,-0.11581027339053263,-0.1324030698543782,-0.0883597234680048,-0.3156047383749289,-0.11896534077338256,0.5722420155923533,-0.035378460975193864,-0.002520610785808287,0.017881890990167286,-0.0367141310660666,-0.02957003818975908,0.4423985456290059,0.9223922140406514,0.4888299465631134,-0.01436770059808694,0.03701249079118882,-0.028955014583286316,-0.0073936242706563226,0.018068376632542963,0.0,2.0,0.0,0.0,0.0,0.0,0.0,0.0,0.0,1.7536951494839441,1.1088139234749677,2.758928202518283,2.7925027071455224,1.8458890703346431,1.8688603450232326,2.5077270187519902,2.643300720747206,1.7845620227285497,2.0,-0.4945397023018542,2.6594569223429665,0.0,1.0,1.7723857883476977,1.6811240949561683,1.576447698144592,1.0,1.0,2.4585660540012024,4.0,2.0,1.0,2.0,2.0,2.0,26.660716680999403,-0.36360219265388166,-1.3345904732235492,0.19039041676761362,-0.07256717939492707,-2.164168102699725,0.4850443332478101,0.778046510871502,0.19621206425345086,,,,,,,,,,,,,,,,,,,,,,,,,,,,,,,,,,,,,,,,,,,,,,,,,,
253020,0.8915451,0.2783989,0.23,0.12982628505779303,,-0.34348015640401586,0.0,1.5864323232468232,-0.3928456781965962,0.5231070979833169,3.0,0.08730898237226196,2.0,-3.0536050941512594,-3.0525752917080937,-0.6693065626074288,-0.11443429208439564,-0.13575136024168521,-0.09230483641527656,-0.03169706584295983,-0.3132481160147028,0.32014974173993616,0.18998779516020092,-0.1570053573507032,-0.28660940911529764,0.012919043439758332,-0.04016081836562611,-0.000839281800438782,-0.5471674297956719,-0.08405824375787058,0.40443134462910313,0.14798982598634475,-0.019323401668672427,0.6939040265289597,0.48832395730177763,0.4695954217346186,0.4067026197077515,0.6907041468216293,0.6004799513065318,-0.05666328212953459,0.6559701419716848,0.7380384560679953,0.7798317465748531,0.5430097737017167,0.0,0.0,0.0,1.0,0.0,0.0,0.0,0.0,0.0,1.8994026080355477,0.15892539309475864,2.918644413562199,2.821532818224757,2.046905665517559,1.8752969316090156,2.5919000380361914,2.4790400133231656,1.7619717304894738,1.0,2.0049867505723444,-0.378709717541278,1.0,1.0,1.6766459699861609,1.2555845303471593,1.664581485443615,1.0,1.0,-0.5110029939290264,4.0,2.0,2.0,2.0,1.0,2.0,13.78761825641523,-3.2772836533189436,12.184317328237258,0.3708223781124651,-0.11712355880696365,1.1516684093482341,0.02557413781042188,0.22652447418212354,-0.9492744043175771,,,,,,,,,,,,,,,,,,,,,,,,,,,,,,,,,,,,,,,,,,,,,,,,,,
417309,0.7519911,0.28469086,0.08,0.011477469205752985,,0.04358654936053176,4.0,0.38842905415298445,-0.29201090898480553,0.009428347993239881,4.0,0.3089600083151934,3.0,0.4395264548213518,0.3334319005674715,1.2417770727133313,-0.10155189646723686,-0.08736766024401652,-0.04549138517849155,-0.06581488577240745,-0.2179334959598378,-0.14275978257852534,-0.050192260708226,-0.036313802346764526,0.021972163919352687,-0.04732431060434563,-0.08203566098416896,-0.017035829816820405,-0.24189072658459598,-0.12350597687580797,0.6267822708814494,0.6053605093692761,0.5336943204476581,0.0030267990923953914,0.011158449401870212,-0.007262723270708546,0.020139140699711088,0.0020673476880462543,0.5344106369445883,0.7200714876810042,0.005273476370494652,-0.026447990060494184,-0.003018930485815533,0.5520280461216676,2.0,1.0,1.0,1.0,1.0,2.0,1.0,1.0,1.0,-0.5798298172264382,-0.36717407860910223,-0.34618095807908045,-0.3710388756233889,-0.5579713935646419,-0.5626122767134147,-0.39959156672995944,-0.3813184652799892,-0.5676655253204299,0.0,-0.5260569246731323,-0.38348601499847806,0.0,2.0,-0.558280304354302,-0.5627927555739869,-0.5605398720177092,1.0,0.0,-0.3877380568564546,0.0,0.0,0.0,0.0,0.0,0.0,-5.847099343669672,1.2815999657968054,-4.1250058222797295,0.1708575063246047,0.1904408455098204,-5.367649382637246,1.8370996928934222,3.4952081180981835,-1.5065757541992377,,,,,,,,,,,,,,,,,,,,,,,,,,,,,,,,,,,,,,,,,,,,,,,,,,
5556,0.99090487,0.20289917,0.21000000000000002,0.0982356594956918,,0.6742618846363063,2.0,1.14217344755001,0.8977684347693894,0.29484318094899825,2.0,-0.8159875105849644,2.0,0.5964023767405129,0.2994288301313293,-0.701779000379354,-0.15983436192811584,-0.13393212550292682,0.015184232138993725,0.023790466322798867,-0.3310703480769637,-0.10449758184507585,-0.07715385730012857,-0.11843048668102447,-0.13806239463498737,-0.09820053587598433,0.009847232747567145,-0.16415591187143883,-0.1615857733547482,-0.10699191878593595,0.5169229657753913,0.04766210896475947,-0.14148120304852585,-0.08450484290608012,0.057326528186804726,-0.02800322917537778,0.057765756790132954,-0.06322558453655104,0.005860757482605182,-0.017434076660342187,0.026233894488625984,-0.08782773303880002,0.502189073842974,0.24510470931953995,0.0,0.0,0.0,0.0,0.0,2.0,0.0,0.0,0.0,1.6339600445184685,0.6294867535741856,-0.4208946220401015,-0.2466250295589163,1.7056207583423668,1.9586220095333342,-0.4584351259663333,-0.4277090802332131,1.9464734720774008,1.0,1.9006964856921422,2.7758895565583805,2.0,0.0,1.729563760332703,1.6636814205719073,2.0907626383290285,2.0,2.0,2.47002139873154,4.0,2.0,1.0,2.0,0.0,2.0,31.14393152178423,-1.4643108190544425,-5.3017631967971175,1.2152305092361089,0.10823936622964724,0.9004953687301898,-0.15938847402235462,-0.15871954714245187,-0.5866628046714301,,,,,,,,,,,,,,,,,,,,,,,,,,,,,,,,,,,,,,,,,,,,,,,,,,
564756,0.66276485,0.31751198,0.03,0.004056900182200707,,3.5152582171007163,4.0,-0.694924774439967,-1.022662238997409,-0.007133585534684312,2.0,0.31704842063118094,3.0,0.5873724097000876,0.35988397840658987,-0.7513521437216428,-0.10692134020512405,-0.09510728931848592,-0.028516152721351676,-0.058559400988232924,-0.2171553251378097,-0.11664056731718339,-0.04941971081139571,-0.04556220401819387,-0.27049083631265736,-0.05727142323375461,-0.09973344716179593,-0.04841414648862847,-0.2552616144625298,-0.1689690996507335,0.6146429711604703,0.003195620103102721,0.004003426037161049,0.5309907180085316,0.0028799512858508594,-0.0037261250453519694,-0.0013876260514506362,-0.007826763520227487,0.5338205611332917,0.001867280119777201,0.001797749094877646,-0.0011682192250991237,0.004257883264899054,0.5269929525474479,0.0,0.0,0.0,1.0,2.0,1.0,0.0,0.0,0.0,-0.5859964969348788,-0.3962487254603789,-0.3575494858913998,-0.3589761929257569,-0.5492751439206827,-0.5525323855101574,-0.379349187442661,-0.38582860054113666,-0.5626829107027985,0.0,-0.5277348914977913,-0.39338820143819636,0.0,0.0,-0.5631300146996218,-0.5592790861650077,-0.5528803106767297,0.0,0.0,-0.401805434141382,0.0,0.0,0.0,0.0,0.0,0.0,-6.544702388821834,-0.16195351433099764,0.309294026677056,0.14881423851274983,-0.1734268098941419,0.32333704123327905,-0.9068161032173089,-4.296595358689158,1.4497294019065514,,,,,,,,,,,,,,,,,,,,,,,,,,,,,,,,,,,,,,,,,,,,,,,,,,
23261,0.8583581,0.10902108,0.12,0.02389616287845446,,0.5268436881750053,4.0,-0.203583711977125,0.1997411550420201,-0.011207311158222929,4.0,0.31281866303254746,3.0,0.19607091465648893,0.3809526186767446,0.8992403187970813,-0.10047663778865379,-0.0889523427973229,-0.06815416254875563,-0.041104961599322615,-0.24377696491887718,-0.0771946410323183,-0.047056086400237625,-0.0984865191447257,-0.17697484848490722,-0.06963442484184373,-0.04805919454106742,-0.05786012932325282,-0.16984197122452815,-0.16996018492767656,0.6450898790848412,-0.02209877035268202,-0.00033344423245351717,0.48351985527567815,0.5071196376404369,-0.009588907476728858,-0.004487709939766811,0.009884652822058885,0.6171651353751718,0.5912914673622119,0.005742541803926889,0.021031749760569464,0.02644332412038662,0.5380493881141093,2.0,2.0,2.0,3.0,1.0,1.0,0.0,0.0,0.0,-0.5824353857307091,-0.3823503618163116,-0.37172545188160844,-0.3104614388164735,-0.5736640387610148,-0.5329273167667142,-0.38857353331491673,-0.32099211698501284,-0.564620716177021,0.0,-0.5167748532523148,-0.4145796467063863,1.0,0.0,-0.5548915644768433,-0.5874610744091967,-0.5625253699489381,1.0,2.0,-0.3738709495233299,0.0,0.0,0.0,0.0,0.0,0.0,-7.52877183773566,0.026545612468034864,-0.5735868481723464,0.2441859319061011,-0.13771372549026456,2.2087585458453187,-0.13647892298789263,1.180792043519763,-0.7369626365075534,,,,,,,,,,,,,,,,,,,,,,,,,,,,,,,,,,,,,,,,,,,,,,,,,,
515354,0.783171,0.14383684,0.09,0.013888290969627364,,-0.502150563241804,4.0,0.04975623894008755,-0.5095388744226496,0.0010494574250194504,3.0,0.303443473395715,3.0,0.7035262457171698,0.3237001246141757,-0.7650012260931923,-0.12073372523324324,-0.07959693018522641,-0.04331919972557062,-0.06147545483444984,-0.1905910449528665,-0.129715638837428,-0.06357759761419834,-0.06263870289502291,-0.21254094895761613,-0.058649155734329994,-0.12079530794911703,-0.039883919257716796,-0.23936435177624862,-0.12736414851026204,0.5761316316511561,0.5975767349122142,0.559866872913478,0.7203034034499114,0.5607237762189781,0.008997154730706738,0.017574972065956415,-0.003833777784619518,0.5464762745425973,0.025983968511090694,-0.012428838751687373,0.02048411255015854,-0.0021500901086214594,0.7533591887266294,0.0,0.0,0.0,0.0,0.0,2.0,0.0,0.0,2.0,-0.5810977818344027,-0.377435790191624,-0.3649315527570886,-0.35438431591307423,-0.5368640501969387,-0.5619902943833401,-0.4018038790332445,-0.374311544597763,-0.5421493553377629,0.0,-0.5347307501859364,-0.4133716213141241,0.0,0.0,-0.5720314671445934,-0.5560493673456498,-0.5608285237632087,0.0,0.0,-0.4150737665008415,0.0,0.0,0.0,0.0,0.0,0.0,-6.543052805427013,-0.04129722270329605,0.32827815318099945,0.13001709218150656,0.12809800004535368,0.35984309498821976,-0.5692538266621113,-4.317324575458494,1.6194452018367786,,,,,,,,,,,,,,,,,,,,,,,,,,,,,,,,,,,,,,,,,,,,,,,,,,
126100,0.9937516,0.3514148,0.19,0.0734769996100588,,-0.5453232524768685,3.0,1.2500529253364034,-0.8576784699270921,0.550928596293902,3.0,-0.7908199743462218,4.0,-2.726608714528379,-2.820972192113871,-0.7017794547866083,-0.1425802993086642,-0.010543733614291173,0.052769385125995424,0.05241143612255722,-0.2213457272730717,0.031037318005034606,-0.05512748907774985,0.004935825067640662,-0.20315436330627834,-0.05395551495052879,-0.06236298169432804,-0.08140939610645496,-0.14846450497944774,-0.13277739025742574,0.6873353965583711,0.011012316560129576,0.005638807506045483,0.6118981031951356,0.5681691756778748,0.4636513208053653,0.42289392760090255,1.0568250337325134,0.46630152479599696,0.1434676766935078,0.5905827141636238,0.5860209395780905,0.5484085639547994,0.42314285133455454,0.0,0.0,0.0,3.0,0.0,0.0,0.0,0.0,0.0,1.8149440720241055,2.5223770882499874,2.801095732759531,2.8389323709512095,1.7268773186433768,1.8509564912088188,2.550228635850878,2.6277806579849154,1.7322466035966426,2.0,1.8222211067904708,-0.5535169075901816,1.0,1.0,1.9023843940113956,2.30112752620511,1.9129203334103047,1.0,1.0,-0.39986756259790096,4.0,0.0,1.0,2.0,2.0,2.0,9.575647235243562,-2.5908591023626992,15.89099887429953,-0.5239378940380159,-0.09943916638693381,-2.2299836956211827,-0.05743242123565742,0.5513138248044445,-0.6881679578004077,,,,,,,,,,,,,,,,,,,,,,,,,,,,,,,,,,,,,,,,,,,,,,,,,,
155928,0.85440135,0.33106753,0.060000000000000005,0.00771172199313132,,0.5430005657597727,2.0,1.7026091761048847,1.0625493023353703,-0.010419469145635428,4.0,0.3203431219378544,2.0,0.7750919203309958,0.35542423252988553,-0.7591891964392222,-0.10662709787478865,-0.09302128760137712,-0.04446508233669508,-0.04657835679380358,-0.2079681972118044,-0.11920952531018324,-0.04462268469292842,-0.04365411133456592,-0.2716421966952051,-0.049664984921519786,-0.10284938638737887,-0.053987235659978705,-0.2482160032969864,-0.1552390045434007,0.6160102290312606,0.0035637691677847744,-0.004184946050400791,-0.00414238275586929,-0.008572022706610265,-0.002254619020473075,-0.009811599772128267,0.0014228236445150044,0.008753334887027068,0.011351337167982463,0.013731384076960855,0.012968119828031574,-0.008606886013591974,0.0015288793127001985,0.0,0.0,0.0,0.0,0.0,0.0,0.0,0.0,0.0,1.763371681588088,1.0451443461762067,-0.35001733980353705,-0.3649268152754879,1.812958061162204,1.826550819748464,-0.3803775855315315,-0.376015702173655,1.7667611730325958,2.0,1.9037128849541995,2.6803499038717433,2.0,2.0,1.743629548466731,1.3372722979876253,2.0154591477764385,2.0,2.0,2.561421512156574,3.0,2.0,1.0,1.0,1.0,2.0,31.559479108762737,-1.2419443643725891,-5.0296801419410935,1.1284901443995394,0.06957228453616796,0.932383217743323,-0.01475309880669166,0.21317265542566233,0.2134550656488536,,,,,,,,,,,,,,,,,,,,,,,,,,,,,,,,,,,,,,,,,,,,,,,,,,
216058,0.8640968,0.48689258,0.09,0.013888290969627364,,0.32349384308731827,3.0,-0.1831878033592476,0.9390872385378822,-0.020495715764398677,4.0,0.3520166942400699,2.0,0.46055242387635625,0.37397172857291633,-0.7677407299503843,-0.1024876866830553,-0.10477268992357801,-0.04108040290663825,-0.013402549459231795,-0.2248975821433609,-0.12127131523166317,-0.03627922071934614,-0.007851055809000723,-0.2592540792831215,-0.04143967962669494,-0.1025272823090492,-0.03974249159211929,-0.2559751491170876,-0.15790639005590743,0.6277484299436,-0.016680750711009697,0.03604450101872409,-0.010417655884275097,0.010344897853582035,0.02467553998849279,0.34362578195709886,0.9838003068351406,-0.002107255465539636,-0.004029433563861945,-0.009112110765170977,0.011943568427800687,0.010242387114036298,0.00342213170752062,0.0,0.0,0.0,0.0,0.0,0.0,0.0,0.0,0.0,1.746015791651511,-0.33366002510215775,-0.3657002118731324,-0.3572267931668448,1.780640597452873,1.8319731844730685,2.5791104746927025,2.5926369662473387,1.756309374676718,1.0,1.8569657959654458,2.667513684196273,2.0,1.0,1.738397601938552,2.093684251827283,2.0037053120253683,0.0,1.0,2.5504573418851906,4.0,2.0,2.0,2.0,2.0,1.0,31.22889393850838,-0.9850279785354117,-5.345049926008778,1.077348977291233,0.024198827779476573,0.9897866473343017,-0.12041747448522105,-0.13969956248291765,-0.42081477452830895,,,,,,,,,,,,,,,,,,,,,,,,,,,,,,,,,,,,,,,,,,,,,,,,,,
218912,0.80435663,0.23119147,0.09,0.013888290969627364,,0.06354946636440835,4.0,-1.0014677460542274,-0.3278670683072633,-0.005449120365272924,3.0,0.309471521264743,3.0,-0.023614532007732118,0.34493497545280605,-0.7529980017937804,-0.10403010709429636,-0.0864000100638298,-0.051304189742208406,-0.05008034204841109,-0.19547134106398573,-0.13187249943437118,-0.0567416726303792,-0.044416400232595056,-0.2275716482373248,-0.0664808082192693,-0.10465372451442094,-0.04387422623304537,-0.2602199985897859,-0.14308674093525792,0.6365855910736897,0.0005457733886048519,0.56412278893192,0.5285073167890229,0.5440281355620097,0.005797903616362738,0.019194209297517157,0.002792364864706195,0.5183647431199502,-0.009716661231718798,0.014938602018522594,-0.0034450883533874294,0.0009751263961853446,0.5525536905959193,0.0,1.0,0.0,1.0,2.0,1.0,0.0,0.0,0.0,-0.5873053219603517,-0.3773614795837692,-0.3430565713064631,-0.3767090120817127,-0.5545427264714243,-0.5672510253024043,-0.3758408449591028,-0.3851964654705889,-0.5613411830704069,0.0,-0.525028879846964,-0.3678194922035893,0.0,0.0,-0.5625007524899014,-0.5614542724241652,-0.564872841848855,0.0,0.0,-0.3957632739734591,0.0,0.0,0.0,0.0,0.0,0.0,-6.527147730009361,0.14473213145524777,0.3559905069843208,0.01377648867892867,0.3263518973954119,0.36931211702546335,-0.8308366875963976,-4.194985068555781,1.749856320639466,,,,,,,,,,,,,,,,,,,,,,,,,,,,,,,,,,,,,,,,,,,,,,,,,,
408077,0.98610294,0.32605925,0.31,0.35858330855333026,,-0.6606696854388178,3.0,-0.8676629786173347,0.5509846436687864,-0.1290793655823229,3.0,0.20601054301215427,2.0,-2.4732024770967223,-2.415939712790438,-0.9421862580864588,-0.2317149009840797,-0.39320950840830005,0.0015445847888430828,-0.14914200543764816,-0.27560596101199436,0.1671939965500165,0.8026539879854441,0.08597731984236007,-0.5064334056254886,-0.5013864316358774,0.16968397162744286,0.23644990932393894,-0.06044906968172692,-0.023362155660183515,0.07477202808335304,0.6056474195712707,0.5412682003243896,0.05746676806706502,0.66465910299902,0.44544464019279595,0.463660241857622,0.7844791338780532,0.8371571905738404,0.6525053589621679,0.35177799810828675,0.2527047247715296,0.4397801536926295,0.3860146920831169,0.0,0.0,0.0,0.0,0.0,0.0,0.0,0.0,1.0,1.94057680748787,1.8276414909679246,2.7423254904902117,2.6157053273716575,2.387412780893802,0.8607685412536795,2.7722517154210133,2.9916512851472707,1.150698353040335,2.0,1.7399171496412245,-0.597336979006269,1.0,1.0,1.7470808224535541,2.2213715126710953,2.2693861222002956,1.0,1.0,-0.756408322368556,0.0,1.0,1.0,2.0,1.0,2.0,10.1344327707708,-3.1126314863039823,16.206396725911045,-0.613436564308129,-0.23246886457805602,-1.8580585877189746,1.1939209568003717,0.5008890074413054,-1.0041371267817896,,,,,,,,,,,,,,,,,,,,,,,,,,,,,,,,,,,,,,,,,,,,,,,,,,
85185,0.9431869,0.31076196,0.16,0.04640734643340897,,-0.1302750826080399,4.0,1.421361671933603,0.5741795078009895,-0.026717757566102816,4.0,0.025163816488498855,3.0,0.4227603639245139,0.3731752761335607,-0.7552078704932264,-0.14822240396628253,0.00033686287093129264,-0.06966152882786814,-0.0009663140692748248,-0.17948075670614166,-0.06857980176690046,-0.051277098493591286,-0.08550780141863251,-0.14675574398941982,-0.1738439744603533,-0.009687729644168919,-0.045897912782755984,-0.24278654745361067,-0.171500642378272,0.618858249046015,0.5714940735579824,0.5538408493720819,0.6185180486812145,0.5443469144690889,-0.016003362555544333,0.0017096898936710514,-0.056760863608731366,0.5108743876646886,0.019715367879831844,0.005476417978775449,0.02396378629213728,-0.049671992853087744,0.5469982119943891,0.0,0.0,0.0,1.0,2.0,1.0,0.0,0.0,0.0,-0.5993322747015986,-0.3370799539219866,-0.3256624256781208,-0.3323205604214054,-0.6226092704132842,-0.5537810800578674,-0.4562016913786409,-0.3119511325883948,-0.5522768104744421,0.0,-0.5469086509564802,-0.3361419427872353,0.0,0.0,-0.5784205785869029,-0.47659913732745984,-0.5667772892581535,0.0,0.0,-0.40431262804897994,0.0,0.0,0.0,0.0,0.0,0.0,-6.529104179256219,0.12721823542288738,0.4198417844557877,0.04862790402773799,0.022367253796483952,0.3492819121987252,-0.3562984358256013,-4.3048934871377735,1.731808395788729,,,,,,,,,,,,,,,,,,,,,,,,,,,,,,,,,,,,,,,,,,,,,,,,,,
