Original_Index,Original_Prob,Adversarial_Prob,Noise_t,Noise_Sigma,Noise_L2,TransactionAmt,ProductCD,card1,card2,card3,card4,card5,card6,addr1,addr2,dist1,C1,C2,C3,C4,C5,C6,C7,C8,C9,C10,C11,C12,C13,C14,D1,D2,D3,D4,D5,D6,D8,D9,D10,D11,D12,D13,D14,D15,M1,M2,M3,M4,M5,M6,M7,M8,M9,id_01,id_02,id_03,id_04,id_05,id_06,id_09,id_10,id_11,id_12,id_13,id_14,id_15,id_16,id_17,id_18,id_19,id_20,id_28,id_29,id_32,id_34,id_35,id_36,id_37,id_38,DeviceType,P_emailserver,P_suffix,R_emailserver,R_suffix,os,screen_width,screen_height,browser,device_name,DayOfWeek,HourOfDay,Month,PC1,PC2,PC3,PC4,PC5,PC6,PC7,PC8,PC9,Purified,Purification_Success,Purified_TransactionAmt,Purified_ProductCD,Purified_card1,Purified_card2,Purified_card3,Purified_card4,Purified_card5,Purified_card6,Purified_addr1,Purified_addr2,Purified_dist1,Purified_C1,Purified_C2,Purified_C3,Purified_C4,Purified_C5,Purified_C6,Purified_C7,Purified_C8,Purified_C9,Purified_C10,Purified_C11,Purified_C12,Purified_C13,Purified_C14,Purified_D1,Purified_D2,Purified_D3,Purified_D4,Purified_D5,Purified_D6,Purified_D8,Purified_D9,Purified_D10,Purified_D11,Purified_D12,Purified_D13,Purified_D14,Purified_D15,Purified_M1,Purified_M2,Purified_M3,Purified_M4,Purified_M5,Purified_M6,Purified_M7,Purified_M8,Purified_M9,Purified_id_01,Purified_id_02,Purified_id_03,Purified_id_04,Purified_id_05,Purified_id_06,Purified_id_09,Purified_id_10,Purified_id_11,Purified_id_12,Purified_id_13,Purified_id_14,Purified_id_15,Purified_id_16,Purified_id_17,Purified_id_18,Purified_id_19,Purified_id_20,Purified_id_28,Purified_id_29,Purified_id_32,Purified_id_34,Purified_id_35,Purified_id_36,Purified_id_37,Purified_id_38,Purified_DeviceType,Purified_P_emailserver,Purified_P_suffix,Purified_R_emailserver,Purified_R_suffix,Purified_os,Purified_screen_width,Purified_screen_height,Purified_browser,Purified_device_name,Purified_DayOfWeek,Purified_HourOfDay,Purified_Month,Purified_PC1,Purified_PC2,Purified_PC3,Purified_PC4,Purified_PC5,Purified_PC6,Purified_PC7,Purified_PC8,Purified_PC9,Purified_isFraud
155816,0.9279835,0.13117774,0.09999999999999999,0.01672075323499393,0.12962369592291934,-0.7442259318915779,0.0,-1.370579955383356,0.26498094605210326,0.5707239962930067,3.0,0.2899919412077936,3.0,-2.722293664781352,-2.784714469334737,-0.7527938144012496,-0.09504677017182471,-0.0841601235114184,-0.04922543861989349,-0.04637659935445749,-0.21800217347588868,-0.07838007844588735,0.02360619082038143,-0.0198444146761731,-0.28299447299406133,-0.048911713515247604,-0.08856847643947864,-0.00779773328253916,-0.21754719678903903,-0.14805478675492942,0.6060900253158572,0.030053086533981015,-0.03756866414026713,0.5398350012408785,0.5424826187662233,0.5425563664618998,0.36746051780598243,1.0031810184827585,0.5432262671110433,0.0010944008966537026,0.6144702077407723,0.5494529595255648,0.5715260097173859,0.5369587639827431,0.0,0.0,0.0,3.0,0.0,0.0,0.0,0.0,0.0,1.7622989699260845,0.2204227272064447,2.7871283194168837,2.8021659185154117,1.7863402771818793,1.8283267798199276,2.6113286082917155,2.5988103969805953,1.788751901620506,2.0,1.9098041491176594,-0.394350025036676,1.0,1.0,1.8513927281833564,-0.24847584738605288,1.6385713982457115,1.9606701667026556,1.0,1.0,-0.3996550582893482,0.0,1.0,1.0,2.0,2.0,1.0,28.0,3.0,28.0,3.0,6.0,-0.36887052617115873,-0.3715485459473401,4.0,1090.0,-1.5903539781303777,-1.7960255362396325,-1.0368436154113392,9.52140285890575,-2.662125729688918,15.83479709897402,-0.5558052707983319,-0.11727446102564515,-2.1921118273922895,0.14422403609675188,0.5301302371844266,-0.5826810305090181,True,True,-0.7442259318915779,0.0,-1.370579955383356,0.26498094605210326,0.5707239962930067,3.0,0.2899919412077936,3.0,-2.722293664781352,-2.784714469334737,-0.7527938144012496,-0.09504677017182471,-0.0841601235114184,-0.04922543861989349,-0.04637659935445749,-0.21800217347588868,-0.07838007844588735,0.02360619082038143,-0.0198444146761731,-0.28299447299406133,-0.048911713515247604,-0.08856847643947864,-0.00779773328253916,-0.21754719678903903,-0.14805478675492942,0.6060900253158572,0.030053086533981015,-0.03756866414026713,0.5398350012408785,0.5424826187662233,0.5425563664618998,0.36746051780598243,1.0031810184827585,0.5432262671110433,0.0010944008966537026,0.6144702077407723,0.5494529595255648,0.5715260097173859,0.5369587639827431,0.0,0.0,0.0,3.0,0.0,0.0,0.0,0.0,0.0,1.7622989699260845,0.2204227272064447,2.7871283194168837,2.8021659185154117,1.7863402771818793,1.8283267798199276,2.6113286082917155,2.5988103969805953,1.788751901620506,2.0,1.9098041491176594,-0.394350025036676,1.0,1.0,1.8513927281833564,-0.24847584738605288,1.6385713982457115,1.9606701667026556,1.0,1.0,-0.3996550582893482,0.0,1.0,1.0,2.0,2.0,1.0,28.0,3.0,28.0,3.0,6.0,-0.36887052617115873,-0.3715485459473401,4.0,1090.0,-1.5903539781303777,-1.7960255362396325,-1.0368436154113392,9.52140285890575,-2.662125729688918,15.83479709897402,-0.5558052707983319,-0.11727446102564515,-2.1921118273922895,0.14422403609675188,0.5301302371844266,-0.5826810305090181,0
77476,0.7821603,0.46776804,0.05,0.006265852597583031,0.052563375912996126,0.05430342508334822,4.0,-0.46601509174670824,0.9323689189593969,-0.010083649494013266,4.0,0.3200226736575262,2.0,0.43767600965735354,0.36586214730790717,0.9563736527759118,-0.08202958181105031,-0.059162117122959004,-0.029773684317566947,-0.05641680866156601,-0.21018241250795655,-0.11239129284174039,-0.05736672149816583,-0.05439718848465655,-0.20404505564945496,-0.06000394509652617,-0.09107758520667496,-0.045930044126691535,-0.22649209431304645,-0.1150913281607937,0.6303522366782494,0.6202963096396507,0.5527804747283392,0.552932324379265,0.556279970577207,-0.008094508682642875,-0.006590219038266166,0.01286276555501173,0.553744695051147,0.6208436992387175,-0.004484988188933162,0.009294942460836583,-0.015734298817929107,0.552411816582864,2.0,2.0,2.0,1.0,1.0,1.0,0.0,0.0,0.0,-0.5707449363584727,-0.39049477728079524,-0.3601821765711636,-0.36132122235022845,-0.5636009482251167,-0.5563122579431745,-0.3770024059717284,-0.37374756882505433,-0.557375466762772,0.0,-0.5151707987578579,-0.3946907195926123,0.0,0.0,-0.5585923597085579,-0.2937630124293061,-0.5535691433177927,-0.5644359808334943,0.0,0.0,-0.38446141856669225,0.0,0.0,0.0,0.0,0.0,0.0,15.0,3.0,25.0,0.0,6.0,-0.3766609446516193,-0.368793148543658,23.0,517.0,-0.556314637478377,0.6811324966792116,1.7274314190793982,-7.56585562804939,0.5985774916153294,-0.5706868087861361,0.2546640606071182,-0.07327440248834316,2.3832695208882955,1.3067462172253181,0.9638023465766284,-0.3935436683233071,True,True,0.05430342508334822,4.0,-0.46601509174670824,0.9323689189593969,-0.010083649494013266,4.0,0.3200226736575262,2.0,0.43767600965735354,0.36586214730790717,0.9563736527759118,-0.08202958181105031,-0.059162117122959004,-0.029773684317566947,-0.05641680866156601,-0.21018241250795655,-0.11239129284174039,-0.05736672149816583,-0.05439718848465655,-0.20404505564945496,-0.06000394509652617,-0.09107758520667496,-0.045930044126691535,-0.22649209431304645,-0.1150913281607937,0.6303522366782494,0.6202963096396507,0.5527804747283392,0.552932324379265,0.556279970577207,-0.008094508682642875,-0.006590219038266166,0.01286276555501173,0.553744695051147,0.6208436992387175,-0.004484988188933162,0.009294942460836583,-0.015734298817929107,0.552411816582864,2.0,2.0,2.0,1.0,1.0,1.0,0.0,0.0,0.0,-0.5707449363584727,-0.39049477728079524,-0.3601821765711636,-0.36132122235022845,-0.5636009482251167,-0.5563122579431745,-0.3770024059717284,-0.37374756882505433,-0.557375466762772,0.0,-0.5151707987578579,-0.3946907195926123,0.0,0.0,-0.5585923597085579,-0.2937630124293061,-0.5535691433177927,-0.5644359808334943,0.0,0.0,-0.38446141856669225,0.0,0.0,0.0,0.0,0.0,0.0,15.0,3.0,25.0,0.0,6.0,-0.3766609446516193,-0.368793148543658,23.0,517.0,-0.556314637478377,0.6811324966792116,1.7274314190793982,-7.56585562804939,0.5985774916153294,-0.5706868087861361,0.2546640606071182,-0.07327440248834316,2.3832695208882955,1.3067462172253181,0.9638023465766284,-0.3935436683233071,0
353225,0.61250156,0.4476391,0.01,0.0025521382703821843,0.02031859825333679,0.29342230901095545,4.0,-1.4901758531060207,-0.06457344845318339,-0.0037603668137466944,2.0,-0.8168243548844727,2.0,0.14142833913497457,0.35500303145136275,0.9570823885122592,-0.0959659643666248,-0.09590674079038111,-0.03839701939329407,-0.06134206622984069,-0.21958883935545173,-0.11445587342268311,-0.045223375088228504,-0.05415122030152654,-0.21214172095040554,-0.053971040937077774,-0.09914658275450619,-0.037214081509059374,-0.2342128149228916,-0.14319719133736472,0.623352472393621,0.624402189749957,0.5588114002668363,0.5433728647280446,0.5577703852493053,0.0014477149759235172,0.0011036627992210167,0.0020459741787064475,0.5432921457524553,0.6085753192399876,-0.0005898083377484043,-0.005334740583979447,-0.001254851672918689,0.5455293790469864,2.0,2.0,2.0,1.0,1.0,2.0,0.0,0.0,0.0,-0.5755605509155384,-0.39251057413028895,-0.35564472053419716,-0.3616226417505634,-0.5534759863459744,-0.5613889141929325,-0.38544635523726606,-0.3791450661551157,-0.5628904971650788,0.0,-0.5274977285448615,-0.3945316736965619,0.0,0.0,-0.558530812443444,-0.29119826024592116,-0.557064857561469,-0.5559996775762229,0.0,0.0,-0.394235029506935,0.0,0.0,0.0,0.0,0.0,0.0,43.0,3.0,25.0,0.0,6.0,-0.3710513155708995,-0.3726236131808494,23.0,517.0,-1.0726844050405913,1.066799875075116,-0.5222665766517492,-7.589939738466885,0.4061958029419422,-0.5936671648767345,0.34097366215322916,0.06980844174951403,2.4168263264764676,1.6380150278601848,0.9531558878762013,-0.1669195608819227,True,True,0.29342230901095545,4.0,-1.4901758531060207,-0.06457344845318339,-0.0037603668137466944,2.0,-0.8168243548844727,2.0,0.14142833913497457,0.35500303145136275,0.9570823885122592,-0.0959659643666248,-0.09590674079038111,-0.03839701939329407,-0.06134206622984069,-0.21958883935545173,-0.11445587342268311,-0.045223375088228504,-0.05415122030152654,-0.21214172095040554,-0.053971040937077774,-0.09914658275450619,-0.037214081509059374,-0.2342128149228916,-0.14319719133736472,0.623352472393621,0.624402189749957,0.5588114002668363,0.5433728647280446,0.5577703852493053,0.0014477149759235172,0.0011036627992210167,0.0020459741787064475,0.5432921457524553,0.6085753192399876,-0.0005898083377484043,-0.005334740583979447,-0.001254851672918689,0.5455293790469864,2.0,2.0,2.0,1.0,1.0,2.0,0.0,0.0,0.0,-0.5755605509155384,-0.39251057413028895,-0.35564472053419716,-0.3616226417505634,-0.5534759863459744,-0.5613889141929325,-0.38544635523726606,-0.3791450661551157,-0.5628904971650788,0.0,-0.5274977285448615,-0.3945316736965619,0.0,0.0,-0.558530812443444,-0.29119826024592116,-0.557064857561469,-0.5559996775762229,0.0,0.0,-0.394235029506935,0.0,0.0,0.0,0.0,0.0,0.0,43.0,3.0,25.0,0.0,6.0,-0.3710513155708995,-0.3726236131808494,23.0,517.0,-1.0726844050405913,1.066799875075116,-0.5222665766517492,-7.589939738466885,0.4061958029419422,-0.5936671648767345,0.34097366215322916,0.06980844174951403,2.4168263264764676,1.6380150278601848,0.9531558878762013,-0.1669195608819227,0
355434,0.917928,0.43490353,0.05,0.006265852597583031,0.05045744879134531,-0.684407184197805,4.0,-0.08147928959784967,-0.09297372643717128,-0.0019101153351948326,4.0,0.32089682267263003,3.0,0.4397605932118249,0.35446592575177266,0.9290139527772819,-0.07510259067263132,-0.09933033679428795,-0.04165358475089338,-0.06258875074627533,-0.2141021511290983,0.03616108470868837,-0.041580977773270016,-0.048035324962166503,-0.1418148342184025,-0.05309379675276,-0.09247209761788718,-0.043008968094693796,0.2245128404182989,-0.08041801648692333,0.6514762115876218,0.6272771320749615,0.551906043122262,0.7840314912895763,0.5657294868820822,0.00819040695391809,0.009996578399446187,0.0047423668713741,0.7830812773196821,0.7873151825343269,0.005809082716969957,-0.0034407102396775534,0.005874956336820894,0.7794748137412654,2.0,2.0,2.0,1.0,2.0,2.0,1.0,2.0,2.0,-0.5798653966064006,-0.38803193612462433,-0.3497729742727215,-0.35023754780253147,-0.5500272719914936,-0.5519028784041686,-0.3863153910879999,-0.38171162850299645,-0.5613692134632203,0.0,-0.516238806249345,-0.3833465978607422,0.0,0.0,-0.5673128999415197,-0.2943968147511727,-0.5504346316735583,-0.5489440161728755,0.0,0.0,-0.3960746282520378,0.0,0.0,0.0,0.0,0.0,0.0,43.0,3.0,25.0,0.0,6.0,-0.3646900936733602,-0.3704780487849846,23.0,517.0,-0.5540061627092481,0.5514318251875491,-0.5169885197462187,-7.545646601681384,0.33236257927205515,-0.604907825376286,0.11455949918117495,0.5793501164265294,2.210713915914954,-0.03601865006651915,1.2897589831193101,-0.28737371964534275,True,True,-0.684407184197805,4.0,-0.08147928959784967,-0.09297372643717128,-0.0019101153351948326,4.0,0.32089682267263003,3.0,0.4397605932118249,0.35446592575177266,0.9290139527772819,-0.07510259067263132,-0.09933033679428795,-0.04165358475089338,-0.06258875074627533,-0.2141021511290983,0.03616108470868837,-0.041580977773270016,-0.048035324962166503,-0.1418148342184025,-0.05309379675276,-0.09247209761788718,-0.043008968094693796,0.2245128404182989,-0.08041801648692333,0.6514762115876218,0.6272771320749615,0.551906043122262,0.7840314912895763,0.5657294868820822,0.00819040695391809,0.009996578399446187,0.0047423668713741,0.7830812773196821,0.7873151825343269,0.005809082716969957,-0.0034407102396775534,0.005874956336820894,0.7794748137412654,2.0,2.0,2.0,1.0,2.0,2.0,1.0,2.0,2.0,-0.5798653966064006,-0.38803193612462433,-0.3497729742727215,-0.35023754780253147,-0.5500272719914936,-0.5519028784041686,-0.3863153910879999,-0.38171162850299645,-0.5613692134632203,0.0,-0.516238806249345,-0.3833465978607422,0.0,0.0,-0.5673128999415197,-0.2943968147511727,-0.5504346316735583,-0.5489440161728755,0.0,0.0,-0.3960746282520378,0.0,0.0,0.0,0.0,0.0,0.0,43.0,3.0,25.0,0.0,6.0,-0.3646900936733602,-0.3704780487849846,23.0,517.0,-0.5540061627092481,0.5514318251875491,-0.5169885197462187,-7.545646601681384,0.33236257927205515,-0.604907825376286,0.11455949918117495,0.5793501164265294,2.210713915914954,-0.03601865006651915,1.2897589831193101,-0.28737371964534275,0
424580,0.99758935,0.39639184,0.08,0.011477469205752985,0.09687270298509189,-0.31880588118334435,0.0,-0.8443598304086667,0.2780490093933921,0.5953701471760872,3.0,0.31171626895855686,3.0,-2.7120548818797405,-2.7803180834358985,-0.7554724408080603,-0.0749407106139011,-0.10694780088108356,-0.043693800180535064,-0.05198077631187027,-0.2205484795898819,-0.11699239807357978,-0.02885689058797001,-0.044965729173876874,-0.2610370731631686,-0.06050642931784298,-0.09569275361446337,-0.06013214616971528,-0.24511764315688164,-0.16092380486038732,0.6143854686673901,-0.009640126087070244,0.010065594479810829,0.5442539579740663,0.531464543566313,0.5570874220410542,0.3732650407761466,0.9973481495473943,0.5276458527837593,0.011149286069042636,0.6044142837587351,0.5491240866474818,0.5179884907328597,0.5230257589570344,0.0,0.0,0.0,3.0,0.0,0.0,0.0,0.0,0.0,1.7486915501333253,3.3521819891690723,2.78857931014972,2.7887837256419625,1.8057145883665136,1.8297461193540083,2.606438067663816,2.5896868656436363,1.747151836743072,2.0,1.9354894016068298,-0.4107728023149082,1.0,1.0,1.8440203966955562,-0.3043250618608435,1.4354388896811765,1.6606001200585476,1.0,1.0,-0.3701192696198055,0.0,1.0,1.0,2.0,1.0,2.0,15.0,3.0,15.0,3.0,6.0,-0.38076575006072283,-0.3782692709494094,4.0,784.0,0.48164670503699025,-1.416386118209797,-0.2811539724206048,9.593625735652946,-2.4585746792179815,15.989956349715277,-0.5604881582944684,-0.1294465201781252,-2.1990705370340793,0.13664510015633288,0.6579755895419044,-0.4499530769720479,True,True,-0.31880588118334435,0.0,-0.8443598304086667,0.2780490093933921,0.5953701471760872,3.0,0.31171626895855686,3.0,-2.7120548818797405,-2.7803180834358985,-0.7554724408080603,-0.0749407106139011,-0.10694780088108356,-0.043693800180535064,-0.05198077631187027,-0.2205484795898819,-0.11699239807357978,-0.02885689058797001,-0.044965729173876874,-0.2610370731631686,-0.06050642931784298,-0.09569275361446337,-0.06013214616971528,-0.24511764315688164,-0.16092380486038732,0.6143854686673901,-0.009640126087070244,0.010065594479810829,0.5442539579740663,0.531464543566313,0.5570874220410542,0.3732650407761466,0.9973481495473943,0.5276458527837593,0.011149286069042636,0.6044142837587351,0.5491240866474818,0.5179884907328597,0.5230257589570344,0.0,0.0,0.0,3.0,0.0,0.0,0.0,0.0,0.0,1.7486915501333253,3.3521819891690723,2.78857931014972,2.7887837256419625,1.8057145883665136,1.8297461193540083,2.606438067663816,2.5896868656436363,1.747151836743072,2.0,1.9354894016068298,-0.4107728023149082,1.0,1.0,1.8440203966955562,-0.3043250618608435,1.4354388896811765,1.6606001200585476,1.0,1.0,-0.3701192696198055,0.0,1.0,1.0,2.0,1.0,2.0,15.0,3.0,15.0,3.0,6.0,-0.38076575006072283,-0.3782692709494094,4.0,784.0,0.48164670503699025,-1.416386118209797,-0.2811539724206048,9.593625735652946,-2.4585746792179815,15.989956349715277,-0.5604881582944684,-0.1294465201781252,-2.1990705370340793,0.13664510015633288,0.6579755895419044,-0.4499530769720479,0
270880,0.751766,0.20810267,0.01,0.0025521382703821843,0.021395606968737386,-0.024017324855873424,4.0,-0.020856291017162847,1.0557633090013672,-0.0050853828657091,4.0,0.3229300495601943,2.0,0.7696000131944587,0.3555048476399468,-0.7576060681687077,-0.09914941944636176,-0.0924297379707789,-0.03675529022829887,-0.05853231212049268,-0.17732891767764106,-0.11004573114228486,-0.048858587372249754,-0.059345795149874044,-0.2690171009417216,-0.05623965333870472,-0.10126478610314438,-0.04688432436419564,-0.23562100815547282,-0.14601363419799504,0.6081687612371255,0.6096950341257453,0.5475703238602018,0.5392414040768512,0.5544474094144856,-0.0001618008890406391,0.001966117380751074,-0.005733296407444389,0.536163998768874,0.0016076931792355451,0.00015620550161431248,0.0009242743302825755,0.004283414116970004,0.534595435536655,0.0,0.0,0.0,0.0,0.0,1.0,0.0,0.0,0.0,-0.5708342036185065,-0.3876360570068671,-0.3538877614387762,-0.3618585781437529,-0.5552895747265377,-0.5542317328938388,-0.3822431121705328,-0.3815647945347047,-0.5707199417946631,0.0,-0.534127484244867,-0.3968394777451811,0.0,0.0,-0.5617227785248254,-0.29185470078073794,-0.5557239230004569,-0.5600586657804663,0.0,0.0,-0.392389538558186,0.0,0.0,0.0,0.0,0.0,0.0,17.0,3.0,25.0,0.0,6.0,-0.3669747032472808,-0.375546330871103,23.0,517.0,0.4636547597722666,-1.1599197339548055,-0.7671499937469385,-6.574334556958212,0.1685696885831126,0.3431785437325061,0.19580870381738133,0.13171692315956318,0.42010404572782867,-0.1303610732768127,-4.205781338886365,2.276023045210237,True,True,-0.024017324855873424,4.0,-0.020856291017162847,1.0557633090013672,-0.0050853828657091,4.0,0.3229300495601943,2.0,0.7696000131944587,0.3555048476399468,-0.7576060681687077,-0.09914941944636176,-0.0924297379707789,-0.03675529022829887,-0.05853231212049268,-0.17732891767764106,-0.11004573114228486,-0.048858587372249754,-0.059345795149874044,-0.2690171009417216,-0.05623965333870472,-0.10126478610314438,-0.04688432436419564,-0.23562100815547282,-0.14601363419799504,0.6081687612371255,0.6096950341257453,0.5475703238602018,0.5392414040768512,0.5544474094144856,-0.0001618008890406391,0.001966117380751074,-0.005733296407444389,0.536163998768874,0.0016076931792355451,0.00015620550161431248,0.0009242743302825755,0.004283414116970004,0.534595435536655,0.0,0.0,0.0,0.0,0.0,1.0,0.0,0.0,0.0,-0.5708342036185065,-0.3876360570068671,-0.3538877614387762,-0.3618585781437529,-0.5552895747265377,-0.5542317328938388,-0.3822431121705328,-0.3815647945347047,-0.5707199417946631,0.0,-0.534127484244867,-0.3968394777451811,0.0,0.0,-0.5617227785248254,-0.29185470078073794,-0.5557239230004569,-0.5600586657804663,0.0,0.0,-0.392389538558186,0.0,0.0,0.0,0.0,0.0,0.0,17.0,3.0,25.0,0.0,6.0,-0.3669747032472808,-0.375546330871103,23.0,517.0,0.4636547597722666,-1.1599197339548055,-0.7671499937469385,-6.574334556958212,0.1685696885831126,0.3431785437325061,0.19580870381738133,0.13171692315956318,0.42010404572782867,-0.1303610732768127,-4.205781338886365,2.276023045210237,0
255842,0.92408663,0.38454333,0.17,0.05427181375432048,0.41875444054042044,-0.5548442011336405,0.0,0.1347146301968514,-0.700014592885379,0.6212000730503645,3.0,-0.49327530672713626,2.0,-2.7134657801721516,-2.8162063095305583,-0.7586820895762756,-0.16823156799572547,0.01778394330016296,-0.03781712887567378,-0.08765606659176292,-0.2496237714016583,-0.09411308914451044,-0.013087510919176381,0.0041786636760894474,-0.1991309425326634,-0.08617795131373039,-0.049267490831771836,-0.09378412829806958,-0.22666429546512215,-0.19147097517851988,0.50683717947397,0.04723726500677126,0.06323533092660717,0.4806298543092648,0.5973933235518344,0.6570245610094401,0.24222556470857817,0.9962041049192679,0.5405851813313398,-0.038879222873440644,0.6315572715736343,0.4752591819926974,0.5186517480079894,0.46713989987141524,0.0,0.0,0.0,3.0,0.0,0.0,0.0,0.0,0.0,1.821901177213862,1.8350400829206406,2.766024540902948,2.9156236518217984,1.823012594615131,1.809839118662009,2.5304083525890437,2.630743731449148,1.7672322303845251,2.0,1.9177069596785072,-0.35164919816161055,1.0,1.0,1.8068144866984956,-0.3583518649326654,1.5630460559140644,1.622014199865454,1.0,1.0,-0.4042535080249536,0.0,1.0,1.0,2.0,1.0,2.0,15.0,3.0,15.0,3.0,6.0,-0.4184933290292145,-0.42961618503705423,4.0,775.0,1.509074120856574,-1.796002278418955,-0.7840667581871448,9.660193165239505,-2.7330042251826363,16.010668373915475,-0.5683125741300897,-0.08687551076068886,-2.2493704627948885,0.17955220692413976,0.5871698311391688,-0.4926340157599102,True,True,-0.5548442011336405,0.0,0.1347146301968514,-0.700014592885379,0.6212000730503645,3.0,-0.49327530672713626,2.0,-2.7134657801721516,-2.8162063095305583,-0.7586820895762756,-0.16823156799572547,0.01778394330016296,-0.03781712887567378,-0.08765606659176292,-0.2496237714016583,-0.09411308914451044,-0.013087510919176381,0.0041786636760894474,-0.1991309425326634,-0.08617795131373039,-0.049267490831771836,-0.09378412829806958,-0.22666429546512215,-0.19147097517851988,0.50683717947397,0.04723726500677126,0.06323533092660717,0.4806298543092648,0.5973933235518344,0.6570245610094401,0.24222556470857817,0.9962041049192679,0.5405851813313398,-0.038879222873440644,0.6315572715736343,0.4752591819926974,0.5186517480079894,0.46713989987141524,0.0,0.0,0.0,3.0,0.0,0.0,0.0,0.0,0.0,1.821901177213862,1.8350400829206406,2.766024540902948,2.9156236518217984,1.823012594615131,1.809839118662009,2.5304083525890437,2.630743731449148,1.7672322303845251,2.0,1.9177069596785072,-0.35164919816161055,1.0,1.0,1.8068144866984956,-0.3583518649326654,1.5630460559140644,1.622014199865454,1.0,1.0,-0.4042535080249536,0.0,1.0,1.0,2.0,1.0,2.0,15.0,3.0,15.0,3.0,6.0,-0.4184933290292145,-0.42961618503705423,4.0,775.0,1.509074120856574,-1.796002278418955,-0.7840667581871448,9.660193165239505,-2.7330042251826363,16.010668373915475,-0.5683125741300897,-0.08687551076068886,-2.2493704627948885,0.17955220692413976,0.5871698311391688,-0.4926340157599102,0
560947,0.9609502,0.16347963,0.08,0.011477469205752985,0.11713965975016669,-0.7141024891949467,0.0,1.2189362533196055,0.9061953173171049,0.5965090182724526,4.0,-0.4833664439011421,3.0,-2.7268360432600915,-2.797331066237363,-0.7404874901700255,-0.08905507066377535,0.1161962722671713,-0.009450904751596684,-0.01819571240102073,-0.2060556386174479,-0.09891852500021073,-0.02166096709219505,-0.043410894860336356,-0.2891809564252126,0.007183509000310619,-0.11628649973905317,-0.03580077076548155,-0.2457973490188895,-0.12839421155651573,0.6212699262932841,0.6134568235183214,0.5737067303619011,0.5491230016909749,0.5816784799257755,0.5525583561261747,0.39287509911673196,0.9899886820219206,0.5171706455398227,0.018816491115621115,0.6278466838028398,0.5535933404478638,0.0011774744369739544,0.5298225015278287,0.0,0.0,0.0,3.0,0.0,0.0,0.0,0.0,0.0,1.5456896837502667,1.6970270631807092,2.7894628753019015,2.819057202912934,1.771353253272735,1.718398360351595,2.614912232177957,2.5962767887376677,1.7792173074887494,2.0,1.844589230615234,-0.3965144313093694,1.0,1.0,1.842272061584952,3.4251767551096735,2.132213661572016,1.926600955884702,1.0,1.0,-0.3669399340688651,0.0,1.0,1.0,2.0,1.0,2.0,15.0,3.0,15.0,3.0,6.0,-0.38953077796062074,-0.39468004707473586,4.0,260.0,0.4577689605802347,-1.2847470422728167,-0.030451628823639835,9.544470223898518,-2.2036639157515694,15.977346063681566,-0.7392504781218407,0.456469480911449,-2.056238220940615,0.5968683871515178,0.3235985575134455,-0.7843545779680695,True,True,-0.7141024891949467,0.0,1.2189362533196055,0.9061953173171049,0.5965090182724526,4.0,-0.4833664439011421,3.0,-2.7268360432600915,-2.797331066237363,-0.7404874901700255,-0.08905507066377535,0.1161962722671713,-0.009450904751596684,-0.01819571240102073,-0.2060556386174479,-0.09891852500021073,-0.02166096709219505,-0.043410894860336356,-0.2891809564252126,0.007183509000310619,-0.11628649973905317,-0.03580077076548155,-0.2457973490188895,-0.12839421155651573,0.6212699262932841,0.6134568235183214,0.5737067303619011,0.5491230016909749,0.5816784799257755,0.5525583561261747,0.39287509911673196,0.9899886820219206,0.5171706455398227,0.018816491115621115,0.6278466838028398,0.5535933404478638,0.0011774744369739544,0.5298225015278287,0.0,0.0,0.0,3.0,0.0,0.0,0.0,0.0,0.0,1.5456896837502667,1.6970270631807092,2.7894628753019015,2.819057202912934,1.771353253272735,1.718398360351595,2.614912232177957,2.5962767887376677,1.7792173074887494,2.0,1.844589230615234,-0.3965144313093694,1.0,1.0,1.842272061584952,3.4251767551096735,2.132213661572016,1.926600955884702,1.0,1.0,-0.3669399340688651,0.0,1.0,1.0,2.0,1.0,2.0,15.0,3.0,15.0,3.0,6.0,-0.38953077796062074,-0.39468004707473586,4.0,260.0,0.4577689605802347,-1.2847470422728167,-0.030451628823639835,9.544470223898518,-2.2036639157515694,15.977346063681566,-0.7392504781218407,0.456469480911449,-2.056238220940615,0.5968683871515178,0.3235985575134455,-0.7843545779680695,0
468494,0.99346656,0.07377601,0.17,0.05427181375432048,0.4527950401583233,-0.3928887648853345,0.0,-1.6095472992823852,0.9159117150455162,0.6223908137461819,4.0,-0.883563834993046,2.0,-2.6698170859933885,-2.794939581158566,-0.6175798279752357,-0.07046884365556233,0.041523249657010146,-0.056206480746661514,-0.05418829469094474,-0.28292496652456406,-0.00557330808456967,-0.00904644548094594,-0.0322437904869828,-0.32725442690491874,0.04764304617354212,-0.13977804106273334,-0.02882860542678228,-0.21541156308926568,-0.07182014120078396,0.6664676359874999,-0.031131887617096926,0.6252203864579854,0.5193397725407966,0.6379652331843758,0.625169322030131,0.40648392741384265,0.9843175153577897,0.5486354046930896,-0.04530146084594287,0.5000252626808029,0.6514522948811116,0.5414781947928636,0.5350350277821437,0.0,0.0,0.0,3.0,0.0,0.0,0.0,0.0,0.0,1.7408486323545835,0.0923858279509411,2.8111198274291,2.760875217792455,1.8260116830513544,1.854049931034867,2.6539586562179047,2.60669164719106,1.6548136632564068,2.0,1.8764091236609786,-0.5251090473847841,1.0,1.0,1.7499417405093614,-0.3157284413500828,1.8560300709356976,1.686423017520341,1.0,1.0,-0.35954553832305164,0.0,1.0,1.0,2.0,1.0,1.0,17.0,3.0,17.0,3.0,6.0,-0.3242893566509992,-0.3663003566694698,4.0,517.0,1.5579342796888989,0.5003155034883879,-0.33205525673845454,9.828746319210568,-2.4681147442726896,16.080987668676546,-0.7082545711551741,-0.12366196793399871,-2.1949084799279817,0.22831094577866212,0.8065385199376085,-0.20783379260103274,True,True,-0.3928887648853345,0.0,-1.6095472992823852,0.9159117150455162,0.6223908137461819,4.0,-0.883563834993046,2.0,-2.6698170859933885,-2.794939581158566,-0.6175798279752357,-0.07046884365556233,0.041523249657010146,-0.056206480746661514,-0.05418829469094474,-0.28292496652456406,-0.00557330808456967,-0.00904644548094594,-0.0322437904869828,-0.32725442690491874,0.04764304617354212,-0.13977804106273334,-0.02882860542678228,-0.21541156308926568,-0.07182014120078396,0.6664676359874999,-0.031131887617096926,0.6252203864579854,0.5193397725407966,0.6379652331843758,0.625169322030131,0.40648392741384265,0.9843175153577897,0.5486354046930896,-0.04530146084594287,0.5000252626808029,0.6514522948811116,0.5414781947928636,0.5350350277821437,0.0,0.0,0.0,3.0,0.0,0.0,0.0,0.0,0.0,1.7408486323545835,0.0923858279509411,2.8111198274291,2.760875217792455,1.8260116830513544,1.854049931034867,2.6539586562179047,2.60669164719106,1.6548136632564068,2.0,1.8764091236609786,-0.5251090473847841,1.0,1.0,1.7499417405093614,-0.3157284413500828,1.8560300709356976,1.686423017520341,1.0,1.0,-0.35954553832305164,0.0,1.0,1.0,2.0,1.0,1.0,17.0,3.0,17.0,3.0,6.0,-0.3242893566509992,-0.3663003566694698,4.0,517.0,1.5579342796888989,0.5003155034883879,-0.33205525673845454,9.828746319210568,-2.4681147442726896,16.080987668676546,-0.7082545711551741,-0.12366196793399871,-2.1949084799279817,0.22831094577866212,0.8065385199376085,-0.20783379260103274,0
156116,0.9039917,0.4209933,0.03,0.004056900182200707,0.034069380912458896,-0.6892950158249882,0.0,-1.1343787926835995,-0.4577114150034004,0.567869124992924,4.0,-0.8147627284765238,2.0,-2.727742621566566,-2.796016049400756,-0.7565962664451493,-0.09789354702538859,-0.09713561497520698,-0.03673464245236198,-0.047049311175530815,-0.21157016746791624,-0.1190647714728435,-0.027539476342112523,-0.05754730919054984,-0.2719549167394214,-0.05648501411892804,-0.09672048861986032,-0.03888280121671948,-0.25410626634774397,-0.1688608735455279,0.608756361492769,-0.005962925432253831,0.01006993249810664,0.540784307250471,-0.001111988852741746,0.5348920242842257,0.0032582102142298627,-0.00724564387102444,0.5344096647292729,-0.0003844283937390551,0.6099753286141575,0.0002856977471159752,-0.002518632771957706,0.6417269680376321,0.0,0.0,0.0,3.0,0.0,0.0,0.0,0.0,0.0,-0.577841661483891,-0.39201315599636033,-0.3588321997186829,-0.3567133113653702,-0.5559743193152273,-0.559204109133092,-0.37903937529352666,-0.3842325640306144,-0.5688238624490948,0.0,-0.5226395799024288,-0.3902202508967187,0.0,0.0,-0.5642178222472362,-0.2981633470142261,-0.5475164838711156,-0.5564677437484378,0.0,0.0,-0.3932632300602153,0.0,0.0,0.0,0.0,0.0,0.0,15.0,3.0,15.0,3.0,6.0,-0.36568028720199813,-0.3817415440574106,23.0,517.0,-1.5775986505428097,-1.5481656941162574,-1.0108068675555013,-6.553036487655639,-0.15698037687632693,0.3196256965671367,0.14781826016031518,-0.1795093191375044,0.3182471632568469,-0.9139293453102787,-4.293571178438782,1.453006976081874,True,True,-0.6892950158249882,0.0,-1.1343787926835995,-0.4577114150034004,0.567869124992924,4.0,-0.8147627284765238,2.0,-2.727742621566566,-2.796016049400756,-0.7565962664451493,-0.09789354702538859,-0.09713561497520698,-0.03673464245236198,-0.047049311175530815,-0.21157016746791624,-0.1190647714728435,-0.027539476342112523,-0.05754730919054984,-0.2719549167394214,-0.05648501411892804,-0.09672048861986032,-0.03888280121671948,-0.25410626634774397,-0.1688608735455279,0.608756361492769,-0.005962925432253831,0.01006993249810664,0.540784307250471,-0.001111988852741746,0.5348920242842257,0.0032582102142298627,-0.00724564387102444,0.5344096647292729,-0.0003844283937390551,0.6099753286141575,0.0002856977471159752,-0.002518632771957706,0.6417269680376321,0.0,0.0,0.0,3.0,0.0,0.0,0.0,0.0,0.0,-0.577841661483891,-0.39201315599636033,-0.3588321997186829,-0.3567133113653702,-0.5559743193152273,-0.559204109133092,-0.37903937529352666,-0.3842325640306144,-0.5688238624490948,0.0,-0.5226395799024288,-0.3902202508967187,0.0,0.0,-0.5642178222472362,-0.2981633470142261,-0.5475164838711156,-0.5564677437484378,0.0,0.0,-0.3932632300602153,0.0,0.0,0.0,0.0,0.0,0.0,15.0,3.0,15.0,3.0,6.0,-0.36568028720199813,-0.3817415440574106,23.0,517.0,-1.5775986505428097,-1.5481656941162574,-1.0108068675555013,-6.553036487655639,-0.15698037687632693,0.3196256965671367,0.14781826016031518,-0.1795093191375044,0.3182471632568469,-0.9139293453102787,-4.293571178438782,1.453006976081874,0
123327,0.8842359,0.38479128,0.12,0.02389616287845446,0.17579899020080966,-0.5017750831172574,0.0,0.02070896325062475,0.671819877428457,0.5630593591481925,3.0,0.3112105521512506,2.0,-2.7369854796561692,-2.7719994784108213,-0.726731198272191,-0.10434707802994508,-0.05326629027716507,-0.012702100372150353,-0.059205935615961706,-0.2016405594102755,-0.14286952065658648,-0.05339945064884538,-0.03920551661338881,-0.27065231803019085,-0.07039643450574114,-0.11346171675633009,-0.07454047696672264,-0.2263747101830477,-0.18428180050208418,0.5998761943632154,-0.030715778339914002,0.00654984033708495,0.5202075514747304,0.584508646476836,0.5607678193158516,0.003324427200209541,0.029755018452383902,0.5513069919692785,0.025369025370848956,0.5899345215714852,0.026079691824320208,-0.01504627613429068,0.5167234078493915,0.0,0.0,0.0,3.0,0.0,0.0,0.0,0.0,0.0,-0.5594913490490031,-0.37630932180131627,-0.36990041035001925,-0.3561957088108882,-0.5419927831072956,-0.5451185028702152,-0.3909549100135168,-0.40704971541283114,-0.5542105667205011,0.0,-0.5622788512431706,-0.4275824806562425,0.0,0.0,-0.562443003877361,-0.2758155852537043,-0.4974730558359322,-0.5839349653699684,0.0,0.0,-0.3608848184263642,0.0,0.0,0.0,0.0,0.0,0.0,15.0,3.0,15.0,3.0,6.0,-0.3970612982125109,-0.3592684370275717,23.0,517.0,0.4348226926390518,0.2813414195155471,1.751153661723398,-6.5551925250179615,-0.16249168792150043,0.312233491561526,0.1679037101385083,-0.19266848018208446,0.3114651099494969,-0.8828735126902642,-4.323254194005029,1.429367750563635,True,True,-0.5017750831172574,0.0,0.02070896325062475,0.671819877428457,0.5630593591481925,3.0,0.3112105521512506,2.0,-2.7369854796561692,-2.7719994784108213,-0.726731198272191,-0.10434707802994508,-0.05326629027716507,-0.012702100372150353,-0.059205935615961706,-0.2016405594102755,-0.14286952065658648,-0.05339945064884538,-0.03920551661338881,-0.27065231803019085,-0.07039643450574114,-0.11346171675633009,-0.07454047696672264,-0.2263747101830477,-0.18428180050208418,0.5998761943632154,-0.030715778339914002,0.00654984033708495,0.5202075514747304,0.584508646476836,0.5607678193158516,0.003324427200209541,0.029755018452383902,0.5513069919692785,0.025369025370848956,0.5899345215714852,0.026079691824320208,-0.01504627613429068,0.5167234078493915,0.0,0.0,0.0,3.0,0.0,0.0,0.0,0.0,0.0,-0.5594913490490031,-0.37630932180131627,-0.36990041035001925,-0.3561957088108882,-0.5419927831072956,-0.5451185028702152,-0.3909549100135168,-0.40704971541283114,-0.5542105667205011,0.0,-0.5622788512431706,-0.4275824806562425,0.0,0.0,-0.562443003877361,-0.2758155852537043,-0.4974730558359322,-0.5839349653699684,0.0,0.0,-0.3608848184263642,0.0,0.0,0.0,0.0,0.0,0.0,15.0,3.0,15.0,3.0,6.0,-0.3970612982125109,-0.3592684370275717,23.0,517.0,0.4348226926390518,0.2813414195155471,1.751153661723398,-6.5551925250179615,-0.16249168792150043,0.312233491561526,0.1679037101385083,-0.19266848018208446,0.3114651099494969,-0.8828735126902642,-4.323254194005029,1.429367750563635,0
462158,0.99425924,0.20207039,0.21000000000000002,0.0982356594956918,0.6840095246282816,-0.48474736443331945,0.0,-0.11894266532359209,-0.9526988858510115,0.6893013760224699,4.0,-0.5217529549306634,3.0,-2.816483000934591,-2.760948984283327,-0.7524667183157484,0.05686899653240542,0.055895415666398426,-0.12243667590084932,0.13922159904901063,-0.191956459075375,-0.03333050482194874,-0.016060292377679558,-0.04917100663848892,-0.2075844043118631,-0.036511421154785485,0.16505004035235135,0.2920773774022987,-0.15169171225935385,-0.06766006229531961,0.5374404417120686,-0.14559085426280757,-0.12682627287658982,0.5287885121903769,0.5575009478217623,0.47217734869190403,0.4265518855017889,0.9312820834313368,0.5473915840025785,0.0913099728145294,0.6728974740391194,0.5173331406821654,-0.03965325412827943,0.3888561577199915,0.0,0.0,0.0,3.0,0.0,0.0,0.0,0.0,0.0,1.808537731544521,2.932347552988638,2.85838256628452,2.9200892967393806,1.8949459814090355,1.7840880737627296,2.5813680877239187,2.6041820299211014,1.6770603012454168,2.0,1.834478358930948,-0.2802528012392133,1.0,1.0,1.7482565433218942,3.50798530950387,1.5930553661401543,2.0723942602550087,1.0,1.0,-0.46473534086780455,0.0,1.0,1.0,2.0,1.0,2.0,15.0,3.0,15.0,3.0,6.0,-0.43119464041179334,-0.32581971753381017,4.0,734.0,0.4687414380197142,-1.0425682773390579,-0.12372350893332593,3.076923141326844,-0.4692625940395744,9.790100256659041,-0.7400655461383657,-0.22915088052937177,-1.1958962129046244,-0.5166341700804703,-3.0911181683036455,-2.01565470216581,True,True,-0.48474736443331945,0.0,-0.11894266532359209,-0.9526988858510115,0.6893013760224699,4.0,-0.5217529549306634,3.0,-2.816483000934591,-2.760948984283327,-0.7524667183157484,0.05686899653240542,0.055895415666398426,-0.12243667590084932,0.13922159904901063,-0.191956459075375,-0.03333050482194874,-0.016060292377679558,-0.04917100663848892,-0.2075844043118631,-0.036511421154785485,0.16505004035235135,0.2920773774022987,-0.15169171225935385,-0.06766006229531961,0.5374404417120686,-0.14559085426280757,-0.12682627287658982,0.5287885121903769,0.5575009478217623,0.47217734869190403,0.4265518855017889,0.9312820834313368,0.5473915840025785,0.0913099728145294,0.6728974740391194,0.5173331406821654,-0.03965325412827943,0.3888561577199915,0.0,0.0,0.0,3.0,0.0,0.0,0.0,0.0,0.0,1.808537731544521,2.932347552988638,2.85838256628452,2.9200892967393806,1.8949459814090355,1.7840880737627296,2.5813680877239187,2.6041820299211014,1.6770603012454168,2.0,1.834478358930948,-0.2802528012392133,1.0,1.0,1.7482565433218942,3.50798530950387,1.5930553661401543,2.0723942602550087,1.0,1.0,-0.46473534086780455,0.0,1.0,1.0,2.0,1.0,2.0,15.0,3.0,15.0,3.0,6.0,-0.43119464041179334,-0.32581971753381017,4.0,734.0,0.4687414380197142,-1.0425682773390579,-0.12372350893332593,3.076923141326844,-0.4692625940395744,9.790100256659041,-0.7400655461383657,-0.22915088052937177,-1.1958962129046244,-0.5166341700804703,-3.0911181683036455,-2.01565470216581,0
211837,0.9996501,0.25539592,0.24000000000000002,0.1486439774738485,1.1223222824825045,0.7287907610698541,2.0,-1.4375954862281286,0.5505704214226028,0.09142636183923435,4.0,0.5228934935511043,2.0,0.5799155871182016,0.31140692330746067,-0.986206054975442,-0.11612277996682441,-0.35781122332485676,0.1455882993702255,-0.08115801518664278,-0.4730727965709337,-0.14289354839807344,-0.09489686390990523,-0.08396085583237377,-0.23186814470730857,-0.09828193060320997,0.040327187262248335,0.17739102334557075,-0.22886547592903533,-0.20084956646344185,0.4864989256538673,0.12861874332693202,0.5133341214973425,-0.09692287057866847,0.04046352977762591,0.12075970229260821,0.37297234865353335,0.9089931032073015,0.17098349850873243,-0.2167246479414468,0.0901360194569086,0.11949920610180746,0.4163955702221198,-0.022277742382555636,0.0,0.0,0.0,0.0,0.0,0.0,0.0,0.0,0.0,1.6899956431337304,1.359204869564697,-0.17982365330563996,-0.17050493416003978,1.681103564007333,1.5269625061710366,2.5817292314819738,2.6219958094724993,1.6929429478260762,2.0,1.9369265948225782,2.7151006149044075,2.0,2.0,1.5705086104235502,3.4998685958826656,1.8985855224098362,1.9511353977642831,1.0,1.0,2.5669250940370625,4.0,2.0,1.0,2.0,1.0,1.0,15.0,3.0,15.0,3.0,3.0,1.9849872679922829,2.504120749381429,10.0,601.0,0.9918392186086593,0.7165740150885966,-0.9452038441417219,31.52923752342754,-1.0562670138503685,-4.978796434342583,0.8862028309203754,-0.08638090181017512,1.0109548434164954,0.05674263101500432,0.3269830488895081,0.5434826692347856,True,True,0.7287907610698541,2.0,-1.4375954862281286,0.5505704214226028,0.09142636183923435,4.0,0.5228934935511043,2.0,0.5799155871182016,0.31140692330746067,-0.986206054975442,-0.11612277996682441,-0.35781122332485676,0.1455882993702255,-0.08115801518664278,-0.4730727965709337,-0.14289354839807344,-0.09489686390990523,-0.08396085583237377,-0.23186814470730857,-0.09828193060320997,0.040327187262248335,0.17739102334557075,-0.22886547592903533,-0.20084956646344185,0.4864989256538673,0.12861874332693202,0.5133341214973425,-0.09692287057866847,0.04046352977762591,0.12075970229260821,0.37297234865353335,0.9089931032073015,0.17098349850873243,-0.2167246479414468,0.0901360194569086,0.11949920610180746,0.4163955702221198,-0.022277742382555636,0.0,0.0,0.0,0.0,0.0,0.0,0.0,0.0,0.0,1.6899956431337304,1.359204869564697,-0.17982365330563996,-0.17050493416003978,1.681103564007333,1.5269625061710366,2.5817292314819738,2.6219958094724993,1.6929429478260762,2.0,1.9369265948225782,2.7151006149044075,2.0,2.0,1.5705086104235502,3.4998685958826656,1.8985855224098362,1.9511353977642831,1.0,1.0,2.5669250940370625,4.0,2.0,1.0,2.0,1.0,1.0,15.0,3.0,15.0,3.0,3.0,1.9849872679922829,2.504120749381429,10.0,601.0,0.9918392186086593,0.7165740150885966,-0.9452038441417219,31.52923752342754,-1.0562670138503685,-4.978796434342583,0.8862028309203754,-0.08638090181017512,1.0109548434164954,0.05674263101500432,0.3269830488895081,0.5434826692347856,0
217502,0.8943918,0.21167605,0.01,0.0025521382703821843,0.02338530058335733,1.8955921137205007,4.0,1.0539190120421438,-5.897144867661137,-0.008166788571577314,4.0,0.32499070415107495,2.0,0.4281611786682976,0.3574606925209662,-0.7540739736872044,-0.1047031911345584,-0.09543734647786017,-0.04385412550145444,-0.06353434296777573,-0.17882188491878656,-0.10101016596979052,-0.04568637937033651,-0.05816902979828518,-0.21009719529571436,-0.05352911374215698,-0.09218189725510385,-0.04750848170089234,-0.23213971449248563,-0.14505656873203124,0.6485746484367246,0.640011612674843,0.5484775816371416,0.5337065343175046,0.5468320569035517,-0.0020527244014642205,-0.00030077487638875526,0.0013940597187245764,0.5647186567087571,0.0009087192395797239,-0.006720169886664939,0.005385717233702235,0.0005808721660392163,0.5363590726595705,0.0,0.0,0.0,1.0,1.0,2.0,0.0,0.0,0.0,-0.5754211369541641,-0.38914095434312707,-0.35701792940456206,-0.3586994558580356,-0.5522070354085861,-0.5534642338522555,-0.3854560512627294,-0.3834405975531197,-0.5695218363975272,0.0,-0.5290539848785316,-0.39708269866463003,0.0,0.0,-0.5665056877577525,-0.2893008721562294,-0.5596299955006985,-0.5564145294587551,0.0,0.0,-0.3907006192118882,0.0,0.0,0.0,0.0,0.0,0.0,15.0,3.0,25.0,0.0,6.0,-0.3684904582459411,-0.37666400354697754,23.0,517.0,-1.5826216712492982,1.2005178638970786,-1.0230886654741198,-6.571315543338592,1.3012697504940882,0.3847017059912244,-0.29222927096371354,0.1808123560533301,0.4268615085644523,-0.31294147453708926,-3.7346180876193467,3.600113385804608,True,True,1.8955921137205007,4.0,1.0539190120421438,-5.897144867661137,-0.008166788571577314,4.0,0.32499070415107495,2.0,0.4281611786682976,0.3574606925209662,-0.7540739736872044,-0.1047031911345584,-0.09543734647786017,-0.04385412550145444,-0.06353434296777573,-0.17882188491878656,-0.10101016596979052,-0.04568637937033651,-0.05816902979828518,-0.21009719529571436,-0.05352911374215698,-0.09218189725510385,-0.04750848170089234,-0.23213971449248563,-0.14505656873203124,0.6485746484367246,0.640011612674843,0.5484775816371416,0.5337065343175046,0.5468320569035517,-0.0020527244014642205,-0.00030077487638875526,0.0013940597187245764,0.5647186567087571,0.0009087192395797239,-0.006720169886664939,0.005385717233702235,0.0005808721660392163,0.5363590726595705,0.0,0.0,0.0,1.0,1.0,2.0,0.0,0.0,0.0,-0.5754211369541641,-0.38914095434312707,-0.35701792940456206,-0.3586994558580356,-0.5522070354085861,-0.5534642338522555,-0.3854560512627294,-0.3834405975531197,-0.5695218363975272,0.0,-0.5290539848785316,-0.39708269866463003,0.0,0.0,-0.5665056877577525,-0.2893008721562294,-0.5596299955006985,-0.5564145294587551,0.0,0.0,-0.3907006192118882,0.0,0.0,0.0,0.0,0.0,0.0,15.0,3.0,25.0,0.0,6.0,-0.3684904582459411,-0.37666400354697754,23.0,517.0,-1.5826216712492982,1.2005178638970786,-1.0230886654741198,-6.571315543338592,1.3012697504940882,0.3847017059912244,-0.29222927096371354,0.1808123560533301,0.4268615085644523,-0.31294147453708926,-3.7346180876193467,3.600113385804608,0
493471,0.9339427,0.08856224,0.15000000000000002,0.03954065143898942,0.3236614196488066,-0.5926681489109786,0.0,-1.4211545665728562,0.5362760527816822,0.5564914750059585,4.0,0.29423466723257435,2.0,-2.6554787725734648,-2.795677867792601,-0.7403182259062772,-0.1154487131238683,-0.11495263069855279,-0.07701883052968261,-0.1138766938696743,-0.21215541903724974,-0.09641769793035673,0.06957344602429665,-0.01235502509304258,-0.23249933950046023,-0.085694386534362,-0.1472107444077024,-0.03693176177033517,-0.2323259963185315,-0.1316866056136771,0.6210141924868865,0.019483090779577057,0.5992617506626916,0.5432249577303646,0.589101847646631,0.5883682117516302,0.3015786125732631,0.9678968476706326,0.5591252090203654,-0.03153885442008116,0.5814322689000974,0.5910025531712686,0.5555943730268048,0.5309732796970473,0.0,0.0,0.0,3.0,0.0,0.0,0.0,0.0,0.0,1.7684095733189307,4.895314227582487,2.7357048659657965,2.7915535820726682,1.8001725795853916,1.7983091209974849,2.595914444557009,2.6710744014776737,1.7377267006836996,2.0,1.9085455305098353,-0.4065560958064383,1.0,1.0,1.851412696046224,-0.22428706093336243,1.8659054617918054,2.07307812459163,1.0,1.0,-0.37514759750134935,0.0,1.0,1.0,2.0,1.0,2.0,15.0,3.0,15.0,3.0,6.0,-0.392451302068836,-0.43749834573057167,10.0,603.0,-0.5132531718068835,-1.4859187956350806,-0.0768195330168967,9.579667366037773,-2.5133463863401375,15.907186346432727,-0.5775014370746161,0.02027515977472654,-2.2365616019026286,0.11328680797516115,0.5696922205059484,-0.5449083542755386,True,True,-0.5926681489109786,0.0,-1.4211545665728562,0.5362760527816822,0.5564914750059585,4.0,0.29423466723257435,2.0,-2.6554787725734648,-2.795677867792601,-0.7403182259062772,-0.1154487131238683,-0.11495263069855279,-0.07701883052968261,-0.1138766938696743,-0.21215541903724974,-0.09641769793035673,0.06957344602429665,-0.01235502509304258,-0.23249933950046023,-0.085694386534362,-0.1472107444077024,-0.03693176177033517,-0.2323259963185315,-0.1316866056136771,0.6210141924868865,0.019483090779577057,0.5992617506626916,0.5432249577303646,0.589101847646631,0.5883682117516302,0.3015786125732631,0.9678968476706326,0.5591252090203654,-0.03153885442008116,0.5814322689000974,0.5910025531712686,0.5555943730268048,0.5309732796970473,0.0,0.0,0.0,3.0,0.0,0.0,0.0,0.0,0.0,1.7684095733189307,4.895314227582487,2.7357048659657965,2.7915535820726682,1.8001725795853916,1.7983091209974849,2.595914444557009,2.6710744014776737,1.7377267006836996,2.0,1.9085455305098353,-0.4065560958064383,1.0,1.0,1.851412696046224,-0.22428706093336243,1.8659054617918054,2.07307812459163,1.0,1.0,-0.37514759750134935,0.0,1.0,1.0,2.0,1.0,2.0,15.0,3.0,15.0,3.0,6.0,-0.392451302068836,-0.43749834573057167,10.0,603.0,-0.5132531718068835,-1.4859187956350806,-0.0768195330168967,9.579667366037773,-2.5133463863401375,15.907186346432727,-0.5775014370746161,0.02027515977472654,-2.2365616019026286,0.11328680797516115,0.5696922205059484,-0.5449083542755386,0
29656,0.9952454,0.3691702,0.22,0.11308859038292954,0.9016878765573821,-0.4450497635044099,0.0,-0.2508874257639853,0.2968952254155135,0.5331176448061259,4.0,0.2716742000761667,2.0,0.12282386290458501,0.2609715223583244,-0.6098936441928284,0.9311707825712219,0.9374961903633363,-0.11860905143753461,0.6210256620163812,-0.19472233020855761,0.5341608364768369,0.6453169897344342,0.27489693445273267,-0.2434383726589739,0.6220703978386587,0.5193615482510268,0.5173366054483426,-0.2545968543149796,-0.012519071088374245,0.8064868724069084,0.7866429642074677,0.512023729860036,0.7639739046709011,-0.06728078435148004,0.38678919062598405,0.4487701581208491,1.0297284414484036,0.5819749652525309,0.08854002506611414,0.8085474375932618,0.6985501916509401,0.6644996614378427,0.7276649648600981,0.0,0.0,0.0,3.0,0.0,0.0,0.0,0.0,0.0,1.6780249160427136,0.27993537892250175,2.8203674445988023,2.83000423733847,1.9151752611366706,2.0141054167838583,2.5959085980761207,2.5283951109720113,1.6776688785086886,2.0,1.8119653079342197,-0.4265974195058221,1.0,1.0,1.7705620153487545,-0.17049287294848964,1.5179573607250663,1.6972701504264245,1.0,1.0,-0.42318704783033245,0.0,1.0,1.0,2.0,2.0,1.0,17.0,3.0,17.0,3.0,6.0,-0.44038517272579875,-0.41537259551813654,4.0,1090.0,1.0418703574645936,0.5820848924250035,1.6514761476551847,9.581256740322766,-1.7464789628642718,16.18870086633622,-0.8138488741466184,0.5994287574903324,-1.9451354034010784,1.030234626115225,0.31812262951753745,0.10815068001094388,True,True,-0.4450497635044099,0.0,-0.2508874257639853,0.2968952254155135,0.5331176448061259,4.0,0.2716742000761667,2.0,0.12282386290458501,0.2609715223583244,-0.6098936441928284,0.9311707825712219,0.9374961903633363,-0.11860905143753461,0.6210256620163812,-0.19472233020855761,0.5341608364768369,0.6453169897344342,0.27489693445273267,-0.2434383726589739,0.6220703978386587,0.5193615482510268,0.5173366054483426,-0.2545968543149796,-0.012519071088374245,0.8064868724069084,0.7866429642074677,0.512023729860036,0.7639739046709011,-0.06728078435148004,0.38678919062598405,0.4487701581208491,1.0297284414484036,0.5819749652525309,0.08854002506611414,0.8085474375932618,0.6985501916509401,0.6644996614378427,0.7276649648600981,0.0,0.0,0.0,3.0,0.0,0.0,0.0,0.0,0.0,1.6780249160427136,0.27993537892250175,2.8203674445988023,2.83000423733847,1.9151752611366706,2.0141054167838583,2.5959085980761207,2.5283951109720113,1.6776688785086886,2.0,1.8119653079342197,-0.4265974195058221,1.0,1.0,1.7705620153487545,-0.17049287294848964,1.5179573607250663,1.6972701504264245,1.0,1.0,-0.42318704783033245,0.0,1.0,1.0,2.0,2.0,1.0,17.0,3.0,17.0,3.0,6.0,-0.44038517272579875,-0.41537259551813654,4.0,1090.0,1.0418703574645936,0.5820848924250035,1.6514761476551847,9.581256740322766,-1.7464789628642718,16.18870086633622,-0.8138488741466184,0.5994287574903324,-1.9451354034010784,1.030234626115225,0.31812262951753745,0.10815068001094388,0
235603,0.99978393,0.41427907,0.22,0.11308859038292954,0.8517976477736394,-0.691601852200485,0.0,-1.2942362162853047,-0.06262106469402665,0.6676458565869883,4.0,-0.6775617637558844,2.0,-2.8007613709313364,-2.9638557293759473,-0.8445799333522651,0.08650737798993297,-0.12395211536954077,0.021174389576672933,-0.20979282239752156,-0.31851183613870193,-0.17683692453716057,-0.17446964925718011,-0.03484563759860412,-0.35559409691361166,0.07717648722046384,-0.08629172758398228,0.014806112515677,-0.23034828139204308,-0.09058054426337647,0.5314967085061427,-0.06797333417163416,-0.16674547428080408,0.7053820467611706,0.5493703061816839,0.576385779351103,0.4459683744083002,0.9971126448850088,0.4470630884216013,0.04944864495671133,0.6392357939403222,0.7591185421532267,0.6085008377372944,0.3010470703466588,0.0,0.0,0.0,1.0,0.0,0.0,0.0,0.0,0.0,1.7135699187932527,-0.06946038535225471,2.566952414975115,2.7424604232906473,1.8297841947197069,1.6603181724074756,2.8409163097064094,2.8025176386987667,1.7180486052643098,2.0,1.906709582645172,-0.5031015821300224,1.0,1.0,1.884832781226832,-0.2903393295246194,1.8392029546917312,1.9662126745151398,1.0,1.0,-0.28037039423545157,0.0,1.0,1.0,2.0,1.0,1.0,15.0,3.0,15.0,3.0,6.0,-0.4481489781005921,-0.30724436905831903,4.0,1090.0,1.4058576494468658,-0.6773198051208758,-0.7550579554427342,9.54793740883679,-2.618305752921403,15.885229328462389,-0.5469295570476277,-0.05348205158064935,-2.154758610387634,0.18456513603367977,0.5093178674805591,-0.5245832068395818,True,True,-0.691601852200485,0.0,-1.2942362162853047,-0.06262106469402665,0.6676458565869883,4.0,-0.6775617637558844,2.0,-2.8007613709313364,-2.9638557293759473,-0.8445799333522651,0.08650737798993297,-0.12395211536954077,0.021174389576672933,-0.20979282239752156,-0.31851183613870193,-0.17683692453716057,-0.17446964925718011,-0.03484563759860412,-0.35559409691361166,0.07717648722046384,-0.08629172758398228,0.014806112515677,-0.23034828139204308,-0.09058054426337647,0.5314967085061427,-0.06797333417163416,-0.16674547428080408,0.7053820467611706,0.5493703061816839,0.576385779351103,0.4459683744083002,0.9971126448850088,0.4470630884216013,0.04944864495671133,0.6392357939403222,0.7591185421532267,0.6085008377372944,0.3010470703466588,0.0,0.0,0.0,1.0,0.0,0.0,0.0,0.0,0.0,1.7135699187932527,-0.06946038535225471,2.566952414975115,2.7424604232906473,1.8297841947197069,1.6603181724074756,2.8409163097064094,2.8025176386987667,1.7180486052643098,2.0,1.906709582645172,-0.5031015821300224,1.0,1.0,1.884832781226832,-0.2903393295246194,1.8392029546917312,1.9662126745151398,1.0,1.0,-0.28037039423545157,0.0,1.0,1.0,2.0,1.0,1.0,15.0,3.0,15.0,3.0,6.0,-0.4481489781005921,-0.30724436905831903,4.0,1090.0,1.4058576494468658,-0.6773198051208758,-0.7550579554427342,9.54793740883679,-2.618305752921403,15.885229328462389,-0.5469295570476277,-0.05348205158064935,-2.154758610387634,0.18456513603367977,0.5093178674805591,-0.5245832068395818,0
490818,0.96957153,0.3270996,0.09999999999999999,0.01672075323499393,0.1303909357678227,-0.5958231850399209,4.0,-0.09247356533997053,-0.09847091828202947,-0.008655238704791655,4.0,0.3169578498451164,3.0,0.4261511245889473,0.3531152960848439,0.9274737687805221,-0.07757416762867336,-0.08841003454039047,-0.04360325310598311,-0.050281901508627935,-0.19923606607175473,0.040803557018072666,-0.05029983673197732,-0.03710099941398662,0.11105874177605399,-0.036112154095834986,-0.06320144362120314,-0.048405512353334346,0.34989710374926813,-0.06783998765793033,0.6732553069379639,0.6706727432579831,0.5394975860927113,0.5375184037994295,-0.0012042237436103776,-0.006492564071352829,0.014080425915101282,0.007350514398868111,0.6886453212568951,0.8213078898959318,-0.004308593480296625,-0.015291995124574987,0.03016101565671204,0.8248273135930319,2.0,2.0,2.0,1.0,2.0,2.0,1.0,2.0,2.0,-0.5439012900698592,-0.36957250029842365,-0.3801657769529972,-0.34499450918702035,-0.5680071495825462,-0.5184401338506343,-0.39412596761697555,-0.38334177503789646,-0.531245437360429,0.0,-0.5338671281723218,-0.40775872286756776,0.0,0.0,-0.567699374975105,-0.2846064668838276,-0.5701347478751639,-0.5597266457478923,0.0,0.0,-0.37428713652482803,0.0,0.0,0.0,0.0,0.0,0.0,43.0,3.0,25.0,0.0,6.0,-0.3738379166063265,-0.3680281841973379,23.0,517.0,-1.0410959250885732,-0.1010004021085995,-0.28227125255704255,-7.524731029129023,0.6895093826621338,-0.5535898687254954,0.09747519730176915,0.3033930995653664,2.2257205696191074,-0.09070880863055411,1.290829651601399,-0.3917270543473543,True,True,-0.5958231850399209,4.0,-0.09247356533997053,-0.09847091828202947,-0.008655238704791655,4.0,0.3169578498451164,3.0,0.4261511245889473,0.3531152960848439,0.9274737687805221,-0.07757416762867336,-0.08841003454039047,-0.04360325310598311,-0.050281901508627935,-0.19923606607175473,0.040803557018072666,-0.05029983673197732,-0.03710099941398662,0.11105874177605399,-0.036112154095834986,-0.06320144362120314,-0.048405512353334346,0.34989710374926813,-0.06783998765793033,0.6732553069379639,0.6706727432579831,0.5394975860927113,0.5375184037994295,-0.0012042237436103776,-0.006492564071352829,0.014080425915101282,0.007350514398868111,0.6886453212568951,0.8213078898959318,-0.004308593480296625,-0.015291995124574987,0.03016101565671204,0.8248273135930319,2.0,2.0,2.0,1.0,2.0,2.0,1.0,2.0,2.0,-0.5439012900698592,-0.36957250029842365,-0.3801657769529972,-0.34499450918702035,-0.5680071495825462,-0.5184401338506343,-0.39412596761697555,-0.38334177503789646,-0.531245437360429,0.0,-0.5338671281723218,-0.40775872286756776,0.0,0.0,-0.567699374975105,-0.2846064668838276,-0.5701347478751639,-0.5597266457478923,0.0,0.0,-0.37428713652482803,0.0,0.0,0.0,0.0,0.0,0.0,43.0,3.0,25.0,0.0,6.0,-0.3738379166063265,-0.3680281841973379,23.0,517.0,-1.0410959250885732,-0.1010004021085995,-0.28227125255704255,-7.524731029129023,0.6895093826621338,-0.5535898687254954,0.09747519730176915,0.3033930995653664,2.2257205696191074,-0.09070880863055411,1.290829651601399,-0.3917270543473543,0
191945,0.9705349,0.4634971,0.13,0.028378895023486856,0.25330351883896074,-0.7183540838261934,0.0,-0.23152513666229585,0.6951908187664915,0.5364120970580463,3.0,0.3244360401764518,2.0,-2.730053844899522,-2.7850636403853826,-0.7789859066020702,0.18594526347424334,1.951986126694669,-0.07977701940194504,0.49038914828621816,-0.2727408392161724,0.4346191193916927,0.5223939807044747,0.4747404027368114,-0.2814851351183417,0.6523494844405002,0.7395086472962943,0.9155011927014087,0.8965795494090391,0.2466221950191953,0.7162765512439402,0.6894729035756045,0.5178965842006656,0.6950523154501483,0.562139436346328,0.6418553115953731,0.38818189024436356,0.999649094992409,0.5472837725874194,0.04894220656939028,0.7795155619766935,0.5670486267274837,0.714736520305805,0.6663414328297431,0.0,0.0,0.0,3.0,0.0,0.0,0.0,0.0,0.0,1.7559183199184298,0.016485996793280805,2.76704720504947,2.7536753344115326,1.830112617170171,1.82956472083608,2.5549368434275137,2.631378396179813,1.7678724047308378,2.0,1.958450841311765,-0.40661443256676155,1.0,1.0,1.8644339652560444,-0.3369443244182385,1.597208064641723,1.9366321777545592,1.0,1.0,-0.38407874122579716,0.0,1.0,1.0,2.0,1.0,1.0,15.0,3.0,15.0,3.0,6.0,-0.3887432358278894,-0.3852671013882271,4.0,517.0,0.9916022876666528,0.6048072988238876,-1.0015603398177046,9.490818837089593,-2.648328554755871,15.891323933191476,-0.6047377677090623,0.022063304004563456,-2.2164843319110816,0.10287427491846979,0.5489078331840351,-0.5814727738160096,True,True,-0.7183540838261934,0.0,-0.23152513666229585,0.6951908187664915,0.5364120970580463,3.0,0.3244360401764518,2.0,-2.730053844899522,-2.7850636403853826,-0.7789859066020702,0.18594526347424334,1.951986126694669,-0.07977701940194504,0.49038914828621816,-0.2727408392161724,0.4346191193916927,0.5223939807044747,0.4747404027368114,-0.2814851351183417,0.6523494844405002,0.7395086472962943,0.9155011927014087,0.8965795494090391,0.2466221950191953,0.7162765512439402,0.6894729035756045,0.5178965842006656,0.6950523154501483,0.562139436346328,0.6418553115953731,0.38818189024436356,0.999649094992409,0.5472837725874194,0.04894220656939028,0.7795155619766935,0.5670486267274837,0.714736520305805,0.6663414328297431,0.0,0.0,0.0,3.0,0.0,0.0,0.0,0.0,0.0,1.7559183199184298,0.016485996793280805,2.76704720504947,2.7536753344115326,1.830112617170171,1.82956472083608,2.5549368434275137,2.631378396179813,1.7678724047308378,2.0,1.958450841311765,-0.40661443256676155,1.0,1.0,1.8644339652560444,-0.3369443244182385,1.597208064641723,1.9366321777545592,1.0,1.0,-0.38407874122579716,0.0,1.0,1.0,2.0,1.0,1.0,15.0,3.0,15.0,3.0,6.0,-0.3887432358278894,-0.3852671013882271,4.0,517.0,0.9916022876666528,0.6048072988238876,-1.0015603398177046,9.490818837089593,-2.648328554755871,15.891323933191476,-0.6047377677090623,0.022063304004563456,-2.2164843319110816,0.10287427491846979,0.5489078331840351,-0.5814727738160096,0
19494,0.94377774,0.0435045,0.14,0.03356392623053241,0.2594368151480568,0.7538372122960063,1.0,0.48085413402177846,-0.8313620640346203,0.043910990278752476,4.0,0.33304746178091965,2.0,-0.04619626189607414,0.356867324425106,-0.7170886493273155,-0.11708258284883996,-0.15491608313323557,-0.016629407590098545,-0.024955463857527393,-0.20927020886612124,-0.1096723547753594,-0.06763966396702098,-0.023481536594106976,-0.29018405161474364,-0.06264381995348015,-0.1054498721215745,-0.07240883902254952,-0.2046065297830071,-0.21700159230737354,0.5565255161174599,0.021530457349121956,0.011106045327012535,-0.0008530704054867371,-0.05909974568783051,0.07976677524332472,0.4442181381261981,1.0477349685282826,0.007105640972306344,-0.015086103366657624,-0.023650238032228148,-0.06223389317960311,-0.05381732163257008,0.011262644509649507,0.0,0.0,0.0,0.0,0.0,0.0,0.0,0.0,0.0,1.7871185490918877,-0.11735699559668819,2.7635895129069783,2.8234162586623603,1.7731258592518853,1.8377864331858536,2.586631527405381,2.590326164880194,1.78994597416211,1.0,1.922874059033036,1.6228322191067264,1.0,1.0,1.7251751421619927,-0.261507621280179,1.4134219475283274,2.006018490684077,1.0,1.0,2.5020391688329022,4.0,2.0,1.0,2.0,2.0,1.0,15.0,3.0,25.0,0.0,3.0,2.6818264092290733,2.591624996551061,4.0,1090.0,-0.5249153090533248,1.0524291571528666,1.719655196522601,32.74211037930459,0.8982783566893949,-5.544237462748567,0.26329075938968,0.15429263319280906,1.9855885585592459,0.24833485788209914,1.3268463359597258,3.686061178035568,True,True,0.7538372122960063,1.0,0.48085413402177846,-0.8313620640346203,0.043910990278752476,4.0,0.33304746178091965,2.0,-0.04619626189607414,0.356867324425106,-0.7170886493273155,-0.11708258284883996,-0.15491608313323557,-0.016629407590098545,-0.024955463857527393,-0.20927020886612124,-0.1096723547753594,-0.06763966396702098,-0.023481536594106976,-0.29018405161474364,-0.06264381995348015,-0.1054498721215745,-0.07240883902254952,-0.2046065297830071,-0.21700159230737354,0.5565255161174599,0.021530457349121956,0.011106045327012535,-0.0008530704054867371,-0.05909974568783051,0.07976677524332472,0.4442181381261981,1.0477349685282826,0.007105640972306344,-0.015086103366657624,-0.023650238032228148,-0.06223389317960311,-0.05381732163257008,0.011262644509649507,0.0,0.0,0.0,0.0,0.0,0.0,0.0,0.0,0.0,1.7871185490918877,-0.11735699559668819,2.7635895129069783,2.8234162586623603,1.7731258592518853,1.8377864331858536,2.586631527405381,2.590326164880194,1.78994597416211,1.0,1.922874059033036,1.6228322191067264,1.0,1.0,1.7251751421619927,-0.261507621280179,1.4134219475283274,2.006018490684077,1.0,1.0,2.5020391688329022,4.0,2.0,1.0,2.0,2.0,1.0,15.0,3.0,25.0,0.0,3.0,2.6818264092290733,2.591624996551061,4.0,1090.0,-0.5249153090533248,1.0524291571528666,1.719655196522601,32.74211037930459,0.8982783566893949,-5.544237462748567,0.26329075938968,0.15429263319280906,1.9855885585592459,0.24833485788209914,1.3268463359597258,3.686061178035568,0
526441,0.990473,0.017230008,0.15000000000000002,0.03954065143898942,0.3309873249804893,-0.8008224824488536,0.0,1.2606094510575732,-0.660897128784841,0.526444477298794,4.0,-0.49040527640729054,3.0,-2.7449169464953678,-2.722759010225904,-0.7627647037076595,-0.10047578522794012,0.01506495870978726,0.0245344189025195,-0.006392611329708135,-0.21346854687302333,-0.08150307233315088,-0.12747025893991415,-0.03578163122420032,-0.23719468416528774,-0.09943049553746358,-0.1493354937316443,-0.03271813757680739,-0.21216555271969678,-0.1326601304461029,0.5740830824720663,-0.012682334710616935,0.01230064423247047,0.5296661614823615,0.4722188391788402,0.5542222437725387,0.3153546480643461,0.9760888945595133,0.5510972193951128,-0.011087474273634115,0.6186013517897864,0.5530291687317501,0.545085184296824,0.5086472145096712,0.0,0.0,0.0,3.0,0.0,0.0,0.0,0.0,0.0,1.7467378551150352,7.843863150199503,2.7926237496941355,2.765238258511645,1.8201261441448289,1.8804298578626457,2.620553711564143,2.5136426474369653,1.7514137047423863,2.0,1.9656440284975634,-0.3512453866222912,1.0,1.0,1.8182364604942736,-0.22787966449968672,1.5983793111718725,1.9942601869595553,1.0,1.0,-0.4313613500964592,0.0,1.0,1.0,2.0,1.0,1.0,15.0,3.0,15.0,3.0,6.0,-0.3781822270302513,-0.4028087738172108,4.0,1090.0,1.4917516872808143,-1.6500744091087483,-0.07142795064015246,9.579055949040448,-2.6517661524426535,15.988730412448346,-0.5905925666145988,-0.060835167631636454,-2.154832583633181,0.11841912399198502,0.5954940526939829,-0.5734876545542983,True,True,-0.8008224824488536,0.0,1.2606094510575732,-0.660897128784841,0.526444477298794,4.0,-0.49040527640729054,3.0,-2.7449169464953678,-2.722759010225904,-0.7627647037076595,-0.10047578522794012,0.01506495870978726,0.0245344189025195,-0.006392611329708135,-0.21346854687302333,-0.08150307233315088,-0.12747025893991415,-0.03578163122420032,-0.23719468416528774,-0.09943049553746358,-0.1493354937316443,-0.03271813757680739,-0.21216555271969678,-0.1326601304461029,0.5740830824720663,-0.012682334710616935,0.01230064423247047,0.5296661614823615,0.4722188391788402,0.5542222437725387,0.3153546480643461,0.9760888945595133,0.5510972193951128,-0.011087474273634115,0.6186013517897864,0.5530291687317501,0.545085184296824,0.5086472145096712,0.0,0.0,0.0,3.0,0.0,0.0,0.0,0.0,0.0,1.7467378551150352,7.843863150199503,2.7926237496941355,2.765238258511645,1.8201261441448289,1.8804298578626457,2.620553711564143,2.5136426474369653,1.7514137047423863,2.0,1.9656440284975634,-0.3512453866222912,1.0,1.0,1.8182364604942736,-0.22787966449968672,1.5983793111718725,1.9942601869595553,1.0,1.0,-0.4313613500964592,0.0,1.0,1.0,2.0,1.0,1.0,15.0,3.0,15.0,3.0,6.0,-0.3781822270302513,-0.4028087738172108,4.0,1090.0,1.4917516872808143,-1.6500744091087483,-0.07142795064015246,9.579055949040448,-2.6517661524426535,15.988730412448346,-0.5905925666145988,-0.060835167631636454,-2.154832583633181,0.11841912399198502,0.5954940526939829,-0.5734876545542983,0
11486,0.50792706,0.32519037,0.02,0.0032300924127905565,0.030339142735500077,3.745369618973359,4.0,1.0446504177338043,0.7522035022489304,-0.0016006997085395846,4.0,0.32228839646193524,2.0,0.20621434729608157,0.3538171948102338,5.026875608976744,-0.0033350362230184913,-0.07102436531510672,-0.03477943517674787,-0.060881131794769304,-0.17693387179108735,0.013752329219214723,-0.05030794434552983,-0.05317503896335936,0.6246779146973018,-0.05911128844953862,-0.06591718799234496,-0.04808254445607254,-0.022690360038995792,0.007563012844183596,0.7445884134541786,0.7062691436351762,0.5537174083209375,0.0021854608720951714,0.006107112830982783,0.003963407595773343,-0.0028750879023220184,-0.000844354092626243,0.6918712227420172,-0.004467199194732765,0.0010701527610804938,-0.0001741292770754721,-0.004211461150288883,0.006622451330091129,2.0,1.0,1.0,1.0,1.0,2.0,1.0,1.0,1.0,-0.5744861538150536,-0.3945019050839764,-0.3560545062068268,-0.363128019470462,-0.5514389992874587,-0.5522632661054896,-0.3840853400242915,-0.3762559997464408,-0.5653017483377338,0.0,-0.529889320362847,-0.4025051430557048,0.0,0.0,-0.5615593843476194,-0.2857730906011331,-0.5519426291338241,-0.5569551980276347,0.0,0.0,-0.39391379193543125,0.0,0.0,0.0,0.0,0.0,0.0,43.0,3.0,25.0,0.0,6.0,-0.36781509930860234,-0.37337673919577075,23.0,517.0,-1.5823526843477544,1.0739516268864655,1.7221980803056205,-1.411352373015747,1.0876630302336616,-7.267384673281066,0.09413535073688259,0.5383410736652469,-8.71663952925489,-0.22828884569226746,-4.509446688626577,1.5236934696726567,True,True,3.745369618973359,4.0,1.0446504177338043,0.7522035022489304,-0.0016006997085395846,4.0,0.32228839646193524,2.0,0.20621434729608157,0.3538171948102338,5.026875608976744,-0.0033350362230184913,-0.07102436531510672,-0.03477943517674787,-0.060881131794769304,-0.17693387179108735,0.013752329219214723,-0.05030794434552983,-0.05317503896335936,0.6246779146973018,-0.05911128844953862,-0.06591718799234496,-0.04808254445607254,-0.022690360038995792,0.007563012844183596,0.7445884134541786,0.7062691436351762,0.5537174083209375,0.0021854608720951714,0.006107112830982783,0.003963407595773343,-0.0028750879023220184,-0.000844354092626243,0.6918712227420172,-0.004467199194732765,0.0010701527610804938,-0.0001741292770754721,-0.004211461150288883,0.006622451330091129,2.0,1.0,1.0,1.0,1.0,2.0,1.0,1.0,1.0,-0.5744861538150536,-0.3945019050839764,-0.3560545062068268,-0.363128019470462,-0.5514389992874587,-0.5522632661054896,-0.3840853400242915,-0.3762559997464408,-0.5653017483377338,0.0,-0.529889320362847,-0.4025051430557048,0.0,0.0,-0.5615593843476194,-0.2857730906011331,-0.5519426291338241,-0.5569551980276347,0.0,0.0,-0.39391379193543125,0.0,0.0,0.0,0.0,0.0,0.0,43.0,3.0,25.0,0.0,6.0,-0.36781509930860234,-0.37337673919577075,23.0,517.0,-1.5823526843477544,1.0739516268864655,1.7221980803056205,-1.411352373015747,1.0876630302336616,-7.267384673281066,0.09413535073688259,0.5383410736652469,-8.71663952925489,-0.22828884569226746,-4.509446688626577,1.5236934696726567,0
154903,0.87892705,0.3473737,0.05,0.006265852597583031,0.04926285392114883,-0.7404654206351465,4.0,1.0519482892218581,-0.7576426269524309,-0.005488158100943627,3.0,-0.8227307550705301,2.0,-0.041660936388139426,0.35370249250670494,-0.7592019793946087,-0.1015204829160527,-0.08990285811200346,-0.03671743961971791,-0.06865197269044386,-0.21120367245417138,-0.11414300794411404,-0.051553048552808345,-0.07283970154265751,-0.21042764481581447,-0.05392494544840217,-0.09732209970715817,-0.053057841116079724,-0.22778755425846356,-0.1397885005581211,0.6195911652331245,0.6192142718419112,0.5467339582259515,0.547010295643122,0.5484988117073771,0.00918917101267901,0.0032867856089478036,0.007749031071671463,0.5394229126402756,0.0019276753873511765,-0.017974527447562037,0.006396678048859483,0.006300437988476032,0.5416801084816428,0.0,0.0,0.0,1.0,2.0,1.0,0.0,0.0,0.0,-0.5661468626796795,-0.3893268523524075,-0.3623650483446916,-0.36429787336884967,-0.5547073819851964,-0.5564709612775611,-0.39050919571526804,-0.3902559262183029,-0.558993688085061,0.0,-0.5216517211374091,-0.39665278289229583,0.0,0.0,-0.5545410685834196,-0.27840446353230514,-0.5462769422654737,-0.558430864795435,0.0,0.0,-0.3913704143086791,0.0,0.0,0.0,0.0,0.0,0.0,2.0,3.0,25.0,0.0,6.0,-0.3741786136533097,-0.35632150224383907,23.0,517.0,1.487838060235126,0.8015710436849987,-1.021632921171712,-6.5730484418416495,0.5046031431798952,0.3681249777911533,0.08439611931232271,0.11028884010775834,0.4119815691714245,-0.23667960326091605,-4.216127764893257,2.191330712622672,True,True,-0.7404654206351465,4.0,1.0519482892218581,-0.7576426269524309,-0.005488158100943627,3.0,-0.8227307550705301,2.0,-0.041660936388139426,0.35370249250670494,-0.7592019793946087,-0.1015204829160527,-0.08990285811200346,-0.03671743961971791,-0.06865197269044386,-0.21120367245417138,-0.11414300794411404,-0.051553048552808345,-0.07283970154265751,-0.21042764481581447,-0.05392494544840217,-0.09732209970715817,-0.053057841116079724,-0.22778755425846356,-0.1397885005581211,0.6195911652331245,0.6192142718419112,0.5467339582259515,0.547010295643122,0.5484988117073771,0.00918917101267901,0.0032867856089478036,0.007749031071671463,0.5394229126402756,0.0019276753873511765,-0.017974527447562037,0.006396678048859483,0.006300437988476032,0.5416801084816428,0.0,0.0,0.0,1.0,2.0,1.0,0.0,0.0,0.0,-0.5661468626796795,-0.3893268523524075,-0.3623650483446916,-0.36429787336884967,-0.5547073819851964,-0.5564709612775611,-0.39050919571526804,-0.3902559262183029,-0.558993688085061,0.0,-0.5216517211374091,-0.39665278289229583,0.0,0.0,-0.5545410685834196,-0.27840446353230514,-0.5462769422654737,-0.558430864795435,0.0,0.0,-0.3913704143086791,0.0,0.0,0.0,0.0,0.0,0.0,2.0,3.0,25.0,0.0,6.0,-0.3741786136533097,-0.35632150224383907,23.0,517.0,1.487838060235126,0.8015710436849987,-1.021632921171712,-6.5730484418416495,0.5046031431798952,0.3681249777911533,0.08439611931232271,0.11028884010775834,0.4119815691714245,-0.23667960326091605,-4.216127764893257,2.191330712622672,0
232470,0.9983765,0.07848984,0.31,0.35858330855333026,3.1352038484275493,-0.15570144271387662,0.0,-0.8580613644873478,0.32122637278711075,0.48235120028208733,3.0,0.4704366679521045,2.0,-2.7332233663769614,-2.766588755371055,-0.499374389512994,2.3058762081335007,1.5481077155441503,0.12101566161610691,0.8388846026544637,0.6308887162499183,1.3021198477454665,1.1768223981697294,2.057946999057336,-0.6197588940425007,0.11906288315214447,1.4897253330406282,1.5629008479107287,0.429413687974339,0.2411471338554358,0.6549655464140288,-0.08483199345963144,0.31600698536790506,1.1767769113901676,0.08152750689367516,-0.2045652651325809,1.0205113213070653,1.6147144007441565,-0.10761627578000699,-0.32592199082743684,0.29414590295864124,0.3686508375996471,1.4353864812606631,0.3714501764840284,0.0,0.0,0.0,3.0,0.0,0.0,0.0,0.0,0.0,1.756352629146704,0.059283843280407866,2.946463734845151,3.1067748141535003,1.9932652261150234,1.361045032047195,2.451546983326731,2.8810483273442067,1.6368156608490478,2.0,1.6360120542732464,-0.7835217713826796,1.0,1.0,2.0876721019579687,-0.3841188659830507,1.4057598434711314,2.4064315059157244,1.0,1.0,-0.46363334602484974,0.0,1.0,1.0,2.0,1.0,1.0,17.0,3.0,17.0,3.0,6.0,0.06746683383662233,-0.42325625828411095,4.0,517.0,0.40473976243365384,-0.16357059580390126,-0.5668607673994603,9.951197456734478,-2.3309919203928304,16.273378687686304,-0.8000224713581116,-0.06001891059256559,-2.3959898155053296,0.034863977938800916,1.2280358883423097,0.8622620270809227,True,True,-0.15570144271387662,0.0,-0.8580613644873478,0.32122637278711075,0.48235120028208733,3.0,0.4704366679521045,2.0,-2.7332233663769614,-2.766588755371055,-0.499374389512994,2.3058762081335007,1.5481077155441503,0.12101566161610691,0.8388846026544637,0.6308887162499183,1.3021198477454665,1.1768223981697294,2.057946999057336,-0.6197588940425007,0.11906288315214447,1.4897253330406282,1.5629008479107287,0.429413687974339,0.2411471338554358,0.6549655464140288,-0.08483199345963144,0.31600698536790506,1.1767769113901676,0.08152750689367516,-0.2045652651325809,1.0205113213070653,1.6147144007441565,-0.10761627578000699,-0.32592199082743684,0.29414590295864124,0.3686508375996471,1.4353864812606631,0.3714501764840284,0.0,0.0,0.0,3.0,0.0,0.0,0.0,0.0,0.0,1.756352629146704,0.059283843280407866,2.946463734845151,3.1067748141535003,1.9932652261150234,1.361045032047195,2.451546983326731,2.8810483273442067,1.6368156608490478,2.0,1.6360120542732464,-0.7835217713826796,1.0,1.0,2.0876721019579687,-0.3841188659830507,1.4057598434711314,2.4064315059157244,1.0,1.0,-0.46363334602484974,0.0,1.0,1.0,2.0,1.0,1.0,17.0,3.0,17.0,3.0,6.0,0.06746683383662233,-0.42325625828411095,4.0,517.0,0.40473976243365384,-0.16357059580390126,-0.5668607673994603,9.951197456734478,-2.3309919203928304,16.273378687686304,-0.8000224713581116,-0.06001891059256559,-2.3959898155053296,0.034863977938800916,1.2280358883423097,0.8622620270809227,0
438546,0.7597118,0.48142815,0.09,0.013888290969627364,0.10833774612546514,0.31655521853656765,1.0,1.395021282266563,-0.7511913453424864,-0.02182410454422537,3.0,-0.8123311572357756,2.0,0.36840711946816285,0.33997773149622795,-0.7226504289634634,-0.09896031447947821,-0.08469991143189835,-0.06805271843801176,-0.03818636184178928,-0.20412202168342258,-0.12613165697350623,-0.03904416083971075,-0.029214847835501993,-0.2731855999527799,-0.054125858305718554,-0.11371044436981646,-0.06128443284793385,-0.24438515687029072,-0.17036544582580312,0.6092113726529473,0.0034530299318052114,0.017285027722568083,0.014943079448792152,0.014812614927416319,0.004351453023530054,0.00042771067045953987,0.013558376905145542,0.010810094146320507,0.010808407246346113,0.024415093722817867,0.00783136310003341,0.0072593693574781815,-0.00967026177709738,0.0,0.0,0.0,0.0,0.0,0.0,0.0,0.0,0.0,1.776319143955973,0.7694275497754296,-0.3387731006103335,-0.3815603484496128,1.8057203795824037,1.8263758136931014,-0.3959554010207065,-0.3908496875024103,1.7724545878878444,2.0,1.9457113146831209,1.868197678453606,2.0,2.0,1.7235261374035513,-0.3148444969029321,2.1201219024519546,1.4648136292349172,2.0,2.0,2.5573851609365392,3.0,2.0,1.0,1.0,2.0,2.0,1.0,3.0,1.0,3.0,5.0,3.214950236744781,2.682633956988346,22.0,304.0,-0.5926754755769161,-1.0392439311219208,-0.26034577413654125,31.167084088460715,-1.199474164898717,-5.408369152401514,1.171339242680568,0.09490385522882318,0.983264565064795,-0.10264881448916273,-0.19500296691564786,-0.5327875494500035,True,True,0.31655521853656765,1.0,1.395021282266563,-0.7511913453424864,-0.02182410454422537,3.0,-0.8123311572357756,2.0,0.36840711946816285,0.33997773149622795,-0.7226504289634634,-0.09896031447947821,-0.08469991143189835,-0.06805271843801176,-0.03818636184178928,-0.20412202168342258,-0.12613165697350623,-0.03904416083971075,-0.029214847835501993,-0.2731855999527799,-0.054125858305718554,-0.11371044436981646,-0.06128443284793385,-0.24438515687029072,-0.17036544582580312,0.6092113726529473,0.0034530299318052114,0.017285027722568083,0.014943079448792152,0.014812614927416319,0.004351453023530054,0.00042771067045953987,0.013558376905145542,0.010810094146320507,0.010808407246346113,0.024415093722817867,0.00783136310003341,0.0072593693574781815,-0.00967026177709738,0.0,0.0,0.0,0.0,0.0,0.0,0.0,0.0,0.0,1.776319143955973,0.7694275497754296,-0.3387731006103335,-0.3815603484496128,1.8057203795824037,1.8263758136931014,-0.3959554010207065,-0.3908496875024103,1.7724545878878444,2.0,1.9457113146831209,1.868197678453606,2.0,2.0,1.7235261374035513,-0.3148444969029321,2.1201219024519546,1.4648136292349172,2.0,2.0,2.5573851609365392,3.0,2.0,1.0,1.0,2.0,2.0,1.0,3.0,1.0,3.0,5.0,3.214950236744781,2.682633956988346,22.0,304.0,-0.5926754755769161,-1.0392439311219208,-0.26034577413654125,31.167084088460715,-1.199474164898717,-5.408369152401514,1.171339242680568,0.09490385522882318,0.983264565064795,-0.10264881448916273,-0.19500296691564786,-0.5327875494500035,0
187202,0.70255464,0.47978386,0.19,0.0734769996100588,0.6739056431443856,2.41067891667977,1.0,0.15209586892457566,0.6621902930585076,-0.06406563790466976,3.0,-0.5232076336145428,2.0,0.37262986152861577,0.39663903497337427,-0.6157623002364216,-0.14109277314965313,-0.13024952806748552,0.17595323925402534,-0.2064191520812155,-0.25291507860992135,-0.08468326384154314,-0.08122741379753326,-0.040268606781304964,-0.2741109559329255,0.1114231983281114,-0.10697690367550534,-0.1674378824539424,-0.2210680496169824,-0.15014928743898373,0.6494027327658304,-0.11335584257125207,-0.024998816414765,0.06653867839703408,-0.09164611719676195,-0.007586161817990432,0.3877029455367931,0.9287597979598831,0.5756814632042535,-0.14710026901181117,0.11684214323686487,-0.01996574204687274,-0.00953954618208357,-0.027096800248228043,0.0,0.0,0.0,0.0,0.0,0.0,0.0,0.0,0.0,1.891216790171731,1.0887302653759843,2.8362993340663056,2.6840586154588473,1.76716632982252,1.8072143827504472,2.575227817125643,2.627053378749913,1.8528947058158054,2.0,-0.6561852601814652,2.671250415016837,1.0,1.0,1.6585891045590058,-0.4016199747641254,1.731063526486146,1.4318924367558856,1.0,1.0,2.477602367612952,4.0,2.0,1.0,2.0,2.0,2.0,15.0,3.0,25.0,0.0,0.0,2.0545503612541647,1.987618281977647,30.0,612.0,0.5770592344839998,-1.8288692475257,-1.0206706017107046,26.69832827306505,-0.44600508329287325,-1.1741767473942424,0.22190386447337723,0.029892079651072503,-2.1295223498849354,0.49050816234769645,0.5576649053821966,0.2305628433991949,True,True,2.41067891667977,1.0,0.15209586892457566,0.6621902930585076,-0.06406563790466976,3.0,-0.5232076336145428,2.0,0.37262986152861577,0.39663903497337427,-0.6157623002364216,-0.14109277314965313,-0.13024952806748552,0.17595323925402534,-0.2064191520812155,-0.25291507860992135,-0.08468326384154314,-0.08122741379753326,-0.040268606781304964,-0.2741109559329255,0.1114231983281114,-0.10697690367550534,-0.1674378824539424,-0.2210680496169824,-0.15014928743898373,0.6494027327658304,-0.11335584257125207,-0.024998816414765,0.06653867839703408,-0.09164611719676195,-0.007586161817990432,0.3877029455367931,0.9287597979598831,0.5756814632042535,-0.14710026901181117,0.11684214323686487,-0.01996574204687274,-0.00953954618208357,-0.027096800248228043,0.0,0.0,0.0,0.0,0.0,0.0,0.0,0.0,0.0,1.891216790171731,1.0887302653759843,2.8362993340663056,2.6840586154588473,1.76716632982252,1.8072143827504472,2.575227817125643,2.627053378749913,1.8528947058158054,2.0,-0.6561852601814652,2.671250415016837,1.0,1.0,1.6585891045590058,-0.4016199747641254,1.731063526486146,1.4318924367558856,1.0,1.0,2.477602367612952,4.0,2.0,1.0,2.0,2.0,2.0,15.0,3.0,25.0,0.0,0.0,2.0545503612541647,1.987618281977647,30.0,612.0,0.5770592344839998,-1.8288692475257,-1.0206706017107046,26.69832827306505,-0.44600508329287325,-1.1741767473942424,0.22190386447337723,0.029892079651072503,-2.1295223498849354,0.49050816234769645,0.5576649053821966,0.2305628433991949,0
165914,0.76259696,0.43078876,0.01,0.0025521382703821843,0.02198645634740087,3.743268879749536,4.0,1.699188341253469,1.0597955653371836,-0.005436299573009775,4.0,0.3239458018189171,2.0,-0.045152052836164885,0.35935239319216294,0.9259889924234409,-0.09120028174473381,-0.0861676562624517,-0.04334099104530417,-0.06171017694015151,-0.2164970480958923,-0.11020125498785144,-0.044026193609711564,-0.057952228459684646,-0.149812510729299,-0.055543365940546006,-0.09264945446479893,-0.04888094673216758,-0.2552035150645102,-0.14676335005087507,0.6076160336655341,-0.004113728695819397,0.5491141529202875,0.0006134875993025155,0.0023987943582910614,0.0005471730566656519,-0.0028702864173806167,-0.00041461126266396486,0.5308648455531811,0.5976146920774308,-0.00034422170098297227,-0.005469199141777208,-0.0010668668789917568,0.5323224575402509,2.0,2.0,2.0,1.0,1.0,2.0,0.0,0.0,0.0,-0.5764766701311745,-0.38886316680867583,-0.353083918593421,-0.36053254585272554,-0.5568689996063989,-0.5554671845536058,-0.380973132657454,-0.3850378668727259,-0.5663142308599707,0.0,-0.5295583902805041,-0.3975345658603129,0.0,0.0,-0.5579641694760789,-0.28948573802579053,-0.5559775214198198,-0.5596893457363644,0.0,0.0,-0.3917084473629724,0.0,0.0,0.0,0.0,0.0,0.0,25.0,0.0,25.0,0.0,6.0,-0.37175233855389844,-0.3737029742010822,23.0,517.0,-0.04434828075323942,0.5434455147009818,-1.0195700528933909,-5.793073270257734,1.4529315766701965,-4.084837924862061,-0.1140372286998064,0.09742865854727963,-5.356675871943025,1.5691665484365651,4.286384845521774,0.7133516545321075,True,True,3.743268879749536,4.0,1.699188341253469,1.0597955653371836,-0.005436299573009775,4.0,0.3239458018189171,2.0,-0.045152052836164885,0.35935239319216294,0.9259889924234409,-0.09120028174473381,-0.0861676562624517,-0.04334099104530417,-0.06171017694015151,-0.2164970480958923,-0.11020125498785144,-0.044026193609711564,-0.057952228459684646,-0.149812510729299,-0.055543365940546006,-0.09264945446479893,-0.04888094673216758,-0.2552035150645102,-0.14676335005087507,0.6076160336655341,-0.004113728695819397,0.5491141529202875,0.0006134875993025155,0.0023987943582910614,0.0005471730566656519,-0.0028702864173806167,-0.00041461126266396486,0.5308648455531811,0.5976146920774308,-0.00034422170098297227,-0.005469199141777208,-0.0010668668789917568,0.5323224575402509,2.0,2.0,2.0,1.0,1.0,2.0,0.0,0.0,0.0,-0.5764766701311745,-0.38886316680867583,-0.353083918593421,-0.36053254585272554,-0.5568689996063989,-0.5554671845536058,-0.380973132657454,-0.3850378668727259,-0.5663142308599707,0.0,-0.5295583902805041,-0.3975345658603129,0.0,0.0,-0.5579641694760789,-0.28948573802579053,-0.5559775214198198,-0.5596893457363644,0.0,0.0,-0.3917084473629724,0.0,0.0,0.0,0.0,0.0,0.0,25.0,0.0,25.0,0.0,6.0,-0.37175233855389844,-0.3737029742010822,23.0,517.0,-0.04434828075323942,0.5434455147009818,-1.0195700528933909,-5.793073270257734,1.4529315766701965,-4.084837924862061,-0.1140372286998064,0.09742865854727963,-5.356675871943025,1.5691665484365651,4.286384845521774,0.7133516545321075,0
558764,0.90882194,0.3985044,0.01,0.0025521382703821843,0.017468057505430276,0.06767628313935065,0.0,0.5427791359878862,-0.09359526909057603,-0.006250787602250356,4.0,0.3258544728334742,3.0,-2.724265377202047,-2.800287357241775,-0.7546375415068253,-0.08281152048392343,-0.08151064410631068,-0.034707343499560575,-0.04643137223842115,-0.21757820403272654,-0.11342932908293313,-0.029525141894932466,-0.022676938488917584,-0.2671474543254118,-0.02650925542124518,-0.08971374236501012,-0.025766330748831313,-0.24621236274795233,-0.148146574518032,0.6109213748823076,0.001641022173543542,0.0004925831157480275,0.5634769937276143,0.5840313629924864,0.5641152805628141,0.3691538243408516,0.9966543905680064,0.534707886382192,-0.00023472543356468678,0.6410416622971371,0.5442371418206947,0.5466263453477529,0.6078824833309424,0.0,0.0,0.0,1.0,0.0,0.0,0.0,0.0,0.0,1.7446311813309567,0.5600334413350258,-0.3589575309573416,-0.35405833220916,1.806428484901136,1.808974911348901,2.6033759303921373,2.6058243013457676,1.7590987953756343,2.0,1.898613591426201,-0.3939712771018229,2.0,2.0,1.8513105101970644,3.4454594306886084,1.465427322233689,1.3099114961572635,1.0,1.0,-0.39283434756283814,0.0,1.0,1.0,2.0,1.0,1.0,15.0,3.0,15.0,3.0,6.0,-0.3741103375055746,-0.3764602372509835,4.0,1090.0,-0.05364097842950748,0.021302460840591005,-0.01881517552412324,9.590808729784072,-2.664489974485925,15.925375807123128,-0.5833305458450553,-0.11451950975891159,-2.1866686839339513,0.16656215744339356,0.6747183529481022,-0.34981823805181034,True,True,0.06767628313935065,0.0,0.5427791359878862,-0.09359526909057603,-0.006250787602250356,4.0,0.3258544728334742,3.0,-2.724265377202047,-2.800287357241775,-0.7546375415068253,-0.08281152048392343,-0.08151064410631068,-0.034707343499560575,-0.04643137223842115,-0.21757820403272654,-0.11342932908293313,-0.029525141894932466,-0.022676938488917584,-0.2671474543254118,-0.02650925542124518,-0.08971374236501012,-0.025766330748831313,-0.24621236274795233,-0.148146574518032,0.6109213748823076,0.001641022173543542,0.0004925831157480275,0.5634769937276143,0.5840313629924864,0.5641152805628141,0.3691538243408516,0.9966543905680064,0.534707886382192,-0.00023472543356468678,0.6410416622971371,0.5442371418206947,0.5466263453477529,0.6078824833309424,0.0,0.0,0.0,1.0,0.0,0.0,0.0,0.0,0.0,1.7446311813309567,0.5600334413350258,-0.3589575309573416,-0.35405833220916,1.806428484901136,1.808974911348901,2.6033759303921373,2.6058243013457676,1.7590987953756343,2.0,1.898613591426201,-0.3939712771018229,2.0,2.0,1.8513105101970644,3.4454594306886084,1.465427322233689,1.3099114961572635,1.0,1.0,-0.39283434756283814,0.0,1.0,1.0,2.0,1.0,1.0,15.0,3.0,15.0,3.0,6.0,-0.3741103375055746,-0.3764602372509835,4.0,1090.0,-0.05364097842950748,0.021302460840591005,-0.01881517552412324,9.590808729784072,-2.664489974485925,15.925375807123128,-0.5833305458450553,-0.11451950975891159,-2.1866686839339513,0.16656215744339356,0.6747183529481022,-0.34981823805181034,0
310869,0.5524527,0.3704474,0.04,0.005058857517455529,0.03745449906041796,-0.8280278958841343,0.0,0.9414758349512379,0.6967597709377916,0.5768829308655751,3.0,0.31161618568682264,2.0,-2.7226244025674853,-2.8018970394051506,-0.7472575217808314,-0.09705754506329639,-0.07969209699792074,-0.042025230295257975,-0.041322200576223884,-0.2214662335578098,-0.1176052911473146,-0.03635147884210473,-0.04677550094189327,-0.26267639588036945,-0.02957472145404201,-0.09663254179651015,-0.043303926491987825,-0.2409090936310449,-0.153369638503828,0.607842495607865,0.6162378688287361,0.5498209033302836,0.5409951619551894,0.558534403520333,0.5366382625862928,0.36807460454815044,1.0062406666113457,0.536500644419292,-0.008386960161254658,0.6073761251183741,0.5431235794260579,0.5296960057967187,0.6996493048316419,0.0,0.0,0.0,3.0,0.0,0.0,0.0,0.0,0.0,1.7528055784781247,0.7137232984163956,2.7835114152790967,2.7856249597341067,1.8010533191816922,1.8136992153867588,2.601865697446953,2.6098994598266696,1.7694625592543085,2.0,1.8917411106208433,-0.39216102420527305,1.0,1.0,1.8491006099535712,-0.2924373997737344,1.662824565373578,1.7605646282923875,1.0,1.0,-0.3948202793095408,0.0,1.0,1.0,2.0,1.0,1.0,28.0,6.0,28.0,7.0,6.0,-0.36928988027653736,-0.36577683971234237,4.0,1090.0,-0.056090056692899716,1.1982225224144805,-0.7743856741160511,9.51266869452203,-2.6130110075471946,15.864986761525806,-0.5659037664732514,0.04997181392662498,-2.141301612131176,0.3035973366164324,0.5032843364044716,-0.5723077725093857,True,True,-0.8280278958841343,0.0,0.9414758349512379,0.6967597709377916,0.5768829308655751,3.0,0.31161618568682264,2.0,-2.7226244025674853,-2.8018970394051506,-0.7472575217808314,-0.09705754506329639,-0.07969209699792074,-0.042025230295257975,-0.041322200576223884,-0.2214662335578098,-0.1176052911473146,-0.03635147884210473,-0.04677550094189327,-0.26267639588036945,-0.02957472145404201,-0.09663254179651015,-0.043303926491987825,-0.2409090936310449,-0.153369638503828,0.607842495607865,0.6162378688287361,0.5498209033302836,0.5409951619551894,0.558534403520333,0.5366382625862928,0.36807460454815044,1.0062406666113457,0.536500644419292,-0.008386960161254658,0.6073761251183741,0.5431235794260579,0.5296960057967187,0.6996493048316419,0.0,0.0,0.0,3.0,0.0,0.0,0.0,0.0,0.0,1.7528055784781247,0.7137232984163956,2.7835114152790967,2.7856249597341067,1.8010533191816922,1.8136992153867588,2.601865697446953,2.6098994598266696,1.7694625592543085,2.0,1.8917411106208433,-0.39216102420527305,1.0,1.0,1.8491006099535712,-0.2924373997737344,1.662824565373578,1.7605646282923875,1.0,1.0,-0.3948202793095408,0.0,1.0,1.0,2.0,1.0,1.0,28.0,6.0,28.0,7.0,6.0,-0.36928988027653736,-0.36577683971234237,4.0,1090.0,-0.056090056692899716,1.1982225224144805,-0.7743856741160511,9.51266869452203,-2.6130110075471946,15.864986761525806,-0.5659037664732514,0.04997181392662498,-2.141301612131176,0.3035973366164324,0.5032843364044716,-0.5723077725093857,0
468929,0.9824713,0.27177915,0.12,0.02389616287845446,0.18828292027164456,0.5187945451047232,4.0,-0.5203080737921347,0.9378462067155793,0.014378336584721603,4.0,0.35601313015308494,2.0,0.8665760536994024,0.35585285518510495,0.9578135240260345,-0.05253867044525834,-0.07642461510173168,-0.05683380852171726,-0.05215644644690671,-0.15088991634914048,0.0024845988073073973,-0.07729086655653035,-0.05008856599051163,-0.09260219252520976,-0.0331070021691767,-0.07151406452296134,-0.04438593753554339,-0.10050531093920263,-0.12297584439617029,0.6442868010419479,0.6104371092658375,0.5405482337123105,0.005591105322322261,0.004015495344820274,0.02899040850152454,0.03314951697710448,-0.02045438803853773,0.5723262741516036,0.65127998456348,0.024129579221060352,0.014419260094936326,-0.012477987400302825,0.6005662775211662,2.0,2.0,2.0,2.0,2.0,0.0,1.0,1.0,2.0,-0.6077812055740691,-0.4047722420345579,-0.39394662824020077,-0.36174993045984416,-0.5760324895526695,-0.5879242428702877,-0.39709899408256666,-0.378940383888365,-0.5848552904638443,0.0,-0.5312601613026298,-0.40771385847499175,0.0,0.0,-0.5715456809542488,-0.26868484520431024,-0.5733772259392393,-0.6067183908957429,0.0,0.0,-0.3520760408666071,0.0,0.0,0.0,0.0,0.0,0.0,25.0,0.0,25.0,0.0,6.0,-0.38729170462269474,-0.3338880058545677,23.0,517.0,1.468506223835835,0.7896216777597517,-0.27751458119031436,-5.805827447390422,1.0465690628812578,-4.108179145518305,0.20507369199519054,0.3355100306891155,-5.36506913640079,1.8068617740082566,3.6512448650460936,-1.1852611053900624,True,True,0.5187945451047232,4.0,-0.5203080737921347,0.9378462067155793,0.014378336584721603,4.0,0.35601313015308494,2.0,0.8665760536994024,0.35585285518510495,0.9578135240260345,-0.05253867044525834,-0.07642461510173168,-0.05683380852171726,-0.05215644644690671,-0.15088991634914048,0.0024845988073073973,-0.07729086655653035,-0.05008856599051163,-0.09260219252520976,-0.0331070021691767,-0.07151406452296134,-0.04438593753554339,-0.10050531093920263,-0.12297584439617029,0.6442868010419479,0.6104371092658375,0.5405482337123105,0.005591105322322261,0.004015495344820274,0.02899040850152454,0.03314951697710448,-0.02045438803853773,0.5723262741516036,0.65127998456348,0.024129579221060352,0.014419260094936326,-0.012477987400302825,0.6005662775211662,2.0,2.0,2.0,2.0,2.0,0.0,1.0,1.0,2.0,-0.6077812055740691,-0.4047722420345579,-0.39394662824020077,-0.36174993045984416,-0.5760324895526695,-0.5879242428702877,-0.39709899408256666,-0.378940383888365,-0.5848552904638443,0.0,-0.5312601613026298,-0.40771385847499175,0.0,0.0,-0.5715456809542488,-0.26868484520431024,-0.5733772259392393,-0.6067183908957429,0.0,0.0,-0.3520760408666071,0.0,0.0,0.0,0.0,0.0,0.0,25.0,0.0,25.0,0.0,6.0,-0.38729170462269474,-0.3338880058545677,23.0,517.0,1.468506223835835,0.7896216777597517,-0.27751458119031436,-5.805827447390422,1.0465690628812578,-4.108179145518305,0.20507369199519054,0.3355100306891155,-5.36506913640079,1.8068617740082566,3.6512448650460936,-1.1852611053900624,0
10591,0.65241677,0.44008988,0.02,0.0032300924127905565,0.02812603866542202,-0.6793379518289165,4.0,-0.4434180660984195,0.3266306278515052,0.004507009826306908,4.0,0.3197499873365642,3.0,0.3910257172682256,0.3586927424036336,0.9232299090885674,-0.08882103709813756,-0.07669042214721647,-0.032681772269517725,-0.06001566121598059,-0.21848145103907884,-0.10256086025341188,-0.050143985889738216,-0.05475856399703204,-0.09307748884010306,-0.056556931813220995,-0.09831168091951804,-0.04769992507092837,-0.20794587337895779,-0.1328350472464706,0.619814721398698,0.6213542446372008,0.5528190625615844,0.007344874864871048,0.00011124340097365927,-0.0019812981464250416,-0.003888519259634583,-6.825645065554444e-06,0.5400240540158381,0.0006086164054653745,-0.0007069448016566296,0.0018010968214498683,0.0002992007176726681,0.008936257628019315,2.0,2.0,2.0,1.0,2.0,1.0,0.0,0.0,0.0,-0.5752803218954133,-0.3913306896987719,-0.3587464051916108,-0.3597111842423585,-0.5602173889760288,-0.5540001372314586,-0.38060765567910754,-0.3866561414445853,-0.5656408210826939,0.0,-0.5269151886130784,-0.39636082255307553,0.0,0.0,-0.5587454722777146,-0.2915792637020398,-0.5550660829245655,-0.5595641574771347,0.0,0.0,-0.38766558144777685,0.0,0.0,0.0,0.0,0.0,0.0,15.0,3.0,25.0,0.0,6.0,-0.37646020898420296,-0.37630426380355153,23.0,517.0,-1.582459645336487,0.5496150879409246,1.7165730377855761,-1.4199400419875199,1.025756080813454,-7.256317247333768,0.22446795504128284,0.5491508637483328,-8.66295104881266,0.1660052710698323,-4.696416622826184,1.1854054638173595,True,True,-0.6793379518289165,4.0,-0.4434180660984195,0.3266306278515052,0.004507009826306908,4.0,0.3197499873365642,3.0,0.3910257172682256,0.3586927424036336,0.9232299090885674,-0.08882103709813756,-0.07669042214721647,-0.032681772269517725,-0.06001566121598059,-0.21848145103907884,-0.10256086025341188,-0.050143985889738216,-0.05475856399703204,-0.09307748884010306,-0.056556931813220995,-0.09831168091951804,-0.04769992507092837,-0.20794587337895779,-0.1328350472464706,0.619814721398698,0.6213542446372008,0.5528190625615844,0.007344874864871048,0.00011124340097365927,-0.0019812981464250416,-0.003888519259634583,-6.825645065554444e-06,0.5400240540158381,0.0006086164054653745,-0.0007069448016566296,0.0018010968214498683,0.0002992007176726681,0.008936257628019315,2.0,2.0,2.0,1.0,2.0,1.0,0.0,0.0,0.0,-0.5752803218954133,-0.3913306896987719,-0.3587464051916108,-0.3597111842423585,-0.5602173889760288,-0.5540001372314586,-0.38060765567910754,-0.3866561414445853,-0.5656408210826939,0.0,-0.5269151886130784,-0.39636082255307553,0.0,0.0,-0.5587454722777146,-0.2915792637020398,-0.5550660829245655,-0.5595641574771347,0.0,0.0,-0.38766558144777685,0.0,0.0,0.0,0.0,0.0,0.0,15.0,3.0,25.0,0.0,6.0,-0.37646020898420296,-0.37630426380355153,23.0,517.0,-1.582459645336487,0.5496150879409246,1.7165730377855761,-1.4199400419875199,1.025756080813454,-7.256317247333768,0.22446795504128284,0.5491508637483328,-8.66295104881266,0.1660052710698323,-4.696416622826184,1.1854054638173595,0
348624,0.88788116,0.46443477,0.04,0.005058857517455529,0.03882560188143799,0.3122439184283163,0.0,-1.7225348662536595,0.2942243060103748,0.5810729386051421,3.0,0.30375998970523505,3.0,-2.728809004726327,-2.8045629506389553,-0.7608163388135807,-0.09785708014258826,-0.06737996689905401,-0.03669529067746035,-0.03926217171594455,-0.22128007219889953,-0.1173816159653225,-0.02369082258080024,-0.03341863941389728,-0.2666320370120246,-0.04141554449256571,-0.10896079224592944,-0.03171201138393933,-0.24490362356566625,-0.14511964169136046,0.7785476364444843,0.788609205159992,0.5509398528991463,-0.00963226378228285,0.0052625766681880905,0.0028631122815599604,0.368085138009597,0.993807144942307,0.5379829291735442,0.005655257147557677,0.0030522807142208844,0.5365020145842546,0.5297608013883659,-0.0021876637129598386,0.0,0.0,0.0,0.0,0.0,0.0,0.0,0.0,0.0,1.7137231432612925,1.7467774106332195,2.787441071348738,2.7941947996901604,1.805353903235523,1.8193283966144964,2.601872984950959,2.5986192596511026,1.7753588615343499,2.0,1.8953448976649787,-0.39594338395685486,1.0,1.0,1.8426586359641912,3.4577939924296492,1.8909780416671744,1.3089862071458211,1.0,1.0,-0.38823557337608366,0.0,1.0,1.0,2.0,1.0,1.0,25.0,0.0,25.0,0.0,6.0,-0.3687498816546855,-0.36865187622381873,4.0,1090.0,-1.5788474305447953,-1.0320352730864506,-0.5219435372340183,14.8470686478476,-1.5391916384139679,8.437556245909208,-0.6003619932111004,0.22501264622917205,-11.25595913357623,0.6901166459472233,0.39334899876331525,-0.6778196518383371,True,True,0.3122439184283163,0.0,-1.7225348662536595,0.2942243060103748,0.5810729386051421,3.0,0.30375998970523505,3.0,-2.728809004726327,-2.8045629506389553,-0.7608163388135807,-0.09785708014258826,-0.06737996689905401,-0.03669529067746035,-0.03926217171594455,-0.22128007219889953,-0.1173816159653225,-0.02369082258080024,-0.03341863941389728,-0.2666320370120246,-0.04141554449256571,-0.10896079224592944,-0.03171201138393933,-0.24490362356566625,-0.14511964169136046,0.7785476364444843,0.788609205159992,0.5509398528991463,-0.00963226378228285,0.0052625766681880905,0.0028631122815599604,0.368085138009597,0.993807144942307,0.5379829291735442,0.005655257147557677,0.0030522807142208844,0.5365020145842546,0.5297608013883659,-0.0021876637129598386,0.0,0.0,0.0,0.0,0.0,0.0,0.0,0.0,0.0,1.7137231432612925,1.7467774106332195,2.787441071348738,2.7941947996901604,1.805353903235523,1.8193283966144964,2.601872984950959,2.5986192596511026,1.7753588615343499,2.0,1.8953448976649787,-0.39594338395685486,1.0,1.0,1.8426586359641912,3.4577939924296492,1.8909780416671744,1.3089862071458211,1.0,1.0,-0.38823557337608366,0.0,1.0,1.0,2.0,1.0,1.0,25.0,0.0,25.0,0.0,6.0,-0.3687498816546855,-0.36865187622381873,4.0,1090.0,-1.5788474305447953,-1.0320352730864506,-0.5219435372340183,14.8470686478476,-1.5391916384139679,8.437556245909208,-0.6003619932111004,0.22501264622917205,-11.25595913357623,0.6901166459472233,0.39334899876331525,-0.6778196518383371,0
446549,0.9985066,0.006622532,0.2,0.08508720268939021,0.6604001740410819,-0.582217061473687,0.0,1.2963844247672205,1.0022877763564007,0.575262539239789,4.0,-0.47496468393585617,3.0,-2.727855271254434,-2.7434718426537748,-0.6249417328896202,-0.11225811345436176,0.17676489545128568,-0.05230730491159726,0.14347058645492927,-0.2560266607475209,-0.1999784572017444,0.029500724722255782,0.0037950873837463914,-0.20134749305908534,0.07376238978192315,-0.12434103240524914,-0.07225137956927619,-0.22310223879205923,-0.08555027823195502,0.6987169955373342,0.07565821296195471,0.022944954948597378,0.4710472803585456,-0.023635815754023615,0.5797201055383909,0.4950294572661659,1.0341390801531454,0.5460948163822352,0.006896311332417114,0.5074716645147157,0.7095621696279532,0.5873285210553865,0.5977871866613266,0.0,0.0,0.0,1.0,0.0,0.0,0.0,0.0,0.0,1.7322201816576512,0.8914839637782453,2.862347122937287,2.7468377429342747,1.8376484531375343,1.7783139186199404,2.587999821602645,2.5825845999897337,1.6645092150305452,2.0,1.6924014029784895,-0.3760739189228646,1.0,1.0,1.9923898097631263,-0.40087255092387575,1.5079562901339314,2.1534386664565344,1.0,1.0,-0.49591608672835225,0.0,1.0,1.0,2.0,1.0,1.0,15.0,3.0,15.0,3.0,6.0,-0.431335812315791,-0.40336579185043864,4.0,517.0,1.0519526617889887,-0.6423534069203857,-0.16972181230313646,10.000747195584047,-2.341840095356798,16.392706618322613,-0.744498239195166,-0.1522655095995557,-2.298183837103212,0.2587780651379587,0.9173376275374919,0.035544671117194615,True,True,-0.582217061473687,0.0,1.2963844247672205,1.0022877763564007,0.575262539239789,4.0,-0.47496468393585617,3.0,-2.727855271254434,-2.7434718426537748,-0.6249417328896202,-0.11225811345436176,0.17676489545128568,-0.05230730491159726,0.14347058645492927,-0.2560266607475209,-0.1999784572017444,0.029500724722255782,0.0037950873837463914,-0.20134749305908534,0.07376238978192315,-0.12434103240524914,-0.07225137956927619,-0.22310223879205923,-0.08555027823195502,0.6987169955373342,0.07565821296195471,0.022944954948597378,0.4710472803585456,-0.023635815754023615,0.5797201055383909,0.4950294572661659,1.0341390801531454,0.5460948163822352,0.006896311332417114,0.5074716645147157,0.7095621696279532,0.5873285210553865,0.5977871866613266,0.0,0.0,0.0,1.0,0.0,0.0,0.0,0.0,0.0,1.7322201816576512,0.8914839637782453,2.862347122937287,2.7468377429342747,1.8376484531375343,1.7783139186199404,2.587999821602645,2.5825845999897337,1.6645092150305452,2.0,1.6924014029784895,-0.3760739189228646,1.0,1.0,1.9923898097631263,-0.40087255092387575,1.5079562901339314,2.1534386664565344,1.0,1.0,-0.49591608672835225,0.0,1.0,1.0,2.0,1.0,1.0,15.0,3.0,15.0,3.0,6.0,-0.431335812315791,-0.40336579185043864,4.0,517.0,1.0519526617889887,-0.6423534069203857,-0.16972181230313646,10.000747195584047,-2.341840095356798,16.392706618322613,-0.744498239195166,-0.1522655095995557,-2.298183837103212,0.2587780651379587,0.9173376275374919,0.035544671117194615,0
73243,0.95603997,0.28881663,0.08,0.011477469205752985,0.10621339868431506,0.05646352169715982,4.0,-0.47204840736736964,0.940205659789728,-0.015795638159949714,4.0,0.3135996450699927,2.0,0.7155167919623113,0.36815345551348866,1.187461147108236,-0.11733858051422869,-0.09889532994379267,-0.048181651754713145,-0.05909511301627129,-0.24532151217219222,-0.10378798580917464,-0.04379779370420266,-0.052588579694235416,-0.1738257192605449,-0.06298562785738177,-0.11776233539608257,-0.025289307809849587,-0.23366841992106302,-0.17650390721208054,0.6220802038818725,0.6082509924134313,0.5527121552465526,0.5424245606858148,0.5506704535230439,0.007766902504093074,0.021020093304196612,-0.0015273997564713862,0.5325762995275704,0.5782450829962277,0.010336092675282913,0.008500380377008855,-0.025538090630435117,0.5451151274679312,2.0,1.0,1.0,1.0,2.0,1.0,0.0,0.0,0.0,-0.5746552873808393,-0.38791403033775573,-0.3414217708531873,-0.3766197559202942,-0.5478732167306517,-0.5520241337564665,-0.36544431334743577,-0.38474605957130203,-0.5838792083496264,0.0,-0.5372089029747014,-0.4075591546716803,0.0,0.0,-0.5549509513781155,-0.28852347378538834,-0.5340286980509553,-0.5619220917267459,0.0,0.0,-0.3921542606210709,0.0,0.0,0.0,0.0,0.0,0.0,15.0,3.0,25.0,0.0,6.0,-0.3451929733691751,-0.3698515008503699,23.0,517.0,-1.0606084362285686,1.0709068357410707,1.748175831057124,-7.542784650560773,1.485015091693038,-0.47711445409828673,-0.0690681138729757,0.11093134225381844,2.3754145497396877,1.0791324957450659,1.117453421037671,-0.010536788289570453,True,True,0.05646352169715982,4.0,-0.47204840736736964,0.940205659789728,-0.015795638159949714,4.0,0.3135996450699927,2.0,0.7155167919623113,0.36815345551348866,1.187461147108236,-0.11733858051422869,-0.09889532994379267,-0.048181651754713145,-0.05909511301627129,-0.24532151217219222,-0.10378798580917464,-0.04379779370420266,-0.052588579694235416,-0.1738257192605449,-0.06298562785738177,-0.11776233539608257,-0.025289307809849587,-0.23366841992106302,-0.17650390721208054,0.6220802038818725,0.6082509924134313,0.5527121552465526,0.5424245606858148,0.5506704535230439,0.007766902504093074,0.021020093304196612,-0.0015273997564713862,0.5325762995275704,0.5782450829962277,0.010336092675282913,0.008500380377008855,-0.025538090630435117,0.5451151274679312,2.0,1.0,1.0,1.0,2.0,1.0,0.0,0.0,0.0,-0.5746552873808393,-0.38791403033775573,-0.3414217708531873,-0.3766197559202942,-0.5478732167306517,-0.5520241337564665,-0.36544431334743577,-0.38474605957130203,-0.5838792083496264,0.0,-0.5372089029747014,-0.4075591546716803,0.0,0.0,-0.5549509513781155,-0.28852347378538834,-0.5340286980509553,-0.5619220917267459,0.0,0.0,-0.3921542606210709,0.0,0.0,0.0,0.0,0.0,0.0,15.0,3.0,25.0,0.0,6.0,-0.3451929733691751,-0.3698515008503699,23.0,517.0,-1.0606084362285686,1.0709068357410707,1.748175831057124,-7.542784650560773,1.485015091693038,-0.47711445409828673,-0.0690681138729757,0.11093134225381844,2.3754145497396877,1.0791324957450659,1.117453421037671,-0.010536788289570453,0
256512,0.9993299,0.099387005,0.22,0.11308859038292954,0.9773315288406829,-0.23645815707492052,0.0,-1.0385986512957432,-0.006591980155757959,0.6076427475919253,4.0,-0.9548569037922354,3.0,-2.732221099704511,-2.7881978519341377,-0.7208066420174639,0.07101708884331567,0.09819654554398377,-0.004568741047220222,-0.1682319435623632,-0.1146861765404074,-0.11673840127378712,0.023712490686380122,-0.04012356078934498,-0.132329769836285,-0.11049810554564188,-0.19280246718782595,-0.16029045939719178,-0.16503396907673856,-0.4220498053440684,0.584033397915659,0.25720596113681443,-0.1583265023592064,0.6156038682556342,0.5256940802859512,0.4865816559743684,0.5076541138612597,0.9719833687101371,0.5698854516193925,0.06849884433439109,0.6926051442286261,0.6806506811217611,0.3588748715085692,0.5590157515547475,0.0,0.0,0.0,3.0,0.0,0.0,0.0,0.0,0.0,1.8792375306497524,0.1606316915350883,2.775729369797924,2.6759365603225813,1.9191138067819007,2.0334499276875153,2.5707588389736054,2.4022479797845815,1.7906743093512214,2.0,1.8912586223642225,-0.25340244820549945,1.0,1.0,1.781000768532703,-0.48696717726672234,1.3993996986335595,2.067294433051134,1.0,1.0,-0.2840140814920042,0.0,1.0,1.0,2.0,1.0,1.0,15.0,3.0,15.0,3.0,6.0,-0.5231798090929841,-0.2882111872948077,4.0,517.0,1.6083385026996102,-0.9857677654284406,-0.7024868409382631,9.448790909625703,-2.7482202153472923,15.886249351624231,-0.565169296005169,-0.14098920864379447,-2.1134864208154185,0.1567636166724051,0.32119014317728845,-0.6321595214355045,True,True,-0.23645815707492052,0.0,-1.0385986512957432,-0.006591980155757959,0.6076427475919253,4.0,-0.9548569037922354,3.0,-2.732221099704511,-2.7881978519341377,-0.7208066420174639,0.07101708884331567,0.09819654554398377,-0.004568741047220222,-0.1682319435623632,-0.1146861765404074,-0.11673840127378712,0.023712490686380122,-0.04012356078934498,-0.132329769836285,-0.11049810554564188,-0.19280246718782595,-0.16029045939719178,-0.16503396907673856,-0.4220498053440684,0.584033397915659,0.25720596113681443,-0.1583265023592064,0.6156038682556342,0.5256940802859512,0.4865816559743684,0.5076541138612597,0.9719833687101371,0.5698854516193925,0.06849884433439109,0.6926051442286261,0.6806506811217611,0.3588748715085692,0.5590157515547475,0.0,0.0,0.0,3.0,0.0,0.0,0.0,0.0,0.0,1.8792375306497524,0.1606316915350883,2.775729369797924,2.6759365603225813,1.9191138067819007,2.0334499276875153,2.5707588389736054,2.4022479797845815,1.7906743093512214,2.0,1.8912586223642225,-0.25340244820549945,1.0,1.0,1.781000768532703,-0.48696717726672234,1.3993996986335595,2.067294433051134,1.0,1.0,-0.2840140814920042,0.0,1.0,1.0,2.0,1.0,1.0,15.0,3.0,15.0,3.0,6.0,-0.5231798090929841,-0.2882111872948077,4.0,517.0,1.6083385026996102,-0.9857677654284406,-0.7024868409382631,9.448790909625703,-2.7482202153472923,15.886249351624231,-0.565169296005169,-0.14098920864379447,-2.1134864208154185,0.1567636166724051,0.32119014317728845,-0.6321595214355045,0
362817,0.9991254,0.2801267,0.22,0.11308859038292954,0.9320208418572093,2.09388393818621,2.0,0.83137345777307,1.1016500017012427,-0.09048673544278828,3.0,0.18965241292530605,2.0,0.2787167440285248,0.3838053966207278,-0.6483674793272456,-0.1409616794656461,-0.14690383858275033,-0.14668302629033675,0.030148434218619347,-0.2626359503093225,-0.08927828361467514,-0.16687099050446505,-0.1739953497597081,-0.06252116087707113,0.004531165805049621,-0.21496482434001102,-0.035931658754957616,-0.22859653105766245,-0.07037272215485985,0.48814884440398226,-0.07321185956823552,0.02198115887190734,-0.03317042669613327,0.06436800060481955,0.12326479527317664,0.4649155440468787,0.9261606136825656,-0.24616945177011162,0.02651130938945239,-0.09809753906625081,-0.025059909924368514,0.6229733450830599,0.016786684523061354,0.0,0.0,0.0,0.0,0.0,0.0,0.0,0.0,0.0,1.8221196082331437,2.8932659819152056,2.8508272406250326,2.9294523355217708,1.7635615666784257,1.9351024771760368,2.578160133232775,2.4884798428580424,1.7762072481501836,2.0,1.880770135859306,2.6702401712923254,1.0,1.0,1.7588335683753924,3.558176310126495,1.6630960893783506,1.9416132930879941,1.0,1.0,2.6540914028001166,4.0,2.0,1.0,2.0,1.0,2.0,15.0,3.0,22.0,3.0,0.0,1.9684780942124065,1.785788721586569,30.0,612.0,1.1587902149670477,-1.8281223529016162,-0.4537163022684715,31.621643209779407,-1.26463691025977,-4.929116543639246,1.1292022870660574,-0.12641144350000671,0.9378697136773982,0.04542552035886063,0.304033523900956,0.13026177295031605,True,True,2.09388393818621,2.0,0.83137345777307,1.1016500017012427,-0.09048673544278828,3.0,0.18965241292530605,2.0,0.2787167440285248,0.3838053966207278,-0.6483674793272456,-0.1409616794656461,-0.14690383858275033,-0.14668302629033675,0.030148434218619347,-0.2626359503093225,-0.08927828361467514,-0.16687099050446505,-0.1739953497597081,-0.06252116087707113,0.004531165805049621,-0.21496482434001102,-0.035931658754957616,-0.22859653105766245,-0.07037272215485985,0.48814884440398226,-0.07321185956823552,0.02198115887190734,-0.03317042669613327,0.06436800060481955,0.12326479527317664,0.4649155440468787,0.9261606136825656,-0.24616945177011162,0.02651130938945239,-0.09809753906625081,-0.025059909924368514,0.6229733450830599,0.016786684523061354,0.0,0.0,0.0,0.0,0.0,0.0,0.0,0.0,0.0,1.8221196082331437,2.8932659819152056,2.8508272406250326,2.9294523355217708,1.7635615666784257,1.9351024771760368,2.578160133232775,2.4884798428580424,1.7762072481501836,2.0,1.880770135859306,2.6702401712923254,1.0,1.0,1.7588335683753924,3.558176310126495,1.6630960893783506,1.9416132930879941,1.0,1.0,2.6540914028001166,4.0,2.0,1.0,2.0,1.0,2.0,15.0,3.0,22.0,3.0,0.0,1.9684780942124065,1.785788721586569,30.0,612.0,1.1587902149670477,-1.8281223529016162,-0.4537163022684715,31.621643209779407,-1.26463691025977,-4.929116543639246,1.1292022870660574,-0.12641144350000671,0.9378697136773982,0.04542552035886063,0.304033523900956,0.13026177295031605,0
248000,0.9662507,0.24918436,0.16,0.04640734643340897,0.37754606067656254,0.46681541181422526,2.0,0.9191480090614365,-0.5840762355184604,0.06697393688821769,4.0,0.07392374490788714,2.0,0.11962618933169906,0.3727316951341981,-0.7102116881585078,-0.1066725116037834,-0.0926119214191587,-0.0862719183464979,-0.015618375308015136,-0.24525975498967292,-0.12674317171782787,-0.09439723841900528,-0.030043456785702166,-0.32144641080957537,-0.1368291213292664,-0.04942807281489706,-0.1043495281236886,-0.16012638205385193,-0.1709849565697556,0.602258124827647,-0.0412286843665487,0.006889119273490039,-0.03227163066552946,-0.06310626313321442,0.5129446790929458,0.24931613221327653,1.026746795697705,0.004254975583448773,0.01094615032309997,-0.031468599132022705,0.020534084657468966,0.5856466255575725,0.5303859957474295,0.0,0.0,0.0,0.0,0.0,0.0,0.0,0.0,0.0,1.7945483330218177,2.1682696733789006,2.8662211985998503,2.7889724309677772,1.7208357804248537,1.86217629907866,2.6289205869495103,2.518751963337519,1.7326233352490272,2.0,1.9463859832437522,2.6728587108821684,1.0,1.0,1.7248674519493319,3.5350225440461713,2.130306702006185,1.91248192473558,1.0,1.0,2.608290860099555,3.0,2.0,1.0,2.0,1.0,2.0,43.0,3.0,44.0,3.0,5.0,3.051612436004466,2.810050843949823,22.0,304.0,-0.056237629621828114,0.22830167260107967,-0.7672539226089375,28.191392069635224,-1.6180501162187197,-0.8449997464567549,1.0601152191661405,0.05101655830967619,2.327445139958947,1.059965319264447,3.0773312914284037,0.010008628421659841,True,True,0.46681541181422526,2.0,0.9191480090614365,-0.5840762355184604,0.06697393688821769,4.0,0.07392374490788714,2.0,0.11962618933169906,0.3727316951341981,-0.7102116881585078,-0.1066725116037834,-0.0926119214191587,-0.0862719183464979,-0.015618375308015136,-0.24525975498967292,-0.12674317171782787,-0.09439723841900528,-0.030043456785702166,-0.32144641080957537,-0.1368291213292664,-0.04942807281489706,-0.1043495281236886,-0.16012638205385193,-0.1709849565697556,0.602258124827647,-0.0412286843665487,0.006889119273490039,-0.03227163066552946,-0.06310626313321442,0.5129446790929458,0.24931613221327653,1.026746795697705,0.004254975583448773,0.01094615032309997,-0.031468599132022705,0.020534084657468966,0.5856466255575725,0.5303859957474295,0.0,0.0,0.0,0.0,0.0,0.0,0.0,0.0,0.0,1.7945483330218177,2.1682696733789006,2.8662211985998503,2.7889724309677772,1.7208357804248537,1.86217629907866,2.6289205869495103,2.518751963337519,1.7326233352490272,2.0,1.9463859832437522,2.6728587108821684,1.0,1.0,1.7248674519493319,3.5350225440461713,2.130306702006185,1.91248192473558,1.0,1.0,2.608290860099555,3.0,2.0,1.0,2.0,1.0,2.0,43.0,3.0,44.0,3.0,5.0,3.051612436004466,2.810050843949823,22.0,304.0,-0.056237629621828114,0.22830167260107967,-0.7672539226089375,28.191392069635224,-1.6180501162187197,-0.8449997464567549,1.0601152191661405,0.05101655830967619,2.327445139958947,1.059965319264447,3.0773312914284037,0.010008628421659841,0
314491,0.99841475,0.40830857,0.2,0.08508720268939021,0.7229324476520331,3.302945713160898,1.0,0.6165269534127019,0.3243342882357631,-0.1018662616176431,4.0,0.39724120221573556,2.0,0.4588721564278988,0.3547458884767798,-0.8236111880233535,-0.24138392608047277,-0.12513358530286697,-0.2723894262155908,0.05162017995018443,-0.2534538563454958,-0.11245481472977989,-0.1932852019348167,0.02240908188490475,-0.31879345141896936,-0.03463939107158807,0.13639075831622208,0.006860451401123062,-0.19222957420577835,-0.15994853169319473,0.6687239070451183,0.03842556942497718,-0.1260875363231372,-0.04374263358336489,-0.01893513675607534,0.1553894215823038,0.044543635259152316,-0.245554610693909,-0.013266325117866769,-0.04759630421141231,-0.01931465096571372,0.045636188445426246,0.0714345739098393,-0.0309049796700388,0.0,0.0,0.0,0.0,0.0,0.0,0.0,0.0,0.0,1.7736858278994247,1.2979093864458198,-0.4076631924869725,-0.4118848361014877,1.7522102229231915,1.959880949307719,-0.37217675427736874,-0.309524003646869,1.7072811988504413,2.0,-0.5788094427106963,2.551275178543153,2.0,2.0,1.811928369666947,3.503911004366462,1.7822997770584268,1.6957276221032678,2.0,2.0,2.4005435914021582,4.0,2.0,1.0,2.0,2.0,2.0,28.0,3.0,25.0,0.0,0.0,1.9280862644523733,2.099748984632103,4.0,257.0,0.43924285151143755,1.129485988937053,-0.5644031389593953,31.313482523160722,-1.1536694860508618,-5.631102704939053,1.164546952708155,0.17448895950185714,0.9797836271862305,-0.2780832539112545,-0.2360087194832542,-0.44690552019371643,True,True,3.302945713160898,1.0,0.6165269534127019,0.3243342882357631,-0.1018662616176431,4.0,0.39724120221573556,2.0,0.4588721564278988,0.3547458884767798,-0.8236111880233535,-0.24138392608047277,-0.12513358530286697,-0.2723894262155908,0.05162017995018443,-0.2534538563454958,-0.11245481472977989,-0.1932852019348167,0.02240908188490475,-0.31879345141896936,-0.03463939107158807,0.13639075831622208,0.006860451401123062,-0.19222957420577835,-0.15994853169319473,0.6687239070451183,0.03842556942497718,-0.1260875363231372,-0.04374263358336489,-0.01893513675607534,0.1553894215823038,0.044543635259152316,-0.245554610693909,-0.013266325117866769,-0.04759630421141231,-0.01931465096571372,0.045636188445426246,0.0714345739098393,-0.0309049796700388,0.0,0.0,0.0,0.0,0.0,0.0,0.0,0.0,0.0,1.7736858278994247,1.2979093864458198,-0.4076631924869725,-0.4118848361014877,1.7522102229231915,1.959880949307719,-0.37217675427736874,-0.309524003646869,1.7072811988504413,2.0,-0.5788094427106963,2.551275178543153,2.0,2.0,1.811928369666947,3.503911004366462,1.7822997770584268,1.6957276221032678,2.0,2.0,2.4005435914021582,4.0,2.0,1.0,2.0,2.0,2.0,28.0,3.0,25.0,0.0,0.0,1.9280862644523733,2.099748984632103,4.0,257.0,0.43924285151143755,1.129485988937053,-0.5644031389593953,31.313482523160722,-1.1536694860508618,-5.631102704939053,1.164546952708155,0.17448895950185714,0.9797836271862305,-0.2780832539112545,-0.2360087194832542,-0.44690552019371643,0
452134,0.98008144,0.35921252,0.08,0.011477469205752985,0.09285701751129466,-0.3183874208628115,4.0,1.6787345293514715,0.6068286481287002,0.0016436696144532161,4.0,0.3343845187327368,3.0,0.45184674837337746,0.34336025772826007,1.6812676708746603,-0.05831150173173873,-0.08784154028166805,-0.03375612154109317,-0.062340524322016304,-0.19976591190589071,-0.054740438393388546,-0.037583061917741314,-0.06752170785191015,0.3815586243864183,-0.0680197629993893,-0.07337047749235032,-0.027858465556761643,0.050725457199494284,-0.06784360494568206,0.6767685916282076,0.6350325994988039,0.5447233326839035,0.0018289061232833396,0.010280585460501352,0.006355302869681298,0.01713067456504466,-0.012891464417170564,0.8717584597861557,0.5937128131453848,-0.007162757984947576,-0.002411479719195712,0.0023046825723884597,0.8500601298271304,2.0,1.0,1.0,1.0,1.0,1.0,1.0,1.0,1.0,-0.5689667286886158,-0.404187504176788,-0.3519774921541216,-0.35777986028502223,-0.53522515156853,-0.5502187881402827,-0.3707935310596436,-0.39680717933718035,-0.5525593145674326,0.0,-0.5350023347090886,-0.4152102060633559,0.0,0.0,-0.5680381240454098,-0.2952649655277731,-0.5590835656339408,-0.5585928290718603,0.0,0.0,-0.380593572548783,0.0,0.0,0.0,0.0,0.0,0.0,25.0,0.0,25.0,0.0,6.0,-0.3739013512540228,-0.39152915169550934,23.0,517.0,-1.5860739871375586,0.2719742174692888,-0.28136284461139016,-5.86938508101478,1.8966837854685057,-4.121528369864504,-0.0686735972128221,0.9383468267419558,-5.344931981425028,1.7424554047059626,3.9894691373720175,-0.05695081117366225,True,True,-0.3183874208628115,4.0,1.6787345293514715,0.6068286481287002,0.0016436696144532161,4.0,0.3343845187327368,3.0,0.45184674837337746,0.34336025772826007,1.6812676708746603,-0.05831150173173873,-0.08784154028166805,-0.03375612154109317,-0.062340524322016304,-0.19976591190589071,-0.054740438393388546,-0.037583061917741314,-0.06752170785191015,0.3815586243864183,-0.0680197629993893,-0.07337047749235032,-0.027858465556761643,0.050725457199494284,-0.06784360494568206,0.6767685916282076,0.6350325994988039,0.5447233326839035,0.0018289061232833396,0.010280585460501352,0.006355302869681298,0.01713067456504466,-0.012891464417170564,0.8717584597861557,0.5937128131453848,-0.007162757984947576,-0.002411479719195712,0.0023046825723884597,0.8500601298271304,2.0,1.0,1.0,1.0,1.0,1.0,1.0,1.0,1.0,-0.5689667286886158,-0.404187504176788,-0.3519774921541216,-0.35777986028502223,-0.53522515156853,-0.5502187881402827,-0.3707935310596436,-0.39680717933718035,-0.5525593145674326,0.0,-0.5350023347090886,-0.4152102060633559,0.0,0.0,-0.5680381240454098,-0.2952649655277731,-0.5590835656339408,-0.5585928290718603,0.0,0.0,-0.380593572548783,0.0,0.0,0.0,0.0,0.0,0.0,25.0,0.0,25.0,0.0,6.0,-0.3739013512540228,-0.39152915169550934,23.0,517.0,-1.5860739871375586,0.2719742174692888,-0.28136284461139016,-5.86938508101478,1.8966837854685057,-4.121528369864504,-0.0686735972128221,0.9383468267419558,-5.344931981425028,1.7424554047059626,3.9894691373720175,-0.05695081117366225,0
36827,0.81520694,0.27818137,0.18000000000000002,0.06325205919758363,0.5176261789527701,3.360567672137786,2.0,0.456867859404053,0.6598526336472729,-0.06458719388062027,4.0,0.2681148575050334,3.0,0.18344468196695013,0.33026765585857226,-0.6808986581011458,-0.11886182030616675,-0.05188978039264454,0.04962944714682846,-0.0010036401117278354,-0.11198794121241228,-0.11752069918784153,0.05443145837724196,-0.1758990394846235,-0.2640610516797293,-0.014334718877264285,-0.08574024573253615,-0.041472433677553946,-0.33781349977248826,-0.0902322318666277,0.5559832087251112,0.09616060776953542,-0.015173479606096517,-0.011998058215130732,0.13819159605661427,-0.03639595986785192,0.0098659357034968,-0.05750899194584354,-0.04328491494604513,0.0540470301974545,-0.14871133267120953,-0.00037417480015871594,-0.1282401389110028,-0.005966910890366114,0.0,0.0,0.0,0.0,0.0,0.0,0.0,0.0,0.0,1.6895804658156615,3.5621303750195787,-0.40877314807094295,-0.3324391284644562,1.7925957373828296,1.843206702598891,-0.32312810932237357,-0.46853771593680826,1.667784043080285,2.0,1.7962059959453092,2.698985516999572,2.0,2.0,1.7403589161465625,3.4039145524061576,1.8115333751896134,2.116390289014828,2.0,2.0,2.5582368685796797,3.0,2.0,1.0,1.0,1.0,2.0,15.0,3.0,15.0,3.0,5.0,2.969955665764648,2.8557007210608645,22.0,304.0,-1.5493918632792414,0.6419165057286713,1.8118699090461545,31.211964498185388,-1.2838828257610102,-5.312840683607933,1.1611832302541276,0.07443716033611444,1.0285905983660018,-0.12101437445340882,-0.1522123831801861,-0.5061337764754011,True,True,3.360567672137786,2.0,0.456867859404053,0.6598526336472729,-0.06458719388062027,4.0,0.2681148575050334,3.0,0.18344468196695013,0.33026765585857226,-0.6808986581011458,-0.11886182030616675,-0.05188978039264454,0.04962944714682846,-0.0010036401117278354,-0.11198794121241228,-0.11752069918784153,0.05443145837724196,-0.1758990394846235,-0.2640610516797293,-0.014334718877264285,-0.08574024573253615,-0.041472433677553946,-0.33781349977248826,-0.0902322318666277,0.5559832087251112,0.09616060776953542,-0.015173479606096517,-0.011998058215130732,0.13819159605661427,-0.03639595986785192,0.0098659357034968,-0.05750899194584354,-0.04328491494604513,0.0540470301974545,-0.14871133267120953,-0.00037417480015871594,-0.1282401389110028,-0.005966910890366114,0.0,0.0,0.0,0.0,0.0,0.0,0.0,0.0,0.0,1.6895804658156615,3.5621303750195787,-0.40877314807094295,-0.3324391284644562,1.7925957373828296,1.843206702598891,-0.32312810932237357,-0.46853771593680826,1.667784043080285,2.0,1.7962059959453092,2.698985516999572,2.0,2.0,1.7403589161465625,3.4039145524061576,1.8115333751896134,2.116390289014828,2.0,2.0,2.5582368685796797,3.0,2.0,1.0,1.0,1.0,2.0,15.0,3.0,15.0,3.0,5.0,2.969955665764648,2.8557007210608645,22.0,304.0,-1.5493918632792414,0.6419165057286713,1.8118699090461545,31.211964498185388,-1.2838828257610102,-5.312840683607933,1.1611832302541276,0.07443716033611444,1.0285905983660018,-0.12101437445340882,-0.1522123831801861,-0.5061337764754011,0
424414,0.72080594,0.16047078,0.01,0.0025521382703821843,0.019735999969380094,-0.2897531981624713,4.0,0.551597581055026,-1.0170606911693512,-0.0030106435761176687,4.0,-0.22371424755834962,3.0,0.3697966153506583,0.3570115189510787,0.9330932198848341,-0.09116107596989946,-0.08116884013660028,-0.033305316062619016,-0.05909176605909914,-0.22149349278518743,-0.07211585540059356,-0.04804038751904703,-0.05391798353504426,-0.1524593625480834,-0.05157305311199525,-0.08833707674326752,-0.04605790739612477,-0.21569039165125653,-0.12813581097686907,0.6091734037771934,0.6084777534238179,0.5454439840789588,0.530392238272485,0.0032011383336385457,-0.0002125710158559472,0.0012251940120292172,0.001418025457073305,0.5326906642564454,0.6433252511256785,0.0023045322051262027,-0.003190014018568019,-0.0025840572509506134,0.5295250219044254,2.0,2.0,1.0,2.0,2.0,1.0,0.0,0.0,0.0,-0.5720586175213674,-0.39175922607110797,-0.35905553320747546,-0.358252055692057,-0.553001235100919,-0.5596826849552854,-0.3855453360000036,-0.38076140664445046,-0.5612585674362832,0.0,-0.5255387416984513,-0.3960757386677595,0.0,0.0,-0.5572443677751254,-0.29004348279677744,-0.5550880564621925,-0.5619614483296728,0.0,0.0,-0.39164716852217296,0.0,0.0,0.0,0.0,0.0,0.0,15.0,3.0,25.0,0.0,6.0,-0.3702558003141265,-0.3762523608907645,23.0,517.0,0.46284732647982224,-1.5514422915248656,-0.27095527683191767,-7.5309132520725175,0.2766654635853885,-0.580488439851389,0.21196458659077924,0.0815437317745229,2.2388348818686565,0.1755512158431596,1.143601779152429,-0.5916867716618022,True,True,-0.2897531981624713,4.0,0.551597581055026,-1.0170606911693512,-0.0030106435761176687,4.0,-0.22371424755834962,3.0,0.3697966153506583,0.3570115189510787,0.9330932198848341,-0.09116107596989946,-0.08116884013660028,-0.033305316062619016,-0.05909176605909914,-0.22149349278518743,-0.07211585540059356,-0.04804038751904703,-0.05391798353504426,-0.1524593625480834,-0.05157305311199525,-0.08833707674326752,-0.04605790739612477,-0.21569039165125653,-0.12813581097686907,0.6091734037771934,0.6084777534238179,0.5454439840789588,0.530392238272485,0.0032011383336385457,-0.0002125710158559472,0.0012251940120292172,0.001418025457073305,0.5326906642564454,0.6433252511256785,0.0023045322051262027,-0.003190014018568019,-0.0025840572509506134,0.5295250219044254,2.0,2.0,1.0,2.0,2.0,1.0,0.0,0.0,0.0,-0.5720586175213674,-0.39175922607110797,-0.35905553320747546,-0.358252055692057,-0.553001235100919,-0.5596826849552854,-0.3855453360000036,-0.38076140664445046,-0.5612585674362832,0.0,-0.5255387416984513,-0.3960757386677595,0.0,0.0,-0.5572443677751254,-0.29004348279677744,-0.5550880564621925,-0.5619614483296728,0.0,0.0,-0.39164716852217296,0.0,0.0,0.0,0.0,0.0,0.0,15.0,3.0,25.0,0.0,6.0,-0.3702558003141265,-0.3762523608907645,23.0,517.0,0.46284732647982224,-1.5514422915248656,-0.27095527683191767,-7.5309132520725175,0.2766654635853885,-0.580488439851389,0.21196458659077924,0.0815437317745229,2.2388348818686565,0.1755512158431596,1.143601779152429,-0.5916867716618022,0
173648,0.9729767,0.4581962,0.09999999999999999,0.01672075323499393,0.11770832168432917,-0.33893001989693344,4.0,-1.408976878035114,-1.0219971763941504,-0.02086068892145578,3.0,-0.8157239565803822,2.0,0.13558469357776487,0.37048859693213737,2.563021341329171,-0.094208613541442,-0.08230483385609906,-0.02766437980270523,-0.07265421642832579,-0.20575528962003317,-0.07445942183809227,-0.05980087103732453,-0.06065867395822728,-0.02409659708172751,-0.06403517331868457,-0.0981587459916296,-0.05869643863641498,-0.03122945653943676,-0.128949132683034,0.7119199145984876,0.7122239223217277,0.5539170478597433,0.518019340178304,0.02612243898841762,0.002493681169656593,-0.0010140301993365138,-0.026169582447535266,0.7944704285347786,0.6943432392180544,0.011135801426022742,-0.01944014221817743,0.0015323475543679277,0.807624821059611,2.0,1.0,1.0,1.0,1.0,2.0,0.0,0.0,0.0,-0.5597717492134434,-0.39098815124812475,-0.3697979001606635,-0.34980983563486856,-0.5471950835501199,-0.603329955701949,-0.38954418460763846,-0.3712550473130962,-0.551490901556437,0.0,-0.5144535015275759,-0.3483000597956184,0.0,0.0,-0.5490859049869043,-0.26789915388183155,-0.5643174019609585,-0.5664169143987184,0.0,0.0,-0.39879301872540346,0.0,0.0,0.0,0.0,0.0,0.0,15.0,3.0,25.0,0.0,6.0,-0.3583997961396056,-0.36340097207002015,23.0,517.0,1.479081247031404,-1.6721272599054704,-1.021765548876636,-7.537404701507823,1.1564901164953922,-0.5320820594190179,-0.10348492211847614,0.6465194463202739,2.24473256163137,0.025406693659754353,1.3888946969597682,0.051508783057148344,True,True,-0.33893001989693344,4.0,-1.408976878035114,-1.0219971763941504,-0.02086068892145578,3.0,-0.8157239565803822,2.0,0.13558469357776487,0.37048859693213737,2.563021341329171,-0.094208613541442,-0.08230483385609906,-0.02766437980270523,-0.07265421642832579,-0.20575528962003317,-0.07445942183809227,-0.05980087103732453,-0.06065867395822728,-0.02409659708172751,-0.06403517331868457,-0.0981587459916296,-0.05869643863641498,-0.03122945653943676,-0.128949132683034,0.7119199145984876,0.7122239223217277,0.5539170478597433,0.518019340178304,0.02612243898841762,0.002493681169656593,-0.0010140301993365138,-0.026169582447535266,0.7944704285347786,0.6943432392180544,0.011135801426022742,-0.01944014221817743,0.0015323475543679277,0.807624821059611,2.0,1.0,1.0,1.0,1.0,2.0,0.0,0.0,0.0,-0.5597717492134434,-0.39098815124812475,-0.3697979001606635,-0.34980983563486856,-0.5471950835501199,-0.603329955701949,-0.38954418460763846,-0.3712550473130962,-0.551490901556437,0.0,-0.5144535015275759,-0.3483000597956184,0.0,0.0,-0.5490859049869043,-0.26789915388183155,-0.5643174019609585,-0.5664169143987184,0.0,0.0,-0.39879301872540346,0.0,0.0,0.0,0.0,0.0,0.0,15.0,3.0,25.0,0.0,6.0,-0.3583997961396056,-0.36340097207002015,23.0,517.0,1.479081247031404,-1.6721272599054704,-1.021765548876636,-7.537404701507823,1.1564901164953922,-0.5320820594190179,-0.10348492211847614,0.6465194463202739,2.24473256163137,0.025406693659754353,1.3888946969597682,0.051508783057148344,0
338207,0.91409343,0.48173934,0.05,0.006265852597583031,0.0544889377373291,1.6967273923820483,4.0,-1.445919434023111,0.6401878049196823,-0.007440809501221293,4.0,0.04084766178752748,3.0,0.39476172980306484,0.3587024525820216,0.9428517077950955,-0.10016468626774931,-0.08123584086452929,-0.050558507673324524,-0.06610195867751004,-0.1362035439284806,-0.07941038736835737,-0.03552331496433102,-0.049071095636813875,-0.21446546720912432,-0.04450419992055917,-0.08968346615707178,-0.055015644078561306,-0.19698119478098622,-0.14053489008393466,0.8505500327463726,0.8592170363477832,0.5533145609241273,0.6133369010761777,0.5604592179557015,0.0019469657306978416,0.0014701660318900802,0.0022199855062617446,0.7651296134149218,0.7950265912811042,0.0001797568290479908,-0.008766088903077913,0.002812939626595375,0.7428300236617439,2.0,2.0,2.0,0.0,0.0,2.0,1.0,1.0,2.0,-0.5757562922173285,-0.3837375501113215,-0.35006415049711603,-0.3577027970981222,-0.5488393340803708,-0.5501468983148512,-0.3807588999395216,-0.3845703532728388,-0.551894933115726,0.0,-0.5266604868295965,-0.3987812080147963,0.0,0.0,-0.5528202481080644,-0.2947811822473127,-0.5532956884728331,-0.5547913913789748,0.0,0.0,-0.39421192544648226,0.0,0.0,0.0,0.0,0.0,0.0,15.0,3.0,25.0,0.0,6.0,-0.3747649565690149,-0.377051245696177,23.0,517.0,0.4591093308535859,-1.8148269474989644,-0.5110758052900446,-7.5456517654994695,0.9683753206484973,-0.5319470545873481,0.05538386974803375,0.2514354714882565,2.2817031697115264,0.45006842169361505,1.7673066941390987,1.557972466726908,True,True,1.6967273923820483,4.0,-1.445919434023111,0.6401878049196823,-0.007440809501221293,4.0,0.04084766178752748,3.0,0.39476172980306484,0.3587024525820216,0.9428517077950955,-0.10016468626774931,-0.08123584086452929,-0.050558507673324524,-0.06610195867751004,-0.1362035439284806,-0.07941038736835737,-0.03552331496433102,-0.049071095636813875,-0.21446546720912432,-0.04450419992055917,-0.08968346615707178,-0.055015644078561306,-0.19698119478098622,-0.14053489008393466,0.8505500327463726,0.8592170363477832,0.5533145609241273,0.6133369010761777,0.5604592179557015,0.0019469657306978416,0.0014701660318900802,0.0022199855062617446,0.7651296134149218,0.7950265912811042,0.0001797568290479908,-0.008766088903077913,0.002812939626595375,0.7428300236617439,2.0,2.0,2.0,0.0,0.0,2.0,1.0,1.0,2.0,-0.5757562922173285,-0.3837375501113215,-0.35006415049711603,-0.3577027970981222,-0.5488393340803708,-0.5501468983148512,-0.3807588999395216,-0.3845703532728388,-0.551894933115726,0.0,-0.5266604868295965,-0.3987812080147963,0.0,0.0,-0.5528202481080644,-0.2947811822473127,-0.5532956884728331,-0.5547913913789748,0.0,0.0,-0.39421192544648226,0.0,0.0,0.0,0.0,0.0,0.0,15.0,3.0,25.0,0.0,6.0,-0.3747649565690149,-0.377051245696177,23.0,517.0,0.4591093308535859,-1.8148269474989644,-0.5110758052900446,-7.5456517654994695,0.9683753206484973,-0.5319470545873481,0.05538386974803375,0.2514354714882565,2.2817031697115264,0.45006842169361505,1.7673066941390987,1.557972466726908,0
281751,0.99703836,0.19200338,0.21000000000000002,0.0982356594956918,0.6974704344163504,-0.5534819865796569,0.0,-1.392085512828814,0.22390785059871654,0.714143168910188,3.0,0.24302875986434086,3.0,-2.754935933598774,-2.8062463600885104,-0.778099550344337,0.02072965487319291,0.18389219870296403,0.01667083730148993,-0.1341255477412384,-0.31667511912286317,-0.08985518531548929,0.058003502770408485,0.18975221127546993,-0.2699107982963839,-0.03451157105498301,-0.07350040425693449,0.028860715115466888,-0.1595336071007994,-0.05924088149586816,0.5293019936512029,-0.006225389150854036,0.6024637893143735,0.6565458353094781,0.555642665982442,0.45180888720098933,0.47575659170416373,1.101308751827614,0.5441837334514913,0.011666276801866096,0.529473319235492,0.6073155054219712,0.5293707800667798,0.5181570590320473,0.0,0.0,0.0,3.0,0.0,0.0,0.0,0.0,0.0,1.8545988991905287,1.5348462115654375,2.7603647108563156,2.6574258090165754,1.9068025937718742,1.9793536704004138,2.6806260626456697,2.486944733128578,1.768800007591501,2.0,1.7230131429127034,-0.44597169460500347,1.0,1.0,1.9773628700247257,-0.20994319077492168,1.537087104387912,1.656585160593574,1.0,1.0,-0.42698389723727487,0.0,1.0,1.0,2.0,1.0,2.0,15.0,3.0,15.0,3.0,6.0,-0.37865229026493313,-0.4731296369141143,4.0,370.0,-1.0561792373515813,-1.0134667642792565,-0.6138726154460404,9.890428175649458,-2.6751314871881164,16.018763475547814,-0.6520307671928764,0.046858813164976906,-2.1374941958671703,0.25689209368533655,0.5992784110822245,-0.3240032820949862,True,True,-0.5534819865796569,0.0,-1.392085512828814,0.22390785059871654,0.714143168910188,3.0,0.24302875986434086,3.0,-2.754935933598774,-2.8062463600885104,-0.778099550344337,0.02072965487319291,0.18389219870296403,0.01667083730148993,-0.1341255477412384,-0.31667511912286317,-0.08985518531548929,0.058003502770408485,0.18975221127546993,-0.2699107982963839,-0.03451157105498301,-0.07350040425693449,0.028860715115466888,-0.1595336071007994,-0.05924088149586816,0.5293019936512029,-0.006225389150854036,0.6024637893143735,0.6565458353094781,0.555642665982442,0.45180888720098933,0.47575659170416373,1.101308751827614,0.5441837334514913,0.011666276801866096,0.529473319235492,0.6073155054219712,0.5293707800667798,0.5181570590320473,0.0,0.0,0.0,3.0,0.0,0.0,0.0,0.0,0.0,1.8545988991905287,1.5348462115654375,2.7603647108563156,2.6574258090165754,1.9068025937718742,1.9793536704004138,2.6806260626456697,2.486944733128578,1.768800007591501,2.0,1.7230131429127034,-0.44597169460500347,1.0,1.0,1.9773628700247257,-0.20994319077492168,1.537087104387912,1.656585160593574,1.0,1.0,-0.42698389723727487,0.0,1.0,1.0,2.0,1.0,2.0,15.0,3.0,15.0,3.0,6.0,-0.37865229026493313,-0.4731296369141143,4.0,370.0,-1.0561792373515813,-1.0134667642792565,-0.6138726154460404,9.890428175649458,-2.6751314871881164,16.018763475547814,-0.6520307671928764,0.046858813164976906,-2.1374941958671703,0.25689209368533655,0.5992784110822245,-0.3240032820949862,0
566658,0.9896842,0.021146199,0.13,0.028378895023486856,0.24048645745573033,-0.6206849579274826,3.0,1.571929837799678,0.4798236490658442,-0.005803354000077242,3.0,-0.5028619948899624,2.0,0.06171420487677272,0.3341396435005796,-0.7862384191167516,-0.11181683503267059,-0.09544266304958857,-0.03385767808386343,-0.051615825242090754,-0.21284453525928307,-0.14351158507109532,-0.09026005237687108,-0.004775546186899668,-0.23638468919791078,-0.07606044788701016,-0.10270139533016709,-0.0986061012373338,-0.23982600639542775,-0.14098478368370665,0.6590063827635007,0.040902512526331106,-0.03495779733532833,-0.041147136998539564,0.06354144435198585,0.007099281753856793,0.47929592945661736,0.9849638552332611,0.03105770145964472,-0.007749138770675448,0.018023566007758857,0.0020690979876520693,0.01570184000333944,-0.06422215168957511,0.0,0.0,0.0,0.0,0.0,0.0,0.0,0.0,0.0,1.542775611891458,0.2837521628291426,2.778061594123933,2.777795680988144,1.8358093985910209,1.7586809627959108,2.604004343513388,2.5682930516647087,1.7620146506350438,2.0,1.8584794068097383,4.014018185590656,1.0,1.0,1.7311000331690964,3.4773161688243586,1.4622974094839258,2.102686426293028,1.0,1.0,2.536999362713803,4.0,2.0,1.0,2.0,2.0,1.0,25.0,0.0,15.0,3.0,3.0,2.3310210289972813,2.351275523445342,4.0,1090.0,1.48011987863263,-0.23524629428327762,-0.0669044409494545,31.516069758383242,-1.0825194971301744,-5.10693758468292,1.0450583618587743,0.02562387205651375,1.0360496721669008,-0.004640065644634213,0.16956194468454278,0.29300181400586656,True,True,-0.6206849579274826,3.0,1.571929837799678,0.4798236490658442,-0.005803354000077242,3.0,-0.5028619948899624,2.0,0.06171420487677272,0.3341396435005796,-0.7862384191167516,-0.11181683503267059,-0.09544266304958857,-0.03385767808386343,-0.051615825242090754,-0.21284453525928307,-0.14351158507109532,-0.09026005237687108,-0.004775546186899668,-0.23638468919791078,-0.07606044788701016,-0.10270139533016709,-0.0986061012373338,-0.23982600639542775,-0.14098478368370665,0.6590063827635007,0.040902512526331106,-0.03495779733532833,-0.041147136998539564,0.06354144435198585,0.007099281753856793,0.47929592945661736,0.9849638552332611,0.03105770145964472,-0.007749138770675448,0.018023566007758857,0.0020690979876520693,0.01570184000333944,-0.06422215168957511,0.0,0.0,0.0,0.0,0.0,0.0,0.0,0.0,0.0,1.542775611891458,0.2837521628291426,2.778061594123933,2.777795680988144,1.8358093985910209,1.7586809627959108,2.604004343513388,2.5682930516647087,1.7620146506350438,2.0,1.8584794068097383,4.014018185590656,1.0,1.0,1.7311000331690964,3.4773161688243586,1.4622974094839258,2.102686426293028,1.0,1.0,2.536999362713803,4.0,2.0,1.0,2.0,2.0,1.0,25.0,0.0,15.0,3.0,3.0,2.3310210289972813,2.351275523445342,4.0,1090.0,1.48011987863263,-0.23524629428327762,-0.0669044409494545,31.516069758383242,-1.0825194971301744,-5.10693758468292,1.0450583618587743,0.02562387205651375,1.0360496721669008,-0.004640065644634213,0.16956194468454278,0.29300181400586656,0
431724,0.97990155,0.23306888,0.12,0.02389616287845446,0.23252971965335664,-0.1466630229682343,4.0,0.7676145937195451,1.0608019441590644,0.019862911582395813,4.0,0.35978007716404703,3.0,0.8226490424434718,0.3532734773587638,1.3684557410784175,-0.07565522908425584,-0.029884050005096967,-0.06229117833312349,-0.025037226772894293,-0.19529830718452257,-0.16107476769525855,-0.03410064724110598,-0.026908995786472798,-0.02190206886449731,-0.05845302413952823,-0.09885797159920064,-0.051550842395427544,-0.08448990708891838,-0.1048010612202591,0.6585389943158008,0.640021767799841,0.5610232045158048,0.6303137977679154,0.508016595112556,-0.07135898888333836,-0.041362866045596275,0.027912232843558295,0.5654916816848418,0.01917986296882553,0.000878259791440633,0.029971311534649745,-0.01631024697230136,0.5177436380962515,2.0,1.0,1.0,2.0,1.0,1.0,1.0,1.0,1.0,-0.5783314389217364,-0.37592795745384655,-0.360539260190407,-0.3957743294780071,-0.5755020773769915,-0.5780248566377619,-0.34649877733023404,-0.3545671521822196,-0.5506469266792365,0.0,-0.5338584208820518,-0.3757078443244859,0.0,0.0,-0.6040786345845599,-0.30588481231278114,-0.5325850955489986,-0.5830219365240562,0.0,0.0,-0.40961834046809736,0.0,0.0,0.0,0.0,0.0,0.0,2.0,3.0,25.0,0.0,6.0,-0.32670131747141135,-0.3848334536669915,23.0,517.0,1.5039179832850649,0.5356788500082864,-0.29028292601107974,-6.616870112210785,0.7568931527984661,0.3530632035165016,0.013386519985337925,0.4944685223263156,0.6440225765792312,1.123881715815408,-4.591284003221226,1.9118569492004547,True,True,-0.1466630229682343,4.0,0.7676145937195451,1.0608019441590644,0.019862911582395813,4.0,0.35978007716404703,3.0,0.8226490424434718,0.3532734773587638,1.3684557410784175,-0.07565522908425584,-0.029884050005096967,-0.06229117833312349,-0.025037226772894293,-0.19529830718452257,-0.16107476769525855,-0.03410064724110598,-0.026908995786472798,-0.02190206886449731,-0.05845302413952823,-0.09885797159920064,-0.051550842395427544,-0.08448990708891838,-0.1048010612202591,0.6585389943158008,0.640021767799841,0.5610232045158048,0.6303137977679154,0.508016595112556,-0.07135898888333836,-0.041362866045596275,0.027912232843558295,0.5654916816848418,0.01917986296882553,0.000878259791440633,0.029971311534649745,-0.01631024697230136,0.5177436380962515,2.0,1.0,1.0,2.0,1.0,1.0,1.0,1.0,1.0,-0.5783314389217364,-0.37592795745384655,-0.360539260190407,-0.3957743294780071,-0.5755020773769915,-0.5780248566377619,-0.34649877733023404,-0.3545671521822196,-0.5506469266792365,0.0,-0.5338584208820518,-0.3757078443244859,0.0,0.0,-0.6040786345845599,-0.30588481231278114,-0.5325850955489986,-0.5830219365240562,0.0,0.0,-0.40961834046809736,0.0,0.0,0.0,0.0,0.0,0.0,2.0,3.0,25.0,0.0,6.0,-0.32670131747141135,-0.3848334536669915,23.0,517.0,1.5039179832850649,0.5356788500082864,-0.29028292601107974,-6.616870112210785,0.7568931527984661,0.3530632035165016,0.013386519985337925,0.4944685223263156,0.6440225765792312,1.123881715815408,-4.591284003221226,1.9118569492004547,0
510591,0.9787771,0.23972608,0.09,0.013888290969627364,0.09545787584753325,-0.6589714511424234,0.0,1.3086868720879279,-0.9291061358084789,0.5948517363400653,4.0,0.32283613133574224,2.0,-2.7334738608464586,-2.793338025894076,-0.7495343337916713,-0.061860361029934335,-0.06117700578551366,-0.03409656485867327,-0.03450760277411024,-0.21285869168143143,-0.08855493570915468,0.002682833935325212,0.005871065674090757,-0.2816242164450283,0.01395174921033491,-0.09280276658829058,-0.016834210345733333,-0.2239890198305558,-0.12634800163253648,0.6194503878306039,0.6237164488914699,0.5545447589946373,0.5361290328104886,0.012054566795538848,0.5515809265777475,0.004261751769912964,-0.00017939984081316931,0.5414477485863033,-0.005705927168961263,0.6063016346990917,0.5397544544773162,0.5320244220088561,0.5593445472185795,0.0,0.0,0.0,3.0,0.0,0.0,0.0,0.0,0.0,1.7620710958154413,0.7018705297394009,-0.36890764982896945,-0.356340571834874,1.764363754796077,1.8183498431307377,-0.38024844901198934,-0.3971984800436771,1.7839053942758505,2.0,1.9258823347729441,-0.3982109393842148,2.0,2.0,1.8456917497088658,3.5097683118614302,2.1576258000151407,1.6076969021295062,2.0,2.0,-0.39095030887469506,0.0,1.0,1.0,2.0,1.0,2.0,17.0,3.0,17.0,3.0,6.0,-0.36056709006173926,-0.38471983167081925,4.0,733.0,-1.5932764219124895,0.5624085838458793,-0.03165736225497265,9.511702612495244,-2.532384737998148,15.859960881006355,-0.6062451780332964,0.4739948499575382,-2.1086754565041606,0.4002632166072243,0.5034246010332531,-0.4910974686345028,True,True,-0.6589714511424234,0.0,1.3086868720879279,-0.9291061358084789,0.5948517363400653,4.0,0.32283613133574224,2.0,-2.7334738608464586,-2.793338025894076,-0.7495343337916713,-0.061860361029934335,-0.06117700578551366,-0.03409656485867327,-0.03450760277411024,-0.21285869168143143,-0.08855493570915468,0.002682833935325212,0.005871065674090757,-0.2816242164450283,0.01395174921033491,-0.09280276658829058,-0.016834210345733333,-0.2239890198305558,-0.12634800163253648,0.6194503878306039,0.6237164488914699,0.5545447589946373,0.5361290328104886,0.012054566795538848,0.5515809265777475,0.004261751769912964,-0.00017939984081316931,0.5414477485863033,-0.005705927168961263,0.6063016346990917,0.5397544544773162,0.5320244220088561,0.5593445472185795,0.0,0.0,0.0,3.0,0.0,0.0,0.0,0.0,0.0,1.7620710958154413,0.7018705297394009,-0.36890764982896945,-0.356340571834874,1.764363754796077,1.8183498431307377,-0.38024844901198934,-0.3971984800436771,1.7839053942758505,2.0,1.9258823347729441,-0.3982109393842148,2.0,2.0,1.8456917497088658,3.5097683118614302,2.1576258000151407,1.6076969021295062,2.0,2.0,-0.39095030887469506,0.0,1.0,1.0,2.0,1.0,2.0,17.0,3.0,17.0,3.0,6.0,-0.36056709006173926,-0.38471983167081925,4.0,733.0,-1.5932764219124895,0.5624085838458793,-0.03165736225497265,9.511702612495244,-2.532384737998148,15.859960881006355,-0.6062451780332964,0.4739948499575382,-2.1086754565041606,0.4002632166072243,0.5034246010332531,-0.4910974686345028,0
407195,0.9977823,0.49091706,0.22,0.11308859038292954,0.8077971305755304,-0.228046986328621,0.0,-1.060044506139174,0.029845211083792247,0.6578983620265343,3.0,0.3361841733534264,3.0,-2.8615246284309204,-2.859800966952497,-0.8362678811136597,2.159624849465719,3.693381256549395,0.020683885923037805,1.150795135259414,-0.2298946435132026,1.1637958751167152,1.3355012329507068,1.1085743759384674,-0.37917894174894407,1.1067402499315122,1.4487346664987117,1.4998337770218277,-0.0976725718279446,-0.0866600716930632,0.7215016969111447,0.07050783635837712,0.08771916112118756,0.5052550542515349,0.4687205777937462,0.6694406261141125,0.4680904017778409,1.1658225019727189,0.6963808127865203,0.005520422341326386,0.6586923166277484,-0.06476715365551444,0.41943455716254274,0.940541608761289,0.0,0.0,0.0,3.0,0.0,0.0,0.0,0.0,0.0,1.6298605595063862,3.480954160475118,2.7695309225608384,2.6989063163895812,1.7029856657626106,1.8629231750873545,2.5904309894940374,2.6166107364391413,1.6179666811243072,2.0,1.868448343658785,-0.12420674350806976,1.0,1.0,1.8773238220799389,-0.17929645512564446,1.714555902819299,2.155145401211689,1.0,1.0,-0.35629698995475195,0.0,1.0,1.0,2.0,1.0,1.0,17.0,3.0,17.0,3.0,6.0,-0.5275967645324757,-0.32313282697079154,4.0,338.0,0.8640546821827838,0.9590165618301387,-0.4994277936476157,14.504979356213962,-2.5411412236501683,12.563700323804483,0.3760457797594137,0.022078230639341223,1.1895299697434227,0.10262903113589177,0.6694523546536557,0.08437659737697778,True,True,-0.228046986328621,0.0,-1.060044506139174,0.029845211083792247,0.6578983620265343,3.0,0.3361841733534264,3.0,-2.8615246284309204,-2.859800966952497,-0.8362678811136597,2.159624849465719,3.693381256549395,0.020683885923037805,1.150795135259414,-0.2298946435132026,1.1637958751167152,1.3355012329507068,1.1085743759384674,-0.37917894174894407,1.1067402499315122,1.4487346664987117,1.4998337770218277,-0.0976725718279446,-0.0866600716930632,0.7215016969111447,0.07050783635837712,0.08771916112118756,0.5052550542515349,0.4687205777937462,0.6694406261141125,0.4680904017778409,1.1658225019727189,0.6963808127865203,0.005520422341326386,0.6586923166277484,-0.06476715365551444,0.41943455716254274,0.940541608761289,0.0,0.0,0.0,3.0,0.0,0.0,0.0,0.0,0.0,1.6298605595063862,3.480954160475118,2.7695309225608384,2.6989063163895812,1.7029856657626106,1.8629231750873545,2.5904309894940374,2.6166107364391413,1.6179666811243072,2.0,1.868448343658785,-0.12420674350806976,1.0,1.0,1.8773238220799389,-0.17929645512564446,1.714555902819299,2.155145401211689,1.0,1.0,-0.35629698995475195,0.0,1.0,1.0,2.0,1.0,1.0,17.0,3.0,17.0,3.0,6.0,-0.5275967645324757,-0.32313282697079154,4.0,338.0,0.8640546821827838,0.9590165618301387,-0.4994277936476157,14.504979356213962,-2.5411412236501683,12.563700323804483,0.3760457797594137,0.022078230639341223,1.1895299697434227,0.10262903113589177,0.6694523546536557,0.08437659737697778,0
203993,0.9950754,0.47425246,0.17,0.05427181375432048,0.4543693764168227,1.3603308468488795,2.0,1.6611636686975673,-1.0226209556060304,-0.0855311258699751,4.0,0.02223008224782356,2.0,0.33647777800928524,0.40195280292465746,-0.7458399324007184,-0.07724914842736487,-0.03611143870487718,-0.013975185930392,-0.0451206934490334,-0.2055805047470389,-0.17694738804340415,-0.004948666028605574,0.011836977983762799,-0.23691141735445287,-0.052942469361320285,-0.18725810843392332,-0.08108140984798144,-0.16300733620852365,-0.12614839693951752,0.5490939874479387,0.026695351304491487,-0.02872441827812935,-0.09932757043482036,0.07636772859992601,-0.026347212873965173,0.45865688081496736,0.9793581950360847,-0.023244243591568296,0.015359792150275452,0.04628038925549222,0.07708981289051596,0.025101012361567976,0.061630819272051586,0.0,0.0,0.0,0.0,0.0,0.0,0.0,0.0,0.0,1.6607602034467033,1.1401741903562217,2.8199394272507874,2.677032232353389,1.8040290889650124,1.7007152074472769,2.5075373666430023,2.676744553911389,1.7029175770031586,2.0,2.034096465592075,1.8441560227734957,1.0,1.0,1.665857975832399,3.4868469630266476,1.6698791370566226,1.5149900684322304,1.0,1.0,2.5809339505092512,4.0,2.0,1.0,2.0,1.0,2.0,15.0,3.0,15.0,3.0,0.0,2.083342920691523,2.034278851547422,4.0,474.0,-0.030005768108729843,-1.8057950656983974,-1.106623332434659,31.329546571792335,-1.15013649649246,-5.241161428031231,1.1485636216198962,-0.014432729627166033,1.0019801419435814,-0.1440705394506138,-0.07378856740095677,-0.27049224213468326,True,True,1.3603308468488795,2.0,1.6611636686975673,-1.0226209556060304,-0.0855311258699751,4.0,0.02223008224782356,2.0,0.33647777800928524,0.40195280292465746,-0.7458399324007184,-0.07724914842736487,-0.03611143870487718,-0.013975185930392,-0.0451206934490334,-0.2055805047470389,-0.17694738804340415,-0.004948666028605574,0.011836977983762799,-0.23691141735445287,-0.052942469361320285,-0.18725810843392332,-0.08108140984798144,-0.16300733620852365,-0.12614839693951752,0.5490939874479387,0.026695351304491487,-0.02872441827812935,-0.09932757043482036,0.07636772859992601,-0.026347212873965173,0.45865688081496736,0.9793581950360847,-0.023244243591568296,0.015359792150275452,0.04628038925549222,0.07708981289051596,0.025101012361567976,0.061630819272051586,0.0,0.0,0.0,0.0,0.0,0.0,0.0,0.0,0.0,1.6607602034467033,1.1401741903562217,2.8199394272507874,2.677032232353389,1.8040290889650124,1.7007152074472769,2.5075373666430023,2.676744553911389,1.7029175770031586,2.0,2.034096465592075,1.8441560227734957,1.0,1.0,1.665857975832399,3.4868469630266476,1.6698791370566226,1.5149900684322304,1.0,1.0,2.5809339505092512,4.0,2.0,1.0,2.0,1.0,2.0,15.0,3.0,15.0,3.0,0.0,2.083342920691523,2.034278851547422,4.0,474.0,-0.030005768108729843,-1.8057950656983974,-1.106623332434659,31.329546571792335,-1.15013649649246,-5.241161428031231,1.1485636216198962,-0.014432729627166033,1.0019801419435814,-0.1440705394506138,-0.07378856740095677,-0.27049224213468326,0
235575,0.98678863,0.41098854,0.11,0.020034599671098444,0.18267323699788085,-0.9048959545988664,0.0,-0.8397368109864511,0.2592571000600806,0.5810582507187638,3.0,0.34019085653972014,3.0,-2.737362178993717,-2.8294683392168456,-0.7317412649237122,-0.045319863824257116,0.020101281568618914,-0.03863402061375119,-0.07347717112753094,-0.23430260187212143,-0.0724963406405329,-0.02270865588156682,0.029874397199867633,-0.26173812159621945,-0.01684942521694143,-0.09028426474460778,0.008476453883464722,-0.22411264216516416,-0.14200481023833048,0.6157562796754903,0.0014936741067088958,0.552554565236904,0.6074852876823845,0.5410579480892398,0.5728890391934085,-0.005847718106217853,-0.005051908804010756,0.5415336466023085,-0.0005790603632108146,0.6620067784662624,-0.008836642924147703,-0.016953082855772867,0.5755460692534418,0.0,0.0,0.0,1.0,0.0,0.0,0.0,0.0,0.0,-0.5590816652736968,-0.3423171040884978,-0.32980380748332344,-0.34851217318235744,-0.5272184149493857,-0.5505562433052806,-0.37294674131224864,-0.3457962112827838,-0.5580168409476949,0.0,-0.5364185009981068,-0.37574089737827676,0.0,0.0,-0.5726490869618254,-0.2637475586071741,-0.5491935957415947,-0.5614162189474244,0.0,0.0,-0.3966751066071848,0.0,0.0,0.0,0.0,0.0,0.0,17.0,3.0,17.0,3.0,6.0,-0.3565142969843134,-0.3682250160299714,23.0,517.0,1.4893117246492358,-1.05980163802278,-0.7329264291007073,-6.595495215323099,-0.1216831818992673,0.3433048592059425,0.12244093173606284,0.10121564234619694,0.333355663365378,-0.9103758321551444,-4.315777652159114,1.4683444578460643,True,True,-0.9048959545988664,0.0,-0.8397368109864511,0.2592571000600806,0.5810582507187638,3.0,0.34019085653972014,3.0,-2.737362178993717,-2.8294683392168456,-0.7317412649237122,-0.045319863824257116,0.020101281568618914,-0.03863402061375119,-0.07347717112753094,-0.23430260187212143,-0.0724963406405329,-0.02270865588156682,0.029874397199867633,-0.26173812159621945,-0.01684942521694143,-0.09028426474460778,0.008476453883464722,-0.22411264216516416,-0.14200481023833048,0.6157562796754903,0.0014936741067088958,0.552554565236904,0.6074852876823845,0.5410579480892398,0.5728890391934085,-0.005847718106217853,-0.005051908804010756,0.5415336466023085,-0.0005790603632108146,0.6620067784662624,-0.008836642924147703,-0.016953082855772867,0.5755460692534418,0.0,0.0,0.0,1.0,0.0,0.0,0.0,0.0,0.0,-0.5590816652736968,-0.3423171040884978,-0.32980380748332344,-0.34851217318235744,-0.5272184149493857,-0.5505562433052806,-0.37294674131224864,-0.3457962112827838,-0.5580168409476949,0.0,-0.5364185009981068,-0.37574089737827676,0.0,0.0,-0.5726490869618254,-0.2637475586071741,-0.5491935957415947,-0.5614162189474244,0.0,0.0,-0.3966751066071848,0.0,0.0,0.0,0.0,0.0,0.0,17.0,3.0,17.0,3.0,6.0,-0.3565142969843134,-0.3682250160299714,23.0,517.0,1.4893117246492358,-1.05980163802278,-0.7329264291007073,-6.595495215323099,-0.1216831818992673,0.3433048592059425,0.12244093173606284,0.10121564234619694,0.333355663365378,-0.9103758321551444,-4.315777652159114,1.4683444578460643,0
293844,0.99205434,0.4804872,0.23,0.12982628505779303,0.9548339399144176,-0.5424729118541309,0.0,-1.015619371755343,0.19276738972081844,0.495953312097195,3.0,0.26868182736386537,3.0,-2.678723454772003,-3.070129016866731,-0.8532978966014597,-0.09966853685534116,0.08027536982005737,-0.20360196066532504,0.027499661735715275,-0.212680568493632,-0.11771422680475432,-0.01569025067999745,0.3920997921064543,-0.2821533436400963,0.019277123488231566,0.2824896915917975,0.18868706334788352,-0.182043197031168,-0.14605043515688046,0.7949932555614128,-0.08705387857696426,0.7053271036874221,0.46857003739770337,0.39276628638496613,0.5142827707607939,0.10314557070182133,-0.20952177801097366,0.45772345671173037,0.13860468112827729,0.5378724674901698,0.38311307127398164,0.5024288385492206,0.4560597360379608,0.0,0.0,0.0,3.0,0.0,0.0,0.0,0.0,0.0,1.7614866794103823,3.528263605874192,-0.3094058571389175,-0.2096039878360829,1.7847742946726823,2.0037289240377136,-0.02880279188172269,-0.5695181678673691,1.7249108146084036,2.0,2.0346494169312437,-0.2726068768712623,3.0,0.0,1.800188325527198,-0.4092190199491614,1.7113010443723502,1.6679381760370968,2.0,2.0,-0.3975818519577246,0.0,1.0,1.0,1.0,1.0,2.0,15.0,3.0,15.0,3.0,6.0,-0.4738744610924635,-0.5930496172348194,22.0,517.0,0.9824666267276583,-0.6892045683368335,-0.801686441004992,9.569236991805809,-2.6063796479420183,15.651958187881466,-0.543121263670305,-0.0974112389363811,-2.1161658387979188,0.028655029860247302,0.6391248734852408,-0.4940755511351523,True,True,-0.5424729118541309,0.0,-1.015619371755343,0.19276738972081844,0.495953312097195,3.0,0.26868182736386537,3.0,-2.678723454772003,-3.070129016866731,-0.8532978966014597,-0.09966853685534116,0.08027536982005737,-0.20360196066532504,0.027499661735715275,-0.212680568493632,-0.11771422680475432,-0.01569025067999745,0.3920997921064543,-0.2821533436400963,0.019277123488231566,0.2824896915917975,0.18868706334788352,-0.182043197031168,-0.14605043515688046,0.7949932555614128,-0.08705387857696426,0.7053271036874221,0.46857003739770337,0.39276628638496613,0.5142827707607939,0.10314557070182133,-0.20952177801097366,0.45772345671173037,0.13860468112827729,0.5378724674901698,0.38311307127398164,0.5024288385492206,0.4560597360379608,0.0,0.0,0.0,3.0,0.0,0.0,0.0,0.0,0.0,1.7614866794103823,3.528263605874192,-0.3094058571389175,-0.2096039878360829,1.7847742946726823,2.0037289240377136,-0.02880279188172269,-0.5695181678673691,1.7249108146084036,2.0,2.0346494169312437,-0.2726068768712623,3.0,0.0,1.800188325527198,-0.4092190199491614,1.7113010443723502,1.6679381760370968,2.0,2.0,-0.3975818519577246,0.0,1.0,1.0,1.0,1.0,2.0,15.0,3.0,15.0,3.0,6.0,-0.4738744610924635,-0.5930496172348194,22.0,517.0,0.9824666267276583,-0.6892045683368335,-0.801686441004992,9.569236991805809,-2.6063796479420183,15.651958187881466,-0.543121263670305,-0.0974112389363811,-2.1161658387979188,0.028655029860247302,0.6391248734852408,-0.4940755511351523,0
472083,0.91746336,0.42080197,0.08,0.011477469205752985,0.09120687700075693,1.3485024930321174,4.0,1.394101151549575,-0.7312251773013839,-0.005825757734800525,4.0,0.3316060633698672,2.0,0.09761046197781374,0.3633184081226718,0.946029616307581,-0.07513519925699598,-0.06360915473334999,-0.04627522591271737,-0.06930881751191771,-0.08180157627495599,-0.052547453375878,-0.040567092039945546,-0.07318163000526974,0.0153160123788913,-0.07212695339151694,-0.06790855622748279,-0.042873659059572765,-0.22026472860570687,-0.07946861559019486,0.6243435885641174,0.6181000620105801,0.5517920912263838,0.5496516252992718,0.5537982946472019,-0.020115128474740163,0.0005310299603137561,0.004285915312127232,0.5377019961719036,0.6157664657145893,-0.004717366668800444,-0.005662429087708403,-0.002523920909207675,0.5086467282840994,2.0,2.0,1.0,0.0,0.0,1.0,1.0,1.0,2.0,-0.5649154513600849,-0.4055135114329125,-0.35428215580562544,-0.35578892673174195,-0.5368074663141432,-0.5543786341629692,-0.3932345928658159,-0.3907139166077235,-0.5788045089683226,0.0,-0.5277813304930806,-0.4059630519888177,0.0,0.0,-0.5672112922128033,-0.3008650538302793,-0.56092917466351,-0.574886512128348,0.0,0.0,-0.3845435289559123,0.0,0.0,0.0,0.0,0.0,0.0,15.0,3.0,25.0,0.0,6.0,-0.3520104719586859,-0.37078227408721603,23.0,517.0,-1.0649201368499712,-1.0228504999717656,-0.2728452503119655,-7.508435615337122,0.7849431284032639,-0.4985957718777491,-0.0031027108189134595,0.010676190979552986,2.263529200169681,0.16557128752119366,1.1605751260291945,-0.6112440057490868,True,True,1.3485024930321174,4.0,1.394101151549575,-0.7312251773013839,-0.005825757734800525,4.0,0.3316060633698672,2.0,0.09761046197781374,0.3633184081226718,0.946029616307581,-0.07513519925699598,-0.06360915473334999,-0.04627522591271737,-0.06930881751191771,-0.08180157627495599,-0.052547453375878,-0.040567092039945546,-0.07318163000526974,0.0153160123788913,-0.07212695339151694,-0.06790855622748279,-0.042873659059572765,-0.22026472860570687,-0.07946861559019486,0.6243435885641174,0.6181000620105801,0.5517920912263838,0.5496516252992718,0.5537982946472019,-0.020115128474740163,0.0005310299603137561,0.004285915312127232,0.5377019961719036,0.6157664657145893,-0.004717366668800444,-0.005662429087708403,-0.002523920909207675,0.5086467282840994,2.0,2.0,1.0,0.0,0.0,1.0,1.0,1.0,2.0,-0.5649154513600849,-0.4055135114329125,-0.35428215580562544,-0.35578892673174195,-0.5368074663141432,-0.5543786341629692,-0.3932345928658159,-0.3907139166077235,-0.5788045089683226,0.0,-0.5277813304930806,-0.4059630519888177,0.0,0.0,-0.5672112922128033,-0.3008650538302793,-0.56092917466351,-0.574886512128348,0.0,0.0,-0.3845435289559123,0.0,0.0,0.0,0.0,0.0,0.0,15.0,3.0,25.0,0.0,6.0,-0.3520104719586859,-0.37078227408721603,23.0,517.0,-1.0649201368499712,-1.0228504999717656,-0.2728452503119655,-7.508435615337122,0.7849431284032639,-0.4985957718777491,-0.0031027108189134595,0.010676190979552986,2.263529200169681,0.16557128752119366,1.1605751260291945,-0.6112440057490868,0
477335,0.9941901,0.23677231,0.17,0.05427181375432048,0.44464311328029216,-0.5604751224740573,0.0,-1.107706348040092,0.799770797731794,0.571534047103427,3.0,0.378086530174214,2.0,-2.7894741914254366,-2.8922092484562922,-0.6956511283952043,-0.10463782456982397,-0.1772366314913662,-0.15866829465248425,0.0019907250040228225,-0.253787324900585,-0.09241274915134881,-0.013577899811010926,-0.15528598556122608,-0.2875901344902892,-0.04761913078291919,-0.09345060724379492,0.0007948318700878674,-0.23772714137024334,-0.17811446903249983,0.5916384763800107,0.07947119715519264,-0.013409065521991812,0.5061109799045546,0.5470201809944746,0.5485549736414841,0.35949259862475713,0.8967018767365205,0.5129704945079451,-0.062327647911980553,0.6252816551687858,0.5962386050350446,0.5565543959919745,0.6176087578599236,0.0,0.0,0.0,3.0,0.0,0.0,0.0,0.0,0.0,1.709629546901137,0.655880105655896,2.766048984467087,2.782422701839484,1.874064365135851,1.8105773258023106,2.64770280494656,2.6938439216921526,1.7683083669571247,2.0,1.926302950859058,-0.27552768575498243,1.0,1.0,1.8130675008940484,-0.37251496986916954,1.789438552228488,1.9612130598233477,1.0,1.0,-0.4849134039533254,0.0,1.0,1.0,2.0,1.0,2.0,15.0,3.0,15.0,3.0,6.0,-0.43787382197053043,-0.39983469594289534,4.0,423.0,0.006915719394301981,-1.215967115062016,-0.326927723127643,14.000152920962773,-3.267700327863188,11.932182921021779,0.2963483644904353,0.044048494634856813,1.2429720627017995,-0.09955695426491376,0.13679110794089455,-1.0290268886368514,True,True,-0.5604751224740573,0.0,-1.107706348040092,0.799770797731794,0.571534047103427,3.0,0.378086530174214,2.0,-2.7894741914254366,-2.8922092484562922,-0.6956511283952043,-0.10463782456982397,-0.1772366314913662,-0.15866829465248425,0.0019907250040228225,-0.253787324900585,-0.09241274915134881,-0.013577899811010926,-0.15528598556122608,-0.2875901344902892,-0.04761913078291919,-0.09345060724379492,0.0007948318700878674,-0.23772714137024334,-0.17811446903249983,0.5916384763800107,0.07947119715519264,-0.013409065521991812,0.5061109799045546,0.5470201809944746,0.5485549736414841,0.35949259862475713,0.8967018767365205,0.5129704945079451,-0.062327647911980553,0.6252816551687858,0.5962386050350446,0.5565543959919745,0.6176087578599236,0.0,0.0,0.0,3.0,0.0,0.0,0.0,0.0,0.0,1.709629546901137,0.655880105655896,2.766048984467087,2.782422701839484,1.874064365135851,1.8105773258023106,2.64770280494656,2.6938439216921526,1.7683083669571247,2.0,1.926302950859058,-0.27552768575498243,1.0,1.0,1.8130675008940484,-0.37251496986916954,1.789438552228488,1.9612130598233477,1.0,1.0,-0.4849134039533254,0.0,1.0,1.0,2.0,1.0,2.0,15.0,3.0,15.0,3.0,6.0,-0.43787382197053043,-0.39983469594289534,4.0,423.0,0.006915719394301981,-1.215967115062016,-0.326927723127643,14.000152920962773,-3.267700327863188,11.932182921021779,0.2963483644904353,0.044048494634856813,1.2429720627017995,-0.09955695426491376,0.13679110794089455,-1.0290268886368514,0
57302,0.56638026,0.4643157,0.06999999999999999,0.009434629620313228,0.0728308467141978,-0.5716273527201435,4.0,-0.8380268233471758,0.33562490489580504,-0.002929309816891789,4.0,0.3153628576857458,3.0,0.21150333751656972,0.3630653075441594,0.9277247674883304,-0.06458697864917935,-0.07587142357105152,-0.03383160456367811,-0.062059814457377085,-0.21743114038230105,-0.09933788064732961,-0.038088032794072316,-0.03647056440350155,0.023650506621260343,-0.059199725125000865,-0.08423514835416487,-0.056099947319505815,-0.23215448828325302,-0.12237888800977827,0.6019009558692646,-0.00864357631582013,0.004649119546801775,0.5895858953736322,0.5825943312169036,-0.0017717559215953054,0.0026635145214504727,-0.0036236906073860093,0.5696687190044315,0.6512800295297858,0.013748063063640589,-0.0034102300628834027,-0.008384931313338579,0.5722826415995417,2.0,2.0,2.0,2.0,2.0,0.0,0.0,0.0,0.0,-0.5614319769163679,-0.38962396952512707,-0.36399056323413015,-0.3537651878924601,-0.543506382622544,-0.5432125293426027,-0.3774772597279896,-0.385057259176772,-0.5634403415042702,0.0,-0.5175815622980946,-0.3931237000119138,0.0,0.0,-0.5756241363653407,-0.3091708482735179,-0.5561675237349277,-0.5439311744437024,0.0,0.0,-0.4094763738759669,0.0,0.0,0.0,0.0,0.0,0.0,15.0,3.0,25.0,0.0,6.0,-0.38018726632667366,-0.38064862264153004,23.0,517.0,0.9661194079118174,0.14190279524274169,1.7213204976071055,-7.5305615749561925,-0.013401675590625387,-0.5822380792756587,0.24942780065539602,-0.13685949862609822,2.197161784262717,-0.14602693637141895,1.1688295071743606,-0.7068171683020266,True,True,-0.5716273527201435,4.0,-0.8380268233471758,0.33562490489580504,-0.002929309816891789,4.0,0.3153628576857458,3.0,0.21150333751656972,0.3630653075441594,0.9277247674883304,-0.06458697864917935,-0.07587142357105152,-0.03383160456367811,-0.062059814457377085,-0.21743114038230105,-0.09933788064732961,-0.038088032794072316,-0.03647056440350155,0.023650506621260343,-0.059199725125000865,-0.08423514835416487,-0.056099947319505815,-0.23215448828325302,-0.12237888800977827,0.6019009558692646,-0.00864357631582013,0.004649119546801775,0.5895858953736322,0.5825943312169036,-0.0017717559215953054,0.0026635145214504727,-0.0036236906073860093,0.5696687190044315,0.6512800295297858,0.013748063063640589,-0.0034102300628834027,-0.008384931313338579,0.5722826415995417,2.0,2.0,2.0,2.0,2.0,0.0,0.0,0.0,0.0,-0.5614319769163679,-0.38962396952512707,-0.36399056323413015,-0.3537651878924601,-0.543506382622544,-0.5432125293426027,-0.3774772597279896,-0.385057259176772,-0.5634403415042702,0.0,-0.5175815622980946,-0.3931237000119138,0.0,0.0,-0.5756241363653407,-0.3091708482735179,-0.5561675237349277,-0.5439311744437024,0.0,0.0,-0.4094763738759669,0.0,0.0,0.0,0.0,0.0,0.0,15.0,3.0,25.0,0.0,6.0,-0.38018726632667366,-0.38064862264153004,23.0,517.0,0.9661194079118174,0.14190279524274169,1.7213204976071055,-7.5305615749561925,-0.013401675590625387,-0.5822380792756587,0.24942780065539602,-0.13685949862609822,2.197161784262717,-0.14602693637141895,1.1688295071743606,-0.7068171683020266,0
422516,0.84054166,0.4498055,0.05,0.006265852597583031,0.04703667581017467,0.05166384252234864,4.0,1.6828848803065306,0.9938682829948178,-0.006831358389166109,3.0,-0.6773535959821032,3.0,0.3073377330399232,0.36473005786941615,2.168325529528799,-0.10137336538456214,-0.06916152052130524,-0.03487205357738752,-0.05405308476359761,-0.22336090423170152,-0.13283720589886694,-0.04488364791266053,-0.0464644922439319,-0.09977921942646283,-0.06284797606524334,-0.07883247223658507,-0.04384866226760967,-0.22447380315767002,-0.14495209529425807,0.6569026456468575,0.6727809217702565,0.553593065848505,-0.0020208056363634473,0.004947515536459343,0.008475284370153876,0.002525296146186077,-0.003780539829335238,0.553376075511629,0.5987375972941243,0.004490967281694682,-0.004660629200625552,-0.0037754186308932027,0.5356387771744826,2.0,2.0,2.0,2.0,1.0,1.0,1.0,1.0,1.0,-0.5703007276119035,-0.40178880163785596,-0.3741967313023887,-0.3526158890495898,-0.5493146850851756,-0.5566307310745032,-0.3807362323270327,-0.3719617312278953,-0.5714973494217732,0.0,-0.5283288113759057,-0.3869038426153523,0.0,0.0,-0.5582057954667596,-0.28221680880422817,-0.5542392252088247,-0.5645352721158046,0.0,0.0,-0.392046460716373,0.0,0.0,0.0,0.0,0.0,0.0,25.0,0.0,25.0,0.0,6.0,-0.36818068625489525,-0.36433772414494625,23.0,517.0,-0.05425345672747073,0.41402222467734406,-0.27649287226920916,-5.851455319680701,0.584556090468293,-4.185493509456242,0.2650205882645326,0.3093626960522762,-5.4297631040295915,1.4350043424984658,3.6709632683946194,-1.2679309395207128,True,True,0.05166384252234864,4.0,1.6828848803065306,0.9938682829948178,-0.006831358389166109,3.0,-0.6773535959821032,3.0,0.3073377330399232,0.36473005786941615,2.168325529528799,-0.10137336538456214,-0.06916152052130524,-0.03487205357738752,-0.05405308476359761,-0.22336090423170152,-0.13283720589886694,-0.04488364791266053,-0.0464644922439319,-0.09977921942646283,-0.06284797606524334,-0.07883247223658507,-0.04384866226760967,-0.22447380315767002,-0.14495209529425807,0.6569026456468575,0.6727809217702565,0.553593065848505,-0.0020208056363634473,0.004947515536459343,0.008475284370153876,0.002525296146186077,-0.003780539829335238,0.553376075511629,0.5987375972941243,0.004490967281694682,-0.004660629200625552,-0.0037754186308932027,0.5356387771744826,2.0,2.0,2.0,2.0,1.0,1.0,1.0,1.0,1.0,-0.5703007276119035,-0.40178880163785596,-0.3741967313023887,-0.3526158890495898,-0.5493146850851756,-0.5566307310745032,-0.3807362323270327,-0.3719617312278953,-0.5714973494217732,0.0,-0.5283288113759057,-0.3869038426153523,0.0,0.0,-0.5582057954667596,-0.28221680880422817,-0.5542392252088247,-0.5645352721158046,0.0,0.0,-0.392046460716373,0.0,0.0,0.0,0.0,0.0,0.0,25.0,0.0,25.0,0.0,6.0,-0.36818068625489525,-0.36433772414494625,23.0,517.0,-0.05425345672747073,0.41402222467734406,-0.27649287226920916,-5.851455319680701,0.584556090468293,-4.185493509456242,0.2650205882645326,0.3093626960522762,-5.4297631040295915,1.4350043424984658,3.6709632683946194,-1.2679309395207128,0
243058,0.9915309,0.34343892,0.18000000000000002,0.06325205919758363,0.5398160575867311,-0.7517993802216005,0.0,0.981823277521274,-5.796202595961266,-0.06965441882836425,4.0,0.34298298347189926,2.0,-2.734677662754674,-2.8323317912972166,-0.8982247757098951,-0.050455078250318565,-0.14055031447468763,-0.11475960902024318,-0.09617879429254289,-0.24174348099151416,-0.04987258593604495,-0.1756580623992143,-0.018301385262116558,-0.1845526760910986,-0.09371043109482002,-0.0944292016610779,-0.04466779273124734,-0.2770183438555598,-0.12729729995430067,0.5474539075317585,0.060732904430625886,-0.06685611127530801,0.5830948759124568,-0.10436353027568826,0.4267075811202866,-0.07798316207127338,-0.022111587111807402,0.5784548416550983,0.03226241092178259,0.5973792998261748,0.5810436624133859,0.6293539687198247,0.4499029872231024,0.0,0.0,0.0,3.0,0.0,0.0,0.0,0.0,0.0,1.6976911393251097,1.1616119014190098,-0.21436895871457531,-0.45953618379758754,1.8319197708223742,1.7452552536624348,-0.3297833386332373,-0.36237544768908153,1.7369623154574163,2.0,1.8375211315936273,-0.39964834523294235,2.0,2.0,1.8404787072039859,-0.3089501318957866,1.9258571688374646,1.9511699874829056,2.0,2.0,-0.2769510810924288,0.0,1.0,1.0,2.0,1.0,2.0,1.0,3.0,1.0,3.0,6.0,-0.34402116930124516,-0.4832161516978555,4.0,276.0,-1.0652786328807526,1.0976798326952222,-0.7543565914316893,9.556490057557241,-2.6375572765648987,15.810468701473203,-0.47252266179879887,-0.16202198942568907,-2.053357620320408,0.2035823531167653,0.464673766169705,-0.5582459449021963,True,True,-0.7517993802216005,0.0,0.981823277521274,-5.796202595961266,-0.06965441882836425,4.0,0.34298298347189926,2.0,-2.734677662754674,-2.8323317912972166,-0.8982247757098951,-0.050455078250318565,-0.14055031447468763,-0.11475960902024318,-0.09617879429254289,-0.24174348099151416,-0.04987258593604495,-0.1756580623992143,-0.018301385262116558,-0.1845526760910986,-0.09371043109482002,-0.0944292016610779,-0.04466779273124734,-0.2770183438555598,-0.12729729995430067,0.5474539075317585,0.060732904430625886,-0.06685611127530801,0.5830948759124568,-0.10436353027568826,0.4267075811202866,-0.07798316207127338,-0.022111587111807402,0.5784548416550983,0.03226241092178259,0.5973792998261748,0.5810436624133859,0.6293539687198247,0.4499029872231024,0.0,0.0,0.0,3.0,0.0,0.0,0.0,0.0,0.0,1.6976911393251097,1.1616119014190098,-0.21436895871457531,-0.45953618379758754,1.8319197708223742,1.7452552536624348,-0.3297833386332373,-0.36237544768908153,1.7369623154574163,2.0,1.8375211315936273,-0.39964834523294235,2.0,2.0,1.8404787072039859,-0.3089501318957866,1.9258571688374646,1.9511699874829056,2.0,2.0,-0.2769510810924288,0.0,1.0,1.0,2.0,1.0,2.0,1.0,3.0,1.0,3.0,6.0,-0.34402116930124516,-0.4832161516978555,4.0,276.0,-1.0652786328807526,1.0976798326952222,-0.7543565914316893,9.556490057557241,-2.6375572765648987,15.810468701473203,-0.47252266179879887,-0.16202198942568907,-2.053357620320408,0.2035823531167653,0.464673766169705,-0.5582459449021963,0
394894,0.99917233,0.2884915,0.25,0.16975275626876413,1.2768729867351658,-0.4255657069490192,0.0,0.14546276784292483,-0.6732451830985806,0.7736228827746308,4.0,-0.43645447173525664,3.0,-2.3758749205061376,-2.941146467910669,-0.6648466479859405,0.5218307072822967,0.21964400170957324,-0.006215453282044016,-0.17717448021694382,-0.2844902521997403,0.06781775417172983,0.08027662861014548,0.21020926414475283,-0.20790152280901802,0.3046803305021214,0.08498149541219369,0.5816881669165267,-0.03159213532292143,-0.089266357689902,0.6736260426944517,0.04801830707067696,-0.026968455120299717,0.5810725662547447,0.7402690857332146,0.6723767995304432,0.06168507216465222,-0.10547633734985112,0.6180903697643614,-0.05121385669266585,0.588998694316866,0.3874563392215937,0.9888187653849323,0.24030767716084034,0.0,0.0,0.0,3.0,0.0,0.0,0.0,0.0,0.0,1.909538613366502,0.4109692266847409,-0.4107711423859295,-0.2243092124133783,1.8018435312208338,1.919304769175699,-0.35988779872197013,-0.559568882467864,1.561544773548979,2.0,2.0340837502944438,-0.27782106215703706,3.0,0.0,2.06476580857556,3.6263281268811243,2.0012581544644372,1.4478963425026472,2.0,2.0,-0.4067940108382931,0.0,1.0,1.0,1.0,1.0,2.0,17.0,3.0,17.0,3.0,6.0,-0.2050189600278677,-0.32798355542145896,22.0,517.0,-0.4368054905907521,-1.8015882616298766,-0.6520631949018942,9.352888296410352,-2.896708520197926,15.504858238405884,-0.5610482387806313,-0.061412973592073,-2.133844811569114,0.38015265085112276,0.25050032534018496,-0.8200469970974242,True,True,-0.4255657069490192,0.0,0.14546276784292483,-0.6732451830985806,0.7736228827746308,4.0,-0.43645447173525664,3.0,-2.3758749205061376,-2.941146467910669,-0.6648466479859405,0.5218307072822967,0.21964400170957324,-0.006215453282044016,-0.17717448021694382,-0.2844902521997403,0.06781775417172983,0.08027662861014548,0.21020926414475283,-0.20790152280901802,0.3046803305021214,0.08498149541219369,0.5816881669165267,-0.03159213532292143,-0.089266357689902,0.6736260426944517,0.04801830707067696,-0.026968455120299717,0.5810725662547447,0.7402690857332146,0.6723767995304432,0.06168507216465222,-0.10547633734985112,0.6180903697643614,-0.05121385669266585,0.588998694316866,0.3874563392215937,0.9888187653849323,0.24030767716084034,0.0,0.0,0.0,3.0,0.0,0.0,0.0,0.0,0.0,1.909538613366502,0.4109692266847409,-0.4107711423859295,-0.2243092124133783,1.8018435312208338,1.919304769175699,-0.35988779872197013,-0.559568882467864,1.561544773548979,2.0,2.0340837502944438,-0.27782106215703706,3.0,0.0,2.06476580857556,3.6263281268811243,2.0012581544644372,1.4478963425026472,2.0,2.0,-0.4067940108382931,0.0,1.0,1.0,1.0,1.0,2.0,17.0,3.0,17.0,3.0,6.0,-0.2050189600278677,-0.32798355542145896,22.0,517.0,-0.4368054905907521,-1.8015882616298766,-0.6520631949018942,9.352888296410352,-2.896708520197926,15.504858238405884,-0.5610482387806313,-0.061412973592073,-2.133844811569114,0.38015265085112276,0.25050032534018496,-0.8200469970974242,0
62303,0.7944719,0.36491984,0.06999999999999999,0.009434629620313228,0.07883758292604283,0.49526412929173974,4.0,-0.4856132217509854,0.9457438560615878,-0.004850863983300846,4.0,0.32360119526560377,2.0,0.42970945404258565,0.3540825099800886,-0.7477411544633304,-0.0964198782663763,-0.04674941997249316,-0.042670469974440885,-0.05442113913552429,-0.23628623967963205,-0.12247926941370384,-0.048737907097419396,-0.05202513632180399,-0.21907156711468356,-0.043829451549148545,-0.10758899596549061,-0.04070844933656369,-0.2168367976071267,-0.13238674790184618,0.6032766298530413,0.6215553838961867,0.5632515385891755,0.5575849771291175,0.5498538270934441,-0.0019941944690491835,-0.018189902485032126,0.007278441811376617,0.5449791543583498,0.012805945714524607,-0.011477719966184819,0.0055829441926256015,0.0008109422812791221,0.5379861760510228,0.0,0.0,0.0,1.0,1.0,1.0,0.0,0.0,0.0,-0.565349264132669,-0.3956163064817853,-0.361093551656297,-0.35849047946747026,-0.5478926806669241,-0.5603593136428825,-0.37560577122555106,-0.37213945186003905,-0.5749592924237958,0.0,-0.5384246086295706,-0.3829635775248363,0.0,0.0,-0.5588486033284794,-0.2826979292215792,-0.5438539900026687,-0.5561319468568322,0.0,0.0,-0.3878815201094646,0.0,0.0,0.0,0.0,0.0,0.0,15.0,3.0,25.0,0.0,6.0,-0.3510255123929236,-0.37700444796882615,23.0,517.0,1.4829214486888063,0.2899078294177926,1.7092227068361396,-6.606394472525569,0.4504771699963915,0.34495526912565827,0.13744610473610244,0.039437265072323736,0.5413717675335806,0.6474029317885638,-4.398285850371564,2.2417680008328587,True,True,0.49526412929173974,4.0,-0.4856132217509854,0.9457438560615878,-0.004850863983300846,4.0,0.32360119526560377,2.0,0.42970945404258565,0.3540825099800886,-0.7477411544633304,-0.0964198782663763,-0.04674941997249316,-0.042670469974440885,-0.05442113913552429,-0.23628623967963205,-0.12247926941370384,-0.048737907097419396,-0.05202513632180399,-0.21907156711468356,-0.043829451549148545,-0.10758899596549061,-0.04070844933656369,-0.2168367976071267,-0.13238674790184618,0.6032766298530413,0.6215553838961867,0.5632515385891755,0.5575849771291175,0.5498538270934441,-0.0019941944690491835,-0.018189902485032126,0.007278441811376617,0.5449791543583498,0.012805945714524607,-0.011477719966184819,0.0055829441926256015,0.0008109422812791221,0.5379861760510228,0.0,0.0,0.0,1.0,1.0,1.0,0.0,0.0,0.0,-0.565349264132669,-0.3956163064817853,-0.361093551656297,-0.35849047946747026,-0.5478926806669241,-0.5603593136428825,-0.37560577122555106,-0.37213945186003905,-0.5749592924237958,0.0,-0.5384246086295706,-0.3829635775248363,0.0,0.0,-0.5588486033284794,-0.2826979292215792,-0.5438539900026687,-0.5561319468568322,0.0,0.0,-0.3878815201094646,0.0,0.0,0.0,0.0,0.0,0.0,15.0,3.0,25.0,0.0,6.0,-0.3510255123929236,-0.37700444796882615,23.0,517.0,1.4829214486888063,0.2899078294177926,1.7092227068361396,-6.606394472525569,0.4504771699963915,0.34495526912565827,0.13744610473610244,0.039437265072323736,0.5413717675335806,0.6474029317885638,-4.398285850371564,2.2417680008328587,0
190436,0.9989511,0.45584652,0.29000000000000004,0.28192947697193393,2.2144133253853133,-0.5329124378671046,0.0,0.06336810279014757,0.8966933740231737,0.7357387050297493,4.0,-0.9183570739031495,2.0,-2.7587836754961828,-3.0053868018076817,-0.9361295837488892,1.537473144705926,0.862904380301847,-0.07695316762815406,0.5171710507746916,-0.6023377655118809,0.7000719037605456,0.7593826304751781,1.2174392937068068,-0.3201907428715365,0.1364239716448729,2.135646079381843,1.4667980447733235,-0.4154235463885946,0.6082214481337,0.6064783735986274,-0.2831516927656907,-0.04277197271701888,0.8444457622502164,0.7302840378699593,0.8103030526314129,-0.4420409984541658,0.14495500559159294,0.659644039722966,0.4348412779214928,0.4595640370873927,0.6439393388793149,0.8569013811029472,0.4687583931918098,0.0,0.0,0.0,3.0,0.0,0.0,0.0,0.0,0.0,2.012110340742142,0.7983164639092315,-0.16639975006230895,-0.2707750882604309,1.6343769267918828,2.224782815631567,-0.23778386540765803,-0.2778674879765727,1.6359899062821475,2.0,1.7437150971185742,-0.19354203553289684,2.0,2.0,1.7837176807667836,-0.27340123911556286,1.6236369754656554,2.1206678095668847,2.0,2.0,0.025799771510653324,0.0,1.0,1.0,2.0,1.0,2.0,17.0,3.0,17.0,3.0,6.0,-0.8087506765978474,-0.049852313894564404,4.0,614.0,0.36990883121507045,-1.483311162257717,-1.1967783461206913,9.754952357531417,-2.554252609444368,16.370255615469425,-0.5430221987226203,-0.09175624278831673,-2.592117971125453,0.16723524905117804,0.47438073762302935,-0.3998208772514137,True,True,-0.5329124378671046,0.0,0.06336810279014757,0.8966933740231737,0.7357387050297493,4.0,-0.9183570739031495,2.0,-2.7587836754961828,-3.0053868018076817,-0.9361295837488892,1.537473144705926,0.862904380301847,-0.07695316762815406,0.5171710507746916,-0.6023377655118809,0.7000719037605456,0.7593826304751781,1.2174392937068068,-0.3201907428715365,0.1364239716448729,2.135646079381843,1.4667980447733235,-0.4154235463885946,0.6082214481337,0.6064783735986274,-0.2831516927656907,-0.04277197271701888,0.8444457622502164,0.7302840378699593,0.8103030526314129,-0.4420409984541658,0.14495500559159294,0.659644039722966,0.4348412779214928,0.4595640370873927,0.6439393388793149,0.8569013811029472,0.4687583931918098,0.0,0.0,0.0,3.0,0.0,0.0,0.0,0.0,0.0,2.012110340742142,0.7983164639092315,-0.16639975006230895,-0.2707750882604309,1.6343769267918828,2.224782815631567,-0.23778386540765803,-0.2778674879765727,1.6359899062821475,2.0,1.7437150971185742,-0.19354203553289684,2.0,2.0,1.7837176807667836,-0.27340123911556286,1.6236369754656554,2.1206678095668847,2.0,2.0,0.025799771510653324,0.0,1.0,1.0,2.0,1.0,2.0,17.0,3.0,17.0,3.0,6.0,-0.8087506765978474,-0.049852313894564404,4.0,614.0,0.36990883121507045,-1.483311162257717,-1.1967783461206913,9.754952357531417,-2.554252609444368,16.370255615469425,-0.5430221987226203,-0.09175624278831673,-2.592117971125453,0.16723524905117804,0.47438073762302935,-0.3998208772514137,0
337126,0.52142966,0.38493964,0.01,0.0025521382703821843,0.024987593421011003,-0.4882001218836293,4.0,-0.9885662126234923,-0.32168544530838855,-0.004347151387779297,3.0,0.3041746040896306,3.0,0.4585708555238742,0.36032016292991415,-0.7571933208234304,-0.08970929506812808,-0.09096212153034605,-0.03600523716693798,-0.06194852561463888,-0.2151992755057164,-0.10996775729029074,-0.04173014974851968,-0.05499791931720056,-0.2144064238782944,-0.0573753662296976,-0.09723559394470299,-0.044639715969131896,-0.2373160107362802,-0.1496894279504665,0.6144525612716938,0.6070783740066367,0.5473479810486157,0.5363140989137261,0.5488460730075699,0.0027699748834406727,0.00347369656636712,-0.0004813918696067815,0.5346674163929432,0.6022098064630735,-0.002525772654319878,0.004627893971391575,0.0016051478235094016,0.5305876307334033,2.0,2.0,2.0,1.0,1.0,1.0,1.0,1.0,1.0,-0.5793933600599772,-0.3915073542386683,-0.3601497464237354,-0.36430851691716004,-0.5507874118699254,-0.5613644108000936,-0.38240998674815113,-0.3840990162334924,-0.5612720711385736,0.0,-0.5290189832835517,-0.3953699302186159,0.0,0.0,-0.5665224874914225,-0.29426723263424764,-0.5619629604423306,-0.5546425856000019,0.0,0.0,-0.3894098556981481,0.0,0.0,0.0,0.0,0.0,0.0,43.0,3.0,25.0,0.0,6.0,-0.37100428851238165,-0.3736855187628832,23.0,517.0,-0.04399690509919299,0.6786423582059137,-0.5196729057635912,-7.540003796486959,0.1942154219909022,-0.5843586348181566,0.29429060147501857,0.13201270250486788,2.25970893311006,0.29551685986546755,1.219404298129562,-0.26760516314489835,True,True,-0.4882001218836293,4.0,-0.9885662126234923,-0.32168544530838855,-0.004347151387779297,3.0,0.3041746040896306,3.0,0.4585708555238742,0.36032016292991415,-0.7571933208234304,-0.08970929506812808,-0.09096212153034605,-0.03600523716693798,-0.06194852561463888,-0.2151992755057164,-0.10996775729029074,-0.04173014974851968,-0.05499791931720056,-0.2144064238782944,-0.0573753662296976,-0.09723559394470299,-0.044639715969131896,-0.2373160107362802,-0.1496894279504665,0.6144525612716938,0.6070783740066367,0.5473479810486157,0.5363140989137261,0.5488460730075699,0.0027699748834406727,0.00347369656636712,-0.0004813918696067815,0.5346674163929432,0.6022098064630735,-0.002525772654319878,0.004627893971391575,0.0016051478235094016,0.5305876307334033,2.0,2.0,2.0,1.0,1.0,1.0,1.0,1.0,1.0,-0.5793933600599772,-0.3915073542386683,-0.3601497464237354,-0.36430851691716004,-0.5507874118699254,-0.5613644108000936,-0.38240998674815113,-0.3840990162334924,-0.5612720711385736,0.0,-0.5290189832835517,-0.3953699302186159,0.0,0.0,-0.5665224874914225,-0.29426723263424764,-0.5619629604423306,-0.5546425856000019,0.0,0.0,-0.3894098556981481,0.0,0.0,0.0,0.0,0.0,0.0,43.0,3.0,25.0,0.0,6.0,-0.37100428851238165,-0.3736855187628832,23.0,517.0,-0.04399690509919299,0.6786423582059137,-0.5196729057635912,-7.540003796486959,0.1942154219909022,-0.5843586348181566,0.29429060147501857,0.13201270250486788,2.25970893311006,0.29551685986546755,1.219404298129562,-0.26760516314489835,0
272331,0.96860486,0.41987094,0.22,0.11308859038292954,0.8475134296653694,-0.8622425426172304,3.0,-0.3847550135598598,-5.831517352162746,0.07720153608410586,4.0,-0.11178503486825185,3.0,0.3295336074024403,0.17500763151620852,-0.823244096312826,6.473502256569563e-05,0.020466840201102416,-0.26470380537216665,-0.001915801461541855,-0.23125355330452202,-0.2764401583889046,0.0711920924980629,0.28359446513315656,-0.43145245195210735,0.10444512000874065,0.2738138303304272,0.07571161360489521,-0.0907149201883567,0.0060487950173031615,0.6470099227827308,-0.06724924302773648,0.14159964485804855,-0.06717259790854921,-0.015957029696080753,0.12775728760581168,0.481535804099857,1.0453245651308807,0.023255455057079075,-0.10529281558344637,0.003996437918742491,-0.01130239600566167,-0.0015804268221458282,0.013765064879936293,0.0,0.0,0.0,0.0,0.0,0.0,0.0,0.0,0.0,1.9062492403249591,-0.2826631844816395,2.861645291930213,2.745709278520337,1.8574731227918462,1.5518745927142428,2.6359390838346846,2.730880740527953,1.7128277049538208,1.0,-0.5289366715029469,2.5718987408605427,1.0,1.0,1.766220292214932,3.468319873953939,1.4350298753702577,1.8623416524349943,1.0,1.0,2.5915991237971303,4.0,2.0,1.0,2.0,2.0,2.0,25.0,0.0,2.0,3.0,0.0,-0.4268138459971102,-0.20904819392488536,4.0,517.0,0.44827552589569836,0.7863730322034668,-1.0051160315393093,31.27355413581945,-0.9393820606208825,-5.549244243109734,1.1531983325589792,0.26854723107888123,1.099254735076781,0.09189633722813868,-0.34837153392758313,-0.47917572817782483,True,True,-0.8622425426172304,3.0,-0.3847550135598598,-5.831517352162746,0.07720153608410586,4.0,-0.11178503486825185,3.0,0.3295336074024403,0.17500763151620852,-0.823244096312826,6.473502256569563e-05,0.020466840201102416,-0.26470380537216665,-0.001915801461541855,-0.23125355330452202,-0.2764401583889046,0.0711920924980629,0.28359446513315656,-0.43145245195210735,0.10444512000874065,0.2738138303304272,0.07571161360489521,-0.0907149201883567,0.0060487950173031615,0.6470099227827308,-0.06724924302773648,0.14159964485804855,-0.06717259790854921,-0.015957029696080753,0.12775728760581168,0.481535804099857,1.0453245651308807,0.023255455057079075,-0.10529281558344637,0.003996437918742491,-0.01130239600566167,-0.0015804268221458282,0.013765064879936293,0.0,0.0,0.0,0.0,0.0,0.0,0.0,0.0,0.0,1.9062492403249591,-0.2826631844816395,2.861645291930213,2.745709278520337,1.8574731227918462,1.5518745927142428,2.6359390838346846,2.730880740527953,1.7128277049538208,1.0,-0.5289366715029469,2.5718987408605427,1.0,1.0,1.766220292214932,3.468319873953939,1.4350298753702577,1.8623416524349943,1.0,1.0,2.5915991237971303,4.0,2.0,1.0,2.0,2.0,2.0,25.0,0.0,2.0,3.0,0.0,-0.4268138459971102,-0.20904819392488536,4.0,517.0,0.44827552589569836,0.7863730322034668,-1.0051160315393093,31.27355413581945,-0.9393820606208825,-5.549244243109734,1.1531983325589792,0.26854723107888123,1.099254735076781,0.09189633722813868,-0.34837153392758313,-0.47917572817782483,0
573876,0.99864405,0.42922577,0.18000000000000002,0.06325205919758363,0.46586658262867975,-0.14805065046056998,0.0,-0.8775038418388068,0.3500453846157119,0.5086508203116051,3.0,0.3273702609251122,3.0,-2.7909773523578925,-2.783037575882451,-0.7898222679917692,1.1888141130365615,1.3159104314852192,-0.047339080819986355,0.7219082403854428,-0.1906170639765174,0.664601957936084,0.8324728138464368,1.3691011431962934,-0.2887179601679785,0.3457944025208596,1.4819923871595828,1.6431534350400618,-0.12926552690767762,-0.011549158756547585,0.6958470015487307,-0.05560660478368183,0.599167284812973,0.7374293675929394,0.39797103780507476,0.6963557787166788,0.4255123769789952,0.9828961247116565,0.6259101404623716,0.033773185413575775,0.8133991034826987,-0.09280965754878151,0.7242779181012187,0.47623218910023957,0.0,0.0,0.0,3.0,0.0,0.0,0.0,0.0,0.0,1.7309960957306485,3.4730000485120693,2.7354396133432153,2.777456231345847,1.8616625670971496,1.7734046827084289,2.6189036520209545,2.4856082745135826,1.7825437105429471,2.0,1.8072095724605213,-0.48663732615709954,1.0,1.0,1.770532166933919,3.4404033835302323,1.666948954504883,1.900039189816649,1.0,1.0,-0.39573318869624186,0.0,1.0,1.0,2.0,1.0,2.0,17.0,3.0,17.0,3.0,6.0,-0.4001200799686656,-0.3671303993297281,4.0,511.0,-0.6715160139066471,0.2812367975813315,-0.02579554070191938,9.667427176830572,-2.433185871577964,16.036024854472334,-0.5498762997802955,-0.14956662273273832,-2.1116724664779585,0.09382048270163507,0.681972666383506,-0.32550730344783907,True,True,-0.14805065046056998,0.0,-0.8775038418388068,0.3500453846157119,0.5086508203116051,3.0,0.3273702609251122,3.0,-2.7909773523578925,-2.783037575882451,-0.7898222679917692,1.1888141130365615,1.3159104314852192,-0.047339080819986355,0.7219082403854428,-0.1906170639765174,0.664601957936084,0.8324728138464368,1.3691011431962934,-0.2887179601679785,0.3457944025208596,1.4819923871595828,1.6431534350400618,-0.12926552690767762,-0.011549158756547585,0.6958470015487307,-0.05560660478368183,0.599167284812973,0.7374293675929394,0.39797103780507476,0.6963557787166788,0.4255123769789952,0.9828961247116565,0.6259101404623716,0.033773185413575775,0.8133991034826987,-0.09280965754878151,0.7242779181012187,0.47623218910023957,0.0,0.0,0.0,3.0,0.0,0.0,0.0,0.0,0.0,1.7309960957306485,3.4730000485120693,2.7354396133432153,2.777456231345847,1.8616625670971496,1.7734046827084289,2.6189036520209545,2.4856082745135826,1.7825437105429471,2.0,1.8072095724605213,-0.48663732615709954,1.0,1.0,1.770532166933919,3.4404033835302323,1.666948954504883,1.900039189816649,1.0,1.0,-0.39573318869624186,0.0,1.0,1.0,2.0,1.0,2.0,17.0,3.0,17.0,3.0,6.0,-0.4001200799686656,-0.3671303993297281,4.0,511.0,-0.6715160139066471,0.2812367975813315,-0.02579554070191938,9.667427176830572,-2.433185871577964,16.036024854472334,-0.5498762997802955,-0.14956662273273832,-2.1116724664779585,0.09382048270163507,0.681972666383506,-0.32550730344783907,0
59185,0.97093,0.48543066,0.11,0.020034599671098444,0.15332287371531625,0.0537148807734453,4.0,-0.44769334067512645,0.6592261400342113,-0.04171033844854671,4.0,0.34414208306675176,3.0,0.3085198593005619,0.36784272527944645,-0.7315148666144379,-0.09483147596159351,-0.1048198875949523,-0.021221831997135045,-0.035706543982215636,-0.22498542466641072,-0.04285363367344031,-0.04045430881827191,-0.06110531920618411,-0.20883676334084902,-0.04589913070010122,-0.09127045337698506,-0.04655508493983787,-0.22211451463291396,-0.13897301544365334,0.6166214489787449,0.6369172424354614,0.5675193005880481,0.5321284655306755,0.5332079604278089,0.004799310281229312,-0.009764765878105298,-0.019703370699568845,0.5366491157363866,0.013267454643269054,-0.0014105860284642096,0.00997979683741944,0.026032077800123003,0.5963023868196754,0.0,0.0,0.0,1.0,2.0,1.0,0.0,0.0,0.0,-0.5370155854402551,-0.3645456560542266,-0.3624418815276003,-0.33925960721197945,-0.5440032166235721,-0.5541943844010863,-0.36280176902672195,-0.3666076293032746,-0.5708126533219727,0.0,-0.520722956896028,-0.3731637741955819,0.0,0.0,-0.5840010522693603,-0.2594518187354118,-0.5263907539370191,-0.5693208123008606,0.0,0.0,-0.4073698636462297,0.0,0.0,0.0,0.0,0.0,0.0,15.0,3.0,25.0,0.0,6.0,-0.3336910386300691,-0.3630652635271311,23.0,517.0,0.9699512069103008,0.838743190860193,1.7362272536468082,-6.547890595299096,1.0734011084694888,0.4178171686858107,-0.29087905570730666,0.30572749233527646,0.507487822682473,0.4231066804496885,-4.128792201517884,2.97397190009171,True,True,0.0537148807734453,4.0,-0.44769334067512645,0.6592261400342113,-0.04171033844854671,4.0,0.34414208306675176,3.0,0.3085198593005619,0.36784272527944645,-0.7315148666144379,-0.09483147596159351,-0.1048198875949523,-0.021221831997135045,-0.035706543982215636,-0.22498542466641072,-0.04285363367344031,-0.04045430881827191,-0.06110531920618411,-0.20883676334084902,-0.04589913070010122,-0.09127045337698506,-0.04655508493983787,-0.22211451463291396,-0.13897301544365334,0.6166214489787449,0.6369172424354614,0.5675193005880481,0.5321284655306755,0.5332079604278089,0.004799310281229312,-0.009764765878105298,-0.019703370699568845,0.5366491157363866,0.013267454643269054,-0.0014105860284642096,0.00997979683741944,0.026032077800123003,0.5963023868196754,0.0,0.0,0.0,1.0,2.0,1.0,0.0,0.0,0.0,-0.5370155854402551,-0.3645456560542266,-0.3624418815276003,-0.33925960721197945,-0.5440032166235721,-0.5541943844010863,-0.36280176902672195,-0.3666076293032746,-0.5708126533219727,0.0,-0.520722956896028,-0.3731637741955819,0.0,0.0,-0.5840010522693603,-0.2594518187354118,-0.5263907539370191,-0.5693208123008606,0.0,0.0,-0.4073698636462297,0.0,0.0,0.0,0.0,0.0,0.0,15.0,3.0,25.0,0.0,6.0,-0.3336910386300691,-0.3630652635271311,23.0,517.0,0.9699512069103008,0.838743190860193,1.7362272536468082,-6.547890595299096,1.0734011084694888,0.4178171686858107,-0.29087905570730666,0.30572749233527646,0.507487822682473,0.4231066804496885,-4.128792201517884,2.97397190009171,0
272022,0.9969476,0.44486737,0.24000000000000002,0.1486439774738485,1.4289676035828578,-0.9944299910320706,0.0,-0.9455584798204012,-0.9379707639173058,0.20292828172648897,4.0,0.20462150658036005,2.0,-2.798579637961262,-2.9094617851347224,-0.6364836820583567,0.5251964510691753,0.6165844380730044,-0.06621487877423365,0.2513995294064215,-0.02411707596230095,0.3804259506568076,0.16638001328618787,0.33369495483394995,-0.024399135687559692,-0.08119199470631513,0.2263323912079773,-0.1599880286242778,-0.09737657761497998,0.09606989913883454,0.6206131590385485,0.3614630270258345,0.06058361355522891,0.38343892966408444,0.5101068638799702,0.45798006641582845,0.5724314495423453,1.0136586078681808,0.54764327526575,-0.061525731609496766,0.7910491352248058,0.6883370359862749,0.5163938203850327,0.486344972764715,0.0,0.0,0.0,3.0,0.0,0.0,0.0,0.0,0.0,1.9210581344030766,-0.14369700694673943,2.625137458228539,2.5560271527973812,1.9751302072011405,2.312911327327786,2.4269681056724246,2.472394357549065,1.878386324938579,2.0,1.8772835536203258,-0.6335003159805312,1.0,1.0,2.0106517510808075,-0.2677522530196389,2.105513652419657,1.5655563039631806,1.0,1.0,-0.5484438272765644,0.0,1.0,1.0,2.0,1.0,1.0,15.0,3.0,15.0,3.0,6.0,-0.3485194607037856,-0.3089042489639699,4.0,517.0,0.28680280720003826,0.5392112002880333,-0.44775987762361996,9.814011933932335,-2.734208806236523,15.992374296771306,-0.6276121698260569,-0.30245269313005774,-2.0870485025244028,0.2567218479734044,0.6706271741503008,0.10453824926790861,True,True,-0.9944299910320706,0.0,-0.9455584798204012,-0.9379707639173058,0.20292828172648897,4.0,0.20462150658036005,2.0,-2.798579637961262,-2.9094617851347224,-0.6364836820583567,0.5251964510691753,0.6165844380730044,-0.06621487877423365,0.2513995294064215,-0.02411707596230095,0.3804259506568076,0.16638001328618787,0.33369495483394995,-0.024399135687559692,-0.08119199470631513,0.2263323912079773,-0.1599880286242778,-0.09737657761497998,0.09606989913883454,0.6206131590385485,0.3614630270258345,0.06058361355522891,0.38343892966408444,0.5101068638799702,0.45798006641582845,0.5724314495423453,1.0136586078681808,0.54764327526575,-0.061525731609496766,0.7910491352248058,0.6883370359862749,0.5163938203850327,0.486344972764715,0.0,0.0,0.0,3.0,0.0,0.0,0.0,0.0,0.0,1.9210581344030766,-0.14369700694673943,2.625137458228539,2.5560271527973812,1.9751302072011405,2.312911327327786,2.4269681056724246,2.472394357549065,1.878386324938579,2.0,1.8772835536203258,-0.6335003159805312,1.0,1.0,2.0106517510808075,-0.2677522530196389,2.105513652419657,1.5655563039631806,1.0,1.0,-0.5484438272765644,0.0,1.0,1.0,2.0,1.0,1.0,15.0,3.0,15.0,3.0,6.0,-0.3485194607037856,-0.3089042489639699,4.0,517.0,0.28680280720003826,0.5392112002880333,-0.44775987762361996,9.814011933932335,-2.734208806236523,15.992374296771306,-0.6276121698260569,-0.30245269313005774,-2.0870485025244028,0.2567218479734044,0.6706271741503008,0.10453824926790861,0
65581,0.80848163,0.25571543,0.09,0.013888290969627364,0.1346025637516633,-0.8153812640689242,1.0,-0.49979144943653175,0.9262111806764556,0.03907945485014683,4.0,0.2915358279002118,2.0,0.14625346121400495,0.3487881061942329,-0.754852529612527,-0.0846685881789765,-0.09338306929629282,-0.02752876662934065,-0.037242503976723254,-0.23060148921126758,-0.11055147539058313,-0.04012090987848443,-0.02892566565970805,-0.25868694774390544,-0.0687725823720104,-0.09383432370183092,-0.04999618576040965,-0.2552620617926384,-0.1494878188183403,0.6225682780156117,0.00032801782237128457,0.014637738333994637,-0.006531981634780664,-0.029100637770115626,0.024589725667747184,0.3547106691413711,0.9761400018691778,-0.012067489063960364,0.0012313579153418474,0.005133819135734418,0.0061046106647449925,0.006473422524513846,0.025312442230575712,0.0,0.0,0.0,0.0,0.0,0.0,0.0,0.0,0.0,1.7437989831310552,-0.0872879060168358,2.800522514371356,2.7896356496645667,1.7894747539499307,1.8434531059244395,2.58559824089276,2.6015659721545696,1.7844978032129815,1.0,1.897564998580232,2.6645887500031087,1.0,1.0,1.7212624992572592,-0.2889462991466658,1.5358627951579178,1.3688309934212977,1.0,1.0,2.541201692894252,4.0,2.0,1.0,2.0,2.0,1.0,9.0,8.0,9.0,9.0,3.0,2.0121306802544163,2.2174233765920914,10.0,1090.0,-1.5738480255505083,-0.523331519903292,1.7146269081874446,31.235579705357782,-1.0583832184526354,-5.3994552087045555,1.2632330825933622,0.4000483246080825,1.008186228518116,-0.15450215181131466,-0.22956736174241363,-0.5391180964056421,True,True,-0.8153812640689242,1.0,-0.49979144943653175,0.9262111806764556,0.03907945485014683,4.0,0.2915358279002118,2.0,0.14625346121400495,0.3487881061942329,-0.754852529612527,-0.0846685881789765,-0.09338306929629282,-0.02752876662934065,-0.037242503976723254,-0.23060148921126758,-0.11055147539058313,-0.04012090987848443,-0.02892566565970805,-0.25868694774390544,-0.0687725823720104,-0.09383432370183092,-0.04999618576040965,-0.2552620617926384,-0.1494878188183403,0.6225682780156117,0.00032801782237128457,0.014637738333994637,-0.006531981634780664,-0.029100637770115626,0.024589725667747184,0.3547106691413711,0.9761400018691778,-0.012067489063960364,0.0012313579153418474,0.005133819135734418,0.0061046106647449925,0.006473422524513846,0.025312442230575712,0.0,0.0,0.0,0.0,0.0,0.0,0.0,0.0,0.0,1.7437989831310552,-0.0872879060168358,2.800522514371356,2.7896356496645667,1.7894747539499307,1.8434531059244395,2.58559824089276,2.6015659721545696,1.7844978032129815,1.0,1.897564998580232,2.6645887500031087,1.0,1.0,1.7212624992572592,-0.2889462991466658,1.5358627951579178,1.3688309934212977,1.0,1.0,2.541201692894252,4.0,2.0,1.0,2.0,2.0,1.0,9.0,8.0,9.0,9.0,3.0,2.0121306802544163,2.2174233765920914,10.0,1090.0,-1.5738480255505083,-0.523331519903292,1.7146269081874446,31.235579705357782,-1.0583832184526354,-5.3994552087045555,1.2632330825933622,0.4000483246080825,1.008186228518116,-0.15450215181131466,-0.22956736174241363,-0.5391180964056421,0
174665,0.711002,0.3406273,0.01,0.0025521382703821843,0.018555935005670748,-0.7399002036664969,4.0,0.032158504983280406,-0.5160647361277121,-0.004195994215616962,3.0,0.307037795336491,3.0,0.2937523982215468,0.3589445443023501,-0.7575970798353807,-0.09947725487884945,-0.08780513024213808,-0.03576597164617158,-0.05783804903258882,-0.21673954005038057,-0.12289135340747162,-0.042481459777057,-0.05210183216736233,-0.2719503952953782,-0.057593666237262545,-0.09992602419988036,-0.04327101060727748,-0.235724613210915,-0.1496829009567363,0.6112049106526019,0.6138120732528728,0.5506517514794882,0.00031366358147299605,-0.00045034864123318097,0.002100308465797852,0.0005030709695552824,-0.0033028386793203996,0.5307686378808845,-0.0015243463690244785,-0.0008861711802598465,0.0016131334750498897,0.003029260810463971,0.5345259898533669,0.0,0.0,0.0,1.0,1.0,2.0,0.0,0.0,0.0,-0.5736172429800709,-0.389659123109949,-0.3606785571120384,-0.3581399773705801,-0.5550354729211411,-0.554499295651106,-0.3830565373291378,-0.3822644186445809,-0.5632883237887388,0.0,-0.5244992974450817,-0.39115227645363254,0.0,0.0,-0.559625600749427,-0.2887787886064197,-0.5632774637368315,-0.5543037658068477,0.0,0.0,-0.3926691032296681,0.0,0.0,0.0,0.0,0.0,0.0,25.0,0.0,25.0,0.0,6.0,-0.36991601901157106,-0.37399285234693086,23.0,517.0,1.4868147867449866,0.4142141271132788,-1.016383450631721,-4.894900186858422,0.5659462485909574,-3.254872074680701,0.24514599081099736,0.37390148933216844,-7.2614417745977216,1.0076593295559155,-1.8170696417275605,1.0746172702889885,True,True,-0.7399002036664969,4.0,0.032158504983280406,-0.5160647361277121,-0.004195994215616962,3.0,0.307037795336491,3.0,0.2937523982215468,0.3589445443023501,-0.7575970798353807,-0.09947725487884945,-0.08780513024213808,-0.03576597164617158,-0.05783804903258882,-0.21673954005038057,-0.12289135340747162,-0.042481459777057,-0.05210183216736233,-0.2719503952953782,-0.057593666237262545,-0.09992602419988036,-0.04327101060727748,-0.235724613210915,-0.1496829009567363,0.6112049106526019,0.6138120732528728,0.5506517514794882,0.00031366358147299605,-0.00045034864123318097,0.002100308465797852,0.0005030709695552824,-0.0033028386793203996,0.5307686378808845,-0.0015243463690244785,-0.0008861711802598465,0.0016131334750498897,0.003029260810463971,0.5345259898533669,0.0,0.0,0.0,1.0,1.0,2.0,0.0,0.0,0.0,-0.5736172429800709,-0.389659123109949,-0.3606785571120384,-0.3581399773705801,-0.5550354729211411,-0.554499295651106,-0.3830565373291378,-0.3822644186445809,-0.5632883237887388,0.0,-0.5244992974450817,-0.39115227645363254,0.0,0.0,-0.559625600749427,-0.2887787886064197,-0.5632774637368315,-0.5543037658068477,0.0,0.0,-0.3926691032296681,0.0,0.0,0.0,0.0,0.0,0.0,25.0,0.0,25.0,0.0,6.0,-0.36991601901157106,-0.37399285234693086,23.0,517.0,1.4868147867449866,0.4142141271132788,-1.016383450631721,-4.894900186858422,0.5659462485909574,-3.254872074680701,0.24514599081099736,0.37390148933216844,-7.2614417745977216,1.0076593295559155,-1.8170696417275605,1.0746172702889885,0
38173,0.7778784,0.43887886,0.01,0.0025521382703821843,0.02083694747753431,-0.5268300849257594,4.0,-0.7637780579711861,0.6525323656249715,-0.00285442300577002,4.0,0.3189852811246409,3.0,0.5801827903428487,0.3565332189582511,-0.7547817708707835,-0.10123092569765434,-0.09053343288509669,-0.03814527408833174,-0.056412997757893074,-0.21531448582256205,-0.12797810013258917,-0.04349984560292762,-0.053622580283826354,-0.15409969142937338,-0.052714128891925484,-0.10173536623146848,-0.04803925356567706,-0.21140482918577305,-0.14751840842550662,0.6477863278771843,0.643023707422132,0.5493839585301,0.00042855826563461874,0.001123815527056448,-0.0020307131664508205,0.001807939390309021,0.0009107154307727937,0.5610997847099183,0.00225710665027129,-0.000945474971631019,0.0007057120274302623,0.0023060270827865315,0.5629691813583104,0.0,0.0,0.0,2.0,2.0,2.0,0.0,0.0,0.0,-0.5760467239824953,-0.3928624577023729,-0.35501294563347885,-0.35574906910796317,-0.5516923169995341,-0.5536290871553459,-0.3806053302517738,-0.3853808015942063,-0.5649289369909937,0.0,-0.5322984171429072,-0.3969548540533897,0.0,0.0,-0.5607554136938788,-0.2903995498753368,-0.5561515310764806,-0.5588495208942907,0.0,0.0,-0.39060616154749406,0.0,0.0,0.0,0.0,0.0,0.0,25.0,0.0,25.0,0.0,6.0,-0.37180262218880705,-0.3751837877561798,23.0,517.0,-1.5780663212782553,1.2044536110360788,1.7264609961320672,-4.896237335859765,0.8402184129527842,-3.2428201421229006,0.09817622732924765,0.2863890352677169,-7.2622453167192855,0.9289201361279193,-1.740109981528291,1.2473273087149996,True,True,-0.5268300849257594,4.0,-0.7637780579711861,0.6525323656249715,-0.00285442300577002,4.0,0.3189852811246409,3.0,0.5801827903428487,0.3565332189582511,-0.7547817708707835,-0.10123092569765434,-0.09053343288509669,-0.03814527408833174,-0.056412997757893074,-0.21531448582256205,-0.12797810013258917,-0.04349984560292762,-0.053622580283826354,-0.15409969142937338,-0.052714128891925484,-0.10173536623146848,-0.04803925356567706,-0.21140482918577305,-0.14751840842550662,0.6477863278771843,0.643023707422132,0.5493839585301,0.00042855826563461874,0.001123815527056448,-0.0020307131664508205,0.001807939390309021,0.0009107154307727937,0.5610997847099183,0.00225710665027129,-0.000945474971631019,0.0007057120274302623,0.0023060270827865315,0.5629691813583104,0.0,0.0,0.0,2.0,2.0,2.0,0.0,0.0,0.0,-0.5760467239824953,-0.3928624577023729,-0.35501294563347885,-0.35574906910796317,-0.5516923169995341,-0.5536290871553459,-0.3806053302517738,-0.3853808015942063,-0.5649289369909937,0.0,-0.5322984171429072,-0.3969548540533897,0.0,0.0,-0.5607554136938788,-0.2903995498753368,-0.5561515310764806,-0.5588495208942907,0.0,0.0,-0.39060616154749406,0.0,0.0,0.0,0.0,0.0,0.0,25.0,0.0,25.0,0.0,6.0,-0.37180262218880705,-0.3751837877561798,23.0,517.0,-1.5780663212782553,1.2044536110360788,1.7264609961320672,-4.896237335859765,0.8402184129527842,-3.2428201421229006,0.09817622732924765,0.2863890352677169,-7.2622453167192855,0.9289201361279193,-1.740109981528291,1.2473273087149996,0
470879,0.72243434,0.43124816,0.12,0.02389616287845446,0.19098695011694117,-0.5201396576410322,0.0,0.5682369984423177,0.658382783616169,0.6133172426285038,3.0,0.3347162254247245,2.0,-2.760036314259717,-2.7685211826616136,-0.7649749486987597,-0.09734611228416662,-0.08484166546644603,0.029134585243289476,-0.04088040886567782,-0.22444834290365973,-0.10331852423949991,-0.05876221852135341,0.010202985562997521,-0.24496226250680178,-0.0488800578610165,-0.07446818793363197,-0.050598651512892064,-0.22367640461972754,-0.18326514946142203,0.6055092613578811,-0.030012438803980263,-0.011761367854700394,0.5136433551502094,0.04574827835146184,0.550715880854383,0.392952975544149,1.0245143794907705,0.5439432483791764,0.025434291100627247,0.6217719885671559,0.5703796628464061,0.595521242881601,0.5190268173358655,0.0,0.0,0.0,3.0,0.0,0.0,0.0,0.0,0.0,1.723848452384038,2.158109814489608,2.787868889640609,2.776916075819536,1.816355218614132,1.8022435855300791,2.6182562049856664,2.589692067169755,1.738245940332964,2.0,1.9272517753598162,-0.37680651759556777,1.0,1.0,1.8372639668908208,-0.2558098384073174,1.4572680329806016,2.0980159151068754,1.0,1.0,-0.4010181678060193,0.0,1.0,1.0,2.0,1.0,2.0,15.0,3.0,15.0,3.0,6.0,-0.3790308671347838,-0.3707000143532734,30.0,612.0,-1.5606195739991715,0.8050850373356101,-0.27018999820316997,9.526785385185528,-2.678314089761285,15.849027684747542,-0.5921447605140724,-0.11975665654074345,-2.168902984556241,0.143026474621481,0.5678826952427548,-0.6226894291629587,True,True,-0.5201396576410322,0.0,0.5682369984423177,0.658382783616169,0.6133172426285038,3.0,0.3347162254247245,2.0,-2.760036314259717,-2.7685211826616136,-0.7649749486987597,-0.09734611228416662,-0.08484166546644603,0.029134585243289476,-0.04088040886567782,-0.22444834290365973,-0.10331852423949991,-0.05876221852135341,0.010202985562997521,-0.24496226250680178,-0.0488800578610165,-0.07446818793363197,-0.050598651512892064,-0.22367640461972754,-0.18326514946142203,0.6055092613578811,-0.030012438803980263,-0.011761367854700394,0.5136433551502094,0.04574827835146184,0.550715880854383,0.392952975544149,1.0245143794907705,0.5439432483791764,0.025434291100627247,0.6217719885671559,0.5703796628464061,0.595521242881601,0.5190268173358655,0.0,0.0,0.0,3.0,0.0,0.0,0.0,0.0,0.0,1.723848452384038,2.158109814489608,2.787868889640609,2.776916075819536,1.816355218614132,1.8022435855300791,2.6182562049856664,2.589692067169755,1.738245940332964,2.0,1.9272517753598162,-0.37680651759556777,1.0,1.0,1.8372639668908208,-0.2558098384073174,1.4572680329806016,2.0980159151068754,1.0,1.0,-0.4010181678060193,0.0,1.0,1.0,2.0,1.0,2.0,15.0,3.0,15.0,3.0,6.0,-0.3790308671347838,-0.3707000143532734,30.0,612.0,-1.5606195739991715,0.8050850373356101,-0.27018999820316997,9.526785385185528,-2.678314089761285,15.849027684747542,-0.5921447605140724,-0.11975665654074345,-2.168902984556241,0.143026474621481,0.5678826952427548,-0.6226894291629587,0
54105,0.94965756,0.06827777,0.16,0.04640734643340897,0.3682474412859769,-0.07018065028513858,1.0,0.2032642098502786,1.0856833523530351,-0.009706691676079212,4.0,0.3556053890149357,2.0,0.7039340204693023,0.35721231369878625,-0.6660562410383445,-0.10137721550174758,-0.07102054983699548,-0.04306068885985625,-0.0002890260457384386,-0.15072325399526665,-0.13129780118605705,-0.016891599840212296,-0.12227546287825082,-0.29556717270573096,0.014502213314079367,-0.027604780629021435,-0.10360956584809652,-0.27500301096272906,-0.21003929818790196,0.6258014929061396,0.05013883023233275,0.04316477259389362,0.06624609238618007,0.006508855167813987,-0.012819535018515713,0.4795822070027904,0.9896740829005917,-0.025035019512665836,0.0797979945201074,0.02885952798180552,-0.11334608934498941,-0.01166520730921259,0.02864915169510657,0.0,0.0,0.0,0.0,0.0,0.0,0.0,0.0,0.0,1.7320619697682418,0.883364308898924,2.8528493302668543,2.8318295865498273,1.797344875357817,1.8263063691062476,2.6177607142630905,2.596281698801689,1.7762988370879202,1.0,-0.4943078661258566,2.3837124109025365,1.0,1.0,1.7176767628880987,-0.18084360967026578,2.157031510360249,1.5173027496982239,1.0,1.0,2.5499997521390054,4.0,2.0,2.0,2.0,2.0,1.0,44.0,3.0,45.0,3.0,3.0,-0.37830743293188,-0.3399726150429831,13.0,1045.0,0.4218671084515968,0.6646219956443172,1.735328279753056,32.316291745555596,-0.7683159552035209,-4.737965929268782,0.9313902161445876,0.31476977130196604,1.122676531283235,0.14263076976288808,0.5058124995463149,0.7809199186858216,True,True,-0.07018065028513858,1.0,0.2032642098502786,1.0856833523530351,-0.009706691676079212,4.0,0.3556053890149357,2.0,0.7039340204693023,0.35721231369878625,-0.6660562410383445,-0.10137721550174758,-0.07102054983699548,-0.04306068885985625,-0.0002890260457384386,-0.15072325399526665,-0.13129780118605705,-0.016891599840212296,-0.12227546287825082,-0.29556717270573096,0.014502213314079367,-0.027604780629021435,-0.10360956584809652,-0.27500301096272906,-0.21003929818790196,0.6258014929061396,0.05013883023233275,0.04316477259389362,0.06624609238618007,0.006508855167813987,-0.012819535018515713,0.4795822070027904,0.9896740829005917,-0.025035019512665836,0.0797979945201074,0.02885952798180552,-0.11334608934498941,-0.01166520730921259,0.02864915169510657,0.0,0.0,0.0,0.0,0.0,0.0,0.0,0.0,0.0,1.7320619697682418,0.883364308898924,2.8528493302668543,2.8318295865498273,1.797344875357817,1.8263063691062476,2.6177607142630905,2.596281698801689,1.7762988370879202,1.0,-0.4943078661258566,2.3837124109025365,1.0,1.0,1.7176767628880987,-0.18084360967026578,2.157031510360249,1.5173027496982239,1.0,1.0,2.5499997521390054,4.0,2.0,2.0,2.0,2.0,1.0,44.0,3.0,45.0,3.0,3.0,-0.37830743293188,-0.3399726150429831,13.0,1045.0,0.4218671084515968,0.6646219956443172,1.735328279753056,32.316291745555596,-0.7683159552035209,-4.737965929268782,0.9313902161445876,0.31476977130196604,1.122676531283235,0.14263076976288808,0.5058124995463149,0.7809199186858216,0
207674,0.89810884,0.24487665,0.04,0.005058857517455529,0.04238397596192725,-0.8086629355913751,1.0,-0.9109749203976079,0.9357387782910013,0.15921786903490284,4.0,-0.8204059144691453,2.0,0.35130497570674324,0.37257249452429836,-0.7581743429368987,-0.10417459912062067,-0.08856294519105606,-0.0398525626187061,-0.05137844547480381,-0.2208255402809523,-0.10901001095261853,-0.04883451233272015,-0.044508854275626945,-0.26991558239229807,-0.03245893344844854,-0.09872300713833466,-0.045281856716011495,-0.24258443099100485,-0.16016689264636344,0.6079571649106524,-0.0018552605670495448,-0.0026776687826292112,-0.0031124266141524188,0.0049633391479718385,3.620709284816859e-05,0.3871563858102441,1.0023277876006111,-0.004481198349750006,-0.007550349778692866,-0.0007083794937839062,-0.0025054136967701504,0.0019448238178355704,-0.003802832747932972,0.0,0.0,0.0,0.0,0.0,0.0,0.0,0.0,0.0,1.7553463686463395,0.25578726835538385,2.792893101235454,2.7939794716832558,1.8038607822221342,1.8144225977282127,2.6004836666169564,2.6122073842012163,1.7761639465744359,2.0,1.8968312151203959,5.0423911421208265,1.0,1.0,1.6394131816231334,-0.2835095192762564,1.8601562013344521,1.8573392293998705,1.0,1.0,2.551827186672281,4.0,2.0,1.0,2.0,2.0,1.0,1.0,3.0,1.0,3.0,3.0,2.424865846057149,2.558588627993407,4.0,1090.0,0.464959235051612,0.019355750664221696,-1.0273475463672803,31.154837456986368,-1.1961034633280692,-5.410031524788433,1.1601816391689084,0.09016183915620916,0.979106401530769,-0.12388636916359722,-0.20481100576706168,-0.5366941577324932,True,True,-0.8086629355913751,1.0,-0.9109749203976079,0.9357387782910013,0.15921786903490284,4.0,-0.8204059144691453,2.0,0.35130497570674324,0.37257249452429836,-0.7581743429368987,-0.10417459912062067,-0.08856294519105606,-0.0398525626187061,-0.05137844547480381,-0.2208255402809523,-0.10901001095261853,-0.04883451233272015,-0.044508854275626945,-0.26991558239229807,-0.03245893344844854,-0.09872300713833466,-0.045281856716011495,-0.24258443099100485,-0.16016689264636344,0.6079571649106524,-0.0018552605670495448,-0.0026776687826292112,-0.0031124266141524188,0.0049633391479718385,3.620709284816859e-05,0.3871563858102441,1.0023277876006111,-0.004481198349750006,-0.007550349778692866,-0.0007083794937839062,-0.0025054136967701504,0.0019448238178355704,-0.003802832747932972,0.0,0.0,0.0,0.0,0.0,0.0,0.0,0.0,0.0,1.7553463686463395,0.25578726835538385,2.792893101235454,2.7939794716832558,1.8038607822221342,1.8144225977282127,2.6004836666169564,2.6122073842012163,1.7761639465744359,2.0,1.8968312151203959,5.0423911421208265,1.0,1.0,1.6394131816231334,-0.2835095192762564,1.8601562013344521,1.8573392293998705,1.0,1.0,2.551827186672281,4.0,2.0,1.0,2.0,2.0,1.0,1.0,3.0,1.0,3.0,3.0,2.424865846057149,2.558588627993407,4.0,1090.0,0.464959235051612,0.019355750664221696,-1.0273475463672803,31.154837456986368,-1.1961034633280692,-5.410031524788433,1.1601816391689084,0.09016183915620916,0.979106401530769,-0.12388636916359722,-0.20481100576706168,-0.5366941577324932,0
344687,0.5166069,0.44595832,0.03,0.004056900182200707,0.030264504518992454,-0.5195983663998626,4.0,1.7269056170968646,0.903298972942552,-0.0033602671834229328,4.0,0.3226641515429738,3.0,0.2526327976317212,0.36035745667907104,-0.7572362806607841,-0.08450833435989388,-0.08996212195849175,-0.04250844684825109,-0.059751659720040845,-0.22291088013658025,-0.08905760453034527,-0.04109813076025525,-0.05578519437754775,-0.20998778537205043,-0.05624501141106644,-0.08315577400371335,-0.04866365306338014,-0.2328645707661678,-0.14475941250513188,0.653347669570426,0.0031073030465956844,0.5942929976027227,0.5350059575740072,0.5469074871280685,-0.005414646412224641,0.0002747913959275641,0.0041902499570509255,0.5310430727186636,0.6484096665543408,0.001104189832098966,0.008120082442433221,-0.006239323079366301,0.57251745510954,2.0,2.0,1.0,1.0,2.0,1.0,2.0,2.0,2.0,-0.571684343412012,-0.39409217524208484,-0.3545364612057272,-0.35872357930447374,-0.5538196800844583,-0.5580021769204855,-0.3856574151941616,-0.38359952186214974,-0.566327478317077,0.0,-0.5286414820404027,-0.3986959029194567,0.0,0.0,-0.5648434856388577,-0.28624412847305136,-0.5583137542815619,-0.56002496074481,0.0,0.0,-0.3839996123306808,0.0,0.0,0.0,0.0,0.0,0.0,43.0,3.0,25.0,0.0,6.0,-0.36531744680327877,-0.3767103716727489,23.0,517.0,0.9780800972726822,1.0707249256799287,-0.5261963664065952,-7.52751169523055,0.0968489284508546,-0.5787662283428936,0.31636904195148613,-0.1450406462739285,2.186977680849956,-0.13512241509956538,1.2128312084035178,-0.5956654027263678,True,True,-0.5195983663998626,4.0,1.7269056170968646,0.903298972942552,-0.0033602671834229328,4.0,0.3226641515429738,3.0,0.2526327976317212,0.36035745667907104,-0.7572362806607841,-0.08450833435989388,-0.08996212195849175,-0.04250844684825109,-0.059751659720040845,-0.22291088013658025,-0.08905760453034527,-0.04109813076025525,-0.05578519437754775,-0.20998778537205043,-0.05624501141106644,-0.08315577400371335,-0.04866365306338014,-0.2328645707661678,-0.14475941250513188,0.653347669570426,0.0031073030465956844,0.5942929976027227,0.5350059575740072,0.5469074871280685,-0.005414646412224641,0.0002747913959275641,0.0041902499570509255,0.5310430727186636,0.6484096665543408,0.001104189832098966,0.008120082442433221,-0.006239323079366301,0.57251745510954,2.0,2.0,1.0,1.0,2.0,1.0,2.0,2.0,2.0,-0.571684343412012,-0.39409217524208484,-0.3545364612057272,-0.35872357930447374,-0.5538196800844583,-0.5580021769204855,-0.3856574151941616,-0.38359952186214974,-0.566327478317077,0.0,-0.5286414820404027,-0.3986959029194567,0.0,0.0,-0.5648434856388577,-0.28624412847305136,-0.5583137542815619,-0.56002496074481,0.0,0.0,-0.3839996123306808,0.0,0.0,0.0,0.0,0.0,0.0,43.0,3.0,25.0,0.0,6.0,-0.36531744680327877,-0.3767103716727489,23.0,517.0,0.9780800972726822,1.0707249256799287,-0.5261963664065952,-7.52751169523055,0.0968489284508546,-0.5787662283428936,0.31636904195148613,-0.1450406462739285,2.186977680849956,-0.13512241509956538,1.2128312084035178,-0.5956654027263678,0
573929,0.9120847,0.38881862,0.16,0.04640734643340897,0.3606626981065776,1.81498414579291,2.0,1.4193605227383024,-0.9438112928713064,-0.051672873162665375,4.0,0.30145266593682174,2.0,0.8889376834846182,0.40414450056778106,-0.7712806860646877,-0.1637325397444146,-0.07006241727544056,-0.021450555484954722,-0.05457415399096107,-0.19748140691171845,-0.14364489961834398,-0.029571938907191304,0.02519035804940703,-0.23263178560677114,-0.12743919804432352,-0.05489138686244843,-0.019821269712416233,-0.20926996526734973,-0.2704514933156035,0.6824442219081069,0.08450636226401803,-0.026593310973913285,0.00822388044082288,-0.08232352818535922,-0.018997603450556,0.4406899589168415,1.0004379202458034,-0.008803360867335793,0.06311044497284968,0.018049934061940127,-0.0340934733742318,0.0009893784724289904,-0.05216491488650649,0.0,0.0,0.0,0.0,0.0,0.0,0.0,0.0,0.0,1.706268468951918,3.3473729842524724,2.762774085983855,2.7431290468003926,1.877619445208745,1.8550877961481593,2.5715406533259832,2.6063661187766898,1.8299788655629654,2.0,1.815313559535493,2.770917733366616,1.0,1.0,1.6721340459031162,3.464465780920531,1.649438154531936,1.6919737317113528,1.0,1.0,2.568411850359323,3.0,2.0,1.0,1.0,2.0,2.0,15.0,3.0,15.0,3.0,5.0,1.796549800144994,1.959815627906588,22.0,304.0,-0.5174409170727889,0.4906272466342222,-0.06303644647534792,31.29699510821881,-0.8261404215183576,-5.295067950236133,1.0136442321203567,0.15898670597073142,0.9947052666665512,-0.09758697936887742,-0.02985652443888237,-0.2405109037426622,True,True,1.81498414579291,2.0,1.4193605227383024,-0.9438112928713064,-0.051672873162665375,4.0,0.30145266593682174,2.0,0.8889376834846182,0.40414450056778106,-0.7712806860646877,-0.1637325397444146,-0.07006241727544056,-0.021450555484954722,-0.05457415399096107,-0.19748140691171845,-0.14364489961834398,-0.029571938907191304,0.02519035804940703,-0.23263178560677114,-0.12743919804432352,-0.05489138686244843,-0.019821269712416233,-0.20926996526734973,-0.2704514933156035,0.6824442219081069,0.08450636226401803,-0.026593310973913285,0.00822388044082288,-0.08232352818535922,-0.018997603450556,0.4406899589168415,1.0004379202458034,-0.008803360867335793,0.06311044497284968,0.018049934061940127,-0.0340934733742318,0.0009893784724289904,-0.05216491488650649,0.0,0.0,0.0,0.0,0.0,0.0,0.0,0.0,0.0,1.706268468951918,3.3473729842524724,2.762774085983855,2.7431290468003926,1.877619445208745,1.8550877961481593,2.5715406533259832,2.6063661187766898,1.8299788655629654,2.0,1.815313559535493,2.770917733366616,1.0,1.0,1.6721340459031162,3.464465780920531,1.649438154531936,1.6919737317113528,1.0,1.0,2.568411850359323,3.0,2.0,1.0,1.0,2.0,2.0,15.0,3.0,15.0,3.0,5.0,1.796549800144994,1.959815627906588,22.0,304.0,-0.5174409170727889,0.4906272466342222,-0.06303644647534792,31.29699510821881,-0.8261404215183576,-5.295067950236133,1.0136442321203567,0.15898670597073142,0.9947052666665512,-0.09758697936887742,-0.02985652443888237,-0.2405109037426622,0
65625,0.9424629,0.31742966,0.09,0.013888290969627364,0.12089853736821574,0.7357088752191502,2.0,-0.10819881514917828,-0.5213304856321102,-0.0087182664309217,3.0,-0.5929764120787335,3.0,-0.0508565214120426,0.3557231772526003,-0.7691923408000082,-0.09012616300122295,-0.10890872643761154,-0.04527418898117598,-0.038764006869716885,-0.23466708824318977,-0.10293721836896653,-0.05797979600879993,-0.017129397179495298,-0.2901889268361722,-0.049085211171290895,-0.06501316592123271,-0.05647481862056769,-0.2624224818676357,-0.12393411840077494,0.5993408617945792,0.0009958566767209178,0.004731870747432559,0.5598755343775265,0.5479867149556805,0.5247769273100498,0.3783528497733207,1.0169005636921613,0.04055082021189716,-0.000579193071581068,-0.00797643207369466,0.017131129525411338,0.014664096712004403,-0.004404817671142079,0.0,0.0,0.0,0.0,0.0,0.0,0.0,0.0,0.0,1.728563047950076,0.8196585009587024,2.790470355370994,2.8080202281899145,1.7888078709781723,1.821410210542219,2.613456278127363,2.623173955248548,1.7577581293208535,1.0,1.8962783854405791,2.6929783136572136,1.0,1.0,1.7133520039801313,3.4388545063674743,1.8784771339909687,1.5520540949043586,1.0,1.0,2.5340318115899785,4.0,2.0,1.0,2.0,2.0,1.0,43.0,3.0,44.0,3.0,3.0,2.123926932670406,2.1627803106459997,8.0,1090.0,-1.5835256034478808,-0.24733180733791618,1.7289618291947495,29.977801149447235,-0.9550806976102129,-1.594659732829098,0.6564335241100395,-0.05328479430223885,8.68903813998504,-1.524208748325332,-2.2710670434426263,0.8110493649356428,True,True,0.7357088752191502,2.0,-0.10819881514917828,-0.5213304856321102,-0.0087182664309217,3.0,-0.5929764120787335,3.0,-0.0508565214120426,0.3557231772526003,-0.7691923408000082,-0.09012616300122295,-0.10890872643761154,-0.04527418898117598,-0.038764006869716885,-0.23466708824318977,-0.10293721836896653,-0.05797979600879993,-0.017129397179495298,-0.2901889268361722,-0.049085211171290895,-0.06501316592123271,-0.05647481862056769,-0.2624224818676357,-0.12393411840077494,0.5993408617945792,0.0009958566767209178,0.004731870747432559,0.5598755343775265,0.5479867149556805,0.5247769273100498,0.3783528497733207,1.0169005636921613,0.04055082021189716,-0.000579193071581068,-0.00797643207369466,0.017131129525411338,0.014664096712004403,-0.004404817671142079,0.0,0.0,0.0,0.0,0.0,0.0,0.0,0.0,0.0,1.728563047950076,0.8196585009587024,2.790470355370994,2.8080202281899145,1.7888078709781723,1.821410210542219,2.613456278127363,2.623173955248548,1.7577581293208535,1.0,1.8962783854405791,2.6929783136572136,1.0,1.0,1.7133520039801313,3.4388545063674743,1.8784771339909687,1.5520540949043586,1.0,1.0,2.5340318115899785,4.0,2.0,1.0,2.0,2.0,1.0,43.0,3.0,44.0,3.0,3.0,2.123926932670406,2.1627803106459997,8.0,1090.0,-1.5835256034478808,-0.24733180733791618,1.7289618291947495,29.977801149447235,-0.9550806976102129,-1.594659732829098,0.6564335241100395,-0.05328479430223885,8.68903813998504,-1.524208748325332,-2.2710670434426263,0.8110493649356428,0
539692,0.8393142,0.48627684,0.09999999999999999,0.01672075323499393,0.1219768360005297,0.9802221456745955,4.0,1.1347155036447978,0.6501708123998436,0.004603981018095784,4.0,0.30477493671622474,3.0,0.44370555216993973,0.3353694277727924,-0.7405526827081604,-0.13811360313584764,-0.10748287479848248,-0.027602562227569183,-0.047175180337501156,-0.23126672440714205,-0.10591102505644925,-0.0486576103187584,-0.04329367368391318,-0.16606567611917905,-0.07071985991645217,-0.09406078426070992,-0.035813794183590326,-0.2375170667035259,-0.15369368147691934,0.5859293029911414,0.5962640155190271,0.5453534941823562,0.5339455999462637,9.165996724548467e-05,0.02013264829949947,0.009842081527974013,-0.012144319264888168,0.5301601464968326,0.5955949390492231,-0.01329476880677955,-0.005420517583909794,0.006453381738082576,0.5353082077836805,2.0,1.0,1.0,1.0,2.0,2.0,1.0,1.0,1.0,-0.592431429617606,-0.3883675046394395,-0.4028986951286141,-0.3666719394035563,-0.5520026648477693,-0.5497437140985294,-0.38641785590973243,-0.38804351619822613,-0.5900005425230146,0.0,-0.5193828725032207,-0.4246825811359556,0.0,0.0,-0.5569208084416714,-0.2812148355818119,-0.5363569983507095,-0.5907404223067448,0.0,0.0,-0.4026907970458802,0.0,0.0,0.0,0.0,0.0,0.0,25.0,0.0,25.0,0.0,6.0,-0.37505129133294646,-0.37134084284772534,23.0,517.0,-0.01666721936410726,0.5400467628738538,-0.029133581144240098,-7.557082287246885,1.1146005465794568,-0.5067538667506569,0.13808957842665215,0.07229681111661716,2.3802258558372493,1.414301599651174,1.2585216002323385,0.5688009603548438,True,True,0.9802221456745955,4.0,1.1347155036447978,0.6501708123998436,0.004603981018095784,4.0,0.30477493671622474,3.0,0.44370555216993973,0.3353694277727924,-0.7405526827081604,-0.13811360313584764,-0.10748287479848248,-0.027602562227569183,-0.047175180337501156,-0.23126672440714205,-0.10591102505644925,-0.0486576103187584,-0.04329367368391318,-0.16606567611917905,-0.07071985991645217,-0.09406078426070992,-0.035813794183590326,-0.2375170667035259,-0.15369368147691934,0.5859293029911414,0.5962640155190271,0.5453534941823562,0.5339455999462637,9.165996724548467e-05,0.02013264829949947,0.009842081527974013,-0.012144319264888168,0.5301601464968326,0.5955949390492231,-0.01329476880677955,-0.005420517583909794,0.006453381738082576,0.5353082077836805,2.0,1.0,1.0,1.0,2.0,2.0,1.0,1.0,1.0,-0.592431429617606,-0.3883675046394395,-0.4028986951286141,-0.3666719394035563,-0.5520026648477693,-0.5497437140985294,-0.38641785590973243,-0.38804351619822613,-0.5900005425230146,0.0,-0.5193828725032207,-0.4246825811359556,0.0,0.0,-0.5569208084416714,-0.2812148355818119,-0.5363569983507095,-0.5907404223067448,0.0,0.0,-0.4026907970458802,0.0,0.0,0.0,0.0,0.0,0.0,25.0,0.0,25.0,0.0,6.0,-0.37505129133294646,-0.37134084284772534,23.0,517.0,-0.01666721936410726,0.5400467628738538,-0.029133581144240098,-7.557082287246885,1.1146005465794568,-0.5067538667506569,0.13808957842665215,0.07229681111661716,2.3802258558372493,1.414301599651174,1.2585216002323385,0.5688009603548438,0
319879,0.9739499,0.24985756,0.15000000000000002,0.03954065143898942,0.3466789484648516,0.06860853764517691,0.0,-0.17881331365274195,0.9113934583135807,0.5422559414113723,4.0,-0.4304699362586134,2.0,-2.777433368811795,-2.7761702979351535,-0.7437963914704249,-0.13076032284667477,-0.12526098380635386,-0.054097168074854485,-0.12039397419356462,-0.234102978796527,-0.14382208070955294,-0.03921816966962266,-0.049228966854535094,-0.28874937659467115,-0.050003332583429996,-0.11777415783724611,-0.08658958922004142,-0.1920563714234965,-0.12918254196053836,0.6295936836838918,0.007030480736694802,-0.0598852233792524,0.4914793567565673,0.014372046458800192,0.487773196542065,0.36139921487146504,1.076549768188241,0.5744789148960181,0.01318627337647894,0.5912953383332121,0.5445936811623937,0.4555203325368186,0.3968817965749951,0.0,0.0,0.0,3.0,0.0,0.0,0.0,0.0,0.0,1.7917599577883072,3.484331735126158,2.8155251839215993,2.774890308148599,1.768250301228308,1.8000280655230487,2.512262711986273,2.648965979879767,1.7671107613688497,2.0,1.9173058820296567,-0.40519887715767966,1.0,1.0,1.8678984153355613,-0.27949844119757034,1.4386095839417405,2.051659982731138,1.0,1.0,-0.30158317271033175,0.0,1.0,1.0,2.0,1.0,2.0,15.0,3.0,15.0,3.0,6.0,-0.3389384131873983,-0.33242222337031446,4.0,509.0,0.9747343556087678,0.7976033295076113,-0.4379421335138535,9.681975377992313,-2.616696617994633,16.040463570343686,-0.616395887667802,-0.1384673968841752,-2.159251565889462,0.2601567431322456,0.693137940187544,-0.277287280667147,True,True,0.06860853764517691,0.0,-0.17881331365274195,0.9113934583135807,0.5422559414113723,4.0,-0.4304699362586134,2.0,-2.777433368811795,-2.7761702979351535,-0.7437963914704249,-0.13076032284667477,-0.12526098380635386,-0.054097168074854485,-0.12039397419356462,-0.234102978796527,-0.14382208070955294,-0.03921816966962266,-0.049228966854535094,-0.28874937659467115,-0.050003332583429996,-0.11777415783724611,-0.08658958922004142,-0.1920563714234965,-0.12918254196053836,0.6295936836838918,0.007030480736694802,-0.0598852233792524,0.4914793567565673,0.014372046458800192,0.487773196542065,0.36139921487146504,1.076549768188241,0.5744789148960181,0.01318627337647894,0.5912953383332121,0.5445936811623937,0.4555203325368186,0.3968817965749951,0.0,0.0,0.0,3.0,0.0,0.0,0.0,0.0,0.0,1.7917599577883072,3.484331735126158,2.8155251839215993,2.774890308148599,1.768250301228308,1.8000280655230487,2.512262711986273,2.648965979879767,1.7671107613688497,2.0,1.9173058820296567,-0.40519887715767966,1.0,1.0,1.8678984153355613,-0.27949844119757034,1.4386095839417405,2.051659982731138,1.0,1.0,-0.30158317271033175,0.0,1.0,1.0,2.0,1.0,2.0,15.0,3.0,15.0,3.0,6.0,-0.3389384131873983,-0.33242222337031446,4.0,509.0,0.9747343556087678,0.7976033295076113,-0.4379421335138535,9.681975377992313,-2.616696617994633,16.040463570343686,-0.616395887667802,-0.1384673968841752,-2.159251565889462,0.2601567431322456,0.693137940187544,-0.277287280667147,0
25960,0.8660925,0.24439432,0.15000000000000002,0.03954065143898942,0.3016748312071039,5.5195625137677835,4.0,1.2531066317231754,-5.926159994239537,0.037453307666506896,4.0,-10.926273030979676,2.0,-0.005891713144177709,0.352665653026509,0.8958554091252856,0.25416915962098785,-0.09416908432613416,-0.0438348371305983,-0.10511215045775149,-0.28999457137349294,-0.10277108239087301,-0.08049365251271912,-0.13716486100695102,-0.08704265795777329,-0.01778160152038545,-0.1157794486843084,-0.105264972793042,-0.16981285961114423,-0.10930855641026957,0.5778474641656899,0.046921153097351835,-0.03581411879953864,0.7791535011624745,0.5706105474769023,-0.022238460284825803,0.0682932974025142,-0.02375310513097475,0.7875129541589301,0.7926340410471197,0.02682161300985083,0.006466406453901454,0.01971993017922842,0.772662114261733,2.0,2.0,1.0,2.0,2.0,2.0,0.0,0.0,0.0,-0.603525552355503,-0.36450613229543494,-0.3532569249409754,-0.3582630132153931,-0.5374031148584449,-0.5328515150133144,-0.32227709151332035,-0.29129654873257815,-0.5863336552491236,0.0,-0.5050517578814697,-0.3982506708361745,0.0,0.0,-0.49514946119155,-0.2793683376516824,-0.5654662086790048,-0.5406094726164298,0.0,0.0,-0.3512478843688542,0.0,0.0,0.0,0.0,0.0,0.0,15.0,3.0,25.0,0.0,6.0,-0.3801751968775071,-0.35036083429518466,23.0,517.0,0.4727471261429447,0.6486191692837311,1.733353149965774,-7.472224403498058,0.49569769913785555,-0.6300383230524489,0.09382472935494798,-0.2675479694861942,2.1881012851124817,-0.09376813669421948,1.1434485796304081,-0.8245731922225379,True,True,5.5195625137677835,4.0,1.2531066317231754,-5.926159994239537,0.037453307666506896,4.0,-10.926273030979676,2.0,-0.005891713144177709,0.352665653026509,0.8958554091252856,0.25416915962098785,-0.09416908432613416,-0.0438348371305983,-0.10511215045775149,-0.28999457137349294,-0.10277108239087301,-0.08049365251271912,-0.13716486100695102,-0.08704265795777329,-0.01778160152038545,-0.1157794486843084,-0.105264972793042,-0.16981285961114423,-0.10930855641026957,0.5778474641656899,0.046921153097351835,-0.03581411879953864,0.7791535011624745,0.5706105474769023,-0.022238460284825803,0.0682932974025142,-0.02375310513097475,0.7875129541589301,0.7926340410471197,0.02682161300985083,0.006466406453901454,0.01971993017922842,0.772662114261733,2.0,2.0,1.0,2.0,2.0,2.0,0.0,0.0,0.0,-0.603525552355503,-0.36450613229543494,-0.3532569249409754,-0.3582630132153931,-0.5374031148584449,-0.5328515150133144,-0.32227709151332035,-0.29129654873257815,-0.5863336552491236,0.0,-0.5050517578814697,-0.3982506708361745,0.0,0.0,-0.49514946119155,-0.2793683376516824,-0.5654662086790048,-0.5406094726164298,0.0,0.0,-0.3512478843688542,0.0,0.0,0.0,0.0,0.0,0.0,15.0,3.0,25.0,0.0,6.0,-0.3801751968775071,-0.35036083429518466,23.0,517.0,0.4727471261429447,0.6486191692837311,1.733353149965774,-7.472224403498058,0.49569769913785555,-0.6300383230524489,0.09382472935494798,-0.2675479694861942,2.1881012851124817,-0.09376813669421948,1.1434485796304081,-0.8245731922225379,0
330732,0.9986058,0.024380367,0.21000000000000002,0.0982356594956918,0.8030545257786613,1.4629502519629827,1.0,1.4091887657791418,-0.12902616728624441,-0.120647468246779,4.0,0.2915385043332691,3.0,0.08636607146346781,0.5210012127602766,-0.6489954786823717,-0.14967876216909112,-0.03110674158355294,-0.1205035526952106,-0.02025674960420882,-0.17796494707319976,-0.18231501537059824,-0.013147499423957126,-0.2193304127573184,-0.36454533463178984,-0.020506453926014218,-0.2511498141731664,-0.21991248738721741,-0.13534587762055095,-0.276419183427227,0.7426873730645417,0.002187627687365958,0.11652633367978932,0.095599770228031,0.01315999505791055,0.01798743309141166,0.5399767891399204,0.8976752287042882,-0.1506715257381875,-0.09958902376049701,0.039112034647183866,-0.07238668247435782,0.17454162672948748,-0.009096265984123495,0.0,0.0,0.0,0.0,0.0,0.0,0.0,0.0,0.0,1.8940078048347329,8.543638146695619,2.8507408089771813,2.85544418658818,1.6982802854691994,1.7182589568203588,2.7456560347422516,2.7335725890142872,1.8201034856625538,2.0,1.9940982601801784,-0.3891034900170555,1.0,1.0,1.8433033707604722,-0.38018183173323394,2.0272549181616997,1.5774267330448168,1.0,1.0,-0.5392771844125354,4.0,1.0,1.0,2.0,2.0,1.0,15.0,3.0,15.0,3.0,6.0,-0.45256481816702404,-0.19990107492722514,10.0,595.0,-1.0680610934592831,0.3765827158024667,-0.4521293164490466,31.824710142185754,-0.748804622097184,-4.683914592918188,0.8513392900631824,-0.06407056637438516,0.9606792180501709,0.04758244990175793,0.6214358996873786,1.352934646259055,True,True,1.4629502519629827,1.0,1.4091887657791418,-0.12902616728624441,-0.120647468246779,4.0,0.2915385043332691,3.0,0.08636607146346781,0.5210012127602766,-0.6489954786823717,-0.14967876216909112,-0.03110674158355294,-0.1205035526952106,-0.02025674960420882,-0.17796494707319976,-0.18231501537059824,-0.013147499423957126,-0.2193304127573184,-0.36454533463178984,-0.020506453926014218,-0.2511498141731664,-0.21991248738721741,-0.13534587762055095,-0.276419183427227,0.7426873730645417,0.002187627687365958,0.11652633367978932,0.095599770228031,0.01315999505791055,0.01798743309141166,0.5399767891399204,0.8976752287042882,-0.1506715257381875,-0.09958902376049701,0.039112034647183866,-0.07238668247435782,0.17454162672948748,-0.009096265984123495,0.0,0.0,0.0,0.0,0.0,0.0,0.0,0.0,0.0,1.8940078048347329,8.543638146695619,2.8507408089771813,2.85544418658818,1.6982802854691994,1.7182589568203588,2.7456560347422516,2.7335725890142872,1.8201034856625538,2.0,1.9940982601801784,-0.3891034900170555,1.0,1.0,1.8433033707604722,-0.38018183173323394,2.0272549181616997,1.5774267330448168,1.0,1.0,-0.5392771844125354,4.0,1.0,1.0,2.0,2.0,1.0,15.0,3.0,15.0,3.0,6.0,-0.45256481816702404,-0.19990107492722514,10.0,595.0,-1.0680610934592831,0.3765827158024667,-0.4521293164490466,31.824710142185754,-0.748804622097184,-4.683914592918188,0.8513392900631824,-0.06407056637438516,0.9606792180501709,0.04758244990175793,0.6214358996873786,1.352934646259055,0
483673,0.99639314,0.09401788,0.25,0.16975275626876413,1.358335124386458,-0.9755785778969864,0.0,-1.6888969383467278,0.9722381214772475,0.31324396538711213,4.0,0.08495530584671829,2.0,-2.6510002773313692,-2.7117483761790555,-0.7736629627270492,1.454140087245841,2.1755524221269855,0.12473497785432922,0.7037267551090524,-0.4420580115569036,0.8257944210867917,0.4141050332193758,1.9341095184647847,-0.4217043163303298,0.3202486084346253,1.6991231766996064,1.8383881823583068,0.04163986168509648,-0.04188443595135495,0.5865291450544328,-0.12063664417250537,-0.18274711878039726,0.9082116351544234,0.5817034968896306,0.6252260831706931,0.04796593593006969,-0.03617215103347715,0.646375081702781,-0.07497811196636489,0.9321958228452127,-0.022115492156206364,0.7412682700497648,0.7797365618857801,0.0,0.0,0.0,3.0,0.0,0.0,0.0,0.0,0.0,1.7406685048242063,2.086907041549621,-0.4291808977028788,-0.36739531362039185,1.9243996609171834,1.6983985384395828,-0.3965019706001801,-0.16150423988245657,1.7816750669748747,2.0,1.9335475108099895,-0.22432975693654528,2.0,2.0,1.769637202791298,-0.3222586078343042,1.548760912458252,2.0934150758430237,2.0,2.0,-0.5496136857869333,0.0,1.0,1.0,2.0,1.0,1.0,17.0,3.0,17.0,3.0,6.0,-0.5030819420665169,-0.16614692918688087,4.0,509.0,0.7331416359898429,0.06785472435117672,-0.48528581380292735,9.512308678341117,-2.7876852150705074,15.803839504552375,-0.8481235948830029,-0.3722163484893569,-2.4060858995019783,0.257136900721089,0.4259924211933651,-0.7770197068549907,True,True,-0.9755785778969864,0.0,-1.6888969383467278,0.9722381214772475,0.31324396538711213,4.0,0.08495530584671829,2.0,-2.6510002773313692,-2.7117483761790555,-0.7736629627270492,1.454140087245841,2.1755524221269855,0.12473497785432922,0.7037267551090524,-0.4420580115569036,0.8257944210867917,0.4141050332193758,1.9341095184647847,-0.4217043163303298,0.3202486084346253,1.6991231766996064,1.8383881823583068,0.04163986168509648,-0.04188443595135495,0.5865291450544328,-0.12063664417250537,-0.18274711878039726,0.9082116351544234,0.5817034968896306,0.6252260831706931,0.04796593593006969,-0.03617215103347715,0.646375081702781,-0.07497811196636489,0.9321958228452127,-0.022115492156206364,0.7412682700497648,0.7797365618857801,0.0,0.0,0.0,3.0,0.0,0.0,0.0,0.0,0.0,1.7406685048242063,2.086907041549621,-0.4291808977028788,-0.36739531362039185,1.9243996609171834,1.6983985384395828,-0.3965019706001801,-0.16150423988245657,1.7816750669748747,2.0,1.9335475108099895,-0.22432975693654528,2.0,2.0,1.769637202791298,-0.3222586078343042,1.548760912458252,2.0934150758430237,2.0,2.0,-0.5496136857869333,0.0,1.0,1.0,2.0,1.0,1.0,17.0,3.0,17.0,3.0,6.0,-0.5030819420665169,-0.16614692918688087,4.0,509.0,0.7331416359898429,0.06785472435117672,-0.48528581380292735,9.512308678341117,-2.7876852150705074,15.803839504552375,-0.8481235948830029,-0.3722163484893569,-2.4060858995019783,0.257136900721089,0.4259924211933651,-0.7770197068549907,0
223793,0.97553295,0.38972944,0.01,0.0025521382703821843,0.0189264705232414,-0.2903547469695065,0.0,-0.054109599656094604,-0.20489358874613753,0.5747922308506852,4.0,-0.4843994444841866,3.0,-2.725104951786837,-2.7969853207914217,-0.7525952738769505,-0.0694146587663011,-0.06626824356141518,-0.03551116698902682,-0.04563238991374378,-0.21816624453851932,-0.11168622634509208,-0.030380738946400514,-0.03198765031641366,-0.26684164784153175,-0.022287400553572267,-0.09056557877542357,-0.024946331439991695,-0.23736592719313757,-0.12736730993527964,0.6111973013778019,-0.00011925615268293824,-0.0022205086198183468,0.541242384721032,0.5522568344988364,0.5476289398554439,0.37244796443233413,0.9966151941863657,0.534867773706027,0.002905647069562847,0.6179214754456086,0.5526633722553133,0.5313756681496358,0.5391272012737918,0.0,0.0,0.0,3.0,0.0,0.0,0.0,0.0,0.0,1.7532562004119985,0.7262070050228774,2.7938759166516247,2.7899629950349034,1.8031986440296115,1.8171972866669177,2.6046255412616186,2.6056489707061683,1.7661664826413348,2.0,1.899714247090746,-0.3948710141257784,1.0,1.0,1.8499873270172922,-0.2907492863661747,1.6200015276800566,1.7914479308497584,1.0,1.0,-0.3891483049624413,0.0,1.0,1.0,2.0,1.0,1.0,15.0,3.0,15.0,3.0,6.0,-0.3688633224572563,-0.3743666142196763,4.0,1090.0,-0.050969565406600456,-1.6856838283735294,-1.0198309924424862,9.622146692358939,-2.6382927892733075,15.955362746887966,-0.5978971702681701,-0.1189122421456997,-2.1742253798559625,0.15068599137723526,0.6020323672492081,-0.4912414098078408,True,True,-0.2903547469695065,0.0,-0.054109599656094604,-0.20489358874613753,0.5747922308506852,4.0,-0.4843994444841866,3.0,-2.725104951786837,-2.7969853207914217,-0.7525952738769505,-0.0694146587663011,-0.06626824356141518,-0.03551116698902682,-0.04563238991374378,-0.21816624453851932,-0.11168622634509208,-0.030380738946400514,-0.03198765031641366,-0.26684164784153175,-0.022287400553572267,-0.09056557877542357,-0.024946331439991695,-0.23736592719313757,-0.12736730993527964,0.6111973013778019,-0.00011925615268293824,-0.0022205086198183468,0.541242384721032,0.5522568344988364,0.5476289398554439,0.37244796443233413,0.9966151941863657,0.534867773706027,0.002905647069562847,0.6179214754456086,0.5526633722553133,0.5313756681496358,0.5391272012737918,0.0,0.0,0.0,3.0,0.0,0.0,0.0,0.0,0.0,1.7532562004119985,0.7262070050228774,2.7938759166516247,2.7899629950349034,1.8031986440296115,1.8171972866669177,2.6046255412616186,2.6056489707061683,1.7661664826413348,2.0,1.899714247090746,-0.3948710141257784,1.0,1.0,1.8499873270172922,-0.2907492863661747,1.6200015276800566,1.7914479308497584,1.0,1.0,-0.3891483049624413,0.0,1.0,1.0,2.0,1.0,1.0,15.0,3.0,15.0,3.0,6.0,-0.3688633224572563,-0.3743666142196763,4.0,1090.0,-0.050969565406600456,-1.6856838283735294,-1.0198309924424862,9.622146692358939,-2.6382927892733075,15.955362746887966,-0.5978971702681701,-0.1189122421456997,-2.1742253798559625,0.15068599137723526,0.6020323672492081,-0.4912414098078408,0
554773,0.75206304,0.45461,0.01,0.0025521382703821843,0.017994909668981273,0.5596574755102798,0.0,-0.17954237554306465,0.8938536894684328,0.574711646251924,4.0,-0.4961614390341178,2.0,-2.7260812587854457,-2.797740871617975,-0.7556177539021339,-0.09682115762679794,-0.09354934059120154,-0.036826034203183734,-0.043304569428377175,-0.21187805424345377,-0.11700455187332176,-0.026886167465941635,-0.045647877732221606,-0.2728587927885094,-0.04649975608876402,-0.10171095175742194,-0.036258750852404625,-0.24498895235415635,-0.1450551924732761,0.6099910457033675,-0.0002526358940332012,0.0022621621496441324,0.5371948689757412,-0.0008075386744271232,0.5357032355006982,0.00015883298603862813,-0.0011411953768543312,0.5295183697368044,-0.0010879095806508932,0.6061432249761296,0.544343486293287,0.5340270646053246,0.5326670979015798,0.0,0.0,0.0,3.0,0.0,0.0,0.0,0.0,0.0,1.7218408925259998,2.2630275511762346,-0.3596934149968202,-0.3590009802937782,1.8047032750010783,1.8057791961047076,-0.3823259123031459,-0.3862316841638617,1.770938837105234,2.0,1.844895932812311,-0.39493371142626127,3.0,0.0,1.8464580913390627,-0.28706544779189397,1.6617582824161392,2.073963086092627,2.0,2.0,-0.3926779991003267,0.0,1.0,1.0,1.0,1.0,2.0,17.0,3.0,17.0,3.0,6.0,-0.3693622534153891,-0.37470825726430357,22.0,517.0,-1.072389713805561,1.2011221584342366,-0.01928915232056345,9.509611686348784,-2.6789556354645776,15.845514368298913,-0.5673838313867096,-0.1142697319661792,-2.1648380637592552,0.12879567297428413,0.5240042255890236,-0.6300722965979856,True,True,0.5596574755102798,0.0,-0.17954237554306465,0.8938536894684328,0.574711646251924,4.0,-0.4961614390341178,2.0,-2.7260812587854457,-2.797740871617975,-0.7556177539021339,-0.09682115762679794,-0.09354934059120154,-0.036826034203183734,-0.043304569428377175,-0.21187805424345377,-0.11700455187332176,-0.026886167465941635,-0.045647877732221606,-0.2728587927885094,-0.04649975608876402,-0.10171095175742194,-0.036258750852404625,-0.24498895235415635,-0.1450551924732761,0.6099910457033675,-0.0002526358940332012,0.0022621621496441324,0.5371948689757412,-0.0008075386744271232,0.5357032355006982,0.00015883298603862813,-0.0011411953768543312,0.5295183697368044,-0.0010879095806508932,0.6061432249761296,0.544343486293287,0.5340270646053246,0.5326670979015798,0.0,0.0,0.0,3.0,0.0,0.0,0.0,0.0,0.0,1.7218408925259998,2.2630275511762346,-0.3596934149968202,-0.3590009802937782,1.8047032750010783,1.8057791961047076,-0.3823259123031459,-0.3862316841638617,1.770938837105234,2.0,1.844895932812311,-0.39493371142626127,3.0,0.0,1.8464580913390627,-0.28706544779189397,1.6617582824161392,2.073963086092627,2.0,2.0,-0.3926779991003267,0.0,1.0,1.0,1.0,1.0,2.0,17.0,3.0,17.0,3.0,6.0,-0.3693622534153891,-0.37470825726430357,22.0,517.0,-1.072389713805561,1.2011221584342366,-0.01928915232056345,9.509611686348784,-2.6789556354645776,15.845514368298913,-0.5673838313867096,-0.1142697319661792,-2.1648380637592552,0.12879567297428413,0.5240042255890236,-0.6300722965979856,0
90791,0.99511683,0.29733557,0.22,0.11308859038292954,1.1651236800226703,-0.5079819002110225,0.0,-1.8147119488685208,0.879810889459734,0.6315764193536781,4.0,-0.6971229382578327,2.0,-2.8151283822389477,-2.8581601741067915,-0.9209318616406039,0.8009904240477083,1.010969753035679,0.0483627675574933,0.5874761853086886,-0.2912777140126865,0.4627800309151504,0.49179330993753884,0.6136652957519653,-0.2428847223405734,0.357595779135553,0.6747095689352602,1.1119981741400753,-0.04171349018055506,-0.0618530220566129,0.8529934024250655,0.13799421849788288,0.2942426498563597,0.7661199895928971,0.5995278613708241,0.6996352120721852,0.3742745644808758,1.0858115894736045,0.7760113835842133,-0.1269729619907631,0.9370589804973574,0.5951641245808432,0.5265480726804593,0.3112868083922005,0.0,0.0,0.0,3.0,0.0,0.0,0.0,0.0,0.0,1.5334699462629362,1.3184638442531165,3.011746094270655,2.9804547044476655,1.8579295346906182,1.7159154749647614,2.4040735708715926,2.6829061313887204,1.8544467711872785,2.0,-0.6966129705423475,-0.29980764525499826,1.0,1.0,1.8745278913082573,-0.2055807198780933,1.5557884532311106,2.1300075828176075,1.0,1.0,-0.43567726790643796,0.0,1.0,1.0,2.0,2.0,2.0,17.0,3.0,17.0,3.0,6.0,-0.482562399666543,-0.36273370254885406,4.0,614.0,0.8954146687959333,-1.5201142763658946,2.004908349465362,14.021674809896128,-3.691851832744308,11.804438923755555,0.15387660028911393,-0.05770128605103485,1.020781349993804,-0.19399220414988388,-0.025261170212172473,-1.0591344299319276,True,True,-0.5079819002110225,0.0,-1.8147119488685208,0.879810889459734,0.6315764193536781,4.0,-0.6971229382578327,2.0,-2.8151283822389477,-2.8581601741067915,-0.9209318616406039,0.8009904240477083,1.010969753035679,0.0483627675574933,0.5874761853086886,-0.2912777140126865,0.4627800309151504,0.49179330993753884,0.6136652957519653,-0.2428847223405734,0.357595779135553,0.6747095689352602,1.1119981741400753,-0.04171349018055506,-0.0618530220566129,0.8529934024250655,0.13799421849788288,0.2942426498563597,0.7661199895928971,0.5995278613708241,0.6996352120721852,0.3742745644808758,1.0858115894736045,0.7760113835842133,-0.1269729619907631,0.9370589804973574,0.5951641245808432,0.5265480726804593,0.3112868083922005,0.0,0.0,0.0,3.0,0.0,0.0,0.0,0.0,0.0,1.5334699462629362,1.3184638442531165,3.011746094270655,2.9804547044476655,1.8579295346906182,1.7159154749647614,2.4040735708715926,2.6829061313887204,1.8544467711872785,2.0,-0.6966129705423475,-0.29980764525499826,1.0,1.0,1.8745278913082573,-0.2055807198780933,1.5557884532311106,2.1300075828176075,1.0,1.0,-0.43567726790643796,0.0,1.0,1.0,2.0,2.0,2.0,17.0,3.0,17.0,3.0,6.0,-0.482562399666543,-0.36273370254885406,4.0,614.0,0.8954146687959333,-1.5201142763658946,2.004908349465362,14.021674809896128,-3.691851832744308,11.804438923755555,0.15387660028911393,-0.05770128605103485,1.020781349993804,-0.19399220414988388,-0.025261170212172473,-1.0591344299319276,0
502991,0.7718392,0.33422276,0.02,0.0032300924127905565,0.028331436871589198,-0.4451995990845264,4.0,1.4793451630274195,-0.08726493723862298,-0.010289596452389499,4.0,0.32577595432936524,3.0,0.28792503773774436,0.3607599884021606,0.9224372780785555,-0.09726738548217148,-0.07867787730267836,-0.04082869796552848,-0.06550351917400714,-0.1110720975073763,-0.12189313674050958,-0.04318206392928851,-0.05576176803983667,-0.1542701663295378,-0.054686036342514864,-0.08837700117291232,-0.04991007258304211,-0.15546755086888986,-0.1272795484538852,0.7541085902612112,0.6203564867544835,0.548059231812806,0.0008039593247428,0.002751862964582691,0.0004093283927667128,0.003785700964248806,0.003000820467917428,0.6609430261945173,0.7468434214011689,-0.006731228896117975,0.001558440844445084,-0.005076108873080881,0.6565431714715678,2.0,2.0,2.0,1.0,2.0,1.0,1.0,2.0,2.0,-0.5739875066230434,-0.3901858516363831,-0.36231621608779985,-0.36059348137271147,-0.5515626433406816,-0.5537724996550896,-0.3850032961338192,-0.3855851881541261,-0.5626706102160107,0.0,-0.528398031197209,-0.40225277723221853,0.0,0.0,-0.5581212801140255,-0.29179141330430797,-0.5552047667142573,-0.5565670595524892,0.0,0.0,-0.3881855771952058,0.0,0.0,0.0,0.0,0.0,0.0,25.0,0.0,25.0,0.0,6.0,-0.36936543983455955,-0.37286108083982833,23.0,517.0,0.4600085826329517,1.0722156749175356,-0.022021875791235976,-5.858741634588016,1.1060972981196924,-4.139938278812441,0.27265944858074254,0.6959405918192437,-5.400701670129713,1.568772488334968,3.858736712578687,-0.5869051192305118,True,True,-0.4451995990845264,4.0,1.4793451630274195,-0.08726493723862298,-0.010289596452389499,4.0,0.32577595432936524,3.0,0.28792503773774436,0.3607599884021606,0.9224372780785555,-0.09726738548217148,-0.07867787730267836,-0.04082869796552848,-0.06550351917400714,-0.1110720975073763,-0.12189313674050958,-0.04318206392928851,-0.05576176803983667,-0.1542701663295378,-0.054686036342514864,-0.08837700117291232,-0.04991007258304211,-0.15546755086888986,-0.1272795484538852,0.7541085902612112,0.6203564867544835,0.548059231812806,0.0008039593247428,0.002751862964582691,0.0004093283927667128,0.003785700964248806,0.003000820467917428,0.6609430261945173,0.7468434214011689,-0.006731228896117975,0.001558440844445084,-0.005076108873080881,0.6565431714715678,2.0,2.0,2.0,1.0,2.0,1.0,1.0,2.0,2.0,-0.5739875066230434,-0.3901858516363831,-0.36231621608779985,-0.36059348137271147,-0.5515626433406816,-0.5537724996550896,-0.3850032961338192,-0.3855851881541261,-0.5626706102160107,0.0,-0.528398031197209,-0.40225277723221853,0.0,0.0,-0.5581212801140255,-0.29179141330430797,-0.5552047667142573,-0.5565670595524892,0.0,0.0,-0.3881855771952058,0.0,0.0,0.0,0.0,0.0,0.0,25.0,0.0,25.0,0.0,6.0,-0.36936543983455955,-0.37286108083982833,23.0,517.0,0.4600085826329517,1.0722156749175356,-0.022021875791235976,-5.858741634588016,1.1060972981196924,-4.139938278812441,0.27265944858074254,0.6959405918192437,-5.400701670129713,1.568772488334968,3.858736712578687,-0.5869051192305118,0
547995,0.66196615,0.4889248,0.01,0.0025521382703821843,0.01948762339397673,3.287242364028867,4.0,-0.6303259012659098,0.5343702485555758,0.0012180275822734786,4.0,0.3277188258323103,3.0,0.07434064034184311,0.35445657386883705,-0.7516855791556398,-0.09995579308022269,-0.0942910142010858,-0.039151739490700777,-0.06223470298328026,-0.21718980745308064,-0.1109539721164146,-0.041027608028253594,-0.05087806998779692,-0.08859167792940104,-0.05549427512582066,-0.09690409293357233,-0.0453102048841803,-0.24914375207663345,-0.14639527569137673,0.6183585390751272,0.6198391124590987,0.5485928775644593,0.5456273881965731,0.548074839613721,0.00035567949726771943,-0.002056951652176052,-0.0013438627296205857,0.5365182396232591,0.5991470392549143,-0.002677365155227017,0.0026795981536813828,-0.000649172923275097,0.5415552698951707,2.0,2.0,1.0,1.0,2.0,1.0,1.0,2.0,2.0,-0.5764261370310633,-0.3909386518042668,-0.3595310337803887,-0.3579370334540903,-0.5518662182865246,-0.5547117408828134,-0.387064601326645,-0.3843724391988616,-0.563028764612648,0.0,-0.5281962712571515,-0.40230660396839657,0.0,0.0,-0.5606418189854958,-0.2901440857981917,-0.5562005681201518,-0.5549349463297405,0.0,0.0,-0.3916227568141466,0.0,0.0,0.0,0.0,0.0,0.0,15.0,3.0,25.0,0.0,6.0,-0.37095398130854806,-0.37317380531899985,23.0,517.0,1.4846180073155175,0.4144961286565861,-0.022091742412671627,-7.697092117088092,2.038940878272719,-0.5056839345149421,0.3070211571911795,0.04175176655263502,2.9887084453032924,5.990751526060169,0.40795573832224574,1.0973591181997226,True,True,3.287242364028867,4.0,-0.6303259012659098,0.5343702485555758,0.0012180275822734786,4.0,0.3277188258323103,3.0,0.07434064034184311,0.35445657386883705,-0.7516855791556398,-0.09995579308022269,-0.0942910142010858,-0.039151739490700777,-0.06223470298328026,-0.21718980745308064,-0.1109539721164146,-0.041027608028253594,-0.05087806998779692,-0.08859167792940104,-0.05549427512582066,-0.09690409293357233,-0.0453102048841803,-0.24914375207663345,-0.14639527569137673,0.6183585390751272,0.6198391124590987,0.5485928775644593,0.5456273881965731,0.548074839613721,0.00035567949726771943,-0.002056951652176052,-0.0013438627296205857,0.5365182396232591,0.5991470392549143,-0.002677365155227017,0.0026795981536813828,-0.000649172923275097,0.5415552698951707,2.0,2.0,1.0,1.0,2.0,1.0,1.0,2.0,2.0,-0.5764261370310633,-0.3909386518042668,-0.3595310337803887,-0.3579370334540903,-0.5518662182865246,-0.5547117408828134,-0.387064601326645,-0.3843724391988616,-0.563028764612648,0.0,-0.5281962712571515,-0.40230660396839657,0.0,0.0,-0.5606418189854958,-0.2901440857981917,-0.5562005681201518,-0.5549349463297405,0.0,0.0,-0.3916227568141466,0.0,0.0,0.0,0.0,0.0,0.0,15.0,3.0,25.0,0.0,6.0,-0.37095398130854806,-0.37317380531899985,23.0,517.0,1.4846180073155175,0.4144961286565861,-0.022091742412671627,-7.697092117088092,2.038940878272719,-0.5056839345149421,0.3070211571911795,0.04175176655263502,2.9887084453032924,5.990751526060169,0.40795573832224574,1.0973591181997226,0
514467,0.8807207,0.49918547,0.11,0.020034599671098444,0.14866200917980849,0.21855138756056447,4.0,1.6585904287383282,0.614536068862812,0.022205988885628598,4.0,0.34139142334609457,3.0,0.3428046040248139,0.33329953374527566,0.9470770327569336,-0.11281169280426234,-0.04371325361258579,-0.07081617301460041,-0.03816433479826714,-0.23071007189613307,-0.06177351810774902,-0.05503329300301207,-0.08312414237023455,-0.09982567071509581,-0.05212704905189645,-0.06725918853242142,-0.04012802663482564,-0.1872738587202007,-0.1169329300928568,0.6307907992440575,0.6556419420879936,0.541671146596898,0.5162507116475388,0.006947211887794328,0.005789646062350692,0.020319217441810193,0.007928762570767519,0.5045514888708903,0.623798116189334,-0.01956845512597811,-0.01421551549571406,0.025367165854762633,0.7347400250221263,2.0,1.0,1.0,2.0,2.0,1.0,1.0,1.0,2.0,-0.5491096856338458,-0.37819784657493255,-0.38523533069557253,-0.37874347693657373,-0.5728164834271265,-0.5464016384931305,-0.4016263064590146,-0.3727553710665386,-0.5811215660817116,0.0,-0.5354237766350183,-0.3540467293448504,0.0,0.0,-0.5859550502440221,-0.2870519886348692,-0.5443706666351673,-0.526594519432159,0.0,0.0,-0.3862242775856876,0.0,0.0,0.0,0.0,0.0,0.0,43.0,3.0,25.0,0.0,6.0,-0.3871907217021711,-0.38699150033545177,23.0,517.0,-0.554229968540208,-1.8336609953736616,0.0007467975473048165,-7.5224712594375625,0.5677156526754262,-0.5829624747858351,-0.06842106008542044,0.5105479321194707,2.241303213121679,0.04758515374582761,1.351490630906915,-0.03402167192030117,True,True,0.21855138756056447,4.0,1.6585904287383282,0.614536068862812,0.022205988885628598,4.0,0.34139142334609457,3.0,0.3428046040248139,0.33329953374527566,0.9470770327569336,-0.11281169280426234,-0.04371325361258579,-0.07081617301460041,-0.03816433479826714,-0.23071007189613307,-0.06177351810774902,-0.05503329300301207,-0.08312414237023455,-0.09982567071509581,-0.05212704905189645,-0.06725918853242142,-0.04012802663482564,-0.1872738587202007,-0.1169329300928568,0.6307907992440575,0.6556419420879936,0.541671146596898,0.5162507116475388,0.006947211887794328,0.005789646062350692,0.020319217441810193,0.007928762570767519,0.5045514888708903,0.623798116189334,-0.01956845512597811,-0.01421551549571406,0.025367165854762633,0.7347400250221263,2.0,1.0,1.0,2.0,2.0,1.0,1.0,1.0,2.0,-0.5491096856338458,-0.37819784657493255,-0.38523533069557253,-0.37874347693657373,-0.5728164834271265,-0.5464016384931305,-0.4016263064590146,-0.3727553710665386,-0.5811215660817116,0.0,-0.5354237766350183,-0.3540467293448504,0.0,0.0,-0.5859550502440221,-0.2870519886348692,-0.5443706666351673,-0.526594519432159,0.0,0.0,-0.3862242775856876,0.0,0.0,0.0,0.0,0.0,0.0,43.0,3.0,25.0,0.0,6.0,-0.3871907217021711,-0.38699150033545177,23.0,517.0,-0.554229968540208,-1.8336609953736616,0.0007467975473048165,-7.5224712594375625,0.5677156526754262,-0.5829624747858351,-0.06842106008542044,0.5105479321194707,2.241303213121679,0.04758515374582761,1.351490630906915,-0.03402167192030117,0
248797,0.5649106,0.47190544,0.060000000000000005,0.00771172199313132,0.05977776547474848,0.05424682226260924,4.0,0.26281247309523054,0.09178139579994231,-0.0034464169627252995,4.0,0.3306099916146448,3.0,0.4283776364883693,0.3669527677123309,0.9233079546886519,-0.10166982901625245,-0.09378965113973774,-0.04754113070499946,-0.049925912527473394,-0.23191379941441959,-0.11969957702074958,-0.0619685429935356,-0.055316663951073694,-0.2161468841314572,-0.0570848441323526,-0.09373824721889337,-0.05113250374341807,-0.2511679769128628,-0.16883931285396675,0.6235229189707926,0.00828748235123515,0.5558395801115533,0.526669656260772,0.5463565896268737,-0.01029784641437712,-0.01022096135848458,0.005404881873893011,0.5342479730001096,0.5982837366162036,-0.008587471284169576,0.007617737024197719,0.008095721872938813,0.5292199626923644,2.0,1.0,1.0,1.0,2.0,1.0,1.0,2.0,2.0,-0.5892018477734219,-0.3850813968048058,-0.3622298454169824,-0.34928278637556304,-0.5436288727559768,-0.5517799484352782,-0.3888521583668194,-0.37934067923978926,-0.5703058365407903,0.0,-0.5293676007427732,-0.40491330981499624,0.0,0.0,-0.5659701697889147,-0.29099711295938524,-0.5644284326766047,-0.5443117537560859,0.0,0.0,-0.4084359452328697,0.0,0.0,0.0,0.0,0.0,0.0,2.0,3.0,25.0,0.0,6.0,-0.3721383684975548,-0.369610766252485,23.0,517.0,-0.035733122300819486,0.8134157578257343,-0.7708864908308221,-7.517082816703831,0.1808018308897031,-0.5996125648293147,0.1794621595767381,-0.1652352940823233,2.2088693255103626,-0.13502982374377348,1.1603949420887416,-0.7688675549472569,True,True,0.05424682226260924,4.0,0.26281247309523054,0.09178139579994231,-0.0034464169627252995,4.0,0.3306099916146448,3.0,0.4283776364883693,0.3669527677123309,0.9233079546886519,-0.10166982901625245,-0.09378965113973774,-0.04754113070499946,-0.049925912527473394,-0.23191379941441959,-0.11969957702074958,-0.0619685429935356,-0.055316663951073694,-0.2161468841314572,-0.0570848441323526,-0.09373824721889337,-0.05113250374341807,-0.2511679769128628,-0.16883931285396675,0.6235229189707926,0.00828748235123515,0.5558395801115533,0.526669656260772,0.5463565896268737,-0.01029784641437712,-0.01022096135848458,0.005404881873893011,0.5342479730001096,0.5982837366162036,-0.008587471284169576,0.007617737024197719,0.008095721872938813,0.5292199626923644,2.0,1.0,1.0,1.0,2.0,1.0,1.0,2.0,2.0,-0.5892018477734219,-0.3850813968048058,-0.3622298454169824,-0.34928278637556304,-0.5436288727559768,-0.5517799484352782,-0.3888521583668194,-0.37934067923978926,-0.5703058365407903,0.0,-0.5293676007427732,-0.40491330981499624,0.0,0.0,-0.5659701697889147,-0.29099711295938524,-0.5644284326766047,-0.5443117537560859,0.0,0.0,-0.4084359452328697,0.0,0.0,0.0,0.0,0.0,0.0,2.0,3.0,25.0,0.0,6.0,-0.3721383684975548,-0.369610766252485,23.0,517.0,-0.035733122300819486,0.8134157578257343,-0.7708864908308221,-7.517082816703831,0.1808018308897031,-0.5996125648293147,0.1794621595767381,-0.1652352940823233,2.2088693255103626,-0.13502982374377348,1.1603949420887416,-0.7688675549472569,0
393705,0.98854,0.4096096,0.15000000000000002,0.03954065143898942,0.29519697436054965,-0.3983738322589674,0.0,-0.002388603924838741,-0.8780474732964313,0.6123775150653719,4.0,-0.5009849524739464,3.0,-2.735532312036627,-2.832020308794727,-0.7226227335345488,-0.06890952555184471,-0.011764907458876664,-0.00752872775794047,-0.09737760345734836,-0.25561178255732375,-0.0936541903417848,0.004870036508926055,0.015062245061528395,-0.26853628029531124,-0.08681888202314714,-0.10274111119496909,0.08195594157345158,-0.21780218371279345,-0.15914911424289277,0.6138082051897203,-0.01688597458052749,0.5984895747313924,0.5497707241796771,0.5418669645816392,0.529231675064377,0.3742544208625495,0.9461348502010417,0.4918656710657996,-0.009659704393509692,0.6024394512303991,0.5928678805853099,0.6160338754411363,0.49921296021983,0.0,0.0,0.0,3.0,0.0,0.0,0.0,0.0,0.0,1.7915100917863156,0.06508934607489966,2.786843061251206,2.7676637215834203,1.7514680416343642,1.878404970441006,2.5993161070923194,2.6294162080490158,1.7541038821045627,2.0,1.85635429287953,-0.3656684803142437,1.0,1.0,1.8692842559024403,-0.3408630898926073,1.45866307527479,2.113867968511154,1.0,1.0,-0.34675992080844814,0.0,1.0,1.0,2.0,1.0,1.0,15.0,3.0,15.0,3.0,6.0,-0.39401293125801595,-0.3487879181563008,4.0,1090.0,-1.0780509746295217,0.7821214663257146,-0.6046643941782336,9.580093446774187,-2.4006625649284468,16.000527908917658,-0.7461520572266166,0.5336577380833721,-2.1820666646151055,0.19429939990776757,0.6223649511506439,-0.43291615784266885,True,True,-0.3983738322589674,0.0,-0.002388603924838741,-0.8780474732964313,0.6123775150653719,4.0,-0.5009849524739464,3.0,-2.735532312036627,-2.832020308794727,-0.7226227335345488,-0.06890952555184471,-0.011764907458876664,-0.00752872775794047,-0.09737760345734836,-0.25561178255732375,-0.0936541903417848,0.004870036508926055,0.015062245061528395,-0.26853628029531124,-0.08681888202314714,-0.10274111119496909,0.08195594157345158,-0.21780218371279345,-0.15914911424289277,0.6138082051897203,-0.01688597458052749,0.5984895747313924,0.5497707241796771,0.5418669645816392,0.529231675064377,0.3742544208625495,0.9461348502010417,0.4918656710657996,-0.009659704393509692,0.6024394512303991,0.5928678805853099,0.6160338754411363,0.49921296021983,0.0,0.0,0.0,3.0,0.0,0.0,0.0,0.0,0.0,1.7915100917863156,0.06508934607489966,2.786843061251206,2.7676637215834203,1.7514680416343642,1.878404970441006,2.5993161070923194,2.6294162080490158,1.7541038821045627,2.0,1.85635429287953,-0.3656684803142437,1.0,1.0,1.8692842559024403,-0.3408630898926073,1.45866307527479,2.113867968511154,1.0,1.0,-0.34675992080844814,0.0,1.0,1.0,2.0,1.0,1.0,15.0,3.0,15.0,3.0,6.0,-0.39401293125801595,-0.3487879181563008,4.0,1090.0,-1.0780509746295217,0.7821214663257146,-0.6046643941782336,9.580093446774187,-2.4006625649284468,16.000527908917658,-0.7461520572266166,0.5336577380833721,-2.1820666646151055,0.19429939990776757,0.6223649511506439,-0.43291615784266885,0
362285,0.99710935,0.1679441,0.18000000000000002,0.06325205919758363,0.5453849931825423,0.719177970094085,2.0,1.8243533502864497,1.0546564943139194,0.09456779265268629,4.0,0.31726557788730986,2.0,0.8201681009868271,0.3606533115215403,-0.7837153059115604,-0.1704199942485146,-0.00926825868148495,0.08863448274249308,-0.0047297831308764846,-0.23481537416595888,0.023398243701028817,-0.1100511643177142,-0.06552662949201854,-0.3430940539733029,0.06096353691564785,0.009629627004101388,-0.04102347399445157,-0.1699827330260692,-0.2706119953745893,0.5516156200779974,0.06156764775711496,-0.024716833616258274,-0.0903018326098511,-0.07449783013804218,-0.0935818860892019,0.38507015571585973,0.8699372998049685,-0.14033040680352762,0.013735629631553557,0.05426592917185713,0.08839765183950428,0.0338080034226466,0.07031702148064228,0.0,0.0,0.0,0.0,0.0,0.0,0.0,0.0,0.0,1.794535938916508,3.5035746513599983,2.7537253952622303,2.8857483566173405,1.9313572803555954,1.8058022219564396,2.7019589217069186,2.6705374451739314,1.7666522150284223,2.0,1.8916440682486413,2.6707700468076983,1.0,1.0,1.8130672850995473,3.4023319339170253,1.7638995024652053,1.5539466179429968,1.0,1.0,2.409518552642672,4.0,2.0,1.0,2.0,1.0,1.0,1.0,3.0,15.0,3.0,3.0,2.0545096693626834,2.2754264587598647,4.0,1090.0,0.46611214690224945,1.104668440632975,-0.5068316375925811,31.20316937604098,-1.0421884361886218,-5.410576812476759,0.9890529850077882,0.07211682957244105,0.926652174558703,-0.0968808391680234,-0.2131391570783693,-0.4259365483703078,True,True,0.719177970094085,2.0,1.8243533502864497,1.0546564943139194,0.09456779265268629,4.0,0.31726557788730986,2.0,0.8201681009868271,0.3606533115215403,-0.7837153059115604,-0.1704199942485146,-0.00926825868148495,0.08863448274249308,-0.0047297831308764846,-0.23481537416595888,0.023398243701028817,-0.1100511643177142,-0.06552662949201854,-0.3430940539733029,0.06096353691564785,0.009629627004101388,-0.04102347399445157,-0.1699827330260692,-0.2706119953745893,0.5516156200779974,0.06156764775711496,-0.024716833616258274,-0.0903018326098511,-0.07449783013804218,-0.0935818860892019,0.38507015571585973,0.8699372998049685,-0.14033040680352762,0.013735629631553557,0.05426592917185713,0.08839765183950428,0.0338080034226466,0.07031702148064228,0.0,0.0,0.0,0.0,0.0,0.0,0.0,0.0,0.0,1.794535938916508,3.5035746513599983,2.7537253952622303,2.8857483566173405,1.9313572803555954,1.8058022219564396,2.7019589217069186,2.6705374451739314,1.7666522150284223,2.0,1.8916440682486413,2.6707700468076983,1.0,1.0,1.8130672850995473,3.4023319339170253,1.7638995024652053,1.5539466179429968,1.0,1.0,2.409518552642672,4.0,2.0,1.0,2.0,1.0,1.0,1.0,3.0,15.0,3.0,3.0,2.0545096693626834,2.2754264587598647,4.0,1090.0,0.46611214690224945,1.104668440632975,-0.5068316375925811,31.20316937604098,-1.0421884361886218,-5.410576812476759,0.9890529850077882,0.07211682957244105,0.926652174558703,-0.0968808391680234,-0.2131391570783693,-0.4259365483703078,0
176664,0.9968945,0.46297827,0.17,0.05427181375432048,0.47847469625266403,-0.7816045025677324,0.0,-0.8624370175618925,-1.0767862454768602,0.53966415607796,4.0,0.3538727740177618,2.0,-2.7766782977444633,-2.7543583066434447,-0.7393727657457474,-0.07463164376004384,-0.033049373511067376,-0.11916716252020607,-0.12611220739207624,-0.165901682126082,-0.13191484422863006,-0.07964146276823911,0.08331015504094974,-0.26216014597132997,-0.07004440848105348,-0.10418153841161454,0.03984773725789814,-0.18340040754453693,-0.18005771139949558,0.6306876771170311,-0.02972384469134862,0.037693338191904985,0.5623619221329067,0.37769537107026735,0.39780817158243564,0.35186365971609196,0.9984887806267801,0.5223055366833371,-0.052003041902530765,0.7284904624525288,0.6186955358942634,0.04602717801674157,0.408710943578406,0.0,0.0,0.0,3.0,0.0,0.0,0.0,0.0,0.0,1.7353820482853417,3.447588961031515,2.733710055665904,2.7723450791413766,1.7800068895074272,1.580269794342328,2.5970873655000632,2.608631088541394,1.6686625368278365,2.0,1.921514397651953,-0.4245794050778401,1.0,1.0,1.8546382277014124,3.498434293818829,1.8199953098731787,1.8825280967414377,1.0,1.0,-0.4378817845641376,0.0,1.0,1.0,2.0,1.0,2.0,15.0,3.0,15.0,3.0,6.0,-0.3937809326440173,-0.4152705337960612,4.0,612.0,-1.5607455013521623,-0.4405147591018872,-1.1374621487904335,2.866132247124276,-0.65893433728758,9.696426452818102,-0.8872833897983546,-0.30101194903399736,-1.2694536316416947,-0.5856989620056035,-3.1945762390319152,-1.9882031305520647,True,True,-0.7816045025677324,0.0,-0.8624370175618925,-1.0767862454768602,0.53966415607796,4.0,0.3538727740177618,2.0,-2.7766782977444633,-2.7543583066434447,-0.7393727657457474,-0.07463164376004384,-0.033049373511067376,-0.11916716252020607,-0.12611220739207624,-0.165901682126082,-0.13191484422863006,-0.07964146276823911,0.08331015504094974,-0.26216014597132997,-0.07004440848105348,-0.10418153841161454,0.03984773725789814,-0.18340040754453693,-0.18005771139949558,0.6306876771170311,-0.02972384469134862,0.037693338191904985,0.5623619221329067,0.37769537107026735,0.39780817158243564,0.35186365971609196,0.9984887806267801,0.5223055366833371,-0.052003041902530765,0.7284904624525288,0.6186955358942634,0.04602717801674157,0.408710943578406,0.0,0.0,0.0,3.0,0.0,0.0,0.0,0.0,0.0,1.7353820482853417,3.447588961031515,2.733710055665904,2.7723450791413766,1.7800068895074272,1.580269794342328,2.5970873655000632,2.608631088541394,1.6686625368278365,2.0,1.921514397651953,-0.4245794050778401,1.0,1.0,1.8546382277014124,3.498434293818829,1.8199953098731787,1.8825280967414377,1.0,1.0,-0.4378817845641376,0.0,1.0,1.0,2.0,1.0,2.0,15.0,3.0,15.0,3.0,6.0,-0.3937809326440173,-0.4152705337960612,4.0,612.0,-1.5607455013521623,-0.4405147591018872,-1.1374621487904335,2.866132247124276,-0.65893433728758,9.696426452818102,-0.8872833897983546,-0.30101194903399736,-1.2694536316416947,-0.5856989620056035,-3.1945762390319152,-1.9882031305520647,0
194658,0.9658523,0.07884621,0.09999999999999999,0.01672075323499393,0.1408117475514832,0.7364435427950274,2.0,-0.7938216690258936,1.0718758910552337,-0.020210141493444807,4.0,0.37524940898782416,2.0,0.20479088794250483,0.3788093741222546,-0.7380628835458867,-0.08738513460456773,-0.025222402666995974,-0.04255881451271756,-0.037456791928812926,-0.22854551427257075,-0.11528951506054833,-0.06177246839573967,-0.00998838731423386,-0.2942485687676138,-0.042221306328109096,-0.04016189133399236,-0.031316769005967096,-0.23850887553663602,-0.14590997792855467,0.5819421135187315,-0.004782944709150003,0.010377921203496178,-0.0010007586275698603,-0.013103285685461373,-0.0211496443083512,0.8008516393151996,0.9864398944183653,0.0030710562479839107,-0.021798250091021355,-0.014478858470504712,-0.004768397239862241,-0.009218955677924962,0.018437772502472336,0.0,0.0,0.0,0.0,0.0,0.0,0.0,0.0,0.0,1.6959147406842867,1.67813056263298,-0.33478966840956276,-0.3612716271781769,1.8074472733430675,1.8041092746530971,2.6306038533896334,2.584928872765226,1.7746287392830709,1.0,1.893659882634128,-0.3899162803159959,3.0,0.0,1.7498480922378596,3.4372303735246748,1.555495985775263,1.4589180518333984,1.0,1.0,-0.41406422773808016,0.0,1.0,1.0,1.0,2.0,1.0,17.0,3.0,18.0,3.0,6.0,-0.38753957288460467,-0.39352212621454036,13.0,575.0,1.4940608787532077,0.4115023121991275,-1.0182104823920166,26.511942533388385,5.681616340002725,-9.905104056566051,-2.1003508216923055,-0.2709145652338822,2.1732478698927626,-0.6052984076900856,-2.89255972865319,0.5541403365786337,True,True,0.7364435427950274,2.0,-0.7938216690258936,1.0718758910552337,-0.020210141493444807,4.0,0.37524940898782416,2.0,0.20479088794250483,0.3788093741222546,-0.7380628835458867,-0.08738513460456773,-0.025222402666995974,-0.04255881451271756,-0.037456791928812926,-0.22854551427257075,-0.11528951506054833,-0.06177246839573967,-0.00998838731423386,-0.2942485687676138,-0.042221306328109096,-0.04016189133399236,-0.031316769005967096,-0.23850887553663602,-0.14590997792855467,0.5819421135187315,-0.004782944709150003,0.010377921203496178,-0.0010007586275698603,-0.013103285685461373,-0.0211496443083512,0.8008516393151996,0.9864398944183653,0.0030710562479839107,-0.021798250091021355,-0.014478858470504712,-0.004768397239862241,-0.009218955677924962,0.018437772502472336,0.0,0.0,0.0,0.0,0.0,0.0,0.0,0.0,0.0,1.6959147406842867,1.67813056263298,-0.33478966840956276,-0.3612716271781769,1.8074472733430675,1.8041092746530971,2.6306038533896334,2.584928872765226,1.7746287392830709,1.0,1.893659882634128,-0.3899162803159959,3.0,0.0,1.7498480922378596,3.4372303735246748,1.555495985775263,1.4589180518333984,1.0,1.0,-0.41406422773808016,0.0,1.0,1.0,1.0,2.0,1.0,17.0,3.0,18.0,3.0,6.0,-0.38753957288460467,-0.39352212621454036,13.0,575.0,1.4940608787532077,0.4115023121991275,-1.0182104823920166,26.511942533388385,5.681616340002725,-9.905104056566051,-2.1003508216923055,-0.2709145652338822,2.1732478698927626,-0.6052984076900856,-2.89255972865319,0.5541403365786337,0
124871,0.8084954,0.45208642,0.01,0.0025521382703821843,0.019327504224099994,-0.5286323960177287,4.0,0.9418681714657328,0.8339503021926076,-0.004290345843230884,3.0,-10.955261904474362,3.0,0.2494504956522012,0.35541110506760193,-0.750892140299461,-0.0995323120471703,-0.0876428555292533,-0.036688600119616346,-0.062217397910750094,-0.21423670287949054,-0.12657774756450924,-0.04662270372525712,-0.05372528035376965,-0.1489966148842185,-0.05798174348866637,-0.08231219345919882,-0.047855504858817795,-0.23405856517774054,-0.1470939850106889,0.6158947719044998,0.6100280598984937,0.5475774566235094,0.001105145287286507,-0.0005579625103477314,-0.002709187631920605,0.001152431204936563,-0.002057568515023255,0.534560415865819,0.003082959382344009,-0.003995407979316451,-0.0016620353182544869,0.0016019589714740485,0.5352865396240633,0.0,0.0,0.0,1.0,2.0,2.0,0.0,0.0,0.0,-0.5725150185963486,-0.39447265592857794,-0.3572041529255248,-0.3595510863685187,-0.5569423265504809,-0.5562566491692247,-0.3875240733318743,-0.3800866536508901,-0.5633416768494398,0.0,-0.5265038612967661,-0.39334300886156165,0.0,0.0,-0.559065611712844,-0.2893246310060136,-0.5575531619446189,-0.5568818922744072,0.0,0.0,-0.3895268401569212,0.0,0.0,0.0,0.0,0.0,0.0,25.0,0.0,25.0,0.0,6.0,-0.36685963495959556,-0.37603689447794447,23.0,517.0,0.46335421403386,1.2070223085119485,1.7210991062525631,-4.888857216731598,0.9272832759123756,-3.224305266779443,0.1489783795380256,0.29258694400658475,-7.229909567921234,1.2110948829877246,-1.8777892639060503,1.0059786992509874,True,True,-0.5286323960177287,4.0,0.9418681714657328,0.8339503021926076,-0.004290345843230884,3.0,-10.955261904474362,3.0,0.2494504956522012,0.35541110506760193,-0.750892140299461,-0.0995323120471703,-0.0876428555292533,-0.036688600119616346,-0.062217397910750094,-0.21423670287949054,-0.12657774756450924,-0.04662270372525712,-0.05372528035376965,-0.1489966148842185,-0.05798174348866637,-0.08231219345919882,-0.047855504858817795,-0.23405856517774054,-0.1470939850106889,0.6158947719044998,0.6100280598984937,0.5475774566235094,0.001105145287286507,-0.0005579625103477314,-0.002709187631920605,0.001152431204936563,-0.002057568515023255,0.534560415865819,0.003082959382344009,-0.003995407979316451,-0.0016620353182544869,0.0016019589714740485,0.5352865396240633,0.0,0.0,0.0,1.0,2.0,2.0,0.0,0.0,0.0,-0.5725150185963486,-0.39447265592857794,-0.3572041529255248,-0.3595510863685187,-0.5569423265504809,-0.5562566491692247,-0.3875240733318743,-0.3800866536508901,-0.5633416768494398,0.0,-0.5265038612967661,-0.39334300886156165,0.0,0.0,-0.559065611712844,-0.2893246310060136,-0.5575531619446189,-0.5568818922744072,0.0,0.0,-0.3895268401569212,0.0,0.0,0.0,0.0,0.0,0.0,25.0,0.0,25.0,0.0,6.0,-0.36685963495959556,-0.37603689447794447,23.0,517.0,0.46335421403386,1.2070223085119485,1.7210991062525631,-4.888857216731598,0.9272832759123756,-3.224305266779443,0.1489783795380256,0.29258694400658475,-7.229909567921234,1.2110948829877246,-1.8777892639060503,1.0059786992509874,0
421495,0.9956605,0.03589841,0.21000000000000002,0.0982356594956918,0.8320377102901864,-0.9930277392684748,1.0,0.13569697945859527,0.9370356241311988,-0.07032882323951285,4.0,0.04870156649249049,2.0,0.4222909689580035,0.27982409917208845,-0.7962879620550972,-0.10248321643687303,-0.1296379404987904,-0.014919608464374918,0.0033825225856131125,-0.17924299119825204,-0.21814408740337976,-0.0967693383150714,-0.1257361511117896,-0.2365519790804111,-0.1669594061603284,-0.09930175048975702,-0.0056667840612723425,-0.21191507891165118,-0.08594489103317526,0.5846128872212047,-0.07821787918345183,-0.24882320593530835,0.1877190533511637,-0.09457458671250239,0.1043918238133158,0.3531328683264811,1.0474606073400583,-0.05777477975118834,-0.014718334398787775,-0.11524261040127652,-0.15218460558555688,-0.17350748118268514,-0.10390977881832957,0.0,0.0,0.0,0.0,0.0,0.0,0.0,0.0,0.0,1.8962964297305638,-0.12287819144839597,2.7284417263781524,2.652526072085212,-0.7107330914153386,-0.49922572056397635,2.7592015117309456,2.606860322621624,1.8865668131184123,1.0,2.0887377891705734,6.075917235570428,1.0,1.0,-0.708630750259273,-0.26764806853792167,-0.3754725541729411,-0.5173569684878258,1.0,1.0,2.5113543216689966,3.0,2.0,1.0,1.0,2.0,2.0,15.0,3.0,15.0,3.0,5.0,2.988248328348747,2.6997882682161776,22.0,304.0,0.0529812791851342,-0.49248542341244267,-0.2744399015710906,31.380744557713626,-1.0247585802227943,-5.434427232728403,1.3799614020175284,0.0197446285484865,0.919325175354391,-0.15867899746778585,-0.10826168093197559,-0.509565539884198,True,True,-0.9930277392684748,1.0,0.13569697945859527,0.9370356241311988,-0.07032882323951285,4.0,0.04870156649249049,2.0,0.4222909689580035,0.27982409917208845,-0.7962879620550972,-0.10248321643687303,-0.1296379404987904,-0.014919608464374918,0.0033825225856131125,-0.17924299119825204,-0.21814408740337976,-0.0967693383150714,-0.1257361511117896,-0.2365519790804111,-0.1669594061603284,-0.09930175048975702,-0.0056667840612723425,-0.21191507891165118,-0.08594489103317526,0.5846128872212047,-0.07821787918345183,-0.24882320593530835,0.1877190533511637,-0.09457458671250239,0.1043918238133158,0.3531328683264811,1.0474606073400583,-0.05777477975118834,-0.014718334398787775,-0.11524261040127652,-0.15218460558555688,-0.17350748118268514,-0.10390977881832957,0.0,0.0,0.0,0.0,0.0,0.0,0.0,0.0,0.0,1.8962964297305638,-0.12287819144839597,2.7284417263781524,2.652526072085212,-0.7107330914153386,-0.49922572056397635,2.7592015117309456,2.606860322621624,1.8865668131184123,1.0,2.0887377891705734,6.075917235570428,1.0,1.0,-0.708630750259273,-0.26764806853792167,-0.3754725541729411,-0.5173569684878258,1.0,1.0,2.5113543216689966,3.0,2.0,1.0,1.0,2.0,2.0,15.0,3.0,15.0,3.0,5.0,2.988248328348747,2.6997882682161776,22.0,304.0,0.0529812791851342,-0.49248542341244267,-0.2744399015710906,31.380744557713626,-1.0247585802227943,-5.434427232728403,1.3799614020175284,0.0197446285484865,0.919325175354391,-0.15867899746778585,-0.10826168093197559,-0.509565539884198,0
235605,0.99974054,0.35800925,0.21000000000000002,0.0982356594956918,0.8311966806262534,-0.6870675741753851,0.0,-0.15200030858959454,1.0120834603276854,0.5850040721494273,4.0,-0.38453269633808657,2.0,-2.7052779205013127,-2.7290915880039606,-0.8522345541667764,0.05451987426870722,-0.019313674907915482,-0.20146270136836242,-0.051894081546506154,-0.22358210855907168,-0.11071710636015575,-0.06475451203849458,-0.019463817119898343,-0.17832132855796845,0.05902680614294631,-0.10595742219359863,0.04387615305533941,0.07779774331912831,-0.24755287540843013,0.5859827116654289,0.03382156059341588,0.029705102948915246,0.700218748091304,0.7717452842658126,0.4978504961524993,0.4497786647331101,1.0665703904237414,0.66016085156523,-0.18072863305467374,0.667521153399262,0.5564405080902783,0.4345960027886069,0.6366162290363365,0.0,0.0,0.0,1.0,0.0,0.0,0.0,0.0,0.0,1.6207366051745742,0.11167618841000194,2.9225949751663887,2.744995765634114,1.8058066960900145,1.5923044997507723,2.6555065698954823,2.522905374215858,1.624883579011513,2.0,2.0091079427396252,-0.38526838414396125,1.0,1.0,1.91561355665287,-0.5658373664505578,1.5729168485482146,1.9132155597273843,1.0,1.0,-0.3929267280084668,0.0,1.0,1.0,2.0,1.0,1.0,15.0,3.0,15.0,3.0,6.0,-0.4312179657488271,-0.27903435906234264,4.0,1090.0,1.3159261635096338,-0.7715896681421152,-0.8704804038137072,9.622903067090126,-2.6814053839602523,16.00787868747491,-0.5832580479938344,0.06837543044948902,-2.1914366940986576,0.16414496422927918,0.5694279531590896,-0.5932990191996199,True,True,-0.6870675741753851,0.0,-0.15200030858959454,1.0120834603276854,0.5850040721494273,4.0,-0.38453269633808657,2.0,-2.7052779205013127,-2.7290915880039606,-0.8522345541667764,0.05451987426870722,-0.019313674907915482,-0.20146270136836242,-0.051894081546506154,-0.22358210855907168,-0.11071710636015575,-0.06475451203849458,-0.019463817119898343,-0.17832132855796845,0.05902680614294631,-0.10595742219359863,0.04387615305533941,0.07779774331912831,-0.24755287540843013,0.5859827116654289,0.03382156059341588,0.029705102948915246,0.700218748091304,0.7717452842658126,0.4978504961524993,0.4497786647331101,1.0665703904237414,0.66016085156523,-0.18072863305467374,0.667521153399262,0.5564405080902783,0.4345960027886069,0.6366162290363365,0.0,0.0,0.0,1.0,0.0,0.0,0.0,0.0,0.0,1.6207366051745742,0.11167618841000194,2.9225949751663887,2.744995765634114,1.8058066960900145,1.5923044997507723,2.6555065698954823,2.522905374215858,1.624883579011513,2.0,2.0091079427396252,-0.38526838414396125,1.0,1.0,1.91561355665287,-0.5658373664505578,1.5729168485482146,1.9132155597273843,1.0,1.0,-0.3929267280084668,0.0,1.0,1.0,2.0,1.0,1.0,15.0,3.0,15.0,3.0,6.0,-0.4312179657488271,-0.27903435906234264,4.0,1090.0,1.3159261635096338,-0.7715896681421152,-0.8704804038137072,9.622903067090126,-2.6814053839602523,16.00787868747491,-0.5832580479938344,0.06837543044948902,-2.1914366940986576,0.16414496422927918,0.5694279531590896,-0.5932990191996199,0
219389,0.99913484,0.14888911,0.18000000000000002,0.06325205919758363,0.48266672637346164,-0.664647858598428,0.0,-1.3986830244392645,-0.20859471306750443,0.5944703301158617,4.0,-0.5119024707949433,2.0,-2.718319919927155,-2.7696711268374012,-0.6794827282061457,-0.14217710204628464,-0.051311898954860755,0.053763777369848526,-0.0169493093645734,-0.25756893082275223,-0.14514794983780305,-0.016124009176478334,-0.11187197624703829,-0.14532119373657093,-0.018974257086946486,-0.08056963494272026,0.10409383760802367,-0.18651174564366013,-0.13990268961733535,0.5566867244047249,0.019975999435681156,-0.0283254841104174,0.014453583886073925,0.029154804728924746,0.12319981372040559,0.433830631708955,0.8869808797993706,0.4769928558155398,0.05930415282485248,0.7716794797293978,0.527077110264821,0.4807741801286239,0.656423594653467,0.0,0.0,0.0,3.0,0.0,0.0,0.0,0.0,0.0,1.7758939447117317,-0.016136707107061058,2.7449876394661787,2.8351369766882057,1.8882278551915739,1.8227119518148702,2.629036870393566,2.6673413599623994,1.7350853986323584,2.0,1.8943668487519891,2.2745301215088425,1.0,1.0,1.9505740334409494,-0.23763715712443115,1.7042984183765078,1.8186579757815193,1.0,1.0,-0.34702398055689676,0.0,1.0,2.0,2.0,1.0,1.0,25.0,0.0,25.0,0.0,6.0,-0.4713446089028825,-0.43625058594963706,4.0,517.0,-1.0129452667020258,0.5387016854873006,-0.9864140566704019,11.13112279684665,-2.17303845158797,12.370166931395465,-0.5352141580259575,0.11871598344620227,-9.727765233405172,1.7645348625432755,2.95857846455483,-1.3202951027939733,True,True,-0.664647858598428,0.0,-1.3986830244392645,-0.20859471306750443,0.5944703301158617,4.0,-0.5119024707949433,2.0,-2.718319919927155,-2.7696711268374012,-0.6794827282061457,-0.14217710204628464,-0.051311898954860755,0.053763777369848526,-0.0169493093645734,-0.25756893082275223,-0.14514794983780305,-0.016124009176478334,-0.11187197624703829,-0.14532119373657093,-0.018974257086946486,-0.08056963494272026,0.10409383760802367,-0.18651174564366013,-0.13990268961733535,0.5566867244047249,0.019975999435681156,-0.0283254841104174,0.014453583886073925,0.029154804728924746,0.12319981372040559,0.433830631708955,0.8869808797993706,0.4769928558155398,0.05930415282485248,0.7716794797293978,0.527077110264821,0.4807741801286239,0.656423594653467,0.0,0.0,0.0,3.0,0.0,0.0,0.0,0.0,0.0,1.7758939447117317,-0.016136707107061058,2.7449876394661787,2.8351369766882057,1.8882278551915739,1.8227119518148702,2.629036870393566,2.6673413599623994,1.7350853986323584,2.0,1.8943668487519891,2.2745301215088425,1.0,1.0,1.9505740334409494,-0.23763715712443115,1.7042984183765078,1.8186579757815193,1.0,1.0,-0.34702398055689676,0.0,1.0,2.0,2.0,1.0,1.0,25.0,0.0,25.0,0.0,6.0,-0.4713446089028825,-0.43625058594963706,4.0,517.0,-1.0129452667020258,0.5387016854873006,-0.9864140566704019,11.13112279684665,-2.17303845158797,12.370166931395465,-0.5352141580259575,0.11871598344620227,-9.727765233405172,1.7645348625432755,2.95857846455483,-1.3202951027939733,0
267751,0.96278524,0.13263944,0.13,0.028378895023486856,0.24150834911587166,0.273572772295134,4.0,0.9180628224922321,0.8955433097186437,-0.021325376976862587,4.0,0.26288481911382133,3.0,0.7435749360675683,0.3655329098472056,-0.7535356453110491,-0.0844504641573883,-0.10620117194592762,-0.05346803221763913,-0.05383043133681051,-0.23076905376565005,-0.11686179826191209,-0.02282271880113967,-0.04776556726939638,-0.1322865048968353,-0.0687410760733162,-0.04854016520936587,-0.01014112678971485,-0.18835528822632733,-0.16181602338575682,0.6427830287727179,0.6772745636263172,0.5989304799152166,0.5790860928516454,0.4964164252060315,-0.04627379952767394,-0.03600741349519225,-0.022202737197628376,0.6714637962574171,0.021589153483125113,0.05738342132834043,-0.02231208348449458,0.03665226716658751,0.5777854319773386,0.0,0.0,0.0,1.0,2.0,1.0,0.0,0.0,0.0,-0.5796658480488529,-0.39447443646983754,-0.3732794064799911,-0.42563383292866797,-0.5800620511987754,-0.5899298824984319,-0.3689249859923484,-0.3884850538016076,-0.5637423174562576,0.0,-0.5182695674006168,-0.3683339632111667,0.0,0.0,-0.532383398329597,-0.28226752046715753,-0.6065901596663087,-0.560501896035182,0.0,0.0,-0.40669626318778984,0.0,0.0,0.0,0.0,0.0,0.0,43.0,3.0,25.0,0.0,6.0,-0.404668015818412,-0.34789345531555543,23.0,517.0,-0.07231969000545262,-0.40623368369296375,-0.7805574411007671,-6.54076576661932,0.8781718215105927,0.4546833928653075,-0.2618031394087619,0.3532968489830441,0.5123294363027533,0.18374629223625596,-4.549407600063054,1.5698553655022367,True,True,0.273572772295134,4.0,0.9180628224922321,0.8955433097186437,-0.021325376976862587,4.0,0.26288481911382133,3.0,0.7435749360675683,0.3655329098472056,-0.7535356453110491,-0.0844504641573883,-0.10620117194592762,-0.05346803221763913,-0.05383043133681051,-0.23076905376565005,-0.11686179826191209,-0.02282271880113967,-0.04776556726939638,-0.1322865048968353,-0.0687410760733162,-0.04854016520936587,-0.01014112678971485,-0.18835528822632733,-0.16181602338575682,0.6427830287727179,0.6772745636263172,0.5989304799152166,0.5790860928516454,0.4964164252060315,-0.04627379952767394,-0.03600741349519225,-0.022202737197628376,0.6714637962574171,0.021589153483125113,0.05738342132834043,-0.02231208348449458,0.03665226716658751,0.5777854319773386,0.0,0.0,0.0,1.0,2.0,1.0,0.0,0.0,0.0,-0.5796658480488529,-0.39447443646983754,-0.3732794064799911,-0.42563383292866797,-0.5800620511987754,-0.5899298824984319,-0.3689249859923484,-0.3884850538016076,-0.5637423174562576,0.0,-0.5182695674006168,-0.3683339632111667,0.0,0.0,-0.532383398329597,-0.28226752046715753,-0.6065901596663087,-0.560501896035182,0.0,0.0,-0.40669626318778984,0.0,0.0,0.0,0.0,0.0,0.0,43.0,3.0,25.0,0.0,6.0,-0.404668015818412,-0.34789345531555543,23.0,517.0,-0.07231969000545262,-0.40623368369296375,-0.7805574411007671,-6.54076576661932,0.8781718215105927,0.4546833928653075,-0.2618031394087619,0.3532968489830441,0.5123294363027533,0.18374629223625596,-4.549407600063054,1.5698553655022367,0
138519,0.99776113,0.39287117,0.24000000000000002,0.1486439774738485,1.1246952835736268,-0.5749586803928556,0.0,-0.12103636113093147,-0.08646170140768275,0.7366267463843069,4.0,-0.5115228767771823,3.0,-2.738153537785449,-2.9872420978626755,-0.8258419746281161,0.06018019615887066,0.13425342570944,-0.37199472871692413,-0.27561344529840937,-0.025390235813136708,0.02988209540014404,-0.090361205072715,-0.07395453592748229,-0.3372359766115279,0.05789081035257514,-0.21197002446709515,0.32435531564825626,-0.243908102376961,0.03175206577783843,0.48176852125308556,0.13193429121543082,0.3182913246379861,0.6914701229703839,0.5546150371623547,0.6235632362044607,0.250529891578504,0.9947440456500795,0.36437130033358556,-0.11117584882185537,0.4939035279201138,0.7360940627816117,0.4718184779566543,0.5720645039159327,0.0,0.0,0.0,3.0,0.0,0.0,0.0,0.0,0.0,1.7210441794835531,0.29837460226950463,2.816190849235175,2.830424246427748,1.691560206266349,1.9281693981607624,2.675687742817328,2.8410527750758496,1.8730922546754112,2.0,1.8849251701380816,-0.34237709595785626,1.0,1.0,1.7344039437809768,-0.5592454237575699,1.46900030538002,1.9916773678464914,1.0,1.0,-0.2300678953641429,0.0,1.0,1.0,2.0,2.0,1.0,15.0,3.0,15.0,3.0,6.0,-0.42668354482393955,-0.5018135781681624,4.0,517.0,-0.49337414514435846,-1.307766714118448,-0.9026236302647214,14.246563938137465,-3.0778224386786825,12.006892036601624,0.34853196711268114,0.18426262514828035,1.3107187784928003,-0.1687671989938327,0.5055195260409999,-0.6671283487155589,True,True,-0.5749586803928556,0.0,-0.12103636113093147,-0.08646170140768275,0.7366267463843069,4.0,-0.5115228767771823,3.0,-2.738153537785449,-2.9872420978626755,-0.8258419746281161,0.06018019615887066,0.13425342570944,-0.37199472871692413,-0.27561344529840937,-0.025390235813136708,0.02988209540014404,-0.090361205072715,-0.07395453592748229,-0.3372359766115279,0.05789081035257514,-0.21197002446709515,0.32435531564825626,-0.243908102376961,0.03175206577783843,0.48176852125308556,0.13193429121543082,0.3182913246379861,0.6914701229703839,0.5546150371623547,0.6235632362044607,0.250529891578504,0.9947440456500795,0.36437130033358556,-0.11117584882185537,0.4939035279201138,0.7360940627816117,0.4718184779566543,0.5720645039159327,0.0,0.0,0.0,3.0,0.0,0.0,0.0,0.0,0.0,1.7210441794835531,0.29837460226950463,2.816190849235175,2.830424246427748,1.691560206266349,1.9281693981607624,2.675687742817328,2.8410527750758496,1.8730922546754112,2.0,1.8849251701380816,-0.34237709595785626,1.0,1.0,1.7344039437809768,-0.5592454237575699,1.46900030538002,1.9916773678464914,1.0,1.0,-0.2300678953641429,0.0,1.0,1.0,2.0,2.0,1.0,15.0,3.0,15.0,3.0,6.0,-0.42668354482393955,-0.5018135781681624,4.0,517.0,-0.49337414514435846,-1.307766714118448,-0.9026236302647214,14.246563938137465,-3.0778224386786825,12.006892036601624,0.34853196711268114,0.18426262514828035,1.3107187784928003,-0.1687671989938327,0.5055195260409999,-0.6671283487155589,0
226882,0.99645716,0.089369595,0.15000000000000002,0.03954065143898942,0.3114884563914492,-0.8579224358130848,0.0,-1.691469494914111,0.8924660568671305,0.6532871522737866,4.0,-0.7864876818135254,2.0,-2.7202750754233227,-2.7782439029688772,-0.7447144378490526,-0.10339420918258445,-0.020824075627673775,-0.034644291522997736,-0.06337019890138818,-0.2538877334494572,-0.06789797753160542,0.07562242733595996,0.0031479737147540572,-0.3174204810664806,-0.022019468177727927,-0.05645778673310457,-0.05697021600072884,-0.27975890772588474,-0.1944264820756058,0.6403505623905719,-0.0067292702317420395,0.5781868228594466,0.5509763761250628,0.6342949151758843,0.5954051706515572,0.0036987554639193875,0.018120883529556864,0.6202329676001789,0.04640661132916802,0.6555138438698753,0.5640832937440897,0.5360792103464208,0.5350545752096619,0.0,0.0,0.0,3.0,0.0,0.0,0.0,0.0,0.0,1.7707188370611304,0.364454642698153,-0.42202085736033285,-0.3571374212719639,1.7825557430494172,1.779868402516028,-0.33605730422273067,-0.3611220373597421,1.7613606841288831,2.0,1.891107982860366,-0.4273964567884794,2.0,2.0,1.8622422623876915,-0.3814555679997236,1.9581311589215962,1.905420076740646,2.0,2.0,-0.3490712600655876,0.0,1.0,1.0,2.0,1.0,1.0,15.0,3.0,15.0,3.0,6.0,-0.3340241783839568,-0.3956599171847369,10.0,602.0,0.4312766819786492,-1.5341135468039755,-0.8228545613973592,9.615074181480274,-2.5677720214047315,15.928423063591568,-0.6178355593465689,0.17000993841940723,-2.181930463072267,0.14983392841378498,0.6681287212119289,-0.3537032501288196,True,True,-0.8579224358130848,0.0,-1.691469494914111,0.8924660568671305,0.6532871522737866,4.0,-0.7864876818135254,2.0,-2.7202750754233227,-2.7782439029688772,-0.7447144378490526,-0.10339420918258445,-0.020824075627673775,-0.034644291522997736,-0.06337019890138818,-0.2538877334494572,-0.06789797753160542,0.07562242733595996,0.0031479737147540572,-0.3174204810664806,-0.022019468177727927,-0.05645778673310457,-0.05697021600072884,-0.27975890772588474,-0.1944264820756058,0.6403505623905719,-0.0067292702317420395,0.5781868228594466,0.5509763761250628,0.6342949151758843,0.5954051706515572,0.0036987554639193875,0.018120883529556864,0.6202329676001789,0.04640661132916802,0.6555138438698753,0.5640832937440897,0.5360792103464208,0.5350545752096619,0.0,0.0,0.0,3.0,0.0,0.0,0.0,0.0,0.0,1.7707188370611304,0.364454642698153,-0.42202085736033285,-0.3571374212719639,1.7825557430494172,1.779868402516028,-0.33605730422273067,-0.3611220373597421,1.7613606841288831,2.0,1.891107982860366,-0.4273964567884794,2.0,2.0,1.8622422623876915,-0.3814555679997236,1.9581311589215962,1.905420076740646,2.0,2.0,-0.3490712600655876,0.0,1.0,1.0,2.0,1.0,1.0,15.0,3.0,15.0,3.0,6.0,-0.3340241783839568,-0.3956599171847369,10.0,602.0,0.4312766819786492,-1.5341135468039755,-0.8228545613973592,9.615074181480274,-2.5677720214047315,15.928423063591568,-0.6178355593465689,0.17000993841940723,-2.181930463072267,0.14983392841378498,0.6681287212119289,-0.3537032501288196,0
472173,0.9436655,0.3964067,0.04,0.005058857517455529,0.041636325952478466,-0.48849071941147326,4.0,0.5765886391436669,0.6435914386746503,0.004334534276595973,4.0,0.32323921402518024,3.0,0.43023043262188,0.3537990669827892,0.9256092862603426,-0.097748263579497,-0.07504169944972684,-0.03780940271664164,-0.06616506110034663,-0.2238003922461984,-0.10576459193739537,-0.04259144569832624,-0.06303070099175255,-0.2153106671661416,-0.05123612436845129,-0.09520384437728063,-0.039765387000790964,-0.16145328509910722,-0.1480912901630126,0.9979660169315121,0.9935143727287182,0.5532191538115997,0.8716832175313106,0.5513772504893385,-0.0006663315403287104,0.0051123613065201115,-0.0026408949124072717,0.5445606939286,0.9400216549884526,0.003874575922886101,0.00055901192198969,-0.00923606455205463,0.8640219220850407,2.0,2.0,2.0,1.0,2.0,1.0,1.0,1.0,2.0,-0.5603736094166251,-0.3863053241070728,-0.35703559440066474,-0.3582889206121082,-0.5527857642060008,-0.5613889759885398,-0.3870787463843406,-0.38874207197026583,-0.5645393146309787,0.0,-0.518693915764492,-0.392671459043539,0.0,0.0,-0.5661039901627425,-0.2875660498465116,-0.5557764488092631,-0.5551915267420177,0.0,0.0,-0.39764887844020436,0.0,0.0,0.0,0.0,0.0,0.0,43.0,3.0,25.0,0.0,6.0,-0.37438827645853945,-0.36851278917086994,23.0,517.0,-1.0679977128973537,-0.3761641397439866,-0.25942524664495004,-7.535480743352749,0.21992064645813766,-0.5963806873841455,0.18793208412798726,0.21002989085806903,2.2012464679272647,-0.05254381515342378,1.2655009862229247,-0.3808168609793448,True,True,-0.48849071941147326,4.0,0.5765886391436669,0.6435914386746503,0.004334534276595973,4.0,0.32323921402518024,3.0,0.43023043262188,0.3537990669827892,0.9256092862603426,-0.097748263579497,-0.07504169944972684,-0.03780940271664164,-0.06616506110034663,-0.2238003922461984,-0.10576459193739537,-0.04259144569832624,-0.06303070099175255,-0.2153106671661416,-0.05123612436845129,-0.09520384437728063,-0.039765387000790964,-0.16145328509910722,-0.1480912901630126,0.9979660169315121,0.9935143727287182,0.5532191538115997,0.8716832175313106,0.5513772504893385,-0.0006663315403287104,0.0051123613065201115,-0.0026408949124072717,0.5445606939286,0.9400216549884526,0.003874575922886101,0.00055901192198969,-0.00923606455205463,0.8640219220850407,2.0,2.0,2.0,1.0,2.0,1.0,1.0,1.0,2.0,-0.5603736094166251,-0.3863053241070728,-0.35703559440066474,-0.3582889206121082,-0.5527857642060008,-0.5613889759885398,-0.3870787463843406,-0.38874207197026583,-0.5645393146309787,0.0,-0.518693915764492,-0.392671459043539,0.0,0.0,-0.5661039901627425,-0.2875660498465116,-0.5557764488092631,-0.5551915267420177,0.0,0.0,-0.39764887844020436,0.0,0.0,0.0,0.0,0.0,0.0,43.0,3.0,25.0,0.0,6.0,-0.37438827645853945,-0.36851278917086994,23.0,517.0,-1.0679977128973537,-0.3761641397439866,-0.25942524664495004,-7.535480743352749,0.21992064645813766,-0.5963806873841455,0.18793208412798726,0.21002989085806903,2.2012464679272647,-0.05254381515342378,1.2655009862229247,-0.3808168609793448,0
394804,0.9990897,0.16335154,0.26,0.19338051145240298,1.532729972245149,-0.7353537221506505,0.0,-0.013034983308262629,-0.7735120951097905,0.6419629728926168,4.0,-0.6748731735753032,3.0,-2.7933516986874367,-2.6239314714803452,-0.9982562714355823,0.17725826879694423,0.14835067627792248,-0.05107400008858087,0.07453464214732983,-0.2630644944102124,-0.27141214756107607,-0.016185740470090332,0.0800650904768895,-0.2079475625225895,0.5698869934951475,0.35849608857281523,0.3849527388083151,0.18788460674752816,0.059026678763136525,0.7072243245580332,-0.009089813618289385,0.610144375019297,0.6803046689138508,-0.14785772242413117,0.5554903414695405,-0.4567938108535641,-0.03108024802110882,0.5945031504705791,-0.004312464223461679,0.3907752918609563,0.37937463178095265,0.6910730155821622,0.6016239284256437,0.0,0.0,0.0,3.0,0.0,0.0,0.0,0.0,0.0,1.7143678616828453,1.8812829765785208,-0.261655289884194,-0.42845385174533035,2.0207382947554073,2.0624480944494876,-0.3916480515421416,-0.6761778322188201,2.2203374729635637,2.0,2.0077430496663244,-0.4415050328973142,3.0,0.0,1.9196521559017845,-0.5317987863440656,1.4710382399025967,1.9676686240933599,2.0,2.0,-0.09329203817501214,0.0,1.0,1.0,1.0,1.0,2.0,17.0,3.0,17.0,3.0,6.0,-0.5173685155942083,-0.32978485899628057,22.0,517.0,-0.603306036601304,-1.7549353991606567,-0.06667125561327175,9.703724920799432,-2.8607404691292215,15.760150623323844,-0.43595143656319046,-0.03941315706477605,-2.3913450840424035,0.34243274990505235,0.3906025893792677,-0.66843398858116,True,True,-0.7353537221506505,0.0,-0.013034983308262629,-0.7735120951097905,0.6419629728926168,4.0,-0.6748731735753032,3.0,-2.7933516986874367,-2.6239314714803452,-0.9982562714355823,0.17725826879694423,0.14835067627792248,-0.05107400008858087,0.07453464214732983,-0.2630644944102124,-0.27141214756107607,-0.016185740470090332,0.0800650904768895,-0.2079475625225895,0.5698869934951475,0.35849608857281523,0.3849527388083151,0.18788460674752816,0.059026678763136525,0.7072243245580332,-0.009089813618289385,0.610144375019297,0.6803046689138508,-0.14785772242413117,0.5554903414695405,-0.4567938108535641,-0.03108024802110882,0.5945031504705791,-0.004312464223461679,0.3907752918609563,0.37937463178095265,0.6910730155821622,0.6016239284256437,0.0,0.0,0.0,3.0,0.0,0.0,0.0,0.0,0.0,1.7143678616828453,1.8812829765785208,-0.261655289884194,-0.42845385174533035,2.0207382947554073,2.0624480944494876,-0.3916480515421416,-0.6761778322188201,2.2203374729635637,2.0,2.0077430496663244,-0.4415050328973142,3.0,0.0,1.9196521559017845,-0.5317987863440656,1.4710382399025967,1.9676686240933599,2.0,2.0,-0.09329203817501214,0.0,1.0,1.0,1.0,1.0,2.0,17.0,3.0,17.0,3.0,6.0,-0.5173685155942083,-0.32978485899628057,22.0,517.0,-0.603306036601304,-1.7549353991606567,-0.06667125561327175,9.703724920799432,-2.8607404691292215,15.760150623323844,-0.43595143656319046,-0.03941315706477605,-2.3913450840424035,0.34243274990505235,0.3906025893792677,-0.66843398858116,0
50028,0.69433784,0.42454392,0.13,0.028378895023486856,0.2381546042702309,-0.34287825071029737,0.0,1.2055258044610562,0.8681412813450845,0.6197244793275458,4.0,-0.45829380877670056,3.0,-2.7896292426197085,-2.8044181568568955,-0.7484450013156743,14.769030941829628,16.16679714661372,-0.06203207876784763,17.4475110977007,-0.20035678908898857,16.748501449000294,19.470900114931087,18.714862923765995,-0.26767374506708763,20.39844191569695,17.09243095948861,18.710538760822832,13.243166934966666,16.03026614705882,0.6076263353491964,0.03253593795368477,0.5285151612727804,0.6137944792672496,0.5424638158224401,0.5449950244228642,0.3634638292275707,0.9616543731685694,0.014225529561880496,-0.020066434050324797,0.6309965867619444,0.5551831706737325,0.49842384702786874,0.5652606192401194,0.0,0.0,0.0,3.0,0.0,0.0,0.0,0.0,0.0,1.790332953835523,0.1231510409648673,2.81738261190951,2.7847283554156372,1.778829803552258,1.8542938836427192,2.579609833911105,2.6343107025869594,1.7870553938292384,2.0,1.889407975942644,-0.36876846698448906,1.0,1.0,1.8425092305905468,-0.34250903700840235,1.874338052610657,1.6016332131222475,1.0,1.0,-0.3339492482585148,0.0,1.0,1.0,2.0,2.0,1.0,15.0,3.0,15.0,3.0,6.0,-0.3838558542583393,-0.3261162482646918,4.0,1090.0,-0.09841965212669594,0.8259807945865477,1.7074965764286678,14.172972917636567,-3.29193801502809,11.80878359189514,0.29504429912831287,0.21444522391693893,1.1198032935947233,-0.45300486914639737,-0.2910775552351081,-1.069459980667126,True,True,-0.34287825071029737,0.0,1.2055258044610562,0.8681412813450845,0.6197244793275458,4.0,-0.45829380877670056,3.0,-2.7896292426197085,-2.8044181568568955,-0.7484450013156743,14.769030941829628,16.16679714661372,-0.06203207876784763,17.4475110977007,-0.20035678908898857,16.748501449000294,19.470900114931087,18.714862923765995,-0.26767374506708763,20.39844191569695,17.09243095948861,18.710538760822832,13.243166934966666,16.03026614705882,0.6076263353491964,0.03253593795368477,0.5285151612727804,0.6137944792672496,0.5424638158224401,0.5449950244228642,0.3634638292275707,0.9616543731685694,0.014225529561880496,-0.020066434050324797,0.6309965867619444,0.5551831706737325,0.49842384702786874,0.5652606192401194,0.0,0.0,0.0,3.0,0.0,0.0,0.0,0.0,0.0,1.790332953835523,0.1231510409648673,2.81738261190951,2.7847283554156372,1.778829803552258,1.8542938836427192,2.579609833911105,2.6343107025869594,1.7870553938292384,2.0,1.889407975942644,-0.36876846698448906,1.0,1.0,1.8425092305905468,-0.34250903700840235,1.874338052610657,1.6016332131222475,1.0,1.0,-0.3339492482585148,0.0,1.0,1.0,2.0,2.0,1.0,15.0,3.0,15.0,3.0,6.0,-0.3838558542583393,-0.3261162482646918,4.0,1090.0,-0.09841965212669594,0.8259807945865477,1.7074965764286678,14.172972917636567,-3.29193801502809,11.80878359189514,0.29504429912831287,0.21444522391693893,1.1198032935947233,-0.45300486914639737,-0.2910775552351081,-1.069459980667126,0
568900,0.99639064,0.2437503,0.14,0.03356392623053241,0.27481477217795636,-0.6640983305905575,3.0,-1.4698820132535195,-0.090476227854091,-0.01712833136857478,2.0,0.31660520661055636,2.0,0.46237581312804205,0.3358605913239171,-0.7840847746109284,-0.0858376697159524,-0.11953668141187482,-0.03394733259892472,-0.014733125569765883,-0.16505861312098827,-0.11382665234755998,-0.07217080272145435,-0.04789222490562389,-0.30271287025045135,-0.04158577737247898,-0.10336803897201537,-0.05052614945534786,-0.2115083237742284,-0.14364258436685506,0.605544419513844,0.016956024249181037,-0.005491202729083815,-0.07777921542488987,-0.024273055135434603,0.038628510816862034,0.4883883719706024,0.985253357941588,0.00041670738081217156,0.05718773867062017,0.0007148991842206387,0.014460205256768029,-0.026824229857310953,0.035799525677175446,0.0,0.0,0.0,0.0,0.0,0.0,0.0,0.0,0.0,1.7262919905406566,-0.3891466248518312,2.8444756971071152,2.745585844879788,-0.5393032617130844,-0.5663368788765587,2.5620009988581693,2.5970654007125638,1.7742895407015074,1.0,1.8175370686477559,-0.45194542864577103,1.0,1.0,-0.4997933417871626,-0.27271960001166107,-0.5786118826711594,-0.5550932114437367,1.0,1.0,-0.33035763134844637,0.0,2.0,1.0,2.0,1.0,1.0,25.0,0.0,15.0,3.0,6.0,-0.3264575461539855,-0.3403171219033294,23.0,517.0,-1.554547603843981,-0.41347972967479507,0.03216744448743593,31.428210258286594,-0.8594230594431072,-5.268722084761342,1.0101014243314235,0.290611806337871,0.9865227987466532,-0.09551183367343609,0.0226911217735039,0.028117854911024892,True,True,-0.6640983305905575,3.0,-1.4698820132535195,-0.090476227854091,-0.01712833136857478,2.0,0.31660520661055636,2.0,0.46237581312804205,0.3358605913239171,-0.7840847746109284,-0.0858376697159524,-0.11953668141187482,-0.03394733259892472,-0.014733125569765883,-0.16505861312098827,-0.11382665234755998,-0.07217080272145435,-0.04789222490562389,-0.30271287025045135,-0.04158577737247898,-0.10336803897201537,-0.05052614945534786,-0.2115083237742284,-0.14364258436685506,0.605544419513844,0.016956024249181037,-0.005491202729083815,-0.07777921542488987,-0.024273055135434603,0.038628510816862034,0.4883883719706024,0.985253357941588,0.00041670738081217156,0.05718773867062017,0.0007148991842206387,0.014460205256768029,-0.026824229857310953,0.035799525677175446,0.0,0.0,0.0,0.0,0.0,0.0,0.0,0.0,0.0,1.7262919905406566,-0.3891466248518312,2.8444756971071152,2.745585844879788,-0.5393032617130844,-0.5663368788765587,2.5620009988581693,2.5970654007125638,1.7742895407015074,1.0,1.8175370686477559,-0.45194542864577103,1.0,1.0,-0.4997933417871626,-0.27271960001166107,-0.5786118826711594,-0.5550932114437367,1.0,1.0,-0.33035763134844637,0.0,2.0,1.0,2.0,1.0,1.0,25.0,0.0,15.0,3.0,6.0,-0.3264575461539855,-0.3403171219033294,23.0,517.0,-1.554547603843981,-0.41347972967479507,0.03216744448743593,31.428210258286594,-0.8594230594431072,-5.268722084761342,1.0101014243314235,0.290611806337871,0.9865227987466532,-0.09551183367343609,0.0226911217735039,0.028117854911024892,0
363378,0.9988187,0.36589983,0.3,0.3182832888392961,2.8432818408871436,-0.9048522560627629,0.0,-1.400395925212384,0.806927014425616,0.364041725234061,4.0,0.6077451368340704,2.0,-2.8452965015743934,-2.938566371266281,-1.1187572279359814,1.4827313012582222,1.0212966372196643,-0.08460039946526454,0.06439930313889008,0.03155575533440494,0.8479817143420879,0.4918072545183182,1.7886157522213872,-1.0576988003812224,0.38834144544213206,1.2114136269509905,1.4240241683043133,-0.2288556230637579,-0.23964684823011045,1.1452344297829498,-0.22808250271662767,0.14816136335179336,1.0722395762043817,-0.11122385171696936,0.10076413407320478,0.4691591517701387,0.7309714122546376,-0.16049566839713736,0.5910001485620635,1.0089115972841938,0.045941668844448544,0.45350513241112256,0.49792874782567215,0.0,0.0,0.0,3.0,0.0,0.0,0.0,0.0,0.0,1.4583829500291672,1.69970991625961,2.544065145696894,2.623974009535338,1.8826702451590498,1.606440461080106,2.941106403755945,1.9913081745989296,1.7558543666843387,2.0,2.060027356850031,-0.4132559102530835,1.0,1.0,1.8806160648321693,0.22435058315207312,1.8298838729831275,2.2385186287691177,1.0,1.0,-0.9755080194307132,0.0,1.0,1.0,2.0,1.0,1.0,17.0,3.0,17.0,3.0,6.0,0.09802992742998867,-0.37023520960503037,4.0,614.0,0.6333000734779196,-0.3852873885719429,-0.027302048845652016,14.25575579775847,-2.793096758732206,12.30856047831441,-0.20493538829489016,0.4097251614438973,1.2854059315311863,0.22147159756227858,0.266720716108196,0.026994553114803255,True,True,-0.9048522560627629,0.0,-1.400395925212384,0.806927014425616,0.364041725234061,4.0,0.6077451368340704,2.0,-2.8452965015743934,-2.938566371266281,-1.1187572279359814,1.4827313012582222,1.0212966372196643,-0.08460039946526454,0.06439930313889008,0.03155575533440494,0.8479817143420879,0.4918072545183182,1.7886157522213872,-1.0576988003812224,0.38834144544213206,1.2114136269509905,1.4240241683043133,-0.2288556230637579,-0.23964684823011045,1.1452344297829498,-0.22808250271662767,0.14816136335179336,1.0722395762043817,-0.11122385171696936,0.10076413407320478,0.4691591517701387,0.7309714122546376,-0.16049566839713736,0.5910001485620635,1.0089115972841938,0.045941668844448544,0.45350513241112256,0.49792874782567215,0.0,0.0,0.0,3.0,0.0,0.0,0.0,0.0,0.0,1.4583829500291672,1.69970991625961,2.544065145696894,2.623974009535338,1.8826702451590498,1.606440461080106,2.941106403755945,1.9913081745989296,1.7558543666843387,2.0,2.060027356850031,-0.4132559102530835,1.0,1.0,1.8806160648321693,0.22435058315207312,1.8298838729831275,2.2385186287691177,1.0,1.0,-0.9755080194307132,0.0,1.0,1.0,2.0,1.0,1.0,17.0,3.0,17.0,3.0,6.0,0.09802992742998867,-0.37023520960503037,4.0,614.0,0.6333000734779196,-0.3852873885719429,-0.027302048845652016,14.25575579775847,-2.793096758732206,12.30856047831441,-0.20493538829489016,0.4097251614438973,1.2854059315311863,0.22147159756227858,0.266720716108196,0.026994553114803255,0
560232,0.9994443,0.49558273,0.16,0.04640734643340897,0.34194355113920444,1.6317763483410395,2.0,0.11552136185687818,-0.9783224953146887,0.026330312849222434,4.0,0.36835217780631485,3.0,0.7886690656245977,0.3151850984390191,-0.780838782234415,-0.14950925142397514,-0.04890680577295082,-0.020366424284657344,-0.0655700642325382,-0.23546434221631682,-0.08236511397914582,-0.08402463062794921,-0.018945984316146955,-0.18503081529189538,-0.014804391236461545,-0.07288876375440011,-0.1131289854192833,-0.229057448945924,-0.168937856129571,0.6403351138576872,0.03304114367761951,0.006200609369613274,0.06650315199552227,0.05020857981273565,0.04068645468889367,0.399845171530276,1.074628752904076,-0.02176454339558308,-0.03967995869800352,0.01978891055517649,-0.0008570196113037211,0.533733218877591,0.04505768143638675,0.0,0.0,0.0,0.0,0.0,0.0,0.0,0.0,0.0,1.6434195426290188,0.7601456108691521,-0.3518290712090956,-0.4276742243866171,1.8950870774982431,1.6924097900376445,2.5449077456088642,2.6322717251149235,1.718847771373772,2.0,1.7738309378246737,2.6394381469689012,2.0,2.0,1.7366462911282092,3.446794500201398,1.7312825851523725,1.9645974377355169,1.0,1.0,2.635451960889363,4.0,2.0,1.0,1.0,1.0,2.0,15.0,3.0,15.0,3.0,5.0,2.957593462138356,2.819689197276164,22.0,304.0,-0.06218858410097812,1.145932662764603,0.027116147152823844,32.129682985933876,-0.7477621426303597,-4.676166202044164,0.8406486948566659,-0.08992011214689144,0.9381093854571345,0.11479187027808707,0.8695022277620471,1.7442155753900281,True,True,1.6317763483410395,2.0,0.11552136185687818,-0.9783224953146887,0.026330312849222434,4.0,0.36835217780631485,3.0,0.7886690656245977,0.3151850984390191,-0.780838782234415,-0.14950925142397514,-0.04890680577295082,-0.020366424284657344,-0.0655700642325382,-0.23546434221631682,-0.08236511397914582,-0.08402463062794921,-0.018945984316146955,-0.18503081529189538,-0.014804391236461545,-0.07288876375440011,-0.1131289854192833,-0.229057448945924,-0.168937856129571,0.6403351138576872,0.03304114367761951,0.006200609369613274,0.06650315199552227,0.05020857981273565,0.04068645468889367,0.399845171530276,1.074628752904076,-0.02176454339558308,-0.03967995869800352,0.01978891055517649,-0.0008570196113037211,0.533733218877591,0.04505768143638675,0.0,0.0,0.0,0.0,0.0,0.0,0.0,0.0,0.0,1.6434195426290188,0.7601456108691521,-0.3518290712090956,-0.4276742243866171,1.8950870774982431,1.6924097900376445,2.5449077456088642,2.6322717251149235,1.718847771373772,2.0,1.7738309378246737,2.6394381469689012,2.0,2.0,1.7366462911282092,3.446794500201398,1.7312825851523725,1.9645974377355169,1.0,1.0,2.635451960889363,4.0,2.0,1.0,1.0,1.0,2.0,15.0,3.0,15.0,3.0,5.0,2.957593462138356,2.819689197276164,22.0,304.0,-0.06218858410097812,1.145932662764603,0.027116147152823844,32.129682985933876,-0.7477621426303597,-4.676166202044164,0.8406486948566659,-0.08992011214689144,0.9381093854571345,0.11479187027808707,0.8695022277620471,1.7442155753900281,0
128442,0.87661886,0.4944691,0.01,0.0025521382703821843,0.01944200434674578,0.337535514233562,4.0,-0.14740081033377056,-1.013654122593313,-0.0022166900487474946,4.0,0.32546776288474216,3.0,-0.04726912518498053,0.35713907684955454,-0.759478895700845,-0.05794800242761145,-0.0897346775582469,-0.034822657377882885,-0.061726470724914315,-0.21626352258892204,-0.11880868844774016,-0.045744172691692286,-0.054596092298036705,-0.1499437985324599,-0.05341351634980895,-0.09130927173088374,-0.046664287961708795,-0.19178263540835525,-0.0709050344305685,0.8167470990048111,0.6906404808070989,0.5478145630566134,0.7139323403563693,0.5470654444819878,0.0011133975342847054,-0.004055409417385267,-0.0019866649441784533,0.7124531494643609,0.000874295340560886,-0.0007971033572593654,0.0032574601338976814,-0.0010264959364691584,0.7097402801390933,0.0,0.0,0.0,1.0,1.0,1.0,0.0,0.0,0.0,-0.5709048611448083,-0.391872197270505,-0.35676511857456183,-0.36017478415452964,-0.5575011531326792,-0.5567598008268796,-0.3829029616650863,-0.38134676230925646,-0.5647636671386268,0.0,-0.5281263706564653,-0.40060249613809623,0.0,0.0,-0.5602608195243715,-0.29093281531263215,-0.5566844047409152,-0.5541662693612741,0.0,0.0,-0.38737064272424765,0.0,0.0,0.0,0.0,0.0,0.0,2.0,3.0,25.0,0.0,6.0,-0.37327162037732836,-0.3765296125912432,23.0,517.0,0.9737308962179305,0.9415573420953866,1.7262661796758125,-6.523281169087496,0.4190306626851312,0.36269403276556794,-0.11629063592906014,-0.27015354039838896,0.3317717898165723,-0.9446304023672346,-4.335789548291474,1.3058883636188163,True,True,0.337535514233562,4.0,-0.14740081033377056,-1.013654122593313,-0.0022166900487474946,4.0,0.32546776288474216,3.0,-0.04726912518498053,0.35713907684955454,-0.759478895700845,-0.05794800242761145,-0.0897346775582469,-0.034822657377882885,-0.061726470724914315,-0.21626352258892204,-0.11880868844774016,-0.045744172691692286,-0.054596092298036705,-0.1499437985324599,-0.05341351634980895,-0.09130927173088374,-0.046664287961708795,-0.19178263540835525,-0.0709050344305685,0.8167470990048111,0.6906404808070989,0.5478145630566134,0.7139323403563693,0.5470654444819878,0.0011133975342847054,-0.004055409417385267,-0.0019866649441784533,0.7124531494643609,0.000874295340560886,-0.0007971033572593654,0.0032574601338976814,-0.0010264959364691584,0.7097402801390933,0.0,0.0,0.0,1.0,1.0,1.0,0.0,0.0,0.0,-0.5709048611448083,-0.391872197270505,-0.35676511857456183,-0.36017478415452964,-0.5575011531326792,-0.5567598008268796,-0.3829029616650863,-0.38134676230925646,-0.5647636671386268,0.0,-0.5281263706564653,-0.40060249613809623,0.0,0.0,-0.5602608195243715,-0.29093281531263215,-0.5566844047409152,-0.5541662693612741,0.0,0.0,-0.38737064272424765,0.0,0.0,0.0,0.0,0.0,0.0,2.0,3.0,25.0,0.0,6.0,-0.37327162037732836,-0.3765296125912432,23.0,517.0,0.9737308962179305,0.9415573420953866,1.7262661796758125,-6.523281169087496,0.4190306626851312,0.36269403276556794,-0.11629063592906014,-0.27015354039838896,0.3317717898165723,-0.9446304023672346,-4.335789548291474,1.3058883636188163,0
192642,0.84827685,0.47960183,0.05,0.006265852597583031,0.050363773760889206,-0.6610927680000037,0.0,0.011911900887738764,-0.883850295308147,0.5851475740616521,4.0,-0.4925244437383073,3.0,-2.733377616840497,-2.7939079516009016,-0.7604918741740035,-0.10019490052584304,-0.044619165625930005,-0.04375300765325453,-0.029430643721052915,-0.2197637153747258,-0.09221635946495077,-0.020163998650688384,-0.035441460874152626,-0.26818774293832165,-0.019588582143391174,-0.0735730084940769,-0.013440840915263158,-0.22844516148201258,-0.14509907448738824,0.6159244034993561,0.6314056108262011,0.5554601382693398,0.5382414167780277,0.5480028604322882,0.5335573102489302,0.3684055496299319,0.9951004956774934,0.5349630921737099,-0.006947664134429319,0.5986518416566975,0.5408372717489451,0.7352964765960409,0.5325262799480437,0.0,0.0,0.0,3.0,0.0,0.0,0.0,0.0,0.0,1.759874068169554,3.340206807710484,2.7893910120961976,2.79972542648082,1.8048411448858306,1.8274007345111896,2.6178124718508693,2.6080013078151265,1.7651841296159028,2.0,1.897058989023749,-0.40446608423267194,1.0,1.0,1.8537768503170573,3.459537194952896,1.666617856543823,1.7643001133173353,1.0,1.0,-0.3869525323865704,0.0,1.0,1.0,2.0,1.0,2.0,17.0,3.0,17.0,3.0,6.0,-0.35918686805198763,-0.37724148903467086,4.0,788.0,0.9880379354362494,0.9424842288008165,-1.0165386910441454,9.53772654009647,-2.464404194175429,15.893290740264518,-0.6553205388422736,0.2216527644265843,-2.129044517678938,0.3706020060387348,0.515529802084181,-0.52277201335155,True,True,-0.6610927680000037,0.0,0.011911900887738764,-0.883850295308147,0.5851475740616521,4.0,-0.4925244437383073,3.0,-2.733377616840497,-2.7939079516009016,-0.7604918741740035,-0.10019490052584304,-0.044619165625930005,-0.04375300765325453,-0.029430643721052915,-0.2197637153747258,-0.09221635946495077,-0.020163998650688384,-0.035441460874152626,-0.26818774293832165,-0.019588582143391174,-0.0735730084940769,-0.013440840915263158,-0.22844516148201258,-0.14509907448738824,0.6159244034993561,0.6314056108262011,0.5554601382693398,0.5382414167780277,0.5480028604322882,0.5335573102489302,0.3684055496299319,0.9951004956774934,0.5349630921737099,-0.006947664134429319,0.5986518416566975,0.5408372717489451,0.7352964765960409,0.5325262799480437,0.0,0.0,0.0,3.0,0.0,0.0,0.0,0.0,0.0,1.759874068169554,3.340206807710484,2.7893910120961976,2.79972542648082,1.8048411448858306,1.8274007345111896,2.6178124718508693,2.6080013078151265,1.7651841296159028,2.0,1.897058989023749,-0.40446608423267194,1.0,1.0,1.8537768503170573,3.459537194952896,1.666617856543823,1.7643001133173353,1.0,1.0,-0.3869525323865704,0.0,1.0,1.0,2.0,1.0,2.0,17.0,3.0,17.0,3.0,6.0,-0.35918686805198763,-0.37724148903467086,4.0,788.0,0.9880379354362494,0.9424842288008165,-1.0165386910441454,9.53772654009647,-2.464404194175429,15.893290740264518,-0.6553205388422736,0.2216527644265843,-2.129044517678938,0.3706020060387348,0.515529802084181,-0.52277201335155,0
302434,0.8329762,0.1925426,0.17,0.05427181375432048,0.4611240351663002,0.18681168903782464,4.0,-1.5923444150472292,0.790103137730896,0.06156967121615055,3.0,0.3205962876949978,2.0,0.397956817426259,0.4874200205281082,-0.7397700312348615,-0.08774722874813659,-0.018529697417329904,-0.06533519069876743,-0.060155431402930316,-0.22615976283783382,-0.17203901529625154,-0.06799672430393074,-0.07619632629992981,-0.2071383759456466,0.008450943378079945,-0.07049816427921139,0.018989701329299155,-0.2311293034986019,-0.06957365878288863,0.45916903030659384,0.03054309066204931,-0.036218326300977814,0.006492530728057839,0.05102998913217848,-0.0032404519974732838,0.004987873998374384,-0.01532068100716533,0.5770019524464839,0.07245855383997699,0.04138527143591227,-0.028041588298430918,-0.09530203014132994,0.02512075234147144,0.0,0.0,0.0,0.0,0.0,0.0,0.0,0.0,0.0,-0.5297074805939357,-0.3443947589675063,-0.35977669199468326,-0.4476886975256603,-0.6193396641395809,-0.5652438395623336,-0.3352080540502119,-0.4548023034127294,-0.5885159281124285,0.0,-0.5339122979266079,-0.35965712481810275,0.0,0.0,-0.5018241950997544,-0.13529308161709586,-0.5697410331753828,-0.5596929389642055,0.0,0.0,-0.5165833426684961,0.0,0.0,0.0,0.0,0.0,0.0,25.0,0.0,25.0,0.0,6.0,-0.40920305861926,-0.4193743925313399,23.0,517.0,-1.0691420833709941,-0.7893754957272809,-0.7402288809788602,-1.353230872056724,0.7334064069630198,-7.35124724220485,0.18110562255984503,0.06723049305114594,-8.812933695469892,-0.3817499581152022,-4.556790821850729,0.9957225985657356,True,True,0.18681168903782464,4.0,-1.5923444150472292,0.790103137730896,0.06156967121615055,3.0,0.3205962876949978,2.0,0.397956817426259,0.4874200205281082,-0.7397700312348615,-0.08774722874813659,-0.018529697417329904,-0.06533519069876743,-0.060155431402930316,-0.22615976283783382,-0.17203901529625154,-0.06799672430393074,-0.07619632629992981,-0.2071383759456466,0.008450943378079945,-0.07049816427921139,0.018989701329299155,-0.2311293034986019,-0.06957365878288863,0.45916903030659384,0.03054309066204931,-0.036218326300977814,0.006492530728057839,0.05102998913217848,-0.0032404519974732838,0.004987873998374384,-0.01532068100716533,0.5770019524464839,0.07245855383997699,0.04138527143591227,-0.028041588298430918,-0.09530203014132994,0.02512075234147144,0.0,0.0,0.0,0.0,0.0,0.0,0.0,0.0,0.0,-0.5297074805939357,-0.3443947589675063,-0.35977669199468326,-0.4476886975256603,-0.6193396641395809,-0.5652438395623336,-0.3352080540502119,-0.4548023034127294,-0.5885159281124285,0.0,-0.5339122979266079,-0.35965712481810275,0.0,0.0,-0.5018241950997544,-0.13529308161709586,-0.5697410331753828,-0.5596929389642055,0.0,0.0,-0.5165833426684961,0.0,0.0,0.0,0.0,0.0,0.0,25.0,0.0,25.0,0.0,6.0,-0.40920305861926,-0.4193743925313399,23.0,517.0,-1.0691420833709941,-0.7893754957272809,-0.7402288809788602,-1.353230872056724,0.7334064069630198,-7.35124724220485,0.18110562255984503,0.06723049305114594,-8.812933695469892,-0.3817499581152022,-4.556790821850729,0.9957225985657356,0
435077,0.9166145,0.45373297,0.06999999999999999,0.009434629620313228,0.06649457283114502,1.7626149153932098,4.0,-0.5814475709477184,-1.0159706229343448,-0.007802751515537635,3.0,-0.23526443085018692,3.0,0.4334236289020859,0.36730802745090235,1.3170789187170722,-0.09586174327020533,-0.08165298231141141,-0.041924361615101505,-0.05884608993400645,-0.21590894465492322,-0.06985329017481715,-0.045079441638748774,-0.06707695356884359,-0.14537271051899206,-0.07474950834792911,-0.10223570176409122,-0.05381063863440407,-0.2244399023545033,-0.14395239639287086,0.6266656407337132,0.6360975593761208,0.5583953383132491,-0.00535048327552787,0.0012110170612346588,0.01174469396416508,0.016330821883668127,-0.00040734996168817895,0.537952190221621,0.6105695371728922,0.0001597962028136217,-0.01401662856231869,0.009762446363934689,-0.003907477125075496,2.0,1.0,1.0,1.0,1.0,1.0,1.0,1.0,1.0,-0.5788973800942642,-0.3944846353276229,-0.35058586735536884,-0.3760448503406005,-0.5439308178971909,-0.5565390213396009,-0.3918651274939469,-0.3821952036598985,-0.5861648446305802,0.0,-0.5251292957229207,-0.39582720305688796,0.0,0.0,-0.5538321552348382,-0.2978751551289871,-0.557678712320619,-0.5485025058026936,0.0,0.0,-0.4031426657311556,0.0,0.0,0.0,0.0,0.0,0.0,15.0,3.0,25.0,0.0,6.0,-0.36969324133994835,-0.3909586879469404,23.0,517.0,-1.5830460959643655,1.204577890866254,-0.26364606283841907,-2.4203225281927607,2.0488304361230973,-8.11629441812769,0.11504098948128531,0.502335557761932,-6.578711366246517,2.4650552390831533,0.5001855625789732,-0.7301877522443958,True,True,1.7626149153932098,4.0,-0.5814475709477184,-1.0159706229343448,-0.007802751515537635,3.0,-0.23526443085018692,3.0,0.4334236289020859,0.36730802745090235,1.3170789187170722,-0.09586174327020533,-0.08165298231141141,-0.041924361615101505,-0.05884608993400645,-0.21590894465492322,-0.06985329017481715,-0.045079441638748774,-0.06707695356884359,-0.14537271051899206,-0.07474950834792911,-0.10223570176409122,-0.05381063863440407,-0.2244399023545033,-0.14395239639287086,0.6266656407337132,0.6360975593761208,0.5583953383132491,-0.00535048327552787,0.0012110170612346588,0.01174469396416508,0.016330821883668127,-0.00040734996168817895,0.537952190221621,0.6105695371728922,0.0001597962028136217,-0.01401662856231869,0.009762446363934689,-0.003907477125075496,2.0,1.0,1.0,1.0,1.0,1.0,1.0,1.0,1.0,-0.5788973800942642,-0.3944846353276229,-0.35058586735536884,-0.3760448503406005,-0.5439308178971909,-0.5565390213396009,-0.3918651274939469,-0.3821952036598985,-0.5861648446305802,0.0,-0.5251292957229207,-0.39582720305688796,0.0,0.0,-0.5538321552348382,-0.2978751551289871,-0.557678712320619,-0.5485025058026936,0.0,0.0,-0.4031426657311556,0.0,0.0,0.0,0.0,0.0,0.0,15.0,3.0,25.0,0.0,6.0,-0.36969324133994835,-0.3909586879469404,23.0,517.0,-1.5830460959643655,1.204577890866254,-0.26364606283841907,-2.4203225281927607,2.0488304361230973,-8.11629441812769,0.11504098948128531,0.502335557761932,-6.578711366246517,2.4650552390831533,0.5001855625789732,-0.7301877522443958,0
426071,0.5844476,0.37588266,0.01,0.0025521382703821843,0.019980562558408434,0.4641027113637205,4.0,1.2591211198208034,0.7591924568360845,-0.00926448394679822,3.0,-0.8207666359943646,2.0,-0.04184184586359765,0.35831171503360815,-0.7570574785816236,-0.09862818422469499,-0.09484109627139883,-0.035559609631554676,-0.06290415353782514,-0.2162110654600132,-0.11588478056242885,-0.045381356512087814,-0.052364549116173685,-0.21046497296506506,-0.06062745211006347,-0.09866527962679165,-0.04731995194230834,-0.24380204578973022,-0.14640380756794724,0.6107471235913845,0.0013263376739388807,0.002377039753625187,0.5318350144611658,-0.0017876366606942914,-0.004394019625151499,0.0034958204621725972,0.0014548447960108558,0.8250622517880343,0.5982395452160473,-0.0010187002769432925,-0.0023311489777243424,-0.0004732760925168322,0.5335959760655166,2.0,2.0,2.0,1.0,2.0,1.0,1.0,1.0,2.0,-0.5738891929109203,-0.3859027936208186,-0.35945233208820565,-0.3543882010024248,-0.5583598376061288,-0.5559628101852022,-0.3795209678000257,-0.38176688298184464,-0.5656470526595276,0.0,-0.5269224372577653,-0.3967384700266277,0.0,0.0,-0.5576285057712299,-0.2912687308230171,-0.5550309810444948,-0.5579415184703292,0.0,0.0,-0.39173610354444804,0.0,0.0,0.0,0.0,0.0,0.0,15.0,3.0,25.0,0.0,6.0,-0.3691207657323064,-0.37591129965472087,23.0,517.0,0.4608402076204637,0.6774272154489888,-0.27105894401359615,-7.531024203368516,-0.008705478556423583,-0.59944827252747,0.2619408508999874,-0.13766027823094218,2.193136582078366,-0.14091343628658531,1.175966116553054,-0.71976196637737,True,True,0.4641027113637205,4.0,1.2591211198208034,0.7591924568360845,-0.00926448394679822,3.0,-0.8207666359943646,2.0,-0.04184184586359765,0.35831171503360815,-0.7570574785816236,-0.09862818422469499,-0.09484109627139883,-0.035559609631554676,-0.06290415353782514,-0.2162110654600132,-0.11588478056242885,-0.045381356512087814,-0.052364549116173685,-0.21046497296506506,-0.06062745211006347,-0.09866527962679165,-0.04731995194230834,-0.24380204578973022,-0.14640380756794724,0.6107471235913845,0.0013263376739388807,0.002377039753625187,0.5318350144611658,-0.0017876366606942914,-0.004394019625151499,0.0034958204621725972,0.0014548447960108558,0.8250622517880343,0.5982395452160473,-0.0010187002769432925,-0.0023311489777243424,-0.0004732760925168322,0.5335959760655166,2.0,2.0,2.0,1.0,2.0,1.0,1.0,1.0,2.0,-0.5738891929109203,-0.3859027936208186,-0.35945233208820565,-0.3543882010024248,-0.5583598376061288,-0.5559628101852022,-0.3795209678000257,-0.38176688298184464,-0.5656470526595276,0.0,-0.5269224372577653,-0.3967384700266277,0.0,0.0,-0.5576285057712299,-0.2912687308230171,-0.5550309810444948,-0.5579415184703292,0.0,0.0,-0.39173610354444804,0.0,0.0,0.0,0.0,0.0,0.0,15.0,3.0,25.0,0.0,6.0,-0.3691207657323064,-0.37591129965472087,23.0,517.0,0.4608402076204637,0.6774272154489888,-0.27105894401359615,-7.531024203368516,-0.008705478556423583,-0.59944827252747,0.2619408508999874,-0.13766027823094218,2.193136582078366,-0.14091343628658531,1.175966116553054,-0.71976196637737,0
171975,0.99929523,0.42756152,0.26,0.19338051145240298,1.6339715858402029,-0.3252991430941336,0.0,-0.21112567148699762,-1.1182603498762111,0.18097641653181368,4.0,-0.43730957278411303,3.0,-2.5595310056160083,-2.844584822089887,-0.7250949237747403,1.223068290801261,1.3840105204796047,0.00970713952811015,0.44691367931679155,0.02008400770288124,0.15327120247587192,0.522803324356978,0.6991243654557392,-0.4256988213718733,0.2643398348212044,0.8923734355409018,1.06751794644132,0.14475988413400032,0.3155985275805451,0.6170663547100986,-0.25975407892696095,0.9289632099828821,0.8005983470488626,0.518969655214068,0.47875499852306164,0.3943911605031277,1.2520436331147142,0.6186618668831143,0.23700820257433988,0.6516434405229083,0.35889594677832803,0.3827634028359174,0.5400570446612168,0.0,0.0,0.0,1.0,0.0,0.0,0.0,0.0,0.0,1.8384779829916937,0.28584730128450914,-0.4554691234853261,-0.40779373220145565,2.088743861984841,1.5084008334831576,2.7305543230291587,2.8011762572421715,1.4996570186959517,2.0,2.2370818083332833,-0.5026278042413576,2.0,2.0,2.184263811047633,-0.33933147636952243,1.3281370115148161,1.6032157071542499,1.0,1.0,-0.6258865350686862,0.0,1.0,1.0,2.0,1.0,1.0,15.0,3.0,15.0,3.0,6.0,-0.4907635719230369,-0.18187722715665894,25.0,1090.0,0.9444831167152065,0.5760532675685347,-0.8830940394455076,9.764526516918,-2.720753300092479,16.10354903727664,-0.8392864338301624,0.1975995669882417,-1.9490929857576793,-0.06418533386102793,0.3764336591044543,-0.8406744391000471,True,True,-0.3252991430941336,0.0,-0.21112567148699762,-1.1182603498762111,0.18097641653181368,4.0,-0.43730957278411303,3.0,-2.5595310056160083,-2.844584822089887,-0.7250949237747403,1.223068290801261,1.3840105204796047,0.00970713952811015,0.44691367931679155,0.02008400770288124,0.15327120247587192,0.522803324356978,0.6991243654557392,-0.4256988213718733,0.2643398348212044,0.8923734355409018,1.06751794644132,0.14475988413400032,0.3155985275805451,0.6170663547100986,-0.25975407892696095,0.9289632099828821,0.8005983470488626,0.518969655214068,0.47875499852306164,0.3943911605031277,1.2520436331147142,0.6186618668831143,0.23700820257433988,0.6516434405229083,0.35889594677832803,0.3827634028359174,0.5400570446612168,0.0,0.0,0.0,1.0,0.0,0.0,0.0,0.0,0.0,1.8384779829916937,0.28584730128450914,-0.4554691234853261,-0.40779373220145565,2.088743861984841,1.5084008334831576,2.7305543230291587,2.8011762572421715,1.4996570186959517,2.0,2.2370818083332833,-0.5026278042413576,2.0,2.0,2.184263811047633,-0.33933147636952243,1.3281370115148161,1.6032157071542499,1.0,1.0,-0.6258865350686862,0.0,1.0,1.0,2.0,1.0,1.0,15.0,3.0,15.0,3.0,6.0,-0.4907635719230369,-0.18187722715665894,25.0,1090.0,0.9444831167152065,0.5760532675685347,-0.8830940394455076,9.764526516918,-2.720753300092479,16.10354903727664,-0.8392864338301624,0.1975995669882417,-1.9490929857576793,-0.06418533386102793,0.3764336591044543,-0.8406744391000471,0
67105,0.9150383,0.3214799,0.14,0.03356392623053241,0.2863209332249917,-0.6494921623237435,0.0,1.2467926206409568,-0.6246296934660409,0.5944894389527374,4.0,-0.4831614321838264,3.0,-2.7397751148513394,-2.793895400163192,-0.7010985765052675,0.8540994889554432,2.0896963326953086,0.003260337674876268,0.9670459347556936,-0.23216621250719435,0.8861727865732345,1.1025131565185333,0.6387882394171726,-0.23051972057185371,0.829211920345008,1.1847135415671108,1.4135438616008917,1.0509283228652073,0.5407364203951768,0.5931187611775192,0.009520519257583545,0.5442056228083367,0.6457027871610443,0.5797641357712467,0.6522765413555695,0.35290306689132794,1.070959736516827,0.5707424151879699,0.027158922981294915,0.688867935438684,0.5755045547255181,0.5293687062827532,0.6008859506043067,0.0,0.0,0.0,3.0,0.0,0.0,0.0,0.0,0.0,1.7320740969867991,1.1710182602822425,2.7526153470792893,2.773812223149537,1.7840659277919066,1.7601539510167146,2.6145170639250765,2.6430819756619512,1.819727262096214,2.0,1.9053736295594534,-0.34281687474346895,1.0,1.0,1.7843151889671496,-0.30193112429397484,1.4341813759333686,1.946154235290253,1.0,1.0,-0.43058411260543905,0.0,1.0,1.0,2.0,2.0,1.0,17.0,3.0,17.0,3.0,6.0,-0.36429820906436194,-0.383008658292025,4.0,517.0,-1.6015350324972555,0.6659339714887262,1.7255497091120746,9.78008458753403,-2.470446703250509,16.226787422562698,-0.8537298240690355,0.10517754743130595,-2.2218938534990653,0.21607195652341063,0.9996002031767931,0.15595276246073275,True,True,-0.6494921623237435,0.0,1.2467926206409568,-0.6246296934660409,0.5944894389527374,4.0,-0.4831614321838264,3.0,-2.7397751148513394,-2.793895400163192,-0.7010985765052675,0.8540994889554432,2.0896963326953086,0.003260337674876268,0.9670459347556936,-0.23216621250719435,0.8861727865732345,1.1025131565185333,0.6387882394171726,-0.23051972057185371,0.829211920345008,1.1847135415671108,1.4135438616008917,1.0509283228652073,0.5407364203951768,0.5931187611775192,0.009520519257583545,0.5442056228083367,0.6457027871610443,0.5797641357712467,0.6522765413555695,0.35290306689132794,1.070959736516827,0.5707424151879699,0.027158922981294915,0.688867935438684,0.5755045547255181,0.5293687062827532,0.6008859506043067,0.0,0.0,0.0,3.0,0.0,0.0,0.0,0.0,0.0,1.7320740969867991,1.1710182602822425,2.7526153470792893,2.773812223149537,1.7840659277919066,1.7601539510167146,2.6145170639250765,2.6430819756619512,1.819727262096214,2.0,1.9053736295594534,-0.34281687474346895,1.0,1.0,1.7843151889671496,-0.30193112429397484,1.4341813759333686,1.946154235290253,1.0,1.0,-0.43058411260543905,0.0,1.0,1.0,2.0,2.0,1.0,17.0,3.0,17.0,3.0,6.0,-0.36429820906436194,-0.383008658292025,4.0,517.0,-1.6015350324972555,0.6659339714887262,1.7255497091120746,9.78008458753403,-2.470446703250509,16.226787422562698,-0.8537298240690355,0.10517754743130595,-2.2218938534990653,0.21607195652341063,0.9996002031767931,0.15595276246073275,0
369217,0.90570766,0.17006582,0.09,0.013888290969627364,0.12001165330963608,-0.358495495378145,4.0,-0.47509829561765615,0.6326545677743629,-0.010140603699162032,4.0,0.3021269751635386,3.0,0.26605526157980325,0.36936654714185396,0.941324931230185,-0.041254796764895824,-0.02449924040219579,-0.06930796262626468,-0.06951960709273851,0.298238956624624,-0.047136234658049087,-0.06855467605077174,-0.06319757490571618,0.03206663394048507,-0.05484712890237708,-0.030115813657415908,-0.04363236559520581,0.2857334698513401,0.013455499699872428,0.78992431077227,0.7975601731056123,0.5676597300099011,0.009747366228041858,0.01100737902845832,-0.001495315703668734,0.013051150205435326,0.006482185498518871,0.6319636012654414,0.7448515647724833,0.025194220093842035,0.0007372714770776193,-0.015500201647782466,0.6583115652451035,2.0,2.0,2.0,0.0,0.0,1.0,1.0,1.0,2.0,-0.5915241971177565,-0.37614933145538443,-0.35690941497238493,-0.3368673025476805,-0.5663747863033314,-0.5755343598663645,-0.37017700324341235,-0.40307782012892324,-0.5696066885378533,0.0,-0.5083322905840845,-0.38297978680666106,0.0,0.0,-0.5440648334332299,-0.26904395985967783,-0.5546129667148031,-0.5521427990067971,0.0,0.0,-0.40148587253827583,0.0,0.0,0.0,0.0,0.0,0.0,25.0,0.0,25.0,0.0,6.0,-0.34845875119902747,-0.36219976732491965,23.0,517.0,-1.5844316311222257,0.00924902680097174,-0.5255735377654103,-5.884714442402497,0.7055755473866987,-4.178196865343784,0.24329809063049854,0.401482618317962,-5.4010687720798165,1.4794592994284763,3.715964365381752,-1.0896397251445382,True,True,-0.358495495378145,4.0,-0.47509829561765615,0.6326545677743629,-0.010140603699162032,4.0,0.3021269751635386,3.0,0.26605526157980325,0.36936654714185396,0.941324931230185,-0.041254796764895824,-0.02449924040219579,-0.06930796262626468,-0.06951960709273851,0.298238956624624,-0.047136234658049087,-0.06855467605077174,-0.06319757490571618,0.03206663394048507,-0.05484712890237708,-0.030115813657415908,-0.04363236559520581,0.2857334698513401,0.013455499699872428,0.78992431077227,0.7975601731056123,0.5676597300099011,0.009747366228041858,0.01100737902845832,-0.001495315703668734,0.013051150205435326,0.006482185498518871,0.6319636012654414,0.7448515647724833,0.025194220093842035,0.0007372714770776193,-0.015500201647782466,0.6583115652451035,2.0,2.0,2.0,0.0,0.0,1.0,1.0,1.0,2.0,-0.5915241971177565,-0.37614933145538443,-0.35690941497238493,-0.3368673025476805,-0.5663747863033314,-0.5755343598663645,-0.37017700324341235,-0.40307782012892324,-0.5696066885378533,0.0,-0.5083322905840845,-0.38297978680666106,0.0,0.0,-0.5440648334332299,-0.26904395985967783,-0.5546129667148031,-0.5521427990067971,0.0,0.0,-0.40148587253827583,0.0,0.0,0.0,0.0,0.0,0.0,25.0,0.0,25.0,0.0,6.0,-0.34845875119902747,-0.36219976732491965,23.0,517.0,-1.5844316311222257,0.00924902680097174,-0.5255735377654103,-5.884714442402497,0.7055755473866987,-4.178196865343784,0.24329809063049854,0.401482618317962,-5.4010687720798165,1.4794592994284763,3.715964365381752,-1.0896397251445382,0
526407,0.9911965,0.017251765,0.13,0.028378895023486856,0.23328686765019763,-0.7843527826184149,0.0,1.2302413457557613,-0.608810509837277,0.6180443084568739,4.0,-0.4493862842568134,3.0,-2.692622810419248,-2.7877123961804466,-0.7609195091849126,-0.10488236353010205,-0.07408618054207529,-0.07055253850891466,-0.06884958339079517,-0.2550709062816623,-0.10221982268642162,-0.03932913256330635,0.0005016366172246531,-0.30795938911591564,-0.03288864087190786,-0.06713247423803512,-0.0431847815196998,-0.23576658385382324,-0.14488880201099882,0.6550325835572137,0.07999696241815817,0.031398877635878876,0.5550736299192324,0.555161973285328,0.511629217566501,0.3939820025033949,1.0270408534184106,0.5273734278531196,0.01622533866229172,0.5829124575331546,0.5494059263391784,0.543937484428838,0.5170240984373426,0.0,0.0,0.0,1.0,0.0,0.0,0.0,0.0,0.0,1.7035750462148795,0.18861276166026822,2.758736734860035,2.8024362466929538,1.7461049360824763,1.8098217965543397,2.580014798942011,2.6210603024719177,1.7966676976368094,2.0,1.883433956790004,-0.4255853342849908,1.0,1.0,1.7854715854631595,-0.28596526649446075,1.5999406275297285,2.083544604289588,1.0,1.0,-0.43531658283351676,0.0,1.0,1.0,2.0,1.0,1.0,15.0,3.0,15.0,3.0,6.0,-0.4017102672907717,-0.41744694303705493,4.0,1090.0,1.4897017934764574,-1.6691230780295907,-0.03018223731815043,9.607815848477747,-2.64800110834966,15.935569368630288,-0.5917614604359631,-0.09038639466929746,-2.1369867947877488,0.12224092784726644,0.5888316939219977,-0.5112410458809007,True,True,-0.7843527826184149,0.0,1.2302413457557613,-0.608810509837277,0.6180443084568739,4.0,-0.4493862842568134,3.0,-2.692622810419248,-2.7877123961804466,-0.7609195091849126,-0.10488236353010205,-0.07408618054207529,-0.07055253850891466,-0.06884958339079517,-0.2550709062816623,-0.10221982268642162,-0.03932913256330635,0.0005016366172246531,-0.30795938911591564,-0.03288864087190786,-0.06713247423803512,-0.0431847815196998,-0.23576658385382324,-0.14488880201099882,0.6550325835572137,0.07999696241815817,0.031398877635878876,0.5550736299192324,0.555161973285328,0.511629217566501,0.3939820025033949,1.0270408534184106,0.5273734278531196,0.01622533866229172,0.5829124575331546,0.5494059263391784,0.543937484428838,0.5170240984373426,0.0,0.0,0.0,1.0,0.0,0.0,0.0,0.0,0.0,1.7035750462148795,0.18861276166026822,2.758736734860035,2.8024362466929538,1.7461049360824763,1.8098217965543397,2.580014798942011,2.6210603024719177,1.7966676976368094,2.0,1.883433956790004,-0.4255853342849908,1.0,1.0,1.7854715854631595,-0.28596526649446075,1.5999406275297285,2.083544604289588,1.0,1.0,-0.43531658283351676,0.0,1.0,1.0,2.0,1.0,1.0,15.0,3.0,15.0,3.0,6.0,-0.4017102672907717,-0.41744694303705493,4.0,1090.0,1.4897017934764574,-1.6691230780295907,-0.03018223731815043,9.607815848477747,-2.64800110834966,15.935569368630288,-0.5917614604359631,-0.09038639466929746,-2.1369867947877488,0.12224092784726644,0.5888316939219977,-0.5112410458809007,0
211541,0.5349352,0.2618894,0.02,0.0032300924127905565,0.025552467655323288,0.15541707453749917,1.0,1.5324662002647271,-0.7379830601773808,-0.00544326860689942,4.0,0.3204236543379241,3.0,-0.054209633826316606,0.3597684362368012,-0.7485206344267474,-0.09291331006587895,-0.08381457595951099,-0.034704875628804706,-0.0458845811568428,-0.21896755069991675,-0.11707348442317872,-0.04557626525183161,-0.04518966802226683,-0.26853638666894664,-0.04646319707586688,-0.09037867713668836,-0.046987496147131456,-0.25265919150106714,-0.1460721547329496,0.6024179739622975,0.003757234065640314,0.0022500911523287187,0.004835528945342793,-0.00873086140179068,-0.00474065957697075,0.3691599607042814,1.001483976822147,0.0038833564639037784,-0.0018406080392933024,0.0008015079750817204,0.0012968958570689902,-0.0008247569050721999,0.0011323232746558575,0.0,0.0,0.0,0.0,0.0,0.0,0.0,0.0,0.0,1.7659639632572466,2.498417790877896,2.7956050999542352,2.792821899998715,1.8012162618647507,1.8178836066709212,2.6052619015031473,2.598674807940278,1.7684570095310768,2.0,-0.5272276283877977,2.677692240162962,1.0,1.0,1.7365025651339283,-0.2915420016084275,2.0758913084538557,1.521677968771277,1.0,1.0,2.5708677565633566,3.0,2.0,1.0,2.0,2.0,2.0,43.0,3.0,44.0,3.0,5.0,1.8637872912944637,1.9745899366734978,22.0,304.0,0.9730070236648698,0.67564652052581,-1.0171654373276036,31.26687892326671,-1.1643807553293197,-5.308708375855662,1.1283481840680758,0.07353535541458171,0.9701999740693363,-0.09450481391681811,-0.10308935111387198,-0.388788091861626,True,True,0.15541707453749917,1.0,1.5324662002647271,-0.7379830601773808,-0.00544326860689942,4.0,0.3204236543379241,3.0,-0.054209633826316606,0.3597684362368012,-0.7485206344267474,-0.09291331006587895,-0.08381457595951099,-0.034704875628804706,-0.0458845811568428,-0.21896755069991675,-0.11707348442317872,-0.04557626525183161,-0.04518966802226683,-0.26853638666894664,-0.04646319707586688,-0.09037867713668836,-0.046987496147131456,-0.25265919150106714,-0.1460721547329496,0.6024179739622975,0.003757234065640314,0.0022500911523287187,0.004835528945342793,-0.00873086140179068,-0.00474065957697075,0.3691599607042814,1.001483976822147,0.0038833564639037784,-0.0018406080392933024,0.0008015079750817204,0.0012968958570689902,-0.0008247569050721999,0.0011323232746558575,0.0,0.0,0.0,0.0,0.0,0.0,0.0,0.0,0.0,1.7659639632572466,2.498417790877896,2.7956050999542352,2.792821899998715,1.8012162618647507,1.8178836066709212,2.6052619015031473,2.598674807940278,1.7684570095310768,2.0,-0.5272276283877977,2.677692240162962,1.0,1.0,1.7365025651339283,-0.2915420016084275,2.0758913084538557,1.521677968771277,1.0,1.0,2.5708677565633566,3.0,2.0,1.0,2.0,2.0,2.0,43.0,3.0,44.0,3.0,5.0,1.8637872912944637,1.9745899366734978,22.0,304.0,0.9730070236648698,0.67564652052581,-1.0171654373276036,31.26687892326671,-1.1643807553293197,-5.308708375855662,1.1283481840680758,0.07353535541458171,0.9701999740693363,-0.09450481391681811,-0.10308935111387198,-0.388788091861626,0
512973,0.9426193,0.1574464,0.01,0.0025521382703821843,0.020812686437426963,-0.7037935119664007,0.0,1.376232311268857,-0.7610785207383206,-0.005865445069781684,4.0,0.32309745564857106,2.0,-2.726021542391263,-2.7974491819695957,-0.7589264012912668,-0.07110644264108568,-0.059797721414950614,-0.034494474842394734,-0.017779020800471404,-0.21431988812373132,-0.08598500986461646,0.002167174011433202,-0.03411813871811777,-0.2642340408236679,-0.018300398512698976,-0.09032541156441741,-0.0259608261049076,-0.23913293015228454,-0.1280305695600301,0.608793258369255,0.0018779534408526022,0.0008467766756882149,0.5449363979008728,0.5446724535609311,0.5484963692154984,0.3795433213673107,1.003775662866154,0.5344221487262025,-0.002832295744471776,0.6227434573138051,0.5580903354846479,0.5327906332515516,0.5455777314644076,0.0,0.0,0.0,3.0,0.0,0.0,0.0,0.0,0.0,1.6040077244645785,0.34303531339893567,2.789845383283274,2.7858946879540505,1.798105503376529,1.816978744465122,2.603184665137656,2.606226931671249,1.7678475719936386,2.0,1.9000948710658374,-0.3929275321669133,1.0,1.0,1.8532806654471559,-0.2934613601411857,1.617225026360944,1.3086884356362407,1.0,1.0,-0.3957856838864687,0.0,1.0,1.0,2.0,1.0,1.0,15.0,3.0,15.0,3.0,6.0,-0.36823307023281127,-0.3739504111646078,4.0,1090.0,-1.0677317891368887,0.2872553706364051,-0.020469187288879555,9.623023846195569,-2.6510899407082453,15.964221668886061,-0.5982830947471068,-0.12315849062430749,-2.186865355385114,0.137176172083926,0.5629247395156001,-0.6151202748314211,True,True,-0.7037935119664007,0.0,1.376232311268857,-0.7610785207383206,-0.005865445069781684,4.0,0.32309745564857106,2.0,-2.726021542391263,-2.7974491819695957,-0.7589264012912668,-0.07110644264108568,-0.059797721414950614,-0.034494474842394734,-0.017779020800471404,-0.21431988812373132,-0.08598500986461646,0.002167174011433202,-0.03411813871811777,-0.2642340408236679,-0.018300398512698976,-0.09032541156441741,-0.0259608261049076,-0.23913293015228454,-0.1280305695600301,0.608793258369255,0.0018779534408526022,0.0008467766756882149,0.5449363979008728,0.5446724535609311,0.5484963692154984,0.3795433213673107,1.003775662866154,0.5344221487262025,-0.002832295744471776,0.6227434573138051,0.5580903354846479,0.5327906332515516,0.5455777314644076,0.0,0.0,0.0,3.0,0.0,0.0,0.0,0.0,0.0,1.6040077244645785,0.34303531339893567,2.789845383283274,2.7858946879540505,1.798105503376529,1.816978744465122,2.603184665137656,2.606226931671249,1.7678475719936386,2.0,1.9000948710658374,-0.3929275321669133,1.0,1.0,1.8532806654471559,-0.2934613601411857,1.617225026360944,1.3086884356362407,1.0,1.0,-0.3957856838864687,0.0,1.0,1.0,2.0,1.0,1.0,15.0,3.0,15.0,3.0,6.0,-0.36823307023281127,-0.3739504111646078,4.0,1090.0,-1.0677317891368887,0.2872553706364051,-0.020469187288879555,9.623023846195569,-2.6510899407082453,15.964221668886061,-0.5982830947471068,-0.12315849062430749,-2.186865355385114,0.137176172083926,0.5629247395156001,-0.6151202748314211,0
392973,0.99037045,0.3557611,0.12,0.02389616287845446,0.18055753024265767,-0.698428501143905,0.0,0.03179243678630867,-0.8757923221668666,0.5538676959081462,4.0,-0.4859012723142949,3.0,-2.7810650720981367,-2.8019230629492964,-0.7717852437841496,-0.013546723466450084,-0.08481981528112702,-0.026123486409591848,-0.03793178797204146,-0.2316613066198199,-0.13702874152913808,-0.020516110810490533,0.007640917129447077,-0.2954026355583309,-0.05518900083050433,-0.1138841869346311,-0.02948290691713385,-0.2459312935741036,-0.1138117391864381,0.6145104518936004,0.030208369642158582,0.516263522244282,0.6132869718035892,0.5325243774987604,0.6796888974489389,-0.0021864907672503268,-0.0346420196861111,0.5456624953146422,0.01662425087549112,0.7458528062581807,0.5668542036623611,0.5423556024964218,0.538870403203343,0.0,0.0,0.0,3.0,0.0,0.0,0.0,0.0,0.0,1.7303822407811777,1.4494439496373768,-0.37291814902545606,-0.36329184301048356,1.8044918012023428,1.8169622267629284,-0.42706776256779966,-0.38514072330218724,1.7839079943980136,2.0,1.9258415586465378,-0.38054281550873864,3.0,0.0,1.8369892831630485,-0.29462734067114826,1.591574541328913,1.648901416172102,2.0,2.0,-0.4054283754635039,0.0,1.0,1.0,1.0,1.0,2.0,15.0,3.0,15.0,3.0,6.0,-0.3979084225060729,-0.34232334999414354,4.0,509.0,-1.0374854666391515,0.44715796302411903,-0.4940744069032442,9.99401866100402,-2.431937884614569,16.403996082552073,-0.6533232522882874,0.2249870003721367,-2.25484462407829,0.29915433478856673,1.2231641869681216,0.5469867144698924,True,True,-0.698428501143905,0.0,0.03179243678630867,-0.8757923221668666,0.5538676959081462,4.0,-0.4859012723142949,3.0,-2.7810650720981367,-2.8019230629492964,-0.7717852437841496,-0.013546723466450084,-0.08481981528112702,-0.026123486409591848,-0.03793178797204146,-0.2316613066198199,-0.13702874152913808,-0.020516110810490533,0.007640917129447077,-0.2954026355583309,-0.05518900083050433,-0.1138841869346311,-0.02948290691713385,-0.2459312935741036,-0.1138117391864381,0.6145104518936004,0.030208369642158582,0.516263522244282,0.6132869718035892,0.5325243774987604,0.6796888974489389,-0.0021864907672503268,-0.0346420196861111,0.5456624953146422,0.01662425087549112,0.7458528062581807,0.5668542036623611,0.5423556024964218,0.538870403203343,0.0,0.0,0.0,3.0,0.0,0.0,0.0,0.0,0.0,1.7303822407811777,1.4494439496373768,-0.37291814902545606,-0.36329184301048356,1.8044918012023428,1.8169622267629284,-0.42706776256779966,-0.38514072330218724,1.7839079943980136,2.0,1.9258415586465378,-0.38054281550873864,3.0,0.0,1.8369892831630485,-0.29462734067114826,1.591574541328913,1.648901416172102,2.0,2.0,-0.4054283754635039,0.0,1.0,1.0,1.0,1.0,2.0,15.0,3.0,15.0,3.0,6.0,-0.3979084225060729,-0.34232334999414354,4.0,509.0,-1.0374854666391515,0.44715796302411903,-0.4940744069032442,9.99401866100402,-2.431937884614569,16.403996082552073,-0.6533232522882874,0.2249870003721367,-2.25484462407829,0.29915433478856673,1.2231641869681216,0.5469867144698924,0
70939,0.9401813,0.46801233,0.08,0.011477469205752985,0.09650807616764133,-0.1172327668684779,3.0,0.2871790717139148,0.2524597195772204,0.00915860377749388,1.0,-0.4091751634894143,2.0,0.4350629791058572,0.3458506386236314,-0.7528956993802172,-0.11540931059182544,-0.08884207555637855,-0.028534062707074696,-0.011430920439087291,-0.21672593193612086,-0.1415949544184489,-0.03858917790507037,-0.023529387387200718,-0.27253611915891457,0.00707095158938412,-0.10071701056518706,-0.039173050071273356,-0.2496620712171796,-0.15623978512681536,0.6439948003726882,0.598607744854671,-0.009757834758079481,-0.003327883319685268,0.002520829096167508,-0.009548091950458387,0.37783486676539113,1.0056022513816838,0.003036205610102361,-0.0079911566242958,-0.001318737885034651,-0.004481545479993176,0.01796869702756398,0.02498288929056952,0.0,0.0,0.0,0.0,0.0,0.0,0.0,0.0,0.0,1.6523479020091199,0.6055832923881506,-0.36345773489844124,-0.35426164889217315,1.804177492513534,1.8156710468181265,2.6348000203012525,2.606013579981914,1.7637731473494034,1.0,1.844078171493691,2.645305330877757,2.0,2.0,1.725495620567005,-0.3032942745515205,1.5205062285155513,1.9913249169667138,1.0,1.0,2.574100504727095,4.0,2.0,1.0,2.0,2.0,1.0,25.0,0.0,15.0,3.0,1.0,-0.3835169047231526,-0.3846192474703107,4.0,517.0,-1.0700590920738922,0.2797239553012056,1.7291367599182825,31.304864416747666,-0.5564701413375932,-5.258293707075701,0.9559114361699964,0.5460029279841973,1.0371831002949763,0.24578209005411186,-0.08509736742922769,-0.13493245622416752,True,True,-0.1172327668684779,3.0,0.2871790717139148,0.2524597195772204,0.00915860377749388,1.0,-0.4091751634894143,2.0,0.4350629791058572,0.3458506386236314,-0.7528956993802172,-0.11540931059182544,-0.08884207555637855,-0.028534062707074696,-0.011430920439087291,-0.21672593193612086,-0.1415949544184489,-0.03858917790507037,-0.023529387387200718,-0.27253611915891457,0.00707095158938412,-0.10071701056518706,-0.039173050071273356,-0.2496620712171796,-0.15623978512681536,0.6439948003726882,0.598607744854671,-0.009757834758079481,-0.003327883319685268,0.002520829096167508,-0.009548091950458387,0.37783486676539113,1.0056022513816838,0.003036205610102361,-0.0079911566242958,-0.001318737885034651,-0.004481545479993176,0.01796869702756398,0.02498288929056952,0.0,0.0,0.0,0.0,0.0,0.0,0.0,0.0,0.0,1.6523479020091199,0.6055832923881506,-0.36345773489844124,-0.35426164889217315,1.804177492513534,1.8156710468181265,2.6348000203012525,2.606013579981914,1.7637731473494034,1.0,1.844078171493691,2.645305330877757,2.0,2.0,1.725495620567005,-0.3032942745515205,1.5205062285155513,1.9913249169667138,1.0,1.0,2.574100504727095,4.0,2.0,1.0,2.0,2.0,1.0,25.0,0.0,15.0,3.0,1.0,-0.3835169047231526,-0.3846192474703107,4.0,517.0,-1.0700590920738922,0.2797239553012056,1.7291367599182825,31.304864416747666,-0.5564701413375932,-5.258293707075701,0.9559114361699964,0.5460029279841973,1.0371831002949763,0.24578209005411186,-0.08509736742922769,-0.13493245622416752,0
80572,0.9850507,0.227871,0.17,0.05427181375432048,0.4546472149967155,-0.3646614730576599,0.0,-0.35874474923202426,-0.8047774893071482,-0.1011208094935542,4.0,0.2947635712603677,3.0,-2.7051037187096876,-2.848719107873794,-0.8067674795664946,8.472454286910828,6.466619941027697,-0.17587646867632947,2.9028045338274406,-0.21792367799752435,2.790905923776611,3.1967325818641936,5.041483084837441,-0.20622114001408856,2.851928725738456,4.2678645859845705,4.721167981393933,1.558079213756744,1.9999981402727014,0.6924700805106376,0.06250278194633614,0.08720375879683896,0.6073456615117631,0.4912971497313623,0.5366064463236945,0.33154516828984576,1.083617719208612,0.5638774862872545,0.0488369238219745,0.6358152204057709,0.5924658926405263,0.45471186464541674,0.5108003533922056,0.0,0.0,0.0,3.0,0.0,0.0,0.0,0.0,0.0,1.6427411122440994,-0.10189955457525478,2.8794199750070413,2.7893857350278446,1.8381479701306724,1.9021734958333911,2.5455977548538233,2.571776607870069,1.7900256253873497,2.0,1.9355633802203245,-0.36548971204673647,1.0,1.0,1.9150533951582815,-0.4142457407473841,1.5988442371528826,1.6558673626200602,1.0,1.0,-0.36417466537878995,0.0,1.0,1.0,2.0,2.0,1.0,15.0,3.0,15.0,3.0,6.0,-0.3295837162449903,-0.38368920931224304,4.0,1090.0,-0.09347568754022663,-1.1276932852474038,1.7241192358753488,9.568126587152635,-2.6380791701481354,15.890122806914329,-0.5385855452744966,-0.14592612828804397,-2.2308916911742673,0.1686306405781816,0.5957238142582841,-0.475863038131485,True,True,-0.3646614730576599,0.0,-0.35874474923202426,-0.8047774893071482,-0.1011208094935542,4.0,0.2947635712603677,3.0,-2.7051037187096876,-2.848719107873794,-0.8067674795664946,8.472454286910828,6.466619941027697,-0.17587646867632947,2.9028045338274406,-0.21792367799752435,2.790905923776611,3.1967325818641936,5.041483084837441,-0.20622114001408856,2.851928725738456,4.2678645859845705,4.721167981393933,1.558079213756744,1.9999981402727014,0.6924700805106376,0.06250278194633614,0.08720375879683896,0.6073456615117631,0.4912971497313623,0.5366064463236945,0.33154516828984576,1.083617719208612,0.5638774862872545,0.0488369238219745,0.6358152204057709,0.5924658926405263,0.45471186464541674,0.5108003533922056,0.0,0.0,0.0,3.0,0.0,0.0,0.0,0.0,0.0,1.6427411122440994,-0.10189955457525478,2.8794199750070413,2.7893857350278446,1.8381479701306724,1.9021734958333911,2.5455977548538233,2.571776607870069,1.7900256253873497,2.0,1.9355633802203245,-0.36548971204673647,1.0,1.0,1.9150533951582815,-0.4142457407473841,1.5988442371528826,1.6558673626200602,1.0,1.0,-0.36417466537878995,0.0,1.0,1.0,2.0,2.0,1.0,15.0,3.0,15.0,3.0,6.0,-0.3295837162449903,-0.38368920931224304,4.0,1090.0,-0.09347568754022663,-1.1276932852474038,1.7241192358753488,9.568126587152635,-2.6380791701481354,15.890122806914329,-0.5385855452744966,-0.14592612828804397,-2.2308916911742673,0.1686306405781816,0.5957238142582841,-0.475863038131485,0
577618,0.9872207,0.4182435,0.21000000000000002,0.0982356594956918,0.793468518795051,-0.8360696309046907,0.0,1.4204959838747409,-0.14532395821255778,0.6675183950367611,4.0,0.21307806185825545,2.0,-2.8745563256897775,-2.7917715658888085,-0.7725092346356521,0.127949043290054,0.1713864545203875,0.04002472585406998,0.1982880220866641,-0.11187667156254322,0.21520073854063604,0.15247292384370337,-0.1320752638518494,-0.21049912081330902,0.2086809396121837,0.055469829673396434,-0.12089329635123638,-0.18839263652696148,-0.05658412335945437,0.5866015295295793,0.12688465004960117,0.3972616242776361,0.392838669322035,-0.043456515983178554,0.6340003973195965,0.3514948984085687,1.0603774889353879,0.49960505975063113,0.022385696566666138,0.47908953925062037,0.7955061801966751,0.4573552080302606,0.6250684117027451,0.0,0.0,0.0,1.0,0.0,0.0,0.0,0.0,0.0,1.6901389646773801,1.19486155030709,2.7435218829600116,2.724665120595828,1.7705928371649506,1.77005134913739,2.537198320996254,2.461899321627801,1.7436680978787533,2.0,1.8539147143265184,-0.578218016457561,1.0,1.0,1.813670528408779,-0.1888137679809579,1.7929212968317267,1.976077653670815,1.0,1.0,-0.4619720241771205,0.0,1.0,1.0,2.0,1.0,1.0,1.0,3.0,1.0,3.0,6.0,-0.3685953338151096,-0.4435317034215563,4.0,1090.0,-0.0912815746346314,1.2823817276852651,-0.20319818502487208,9.568565089904505,-2.561396075337349,15.871983016228308,-0.6431699569550559,0.07154687827113562,-2.235632026234406,-0.11093117424852417,0.5069726250733315,-0.5814413523213892,True,True,-0.8360696309046907,0.0,1.4204959838747409,-0.14532395821255778,0.6675183950367611,4.0,0.21307806185825545,2.0,-2.8745563256897775,-2.7917715658888085,-0.7725092346356521,0.127949043290054,0.1713864545203875,0.04002472585406998,0.1982880220866641,-0.11187667156254322,0.21520073854063604,0.15247292384370337,-0.1320752638518494,-0.21049912081330902,0.2086809396121837,0.055469829673396434,-0.12089329635123638,-0.18839263652696148,-0.05658412335945437,0.5866015295295793,0.12688465004960117,0.3972616242776361,0.392838669322035,-0.043456515983178554,0.6340003973195965,0.3514948984085687,1.0603774889353879,0.49960505975063113,0.022385696566666138,0.47908953925062037,0.7955061801966751,0.4573552080302606,0.6250684117027451,0.0,0.0,0.0,1.0,0.0,0.0,0.0,0.0,0.0,1.6901389646773801,1.19486155030709,2.7435218829600116,2.724665120595828,1.7705928371649506,1.77005134913739,2.537198320996254,2.461899321627801,1.7436680978787533,2.0,1.8539147143265184,-0.578218016457561,1.0,1.0,1.813670528408779,-0.1888137679809579,1.7929212968317267,1.976077653670815,1.0,1.0,-0.4619720241771205,0.0,1.0,1.0,2.0,1.0,1.0,1.0,3.0,1.0,3.0,6.0,-0.3685953338151096,-0.4435317034215563,4.0,1090.0,-0.0912815746346314,1.2823817276852651,-0.20319818502487208,9.568565089904505,-2.561396075337349,15.871983016228308,-0.6431699569550559,0.07154687827113562,-2.235632026234406,-0.11093117424852417,0.5069726250733315,-0.5814413523213892,0
272694,0.9637584,0.44302684,0.13,0.028378895023486856,0.24272661013631447,-0.38186521947808,4.0,1.5628988234716452,0.6356288470982899,0.05756446127076968,4.0,0.3273967857888643,3.0,0.41305887743087144,0.40686625048963126,3.986578354459705,-0.09727336691359884,-0.09783326332723226,-0.037111085390992324,-0.08843232702114165,-0.1939700166526176,-0.08218378811919078,-0.046332610863844687,-0.01433058113540997,-0.09789439876796288,-0.05891808770786565,-0.10016235735038058,-0.09313894056889678,-0.1464422602933591,-0.1285127719473127,0.5792079903383766,0.6223129002153585,0.5073536389935368,0.5099198827423488,0.5430988049529546,-0.03356266539337567,0.033295737442999386,-0.06579153288064671,0.5428487861801717,0.8037156741948764,-0.057193905443621657,-0.0171139434406943,0.019465337638159705,0.5046744536196776,2.0,1.0,1.0,1.0,1.0,2.0,1.0,1.0,1.0,-0.593249991562905,-0.38555322905414624,-0.3821912069321505,-0.3924679280379654,-0.5432813361118893,-0.5878602148213635,-0.33565954353169064,-0.4048838629252759,-0.551192151693611,0.0,-0.4982297822544802,-0.3997364807133291,0.0,0.0,-0.5246954039521808,-0.3046894876194772,-0.5046086311336326,-0.5959994661286445,0.0,0.0,-0.3626468958285986,0.0,0.0,0.0,0.0,0.0,0.0,15.0,3.0,25.0,0.0,6.0,-0.36873295451599014,-0.3806885435879783,23.0,517.0,0.46701274974033824,0.9241043075843739,-0.7917002223337646,-7.608256205012544,0.8259217566682961,-0.6084520005461507,0.2010385912704651,0.4265276009321109,2.3666658772452296,1.528436240311156,1.0781412218859285,0.09583270677094763,True,True,-0.38186521947808,4.0,1.5628988234716452,0.6356288470982899,0.05756446127076968,4.0,0.3273967857888643,3.0,0.41305887743087144,0.40686625048963126,3.986578354459705,-0.09727336691359884,-0.09783326332723226,-0.037111085390992324,-0.08843232702114165,-0.1939700166526176,-0.08218378811919078,-0.046332610863844687,-0.01433058113540997,-0.09789439876796288,-0.05891808770786565,-0.10016235735038058,-0.09313894056889678,-0.1464422602933591,-0.1285127719473127,0.5792079903383766,0.6223129002153585,0.5073536389935368,0.5099198827423488,0.5430988049529546,-0.03356266539337567,0.033295737442999386,-0.06579153288064671,0.5428487861801717,0.8037156741948764,-0.057193905443621657,-0.0171139434406943,0.019465337638159705,0.5046744536196776,2.0,1.0,1.0,1.0,1.0,2.0,1.0,1.0,1.0,-0.593249991562905,-0.38555322905414624,-0.3821912069321505,-0.3924679280379654,-0.5432813361118893,-0.5878602148213635,-0.33565954353169064,-0.4048838629252759,-0.551192151693611,0.0,-0.4982297822544802,-0.3997364807133291,0.0,0.0,-0.5246954039521808,-0.3046894876194772,-0.5046086311336326,-0.5959994661286445,0.0,0.0,-0.3626468958285986,0.0,0.0,0.0,0.0,0.0,0.0,15.0,3.0,25.0,0.0,6.0,-0.36873295451599014,-0.3806885435879783,23.0,517.0,0.46701274974033824,0.9241043075843739,-0.7917002223337646,-7.608256205012544,0.8259217566682961,-0.6084520005461507,0.2010385912704651,0.4265276009321109,2.3666658772452296,1.528436240311156,1.0781412218859285,0.09583270677094763,0
395274,0.99817514,0.34061414,0.28,0.24919445743323487,1.7002514995272187,-0.41788487188036233,0.0,0.24183231907067257,-1.12970714670652,0.4275371550287377,4.0,-1.017967313795309,3.0,-2.9659722621330986,-2.7937840331364483,-0.8114768220345816,0.42639851934056916,0.6049414844945002,0.2035423785631405,0.3218392350846333,-0.15010275676623316,0.5887438812623695,0.5817074937302945,0.43873542505309954,0.11565291801752042,0.4743692015545382,0.6607145075495642,0.47414450143976816,-0.33872890287206137,0.1608854080210487,0.5915698380092658,0.5839330146200722,0.40511256225171743,0.9222582862675472,0.838251737318467,0.5185151556549611,-0.3806039568054539,0.29398215504898545,0.3781169890257593,-0.07358216706101973,0.38419032470186226,0.6092226735734897,0.08172640832163829,0.9075324029317025,0.0,0.0,0.0,3.0,0.0,0.0,0.0,0.0,0.0,1.7671452193480313,2.7938168224807933,-0.4486209147595554,-0.13483774099189222,1.779769930903246,1.838720498184919,-0.48693635679521696,-0.16022291981864048,1.9652299485872544,2.0,2.086384996545201,-0.029324710510938767,3.0,0.0,1.7593763542417806,3.6413105702281756,1.5179199874260594,1.8554767729227264,2.0,2.0,-0.4661866200571293,0.0,1.0,1.0,1.0,1.0,2.0,15.0,3.0,15.0,3.0,6.0,-0.28424861122159406,-0.4998687638029481,4.0,824.0,-0.3821791284274969,-1.0643505138417617,-0.2628755529199201,2.9843307535292003,-0.47733964401288853,9.796697269410142,-0.9044529328201574,0.3551239830977014,-0.9361698694697411,-0.5149315258723843,-3.1239313381012486,-1.684923333399722,True,True,-0.41788487188036233,0.0,0.24183231907067257,-1.12970714670652,0.4275371550287377,4.0,-1.017967313795309,3.0,-2.9659722621330986,-2.7937840331364483,-0.8114768220345816,0.42639851934056916,0.6049414844945002,0.2035423785631405,0.3218392350846333,-0.15010275676623316,0.5887438812623695,0.5817074937302945,0.43873542505309954,0.11565291801752042,0.4743692015545382,0.6607145075495642,0.47414450143976816,-0.33872890287206137,0.1608854080210487,0.5915698380092658,0.5839330146200722,0.40511256225171743,0.9222582862675472,0.838251737318467,0.5185151556549611,-0.3806039568054539,0.29398215504898545,0.3781169890257593,-0.07358216706101973,0.38419032470186226,0.6092226735734897,0.08172640832163829,0.9075324029317025,0.0,0.0,0.0,3.0,0.0,0.0,0.0,0.0,0.0,1.7671452193480313,2.7938168224807933,-0.4486209147595554,-0.13483774099189222,1.779769930903246,1.838720498184919,-0.48693635679521696,-0.16022291981864048,1.9652299485872544,2.0,2.086384996545201,-0.029324710510938767,3.0,0.0,1.7593763542417806,3.6413105702281756,1.5179199874260594,1.8554767729227264,2.0,2.0,-0.4661866200571293,0.0,1.0,1.0,1.0,1.0,2.0,15.0,3.0,15.0,3.0,6.0,-0.28424861122159406,-0.4998687638029481,4.0,824.0,-0.3821791284274969,-1.0643505138417617,-0.2628755529199201,2.9843307535292003,-0.47733964401288853,9.796697269410142,-0.9044529328201574,0.3551239830977014,-0.9361698694697411,-0.5149315258723843,-3.1239313381012486,-1.684923333399722,0
480351,0.8014343,0.23398677,0.11,0.020034599671098444,0.16118904764543474,-0.08943097927923314,1.0,-1.126997460661365,0.67088869875594,0.017377286130937752,4.0,0.050610105847354224,3.0,0.42570662202502135,0.3293497985417249,-0.7584296001355709,-0.1073631190025064,-0.08388078261004843,-0.07657361383038375,-0.030911941065546438,-0.20343704490946377,-0.11906107157885229,-0.027341440257415892,-0.0628959311755087,-0.26824463006100535,-0.05515952976049355,-0.11685440202850925,-0.026453408699348445,-0.2036527919051244,-0.19440135536248107,0.6279026841247624,-0.0011315828488060046,-0.0012334531128407194,-0.0018132850977532118,-0.030384205041391686,-0.011998388857083892,0.3638632858777836,1.0354173969657134,0.023286066585402086,0.0017467385481034152,0.003551930982797575,-0.004970630287564562,0.020888581884024666,0.005764869840999119,0.0,0.0,0.0,0.0,0.0,0.0,0.0,0.0,0.0,1.7291130149345995,0.9366757619380688,2.8265490714091284,2.7605464204117545,-0.5860798557933218,-0.544785129913189,2.5964420335063867,2.5843091600440102,1.7453748773010112,2.0,1.8863268105862172,1.917458302671424,1.0,1.0,-0.5919733444340806,-0.3070419214718065,-0.5821769984224199,-0.5706064694924796,1.0,1.0,2.5343418583994697,4.0,2.0,1.0,2.0,2.0,1.0,22.0,3.0,22.0,3.0,2.0,2.104521055686531,2.1765430301345545,29.0,499.0,0.4901059032321971,-0.6373278474529023,-0.2879715107687109,31.17500291815789,-1.2180126916739125,-5.38556323121478,1.1793842866330273,0.0962431419297514,0.9872771648206845,-0.15046331930060075,-0.21803232091571212,-0.527890810706359,True,True,-0.08943097927923314,1.0,-1.126997460661365,0.67088869875594,0.017377286130937752,4.0,0.050610105847354224,3.0,0.42570662202502135,0.3293497985417249,-0.7584296001355709,-0.1073631190025064,-0.08388078261004843,-0.07657361383038375,-0.030911941065546438,-0.20343704490946377,-0.11906107157885229,-0.027341440257415892,-0.0628959311755087,-0.26824463006100535,-0.05515952976049355,-0.11685440202850925,-0.026453408699348445,-0.2036527919051244,-0.19440135536248107,0.6279026841247624,-0.0011315828488060046,-0.0012334531128407194,-0.0018132850977532118,-0.030384205041391686,-0.011998388857083892,0.3638632858777836,1.0354173969657134,0.023286066585402086,0.0017467385481034152,0.003551930982797575,-0.004970630287564562,0.020888581884024666,0.005764869840999119,0.0,0.0,0.0,0.0,0.0,0.0,0.0,0.0,0.0,1.7291130149345995,0.9366757619380688,2.8265490714091284,2.7605464204117545,-0.5860798557933218,-0.544785129913189,2.5964420335063867,2.5843091600440102,1.7453748773010112,2.0,1.8863268105862172,1.917458302671424,1.0,1.0,-0.5919733444340806,-0.3070419214718065,-0.5821769984224199,-0.5706064694924796,1.0,1.0,2.5343418583994697,4.0,2.0,1.0,2.0,2.0,1.0,22.0,3.0,22.0,3.0,2.0,2.104521055686531,2.1765430301345545,29.0,499.0,0.4901059032321971,-0.6373278474529023,-0.2879715107687109,31.17500291815789,-1.2180126916739125,-5.38556323121478,1.1793842866330273,0.0962431419297514,0.9872771648206845,-0.15046331930060075,-0.21803232091571212,-0.527890810706359,0
369044,0.9338063,0.41347203,0.17,0.05427181375432048,0.44964466673456177,3.584821258988316,4.0,-0.7780487848894501,-0.17518924544185827,-0.04338816873768827,2.0,0.30037964332291894,2.0,-0.05981400757943471,0.4083379195888502,-0.7136510003040184,-0.14732957201234864,-0.18135697113800955,0.018436486017996197,-0.07782832273230707,-0.22809169300693638,-0.055367942439886,-0.07065765019133743,0.004257209678376103,-0.2815130902839591,-0.1068110441619546,-0.05067368325815046,0.027240094431684805,-0.21294317171545768,-0.21448893229058863,0.5893277417809739,0.0006287937701788358,-0.015450782000104671,0.36847241642526146,-0.11708429766075462,0.03586860890652004,0.035062693150557475,0.04064007818465966,0.5846633249650246,0.06153665205165248,0.10830243934059819,-0.011685279482731323,0.022615579953142385,0.5576957109121243,0.0,0.0,0.0,1.0,2.0,2.0,0.0,0.0,0.0,-0.5385911034183037,-0.40982974452398935,-0.2545110922506816,-0.41190740154139444,-0.6237939805955576,-0.6049652670424184,-0.40797038545211173,-0.37663101907615887,-0.6371291583676566,0.0,-0.5179235257990776,-0.3592011649035406,0.0,0.0,-0.4976846869681599,-0.24979843027974252,-0.522974509949474,-0.4354893699169226,0.0,0.0,-0.39887309259622006,0.0,0.0,0.0,0.0,0.0,0.0,15.0,3.0,25.0,0.0,6.0,-0.3804148907009895,-0.38037125125550963,23.0,517.0,-1.553092315041842,-0.6650384852427246,-0.4597700813851442,-6.514400909694969,-0.17273811107156908,0.2849853383591996,0.15933541260600864,-0.23575733960207418,0.356002041948511,-0.9378253912687974,-4.386714503807252,1.4917884126327738,True,True,3.584821258988316,4.0,-0.7780487848894501,-0.17518924544185827,-0.04338816873768827,2.0,0.30037964332291894,2.0,-0.05981400757943471,0.4083379195888502,-0.7136510003040184,-0.14732957201234864,-0.18135697113800955,0.018436486017996197,-0.07782832273230707,-0.22809169300693638,-0.055367942439886,-0.07065765019133743,0.004257209678376103,-0.2815130902839591,-0.1068110441619546,-0.05067368325815046,0.027240094431684805,-0.21294317171545768,-0.21448893229058863,0.5893277417809739,0.0006287937701788358,-0.015450782000104671,0.36847241642526146,-0.11708429766075462,0.03586860890652004,0.035062693150557475,0.04064007818465966,0.5846633249650246,0.06153665205165248,0.10830243934059819,-0.011685279482731323,0.022615579953142385,0.5576957109121243,0.0,0.0,0.0,1.0,2.0,2.0,0.0,0.0,0.0,-0.5385911034183037,-0.40982974452398935,-0.2545110922506816,-0.41190740154139444,-0.6237939805955576,-0.6049652670424184,-0.40797038545211173,-0.37663101907615887,-0.6371291583676566,0.0,-0.5179235257990776,-0.3592011649035406,0.0,0.0,-0.4976846869681599,-0.24979843027974252,-0.522974509949474,-0.4354893699169226,0.0,0.0,-0.39887309259622006,0.0,0.0,0.0,0.0,0.0,0.0,15.0,3.0,25.0,0.0,6.0,-0.3804148907009895,-0.38037125125550963,23.0,517.0,-1.553092315041842,-0.6650384852427246,-0.4597700813851442,-6.514400909694969,-0.17273811107156908,0.2849853383591996,0.15933541260600864,-0.23575733960207418,0.356002041948511,-0.9378253912687974,-4.386714503807252,1.4917884126327738,0
61497,0.9959602,0.30065256,0.24000000000000002,0.1486439774738485,1.3885673845093063,-0.40037648122862524,0.0,0.936537946333903,0.3993666260724612,0.8699736391370299,3.0,0.2868878285778404,3.0,-2.959859160649503,-2.7921619259689794,-0.6197759195450527,0.5055679822501846,-0.007312212452704359,-0.03205428229961698,0.24413533371153734,0.1247890168922593,-0.02286314155262248,0.30949958110130726,0.23801062307886914,-0.14020567826635338,0.20784821773759649,0.1172841166015954,0.3982638516777893,-0.2096008717689266,-0.03800496365849315,0.7548207858476146,0.10303190886598262,0.6858463463928557,0.47993732315056886,0.5163866248692849,0.43976553406385416,0.7235634757553442,0.9365577045584104,0.41861056001307195,-0.10750211355749893,0.7715295138463907,0.47288650565468676,0.45341731384000605,0.6131442710939753,0.0,0.0,0.0,1.0,0.0,0.0,0.0,0.0,0.0,1.5926677554459405,0.08227455186425273,2.6071958225816907,3.139722583164421,1.8431573290742134,1.4970849793447762,2.503723285498467,2.7970781415912196,1.87508260683103,2.0,1.9464033418394742,-0.5028434314093353,1.0,1.0,1.7953008306305331,-0.1782147734292772,1.463428097597633,1.91544915482468,1.0,1.0,-0.002155685347437264,0.0,1.0,1.0,2.0,2.0,1.0,17.0,3.0,17.0,3.0,6.0,-0.6035536913469913,-0.5265048858865624,4.0,517.0,1.2152253449949937,-0.27629226813304253,1.7933878155623488,9.36907719407249,-2.7050253647460663,16.03628737225544,-0.6325840528447341,-0.03150249845854869,-2.33164328374266,-0.05176974309738969,0.9612353961444201,-0.5596022769234018,True,True,-0.40037648122862524,0.0,0.936537946333903,0.3993666260724612,0.8699736391370299,3.0,0.2868878285778404,3.0,-2.959859160649503,-2.7921619259689794,-0.6197759195450527,0.5055679822501846,-0.007312212452704359,-0.03205428229961698,0.24413533371153734,0.1247890168922593,-0.02286314155262248,0.30949958110130726,0.23801062307886914,-0.14020567826635338,0.20784821773759649,0.1172841166015954,0.3982638516777893,-0.2096008717689266,-0.03800496365849315,0.7548207858476146,0.10303190886598262,0.6858463463928557,0.47993732315056886,0.5163866248692849,0.43976553406385416,0.7235634757553442,0.9365577045584104,0.41861056001307195,-0.10750211355749893,0.7715295138463907,0.47288650565468676,0.45341731384000605,0.6131442710939753,0.0,0.0,0.0,1.0,0.0,0.0,0.0,0.0,0.0,1.5926677554459405,0.08227455186425273,2.6071958225816907,3.139722583164421,1.8431573290742134,1.4970849793447762,2.503723285498467,2.7970781415912196,1.87508260683103,2.0,1.9464033418394742,-0.5028434314093353,1.0,1.0,1.7953008306305331,-0.1782147734292772,1.463428097597633,1.91544915482468,1.0,1.0,-0.002155685347437264,0.0,1.0,1.0,2.0,2.0,1.0,17.0,3.0,17.0,3.0,6.0,-0.6035536913469913,-0.5265048858865624,4.0,517.0,1.2152253449949937,-0.27629226813304253,1.7933878155623488,9.36907719407249,-2.7050253647460663,16.03628737225544,-0.6325840528447341,-0.03150249845854869,-2.33164328374266,-0.05176974309738969,0.9612353961444201,-0.5596022769234018,0
380210,0.93314505,0.37931284,0.08,0.011477469205752985,0.08779460223837375,-0.8422417693986025,0.0,-0.19333031778497367,0.8996230233278258,0.5711334583671916,4.0,-0.4833328980372569,2.0,-2.7358466401427135,-2.802864661501401,-0.7539917757854262,-0.08048560747813246,-0.08697709803920439,-0.04033669751673364,-0.017651964070279004,-0.20520676382477535,-0.12027677664189543,0.00010412125738682929,-0.05438244561296616,-0.2793877235469059,-0.06561891621053004,-0.08500000248563128,-0.01806772222738156,-0.23781217892874698,-0.13456777452075744,0.6097155978359174,0.6229447959279212,0.5422256562008504,0.53425770949244,-0.008903877209565602,0.5353673119109303,0.38470541397055646,0.9871204236785402,0.5436920655279447,0.0012831438318095785,0.589917796082127,0.5491798842575456,0.008871044120735763,0.5417419470437734,0.0,0.0,0.0,3.0,0.0,0.0,0.0,0.0,0.0,1.736100881058237,1.2540486659236503,2.7907924769413848,2.787033533966013,1.8113891893054945,1.804590675765896,2.604027545849664,2.5729657642515225,1.7734888244989373,2.0,1.8625464857831284,-0.37690642774417515,1.0,1.0,1.8596899124751367,3.458316662532437,1.8713752913104813,2.03973831090106,1.0,1.0,-0.3715921990805566,0.0,1.0,1.0,2.0,1.0,1.0,15.0,3.0,15.0,3.0,6.0,-0.3796956275746674,-0.37762151269523764,4.0,509.0,0.4630225165160881,-1.677293654051068,-0.5196086408429786,2.831213679516196,-0.6819648403268637,9.716051870340403,-0.8608001703208008,-0.12720447118457084,-1.2389521359204865,-0.5630586243720767,-3.143543847255659,-2.0031084679315283,True,True,-0.8422417693986025,0.0,-0.19333031778497367,0.8996230233278258,0.5711334583671916,4.0,-0.4833328980372569,2.0,-2.7358466401427135,-2.802864661501401,-0.7539917757854262,-0.08048560747813246,-0.08697709803920439,-0.04033669751673364,-0.017651964070279004,-0.20520676382477535,-0.12027677664189543,0.00010412125738682929,-0.05438244561296616,-0.2793877235469059,-0.06561891621053004,-0.08500000248563128,-0.01806772222738156,-0.23781217892874698,-0.13456777452075744,0.6097155978359174,0.6229447959279212,0.5422256562008504,0.53425770949244,-0.008903877209565602,0.5353673119109303,0.38470541397055646,0.9871204236785402,0.5436920655279447,0.0012831438318095785,0.589917796082127,0.5491798842575456,0.008871044120735763,0.5417419470437734,0.0,0.0,0.0,3.0,0.0,0.0,0.0,0.0,0.0,1.736100881058237,1.2540486659236503,2.7907924769413848,2.787033533966013,1.8113891893054945,1.804590675765896,2.604027545849664,2.5729657642515225,1.7734888244989373,2.0,1.8625464857831284,-0.37690642774417515,1.0,1.0,1.8596899124751367,3.458316662532437,1.8713752913104813,2.03973831090106,1.0,1.0,-0.3715921990805566,0.0,1.0,1.0,2.0,1.0,1.0,15.0,3.0,15.0,3.0,6.0,-0.3796956275746674,-0.37762151269523764,4.0,509.0,0.4630225165160881,-1.677293654051068,-0.5196086408429786,2.831213679516196,-0.6819648403268637,9.716051870340403,-0.8608001703208008,-0.12720447118457084,-1.2389521359204865,-0.5630586243720767,-3.143543847255659,-2.0031084679315283,0
240888,0.99067795,0.39289123,0.23,0.12982628505779303,1.0899325526796395,-0.9281415434920929,0.0,-1.8056501637401243,0.6914893438710874,0.7258380867848961,4.0,-0.5110527663818093,3.0,-2.7847022245604993,-2.8137956205172374,-0.8557471651988958,0.2785278234372281,0.21258165967670006,-0.15038605726255433,0.10503471543117902,-0.20924594372601332,0.04801596797054016,0.16099265440031885,0.05868094546099754,-0.19814813701301864,0.1934995863122612,-0.15087350749204492,0.24036398647173488,-0.4232062383287526,-0.5268711083786006,0.595348540521691,0.14417770950800332,0.3201419791984786,0.41600633817386307,0.531846285156645,0.5281469946807412,0.5462748218942663,0.7578352542785255,0.5520331689288568,0.18987479881710664,0.5241307331408395,0.5263954030958838,-0.1002791442137814,0.6536588354231659,0.0,0.0,0.0,3.0,0.0,0.0,0.0,0.0,0.0,1.7515442774806553,0.9343276312981674,2.824827197108319,2.9445483957048415,2.0416047715584345,1.836563688041724,2.370335438253167,2.5478544282955418,1.6511356870287988,2.0,1.7574465304260145,-0.32712391495584525,1.0,1.0,1.8047604420717833,3.4393414688621817,1.8535897642164665,1.9808899553226622,1.0,1.0,-0.35462150378556234,0.0,1.0,1.0,2.0,1.0,2.0,43.0,3.0,44.0,3.0,6.0,-0.3054715291037089,-0.3953150308761146,4.0,414.0,-1.0499265938096252,-1.3616961777915602,-0.923721991941867,2.679570698067316,-0.6601446446806915,9.96787644209698,-0.7497656736638574,-0.23677502456831678,-1.1304724707623446,-0.7291633726594982,-3.2422685237705102,-2.1364258333162223,True,True,-0.9281415434920929,0.0,-1.8056501637401243,0.6914893438710874,0.7258380867848961,4.0,-0.5110527663818093,3.0,-2.7847022245604993,-2.8137956205172374,-0.8557471651988958,0.2785278234372281,0.21258165967670006,-0.15038605726255433,0.10503471543117902,-0.20924594372601332,0.04801596797054016,0.16099265440031885,0.05868094546099754,-0.19814813701301864,0.1934995863122612,-0.15087350749204492,0.24036398647173488,-0.4232062383287526,-0.5268711083786006,0.595348540521691,0.14417770950800332,0.3201419791984786,0.41600633817386307,0.531846285156645,0.5281469946807412,0.5462748218942663,0.7578352542785255,0.5520331689288568,0.18987479881710664,0.5241307331408395,0.5263954030958838,-0.1002791442137814,0.6536588354231659,0.0,0.0,0.0,3.0,0.0,0.0,0.0,0.0,0.0,1.7515442774806553,0.9343276312981674,2.824827197108319,2.9445483957048415,2.0416047715584345,1.836563688041724,2.370335438253167,2.5478544282955418,1.6511356870287988,2.0,1.7574465304260145,-0.32712391495584525,1.0,1.0,1.8047604420717833,3.4393414688621817,1.8535897642164665,1.9808899553226622,1.0,1.0,-0.35462150378556234,0.0,1.0,1.0,2.0,1.0,2.0,43.0,3.0,44.0,3.0,6.0,-0.3054715291037089,-0.3953150308761146,4.0,414.0,-1.0499265938096252,-1.3616961777915602,-0.923721991941867,2.679570698067316,-0.6601446446806915,9.96787644209698,-0.7497656736638574,-0.23677502456831678,-1.1304724707623446,-0.7291633726594982,-3.2422685237705102,-2.1364258333162223,0
259889,0.9808833,0.44649488,0.03,0.004056900182200707,0.03186699143934176,-0.513962606354383,3.0,0.6298195752543321,0.2520681675320321,-0.005702018414910542,1.0,0.0690738223562468,2.0,-0.050471247602909275,0.3617372375732263,-0.7468104723774205,-0.09045796643944357,-0.08914196478509948,-0.033395020764203705,-0.015360314839874689,-0.22209948429106588,-0.12338618267151837,-0.04740472669358861,0.017161942097586053,-0.2746270507000376,0.007184696527553152,-0.09914540386713742,-0.045153501274318386,-0.06156044267629694,-0.1319840101303028,0.6219803278331245,0.621744908715957,0.0015529604366354372,0.002449321854321726,-0.000584838509813283,0.5420312618522146,0.3687790196231244,0.9981471316009879,0.5398802553873097,-0.0006871824584897691,0.005425002859783881,-0.004082734862132723,0.0038957297981863674,0.5416439219404121,0.0,0.0,0.0,0.0,0.0,0.0,0.0,0.0,0.0,1.7615229691112606,-0.31332791811312083,2.794186515204447,2.7878089282330047,1.8055603632643689,1.8178806665132037,2.607184539816709,2.6007786622509323,1.7610547175475546,1.0,1.8740669404493624,2.6821401712367923,1.0,1.0,1.737910282093625,-0.2946421781860999,2.0807051685874436,1.5235328213395223,1.0,1.0,2.541031094463253,4.0,2.0,1.0,2.0,2.0,2.0,25.0,0.0,15.0,3.0,0.0,2.0147416692611024,2.099432317809879,4.0,517.0,-1.5839665596270862,0.6769996789007545,-0.7628031802738747,25.80498444908145,2.9617442348491676,4.037220734238191,-0.392392511883684,1.5694223395498845,0.1478141002571488,5.159101420126341,5.8264986481045575,7.236919382849985,True,True,-0.513962606354383,3.0,0.6298195752543321,0.2520681675320321,-0.005702018414910542,1.0,0.0690738223562468,2.0,-0.050471247602909275,0.3617372375732263,-0.7468104723774205,-0.09045796643944357,-0.08914196478509948,-0.033395020764203705,-0.015360314839874689,-0.22209948429106588,-0.12338618267151837,-0.04740472669358861,0.017161942097586053,-0.2746270507000376,0.007184696527553152,-0.09914540386713742,-0.045153501274318386,-0.06156044267629694,-0.1319840101303028,0.6219803278331245,0.621744908715957,0.0015529604366354372,0.002449321854321726,-0.000584838509813283,0.5420312618522146,0.3687790196231244,0.9981471316009879,0.5398802553873097,-0.0006871824584897691,0.005425002859783881,-0.004082734862132723,0.0038957297981863674,0.5416439219404121,0.0,0.0,0.0,0.0,0.0,0.0,0.0,0.0,0.0,1.7615229691112606,-0.31332791811312083,2.794186515204447,2.7878089282330047,1.8055603632643689,1.8178806665132037,2.607184539816709,2.6007786622509323,1.7610547175475546,1.0,1.8740669404493624,2.6821401712367923,1.0,1.0,1.737910282093625,-0.2946421781860999,2.0807051685874436,1.5235328213395223,1.0,1.0,2.541031094463253,4.0,2.0,1.0,2.0,2.0,2.0,25.0,0.0,15.0,3.0,0.0,2.0147416692611024,2.099432317809879,4.0,517.0,-1.5839665596270862,0.6769996789007545,-0.7628031802738747,25.80498444908145,2.9617442348491676,4.037220734238191,-0.392392511883684,1.5694223395498845,0.1478141002571488,5.159101420126341,5.8264986481045575,7.236919382849985,0
547124,0.92348266,0.42388436,0.03,0.004056900182200707,0.03361902655282839,-0.8158243868713853,0.0,-1.371430914775426,0.2948202042446052,0.569194833200833,3.0,0.30829633284686203,3.0,-2.7252218029142634,-2.7964006841668096,-0.7494234829269812,-0.0875123555452927,0.10363205947996822,-0.03635679143309649,-0.030270246235013374,-0.21649098550904555,-0.09982841247990373,-0.016387250998162264,-0.050510358079077104,-0.26011414480911693,-0.016424192239296597,-0.08292194411676432,-0.02477292587134672,-0.2401676314255478,-0.1421811679022397,0.6145624952073068,-0.004557926631906946,0.548593738430912,0.5337477583957899,0.5484727286886871,0.5413912397692084,0.36700636617581883,1.0003834295623169,0.530776231863235,-0.0013286837103559765,0.6080289903262474,0.5442305956886441,0.0022302088225465027,0.534621318469225,0.0,0.0,0.0,3.0,0.0,0.0,0.0,0.0,0.0,1.52928190440122,4.417671753954559,2.792409953785028,2.7905526588021767,1.7921464674240786,1.7546680301515674,2.5971589994914948,2.6067123949098807,1.7741812232585097,2.0,1.8382492349515114,-0.40568992825801453,1.0,1.0,1.8586080297807863,3.4504240700643902,2.141982708961684,1.9493855980623676,1.0,1.0,-0.3926008570932401,0.0,1.0,1.0,2.0,1.0,2.0,15.0,3.0,15.0,3.0,6.0,-0.37797747738949683,-0.3714330294241822,4.0,260.0,1.479344932064434,-1.4245874480293161,-0.022136320697559685,9.599411119436043,-2.4501675575707877,15.979038912017705,-0.7064617258003004,-0.007408872033648431,-2.1417417900071523,0.14953778383381636,0.5302427897427596,-0.6623154423860076,True,True,-0.8158243868713853,0.0,-1.371430914775426,0.2948202042446052,0.569194833200833,3.0,0.30829633284686203,3.0,-2.7252218029142634,-2.7964006841668096,-0.7494234829269812,-0.0875123555452927,0.10363205947996822,-0.03635679143309649,-0.030270246235013374,-0.21649098550904555,-0.09982841247990373,-0.016387250998162264,-0.050510358079077104,-0.26011414480911693,-0.016424192239296597,-0.08292194411676432,-0.02477292587134672,-0.2401676314255478,-0.1421811679022397,0.6145624952073068,-0.004557926631906946,0.548593738430912,0.5337477583957899,0.5484727286886871,0.5413912397692084,0.36700636617581883,1.0003834295623169,0.530776231863235,-0.0013286837103559765,0.6080289903262474,0.5442305956886441,0.0022302088225465027,0.534621318469225,0.0,0.0,0.0,3.0,0.0,0.0,0.0,0.0,0.0,1.52928190440122,4.417671753954559,2.792409953785028,2.7905526588021767,1.7921464674240786,1.7546680301515674,2.5971589994914948,2.6067123949098807,1.7741812232585097,2.0,1.8382492349515114,-0.40568992825801453,1.0,1.0,1.8586080297807863,3.4504240700643902,2.141982708961684,1.9493855980623676,1.0,1.0,-0.3926008570932401,0.0,1.0,1.0,2.0,1.0,2.0,15.0,3.0,15.0,3.0,6.0,-0.37797747738949683,-0.3714330294241822,4.0,260.0,1.479344932064434,-1.4245874480293161,-0.022136320697559685,9.599411119436043,-2.4501675575707877,15.979038912017705,-0.7064617258003004,-0.007408872033648431,-2.1417417900071523,0.14953778383381636,0.5302427897427596,-0.6623154423860076,0
179515,0.5868948,0.2153168,0.01,0.0025521382703821843,0.022896285081572675,-0.4784028639036665,4.0,1.5412420492745467,-0.4258929603005929,-0.0022104274592082826,4.0,0.32714344273346674,3.0,0.14044197787382318,0.35581878021684427,0.9477034930065349,-0.09618519800070223,-0.0998183044783974,-0.03404807457260643,-0.05781666157480599,-0.22018747924445475,-0.09964549130703607,-0.044952757636573415,-0.05374496624511001,-0.2123946647498439,-0.05602118020221762,-0.09190661218412023,-0.048206555213598776,-0.24122684221015975,-0.14327079127977219,0.6076100983570539,0.6074017730745839,0.550772408460392,0.5389636017535145,0.5485318599846095,-0.0007114067083224037,-0.0032417573600647936,-0.0033525000798629,0.5279820264670173,0.5965648845628844,0.005676321770020576,-0.0019324179776935872,-0.0009795437403172106,0.5330520895283726,2.0,2.0,2.0,1.0,2.0,1.0,0.0,0.0,0.0,-0.5702105349167494,-0.39105959638071414,-0.361115164155698,-0.3571845028389287,-0.5516106085670456,-0.5561812678490979,-0.38221277757068073,-0.38543834320192594,-0.5659059109153647,0.0,-0.5246104378692136,-0.396490027310191,0.0,0.0,-0.5608691418353543,-0.29568497375121594,-0.5577602836691954,-0.5620948037007439,0.0,0.0,-0.3904615866447148,0.0,0.0,0.0,0.0,0.0,0.0,15.0,3.0,25.0,0.0,6.0,-0.36945558021745384,-0.3698910925625537,23.0,517.0,-1.069651779760844,0.2841328238084701,-1.0160278703700687,-7.52964190575325,0.16814712060020168,-0.5807051964761323,0.22435828333638536,0.14831057547078327,2.2338486557806845,0.13803524443035706,1.1485370897443246,-0.6070960273432144,True,True,-0.4784028639036665,4.0,1.5412420492745467,-0.4258929603005929,-0.0022104274592082826,4.0,0.32714344273346674,3.0,0.14044197787382318,0.35581878021684427,0.9477034930065349,-0.09618519800070223,-0.0998183044783974,-0.03404807457260643,-0.05781666157480599,-0.22018747924445475,-0.09964549130703607,-0.044952757636573415,-0.05374496624511001,-0.2123946647498439,-0.05602118020221762,-0.09190661218412023,-0.048206555213598776,-0.24122684221015975,-0.14327079127977219,0.6076100983570539,0.6074017730745839,0.550772408460392,0.5389636017535145,0.5485318599846095,-0.0007114067083224037,-0.0032417573600647936,-0.0033525000798629,0.5279820264670173,0.5965648845628844,0.005676321770020576,-0.0019324179776935872,-0.0009795437403172106,0.5330520895283726,2.0,2.0,2.0,1.0,2.0,1.0,0.0,0.0,0.0,-0.5702105349167494,-0.39105959638071414,-0.361115164155698,-0.3571845028389287,-0.5516106085670456,-0.5561812678490979,-0.38221277757068073,-0.38543834320192594,-0.5659059109153647,0.0,-0.5246104378692136,-0.396490027310191,0.0,0.0,-0.5608691418353543,-0.29568497375121594,-0.5577602836691954,-0.5620948037007439,0.0,0.0,-0.3904615866447148,0.0,0.0,0.0,0.0,0.0,0.0,15.0,3.0,25.0,0.0,6.0,-0.36945558021745384,-0.3698910925625537,23.0,517.0,-1.069651779760844,0.2841328238084701,-1.0160278703700687,-7.52964190575325,0.16814712060020168,-0.5807051964761323,0.22435828333638536,0.14831057547078327,2.2338486557806845,0.13803524443035706,1.1485370897443246,-0.6070960273432144,0
454171,0.76526976,0.48408017,0.04,0.005058857517455529,0.04923596254949358,-0.44577121192068164,4.0,0.9419577275751698,0.19620661179537233,-8.10282788858115e-05,4.0,0.32393930727451814,2.0,0.19300807273129145,0.34910030579441176,0.9341543957851597,-0.08246868441956823,-0.08611009024570423,-0.03348445971710974,-0.054117919301459705,-0.13843959432929542,-0.07588711728804606,-0.05144732240042309,-0.04688343286861919,-0.09528035283421585,-0.05684087999630768,-0.08081942140603032,-0.04024949164297487,-0.14492198040841686,-0.10681965306015881,0.6648869124457326,0.6598505112673,0.5536101769071943,0.5510521994131536,0.5404885403451142,-0.0008077445596187024,0.0015513188191188106,0.006373252069400546,0.5410316408187416,0.6174161559375565,-0.0018136291759965999,-0.009731180654904813,0.0028063041464682164,0.5412378170588689,2.0,2.0,2.0,2.0,2.0,2.0,1.0,1.0,2.0,-0.5682347716823508,-0.3868552420497869,-0.3528103668814375,-0.3562133287000226,-0.5499616663702238,-0.5501128702461537,-0.38537433883252903,-0.3866537851500243,-0.5651636640188485,0.0,-0.5233890672600011,-0.40813559387429077,0.0,0.0,-0.5584425520643633,-0.2910359705910028,-0.5600301972286944,-0.560682093798516,0.0,0.0,-0.39538028349517745,0.0,0.0,0.0,0.0,0.0,0.0,15.0,3.0,25.0,0.0,6.0,-0.3597441831053548,-0.38439553359447226,23.0,517.0,-1.0773369525338043,-0.23498764896349422,-0.26355254604262507,-7.535652221382584,0.3015981128178741,-0.604051815518243,0.16856412843561366,0.2533137762265085,2.2116159262106083,-0.02963575550675241,1.2798281777943379,-0.31867121887018063,True,True,-0.44577121192068164,4.0,0.9419577275751698,0.19620661179537233,-8.10282788858115e-05,4.0,0.32393930727451814,2.0,0.19300807273129145,0.34910030579441176,0.9341543957851597,-0.08246868441956823,-0.08611009024570423,-0.03348445971710974,-0.054117919301459705,-0.13843959432929542,-0.07588711728804606,-0.05144732240042309,-0.04688343286861919,-0.09528035283421585,-0.05684087999630768,-0.08081942140603032,-0.04024949164297487,-0.14492198040841686,-0.10681965306015881,0.6648869124457326,0.6598505112673,0.5536101769071943,0.5510521994131536,0.5404885403451142,-0.0008077445596187024,0.0015513188191188106,0.006373252069400546,0.5410316408187416,0.6174161559375565,-0.0018136291759965999,-0.009731180654904813,0.0028063041464682164,0.5412378170588689,2.0,2.0,2.0,2.0,2.0,2.0,1.0,1.0,2.0,-0.5682347716823508,-0.3868552420497869,-0.3528103668814375,-0.3562133287000226,-0.5499616663702238,-0.5501128702461537,-0.38537433883252903,-0.3866537851500243,-0.5651636640188485,0.0,-0.5233890672600011,-0.40813559387429077,0.0,0.0,-0.5584425520643633,-0.2910359705910028,-0.5600301972286944,-0.560682093798516,0.0,0.0,-0.39538028349517745,0.0,0.0,0.0,0.0,0.0,0.0,15.0,3.0,25.0,0.0,6.0,-0.3597441831053548,-0.38439553359447226,23.0,517.0,-1.0773369525338043,-0.23498764896349422,-0.26355254604262507,-7.535652221382584,0.3015981128178741,-0.604051815518243,0.16856412843561366,0.2533137762265085,2.2116159262106083,-0.02963575550675241,1.2798281777943379,-0.31867121887018063,0
467033,0.9791934,0.40487847,0.18000000000000002,0.06325205919758363,0.4590089263898482,0.416344633006696,1.0,-1.3683412457166573,-0.10654495049226673,0.10855962508115065,2.0,-0.7626650736635244,2.0,0.08833531225758692,0.31287002928304875,-0.6780483355433033,-0.10193771709480531,-0.047890346854346275,0.07627566997235005,-0.08451345058192479,-0.19274491013268852,-0.06597533688136106,-0.1096529598494628,-0.08179907537932003,-0.2880640309725423,-0.0205928826686846,-0.08185519251548823,0.05414170616599093,-0.19488546929264036,-0.11037081071387236,0.6511440368867085,0.006329665766377338,-0.09848866524601733,0.04580885290821212,0.02904897911545706,-0.05574642071991355,0.10348761564249265,0.03529570276260862,0.02739814627045957,0.07252487838338803,0.04769385811513213,-0.048324457832629245,-0.08622647557558709,0.0153682260229266,0.0,0.0,0.0,0.0,0.0,0.0,0.0,0.0,0.0,1.791935329700634,1.8005210773120741,-0.3861714047702623,-0.3724449347870841,1.7793164945227193,1.8500735917690356,-0.45038104435124326,-0.4341158425425917,1.7990018356197544,2.0,-0.48138253716421164,2.4675891507955905,2.0,2.0,1.7835021529735926,-0.3036904971244537,1.6697108526783278,1.7126004386785907,2.0,2.0,2.5273111734765115,3.0,2.0,1.0,2.0,2.0,2.0,43.0,3.0,44.0,3.0,5.0,3.219189317891696,2.80569087841421,22.0,304.0,0.9524531555805708,1.2866309302467709,-0.3363103332401652,31.21374692158561,-1.1856493987107466,-5.35714572255603,1.1803972605499808,0.12063618256454076,1.0124387355290296,-0.0637763394846034,-0.05530261028533818,-0.26128377642213435,True,True,0.416344633006696,1.0,-1.3683412457166573,-0.10654495049226673,0.10855962508115065,2.0,-0.7626650736635244,2.0,0.08833531225758692,0.31287002928304875,-0.6780483355433033,-0.10193771709480531,-0.047890346854346275,0.07627566997235005,-0.08451345058192479,-0.19274491013268852,-0.06597533688136106,-0.1096529598494628,-0.08179907537932003,-0.2880640309725423,-0.0205928826686846,-0.08185519251548823,0.05414170616599093,-0.19488546929264036,-0.11037081071387236,0.6511440368867085,0.006329665766377338,-0.09848866524601733,0.04580885290821212,0.02904897911545706,-0.05574642071991355,0.10348761564249265,0.03529570276260862,0.02739814627045957,0.07252487838338803,0.04769385811513213,-0.048324457832629245,-0.08622647557558709,0.0153682260229266,0.0,0.0,0.0,0.0,0.0,0.0,0.0,0.0,0.0,1.791935329700634,1.8005210773120741,-0.3861714047702623,-0.3724449347870841,1.7793164945227193,1.8500735917690356,-0.45038104435124326,-0.4341158425425917,1.7990018356197544,2.0,-0.48138253716421164,2.4675891507955905,2.0,2.0,1.7835021529735926,-0.3036904971244537,1.6697108526783278,1.7126004386785907,2.0,2.0,2.5273111734765115,3.0,2.0,1.0,2.0,2.0,2.0,43.0,3.0,44.0,3.0,5.0,3.219189317891696,2.80569087841421,22.0,304.0,0.9524531555805708,1.2866309302467709,-0.3363103332401652,31.21374692158561,-1.1856493987107466,-5.35714572255603,1.1803972605499808,0.12063618256454076,1.0124387355290296,-0.0637763394846034,-0.05530261028533818,-0.26128377642213435,0
442213,0.9753559,0.34245288,0.11,0.020034599671098444,0.14954857211816322,1.6585515418133605,4.0,-0.7366927109910146,-0.02272863790873069,-0.036686015838469636,2.0,0.3131048943712455,2.0,0.2568256828477451,0.36344967181925747,-0.7551763948884357,1.2243011305457396,1.027503857935826,-0.005149213104786408,-0.04185525213219979,5.828005300733494,1.949993409832686,-0.031564869109300744,-0.06319024553270287,5.013903227850949,-0.07270595626623186,1.5728225524423671,-0.01748575144886216,2.3732913481626294,1.8986186828487805,0.6394880238228617,0.6209517401760153,0.5563448448508582,0.5314500605288173,0.5653529877916642,0.00025593840294986276,0.0011401189785944163,0.006160028255027979,0.5147511219860387,0.6059530613799432,0.014035442896797997,-0.01667018761926942,0.002036854601286176,0.5580003095764837,2.0,2.0,2.0,0.0,0.0,2.0,2.0,2.0,2.0,-0.5775035720032301,-0.3889737224324525,-0.3845837242981682,-0.3693985759299319,-0.5471549871553771,-0.546515527490812,-0.3516796248429129,-0.4059513846267821,-0.5301891682373769,0.0,-0.5314121203355712,-0.4177923759822671,0.0,0.0,-0.5600732451337412,-0.2886504694672151,-0.5577663152688439,-0.5561719278247225,0.0,0.0,-0.38833006736982434,0.0,0.0,0.0,0.0,0.0,0.0,43.0,3.0,25.0,0.0,6.0,-0.3797445973326966,-0.3635003217971735,23.0,517.0,-0.024179379816494158,0.41531162903872737,-0.25363323730549586,-7.68224400598452,1.690806554121663,-0.47480729571009783,0.4969786664429569,0.7706846601628983,2.7729555031794604,4.288525355388199,1.7345742147142933,4.088699113223002,True,True,1.6585515418133605,4.0,-0.7366927109910146,-0.02272863790873069,-0.036686015838469636,2.0,0.3131048943712455,2.0,0.2568256828477451,0.36344967181925747,-0.7551763948884357,1.2243011305457396,1.027503857935826,-0.005149213104786408,-0.04185525213219979,5.828005300733494,1.949993409832686,-0.031564869109300744,-0.06319024553270287,5.013903227850949,-0.07270595626623186,1.5728225524423671,-0.01748575144886216,2.3732913481626294,1.8986186828487805,0.6394880238228617,0.6209517401760153,0.5563448448508582,0.5314500605288173,0.5653529877916642,0.00025593840294986276,0.0011401189785944163,0.006160028255027979,0.5147511219860387,0.6059530613799432,0.014035442896797997,-0.01667018761926942,0.002036854601286176,0.5580003095764837,2.0,2.0,2.0,0.0,0.0,2.0,2.0,2.0,2.0,-0.5775035720032301,-0.3889737224324525,-0.3845837242981682,-0.3693985759299319,-0.5471549871553771,-0.546515527490812,-0.3516796248429129,-0.4059513846267821,-0.5301891682373769,0.0,-0.5314121203355712,-0.4177923759822671,0.0,0.0,-0.5600732451337412,-0.2886504694672151,-0.5577663152688439,-0.5561719278247225,0.0,0.0,-0.38833006736982434,0.0,0.0,0.0,0.0,0.0,0.0,43.0,3.0,25.0,0.0,6.0,-0.3797445973326966,-0.3635003217971735,23.0,517.0,-0.024179379816494158,0.41531162903872737,-0.25363323730549586,-7.68224400598452,1.690806554121663,-0.47480729571009783,0.4969786664429569,0.7706846601628983,2.7729555031794604,4.288525355388199,1.7345742147142933,4.088699113223002,0
371945,0.8915581,0.48690432,0.02,0.0032300924127905565,0.026148114459187723,1.890223845114841,4.0,-1.631671007007358,0.44938675201114653,-0.004888684231428999,3.0,0.31027228020898523,3.0,0.42528760829451295,0.3588155819658506,-0.7536797929349288,-0.10221802852094476,-0.09196415565846862,-0.03225671556370653,-0.058010954525857784,-0.21535741598425637,-0.100097504355736,-0.04330787565191496,-0.0519041816867897,-0.2067416987020252,-0.058510451977394434,-0.09606732487166443,-0.03473060446149599,-0.22729209803720943,-0.15289181284432066,0.6285044531731677,0.6304273372173577,0.5432232728051329,0.5469497330937179,0.5505395390923757,-0.0037435411395507208,-0.002853839568107424,-0.004320628277503279,0.5465574855909271,0.005033318715845421,0.001492570109819952,-0.004081514675890706,0.002162224694753463,0.5489773838659067,0.0,0.0,0.0,1.0,2.0,1.0,0.0,0.0,0.0,-0.5770204485324799,-0.39273876826704757,-0.3599381578948403,-0.3584651888731757,-0.5596495164453595,-0.551613925608709,-0.3829280795231058,-0.3822988070985631,-0.5613358606930475,0.0,-0.5232198866082935,-0.3963213911134483,0.0,0.0,-0.5604896152609943,-0.2949339856917278,-0.5591510450521632,-0.5545660169413065,0.0,0.0,-0.38743568458780764,0.0,0.0,0.0,0.0,0.0,0.0,15.0,3.0,25.0,0.0,6.0,-0.36884292104782235,-0.3757489715399823,23.0,517.0,-1.0669735862059535,0.021416402228025447,-0.5162851017956923,-6.596968086627329,2.2575188985580636,0.42092845073515606,-0.6594268683050714,-0.038762291609712445,0.5809983275302484,0.8627612232959824,-4.061207607319351,3.3626320543240364,True,True,1.890223845114841,4.0,-1.631671007007358,0.44938675201114653,-0.004888684231428999,3.0,0.31027228020898523,3.0,0.42528760829451295,0.3588155819658506,-0.7536797929349288,-0.10221802852094476,-0.09196415565846862,-0.03225671556370653,-0.058010954525857784,-0.21535741598425637,-0.100097504355736,-0.04330787565191496,-0.0519041816867897,-0.2067416987020252,-0.058510451977394434,-0.09606732487166443,-0.03473060446149599,-0.22729209803720943,-0.15289181284432066,0.6285044531731677,0.6304273372173577,0.5432232728051329,0.5469497330937179,0.5505395390923757,-0.0037435411395507208,-0.002853839568107424,-0.004320628277503279,0.5465574855909271,0.005033318715845421,0.001492570109819952,-0.004081514675890706,0.002162224694753463,0.5489773838659067,0.0,0.0,0.0,1.0,2.0,1.0,0.0,0.0,0.0,-0.5770204485324799,-0.39273876826704757,-0.3599381578948403,-0.3584651888731757,-0.5596495164453595,-0.551613925608709,-0.3829280795231058,-0.3822988070985631,-0.5613358606930475,0.0,-0.5232198866082935,-0.3963213911134483,0.0,0.0,-0.5604896152609943,-0.2949339856917278,-0.5591510450521632,-0.5545660169413065,0.0,0.0,-0.38743568458780764,0.0,0.0,0.0,0.0,0.0,0.0,15.0,3.0,25.0,0.0,6.0,-0.36884292104782235,-0.3757489715399823,23.0,517.0,-1.0669735862059535,0.021416402228025447,-0.5162851017956923,-6.596968086627329,2.2575188985580636,0.42092845073515606,-0.6594268683050714,-0.038762291609712445,0.5809983275302484,0.8627612232959824,-4.061207607319351,3.3626320543240364,0
242315,0.8334748,0.3742485,0.09999999999999999,0.01672075323499393,0.13373385662395632,1.9057325644792777,4.0,-1.465497338037943,-5.891455000287955,-0.02737989873398908,2.0,-0.820982175193839,2.0,0.7958917156144896,0.33477783208853445,1.6278488636060062,-0.08357923167996989,-0.12171064576177713,-0.05273790747670767,-0.050036113042030914,-0.2143854812619782,-0.10835738580885473,-0.02100324195548577,-0.06914487178615546,-0.2303268131748141,-0.04729726688940512,-0.09548445479334,-0.05399391531112499,-0.24103078755183477,-0.1689962524357523,0.622944322080929,0.0056842727670816376,0.0018812900996059787,0.5165870673844,-0.018925313338507225,0.0035462019347829387,0.014965726752782712,0.0346737208312572,0.5353174589047025,0.5917771479819571,0.0006317758703089571,0.009840684999139723,0.01078703836873762,0.5120598755203853,2.0,2.0,2.0,3.0,2.0,1.0,0.0,0.0,0.0,-0.5942865623764723,-0.3785954273893671,-0.3582830259368959,-0.39522445841121095,-0.5588660213176092,-0.5613625377629817,-0.4094265960221235,-0.36742769696274946,-0.5705272512373495,0.0,-0.5190030976408581,-0.40515416277875155,0.0,0.0,-0.5166613376046719,-0.3047829933852272,-0.5341843442599573,-0.5302421551558812,0.0,0.0,-0.3992306198430733,0.0,0.0,0.0,0.0,0.0,0.0,43.0,3.0,25.0,0.0,6.0,-0.36848442557867245,-0.3589795927369649,23.0,517.0,-1.0916988088961934,0.5330164314966475,-0.7802729798136383,-7.536303504961703,-0.013939913832722233,-0.5776479461433078,0.24544942542930087,-0.12559014924025708,2.2019471393674066,-0.13562845656741893,1.1812549082466541,-0.7047021381388916,True,True,1.9057325644792777,4.0,-1.465497338037943,-5.891455000287955,-0.02737989873398908,2.0,-0.820982175193839,2.0,0.7958917156144896,0.33477783208853445,1.6278488636060062,-0.08357923167996989,-0.12171064576177713,-0.05273790747670767,-0.050036113042030914,-0.2143854812619782,-0.10835738580885473,-0.02100324195548577,-0.06914487178615546,-0.2303268131748141,-0.04729726688940512,-0.09548445479334,-0.05399391531112499,-0.24103078755183477,-0.1689962524357523,0.622944322080929,0.0056842727670816376,0.0018812900996059787,0.5165870673844,-0.018925313338507225,0.0035462019347829387,0.014965726752782712,0.0346737208312572,0.5353174589047025,0.5917771479819571,0.0006317758703089571,0.009840684999139723,0.01078703836873762,0.5120598755203853,2.0,2.0,2.0,3.0,2.0,1.0,0.0,0.0,0.0,-0.5942865623764723,-0.3785954273893671,-0.3582830259368959,-0.39522445841121095,-0.5588660213176092,-0.5613625377629817,-0.4094265960221235,-0.36742769696274946,-0.5705272512373495,0.0,-0.5190030976408581,-0.40515416277875155,0.0,0.0,-0.5166613376046719,-0.3047829933852272,-0.5341843442599573,-0.5302421551558812,0.0,0.0,-0.3992306198430733,0.0,0.0,0.0,0.0,0.0,0.0,43.0,3.0,25.0,0.0,6.0,-0.36848442557867245,-0.3589795927369649,23.0,517.0,-1.0916988088961934,0.5330164314966475,-0.7802729798136383,-7.536303504961703,-0.013939913832722233,-0.5776479461433078,0.24544942542930087,-0.12559014924025708,2.2019471393674066,-0.13562845656741893,1.1812549082466541,-0.7047021381388916,0
445960,0.9924776,0.49148715,0.16,0.04640734643340897,0.4209162229108972,-0.5146517948427437,0.0,-0.15746987830793086,0.8448808626925337,0.5591413654584673,4.0,-0.520429014416275,2.0,-2.7789340616728646,-2.7685262417948286,-0.7473599735116604,-0.10558605659567302,-0.0806028728589664,0.03785168591663385,-0.06188854234675856,-0.17675598103252183,-0.18846608348368876,-0.049556075504781694,-0.01694771463569734,-0.30232251384141073,0.030239877774297833,-0.1361057581861181,-0.038670730176741025,-0.2152473810782369,-0.22397512904451752,0.5377667090609709,-0.028329797407232907,0.033443850234342785,0.5738979883830867,0.5208059925630821,0.46406805052239075,0.3154183012827433,1.0218156080852085,0.5714387293138341,-0.012111399273776744,0.6189246832476686,0.566022509309837,0.494047569593663,0.47222750176655337,0.0,0.0,0.0,1.0,0.0,0.0,0.0,0.0,0.0,1.7432895000233495,0.2833318437043475,2.7694917036519695,2.826245299523063,1.820277320247586,1.9722684093617928,2.4735299066148513,2.6384807188806367,1.6961317709308463,2.0,1.940914578761796,-0.30036517193090984,1.0,1.0,1.868750120488818,-0.3192754717643485,1.940221895434532,2.08926173325536,1.0,1.0,-0.40015925989295176,0.0,1.0,1.0,2.0,1.0,1.0,28.0,3.0,28.0,3.0,6.0,-0.30679671705517275,-0.40870228653618895,4.0,517.0,0.43839144545909303,1.1737230803167562,-0.2862237397223399,11.460236721070356,-2.949960809528974,9.47167742151984,0.4062011458176982,0.12405574247379063,1.4669675400232616,-0.26827033290852326,0.0196717790647231,0.16222507970500258,True,True,-0.5146517948427437,0.0,-0.15746987830793086,0.8448808626925337,0.5591413654584673,4.0,-0.520429014416275,2.0,-2.7789340616728646,-2.7685262417948286,-0.7473599735116604,-0.10558605659567302,-0.0806028728589664,0.03785168591663385,-0.06188854234675856,-0.17675598103252183,-0.18846608348368876,-0.049556075504781694,-0.01694771463569734,-0.30232251384141073,0.030239877774297833,-0.1361057581861181,-0.038670730176741025,-0.2152473810782369,-0.22397512904451752,0.5377667090609709,-0.028329797407232907,0.033443850234342785,0.5738979883830867,0.5208059925630821,0.46406805052239075,0.3154183012827433,1.0218156080852085,0.5714387293138341,-0.012111399273776744,0.6189246832476686,0.566022509309837,0.494047569593663,0.47222750176655337,0.0,0.0,0.0,1.0,0.0,0.0,0.0,0.0,0.0,1.7432895000233495,0.2833318437043475,2.7694917036519695,2.826245299523063,1.820277320247586,1.9722684093617928,2.4735299066148513,2.6384807188806367,1.6961317709308463,2.0,1.940914578761796,-0.30036517193090984,1.0,1.0,1.868750120488818,-0.3192754717643485,1.940221895434532,2.08926173325536,1.0,1.0,-0.40015925989295176,0.0,1.0,1.0,2.0,1.0,1.0,28.0,3.0,28.0,3.0,6.0,-0.30679671705517275,-0.40870228653618895,4.0,517.0,0.43839144545909303,1.1737230803167562,-0.2862237397223399,11.460236721070356,-2.949960809528974,9.47167742151984,0.4062011458176982,0.12405574247379063,1.4669675400232616,-0.26827033290852326,0.0196717790647231,0.16222507970500258,0
483677,0.9965821,0.11213261,0.26,0.19338051145240298,1.6190074916935362,-0.4964295890438406,0.0,-1.290408425700347,0.2961169208672514,0.42753112579140873,3.0,0.21566078398034397,3.0,-2.7441578958130726,-3.1231664183255843,-0.9770326792229089,1.3515105112936008,1.7900182905577835,0.03603923160159224,0.4801375847510896,-0.2153796934043952,0.6718894642705345,0.9314080534843665,1.4866892551394297,0.06729731279251883,0.5736493259391034,1.851258112125142,2.0396179129900336,0.01770289105735881,-0.12538775237342065,0.6714052922866732,-0.1131055868987717,0.34741749892030555,0.8867900566854492,0.33897582716888985,0.9590143076472947,0.39468937284936984,0.7268693779646617,0.3430812996063786,-0.260699477067601,0.9769026914558236,0.08300377961314157,1.0613578382766378,0.5897425467415831,0.0,0.0,0.0,3.0,0.0,0.0,0.0,0.0,0.0,1.6353858570039228,2.843824519598102,2.873338712567039,2.8510750708700288,1.7676595198997604,2.0694578502278858,2.8563308077558083,2.821782846992931,1.9665719939185842,2.0,1.754319719756189,-0.8305509152804162,1.0,1.0,1.568325486612574,-0.17875634135991642,1.3246637114510442,1.8906606451068881,1.0,1.0,-0.17371125735715445,0.0,1.0,1.0,2.0,1.0,1.0,17.0,3.0,17.0,3.0,6.0,-0.43540296064375655,-0.4595693377163863,4.0,509.0,0.77685263243503,0.005398092870962934,-0.5527606075094433,9.52266359254853,-2.6148160574184507,15.979894663046455,-0.6536501261561923,-0.4935687740652705,-2.6444326300115826,0.1059330120590812,0.5270499582145962,-0.5858364744360111,True,True,-0.4964295890438406,0.0,-1.290408425700347,0.2961169208672514,0.42753112579140873,3.0,0.21566078398034397,3.0,-2.7441578958130726,-3.1231664183255843,-0.9770326792229089,1.3515105112936008,1.7900182905577835,0.03603923160159224,0.4801375847510896,-0.2153796934043952,0.6718894642705345,0.9314080534843665,1.4866892551394297,0.06729731279251883,0.5736493259391034,1.851258112125142,2.0396179129900336,0.01770289105735881,-0.12538775237342065,0.6714052922866732,-0.1131055868987717,0.34741749892030555,0.8867900566854492,0.33897582716888985,0.9590143076472947,0.39468937284936984,0.7268693779646617,0.3430812996063786,-0.260699477067601,0.9769026914558236,0.08300377961314157,1.0613578382766378,0.5897425467415831,0.0,0.0,0.0,3.0,0.0,0.0,0.0,0.0,0.0,1.6353858570039228,2.843824519598102,2.873338712567039,2.8510750708700288,1.7676595198997604,2.0694578502278858,2.8563308077558083,2.821782846992931,1.9665719939185842,2.0,1.754319719756189,-0.8305509152804162,1.0,1.0,1.568325486612574,-0.17875634135991642,1.3246637114510442,1.8906606451068881,1.0,1.0,-0.17371125735715445,0.0,1.0,1.0,2.0,1.0,1.0,17.0,3.0,17.0,3.0,6.0,-0.43540296064375655,-0.4595693377163863,4.0,509.0,0.77685263243503,0.005398092870962934,-0.5527606075094433,9.52266359254853,-2.6148160574184507,15.979894663046455,-0.6536501261561923,-0.4935687740652705,-2.6444326300115826,0.1059330120590812,0.5270499582145962,-0.5858364744360111,0
142213,0.96310425,0.3508312,0.14,0.03356392623053241,0.2479543987037883,-0.7707497116447652,0.0,-1.7596847602918233,0.27289445458734296,0.6089379116884871,4.0,0.2662279086227704,2.0,-2.72096265260758,-2.8534576884879206,-0.7432044845760161,-0.10602332833209882,-0.07686702370577352,-0.057556443087173045,-0.06218549279411169,-0.23576983439681373,-0.10277191090393369,-0.07595804858199989,-0.017086218203910635,-0.258989875791897,-0.029173165329365345,-0.09779572536095343,-0.055818396009856955,-0.21300441450394764,-0.24732666924929572,0.5912934462288123,-0.014898982423870949,0.04862117541212055,0.6373765615831878,0.6284209150816051,0.6866770132843073,0.011829363889100265,-0.04638505482942494,0.5702000886836011,0.00573278557659168,0.7211509599798461,0.5153854393420697,0.5085275097685842,0.5928284366553257,0.0,0.0,0.0,3.0,0.0,0.0,0.0,0.0,0.0,1.7233645005617604,0.6808609604574751,-0.4099380597095363,-0.34640999033506487,1.7605610328147931,1.7599674291199396,-0.38231105964125056,-0.39863313858497507,1.7540374264556617,2.0,1.8178997390004066,-0.3939399657784409,2.0,2.0,1.9135148407745413,-0.25343965956411574,1.6013432521906137,1.6335006034550439,2.0,2.0,-0.3302988801035756,0.0,1.0,1.0,2.0,2.0,2.0,15.0,3.0,15.0,3.0,6.0,-0.37798879766162025,-0.3778157369359207,4.0,625.0,-0.059562108277591654,-1.0902708988936765,-1.0037992196782222,9.506023299559159,-2.6725161043477432,15.853974487279313,-0.509408635565934,-0.11524862469939987,-2.1501588255138597,0.10050668333058875,0.5346557696422255,-0.6544854361189284,True,True,-0.7707497116447652,0.0,-1.7596847602918233,0.27289445458734296,0.6089379116884871,4.0,0.2662279086227704,2.0,-2.72096265260758,-2.8534576884879206,-0.7432044845760161,-0.10602332833209882,-0.07686702370577352,-0.057556443087173045,-0.06218549279411169,-0.23576983439681373,-0.10277191090393369,-0.07595804858199989,-0.017086218203910635,-0.258989875791897,-0.029173165329365345,-0.09779572536095343,-0.055818396009856955,-0.21300441450394764,-0.24732666924929572,0.5912934462288123,-0.014898982423870949,0.04862117541212055,0.6373765615831878,0.6284209150816051,0.6866770132843073,0.011829363889100265,-0.04638505482942494,0.5702000886836011,0.00573278557659168,0.7211509599798461,0.5153854393420697,0.5085275097685842,0.5928284366553257,0.0,0.0,0.0,3.0,0.0,0.0,0.0,0.0,0.0,1.7233645005617604,0.6808609604574751,-0.4099380597095363,-0.34640999033506487,1.7605610328147931,1.7599674291199396,-0.38231105964125056,-0.39863313858497507,1.7540374264556617,2.0,1.8178997390004066,-0.3939399657784409,2.0,2.0,1.9135148407745413,-0.25343965956411574,1.6013432521906137,1.6335006034550439,2.0,2.0,-0.3302988801035756,0.0,1.0,1.0,2.0,2.0,2.0,15.0,3.0,15.0,3.0,6.0,-0.37798879766162025,-0.3778157369359207,4.0,625.0,-0.059562108277591654,-1.0902708988936765,-1.0037992196782222,9.506023299559159,-2.6725161043477432,15.853974487279313,-0.509408635565934,-0.11524862469939987,-2.1501588255138597,0.10050668333058875,0.5346557696422255,-0.6544854361189284,0
338208,0.9093757,0.42927706,0.060000000000000005,0.00771172199313132,0.05994703216639948,1.699430687987533,4.0,-1.465388481110155,0.6432262824165824,-0.025583044390916968,4.0,0.054786118994287605,3.0,0.3939088758270388,0.35058557602042356,0.9386896945489461,-0.08177605445103298,-0.0741868944311352,-0.02994131065923656,-0.06099230837132132,-0.13858708130879543,-0.08686060406406743,-0.046333155618465884,-0.05929426889189911,-0.21823997800372263,-0.06676685750548159,-0.0969761133810482,-0.04507117516255293,-0.21979758503069385,-0.1495748048189147,0.8594368272360005,0.8622817021874467,0.5462813226923384,0.5959996316551807,0.5428291539225472,6.402561588418776e-05,-0.007900504813211601,-0.006922320853719618,0.7699677573298213,0.810536077003774,-8.854039299077389e-05,0.0024998626228224796,-0.006548361202893503,0.7474362894206414,2.0,2.0,2.0,0.0,0.0,2.0,1.0,1.0,2.0,-0.5713807021750584,-0.40185239606700607,-0.36305431312681574,-0.36194873183255305,-0.5463164992207121,-0.5547299307382128,-0.38454399682460516,-0.3742621899439648,-0.5666965938454134,0.0,-0.5339860823497056,-0.4021661902841627,0.0,0.0,-0.5584446706774177,-0.29224494581860944,-0.5695815190426109,-0.5586540267069495,0.0,0.0,-0.39035060415298445,0.0,0.0,0.0,0.0,0.0,0.0,15.0,3.0,25.0,0.0,6.0,-0.3683188705638264,-0.3770427442358238,23.0,517.0,0.4703968578859035,-1.8169155261910184,-0.5160051154452058,-7.533467299020991,1.2019578972440972,-0.5045888128984346,-0.06084239819057024,0.22338813277136937,2.2959292862160585,0.434221268564369,1.766869249185462,1.5048862986622842,True,True,1.699430687987533,4.0,-1.465388481110155,0.6432262824165824,-0.025583044390916968,4.0,0.054786118994287605,3.0,0.3939088758270388,0.35058557602042356,0.9386896945489461,-0.08177605445103298,-0.0741868944311352,-0.02994131065923656,-0.06099230837132132,-0.13858708130879543,-0.08686060406406743,-0.046333155618465884,-0.05929426889189911,-0.21823997800372263,-0.06676685750548159,-0.0969761133810482,-0.04507117516255293,-0.21979758503069385,-0.1495748048189147,0.8594368272360005,0.8622817021874467,0.5462813226923384,0.5959996316551807,0.5428291539225472,6.402561588418776e-05,-0.007900504813211601,-0.006922320853719618,0.7699677573298213,0.810536077003774,-8.854039299077389e-05,0.0024998626228224796,-0.006548361202893503,0.7474362894206414,2.0,2.0,2.0,0.0,0.0,2.0,1.0,1.0,2.0,-0.5713807021750584,-0.40185239606700607,-0.36305431312681574,-0.36194873183255305,-0.5463164992207121,-0.5547299307382128,-0.38454399682460516,-0.3742621899439648,-0.5666965938454134,0.0,-0.5339860823497056,-0.4021661902841627,0.0,0.0,-0.5584446706774177,-0.29224494581860944,-0.5695815190426109,-0.5586540267069495,0.0,0.0,-0.39035060415298445,0.0,0.0,0.0,0.0,0.0,0.0,15.0,3.0,25.0,0.0,6.0,-0.3683188705638264,-0.3770427442358238,23.0,517.0,0.4703968578859035,-1.8169155261910184,-0.5160051154452058,-7.533467299020991,1.2019578972440972,-0.5045888128984346,-0.06084239819057024,0.22338813277136937,2.2959292862160585,0.434221268564369,1.766869249185462,1.5048862986622842,0
241858,0.7462993,0.07317473,0.08,0.011477469205752985,0.0918759234681329,-0.501962468958201,1.0,1.2842997400309162,0.886364380298116,0.002972700110867499,3.0,0.29644019361309754,3.0,0.2882435940571198,0.36680381552799635,-0.7401442869714996,-0.08479273649912182,-0.08282924030407315,-0.03969213486683414,-0.06331262499457703,-0.2046940448133317,-0.10139383384310184,-0.05512867385904817,-0.03658774466522342,-0.2673785693883271,-0.040679395745995196,-0.08926868580179002,-0.04852460837926165,-0.26288195223216343,-0.14752564398766724,0.6290565673708196,-7.872944235939557e-05,-0.01796147994636829,-0.010238661757388492,0.0018810050860428276,0.022944462372823406,-0.0008441715080702879,-0.0015029011663975403,0.0020820979061735388,-0.037485247987005026,-0.005414556757046694,0.012476351783245925,0.01221876748489549,-0.003951610211723673,0.0,0.0,0.0,0.0,0.0,0.0,0.0,0.0,0.0,1.768432950905463,0.8938795996841131,-0.36213489570257473,-0.3740170199391397,1.7962967630651883,1.815259895870871,-0.36757304373783145,-0.3853731427462702,1.7620660150448006,2.0,1.9193599842611473,2.4028368354265965,2.0,2.0,1.7233096930368534,-0.28663565113504313,2.1074879808682487,1.452027944833883,2.0,2.0,2.558101080900953,4.0,2.0,1.0,2.0,2.0,1.0,43.0,3.0,44.0,3.0,3.0,2.0117087866698578,2.502816666069136,4.0,1090.0,-1.065878261119184,0.2702959749116441,-0.761118723548869,31.18426637970897,-1.1870587522112115,-5.3875078701444234,1.168090808658699,0.09099257712841242,0.9772664342391908,-0.12356812634913805,-0.16665818250965891,-0.4876165526172243,True,True,-0.501962468958201,1.0,1.2842997400309162,0.886364380298116,0.002972700110867499,3.0,0.29644019361309754,3.0,0.2882435940571198,0.36680381552799635,-0.7401442869714996,-0.08479273649912182,-0.08282924030407315,-0.03969213486683414,-0.06331262499457703,-0.2046940448133317,-0.10139383384310184,-0.05512867385904817,-0.03658774466522342,-0.2673785693883271,-0.040679395745995196,-0.08926868580179002,-0.04852460837926165,-0.26288195223216343,-0.14752564398766724,0.6290565673708196,-7.872944235939557e-05,-0.01796147994636829,-0.010238661757388492,0.0018810050860428276,0.022944462372823406,-0.0008441715080702879,-0.0015029011663975403,0.0020820979061735388,-0.037485247987005026,-0.005414556757046694,0.012476351783245925,0.01221876748489549,-0.003951610211723673,0.0,0.0,0.0,0.0,0.0,0.0,0.0,0.0,0.0,1.768432950905463,0.8938795996841131,-0.36213489570257473,-0.3740170199391397,1.7962967630651883,1.815259895870871,-0.36757304373783145,-0.3853731427462702,1.7620660150448006,2.0,1.9193599842611473,2.4028368354265965,2.0,2.0,1.7233096930368534,-0.28663565113504313,2.1074879808682487,1.452027944833883,2.0,2.0,2.558101080900953,4.0,2.0,1.0,2.0,2.0,1.0,43.0,3.0,44.0,3.0,3.0,2.0117087866698578,2.502816666069136,4.0,1090.0,-1.065878261119184,0.2702959749116441,-0.761118723548869,31.18426637970897,-1.1870587522112115,-5.3875078701444234,1.168090808658699,0.09099257712841242,0.9772664342391908,-0.12356812634913805,-0.16665818250965891,-0.4876165526172243,0
264756,0.83146113,0.48251167,0.13,0.028378895023486856,0.24317997255130175,1.1414712094556905,2.0,-1.1241749291678491,-0.4909267242446226,0.011674917428396615,4.0,0.027534168325209378,3.0,0.14702087360500285,0.38379073930511315,-0.7085710633239104,-0.1228206263267449,-0.11925772280445723,-0.016231080937675772,-0.05530779340826287,-0.1782897519719786,-0.1347456072173687,-0.08444962918717377,-0.028840876492673206,-0.27526718244940407,-0.026523776436296248,-0.09245575466758757,-0.04892461499278068,-0.27404207198445596,-0.14676781381752227,0.6048700213307153,0.019079034094469413,0.04741401327370944,0.018772194026744897,-0.044371091605660586,-0.03306324158349972,0.5424943062309606,1.0862869170211933,-0.05639090203970417,-0.030995242779802985,-0.02801242681694601,-0.01309803534676951,0.003921204015319564,-0.010253613786701837,0.0,0.0,0.0,0.0,0.0,0.0,0.0,0.0,0.0,1.6205933611574483,0.42015554986714354,2.798953309069223,2.7901457870082824,1.8166131481856618,1.7668701112391036,2.6209304733915215,2.589615186838561,1.7852632604022922,2.0,1.8551046747815412,1.8370747159330105,1.0,1.0,1.7389106565993757,3.4530795546061372,2.0854318557900346,2.054485092052077,1.0,1.0,2.5476384663455014,3.0,2.0,1.0,2.0,1.0,1.0,1.0,3.0,22.0,3.0,3.0,2.0826109468642713,2.1701261212568332,25.0,1090.0,-0.6260232036604291,-0.5046868858870771,-0.7503546212361855,31.15367192947632,-1.218885122169768,-5.439668067278946,1.1352946815610827,0.0619673007395601,1.003963004435032,-0.08861963883159825,-0.20006997441209054,-0.5663802054498509,True,True,1.1414712094556905,2.0,-1.1241749291678491,-0.4909267242446226,0.011674917428396615,4.0,0.027534168325209378,3.0,0.14702087360500285,0.38379073930511315,-0.7085710633239104,-0.1228206263267449,-0.11925772280445723,-0.016231080937675772,-0.05530779340826287,-0.1782897519719786,-0.1347456072173687,-0.08444962918717377,-0.028840876492673206,-0.27526718244940407,-0.026523776436296248,-0.09245575466758757,-0.04892461499278068,-0.27404207198445596,-0.14676781381752227,0.6048700213307153,0.019079034094469413,0.04741401327370944,0.018772194026744897,-0.044371091605660586,-0.03306324158349972,0.5424943062309606,1.0862869170211933,-0.05639090203970417,-0.030995242779802985,-0.02801242681694601,-0.01309803534676951,0.003921204015319564,-0.010253613786701837,0.0,0.0,0.0,0.0,0.0,0.0,0.0,0.0,0.0,1.6205933611574483,0.42015554986714354,2.798953309069223,2.7901457870082824,1.8166131481856618,1.7668701112391036,2.6209304733915215,2.589615186838561,1.7852632604022922,2.0,1.8551046747815412,1.8370747159330105,1.0,1.0,1.7389106565993757,3.4530795546061372,2.0854318557900346,2.054485092052077,1.0,1.0,2.5476384663455014,3.0,2.0,1.0,2.0,1.0,1.0,1.0,3.0,22.0,3.0,3.0,2.0826109468642713,2.1701261212568332,25.0,1090.0,-0.6260232036604291,-0.5046868858870771,-0.7503546212361855,31.15367192947632,-1.218885122169768,-5.439668067278946,1.1352946815610827,0.0619673007395601,1.003963004435032,-0.08861963883159825,-0.20006997441209054,-0.5663802054498509,0
194654,0.9778367,0.2939262,0.09999999999999999,0.01672075323499393,0.14653754130564192,0.730063497956883,2.0,-0.8103055027137079,1.072592280470467,-0.046318315672757154,4.0,0.3312018290870371,2.0,0.21347070234416607,0.34838102836316226,-0.7317368295050984,-0.09629537126434962,-0.045891030293464995,-0.026651502149879307,-0.011214270506011446,-0.21052147067833216,-0.05510762153484407,-0.03783832352708442,-0.003990884854132567,-0.26129305815510195,-0.023790544792755837,-0.039864285882986815,-0.037848059178482135,-0.28185946502483783,-0.19909801211064906,0.6233121529945135,0.011324351785739019,-0.011650198954082718,-0.0037231058067130397,-0.03013702418997153,-0.008081815177104995,0.8110879685054728,0.9764046288369542,-0.0071989886769732,-0.002960259000676588,0.008414269321179757,-0.008536497922265731,-0.014783554583316408,-0.0012896787754702957,0.0,0.0,0.0,0.0,0.0,0.0,0.0,0.0,0.0,1.702586455186192,1.3549933317453202,-0.36242036942751404,-0.33628286094793247,1.7799059236810668,1.8162016010789521,2.6211692374086417,2.614640494281927,1.7744864142443213,2.0,1.9166369910849623,-0.4308810971283886,3.0,0.0,1.7630285075354266,3.4526009876846735,1.5600928548183686,1.451420059606657,1.0,1.0,-0.3995320492765456,0.0,1.0,1.0,1.0,2.0,1.0,17.0,3.0,18.0,3.0,6.0,-0.3800971915937355,-0.36846275949265656,13.0,575.0,1.4525782641948375,0.4230293452138236,-1.0368809359358127,26.358448842942202,5.15043392121325,-9.941253720399553,-1.8018425230912338,-0.37395053505896236,2.0823462654504534,-0.7317971949610553,-3.251340712630959,-0.461120117688977,True,True,0.730063497956883,2.0,-0.8103055027137079,1.072592280470467,-0.046318315672757154,4.0,0.3312018290870371,2.0,0.21347070234416607,0.34838102836316226,-0.7317368295050984,-0.09629537126434962,-0.045891030293464995,-0.026651502149879307,-0.011214270506011446,-0.21052147067833216,-0.05510762153484407,-0.03783832352708442,-0.003990884854132567,-0.26129305815510195,-0.023790544792755837,-0.039864285882986815,-0.037848059178482135,-0.28185946502483783,-0.19909801211064906,0.6233121529945135,0.011324351785739019,-0.011650198954082718,-0.0037231058067130397,-0.03013702418997153,-0.008081815177104995,0.8110879685054728,0.9764046288369542,-0.0071989886769732,-0.002960259000676588,0.008414269321179757,-0.008536497922265731,-0.014783554583316408,-0.0012896787754702957,0.0,0.0,0.0,0.0,0.0,0.0,0.0,0.0,0.0,1.702586455186192,1.3549933317453202,-0.36242036942751404,-0.33628286094793247,1.7799059236810668,1.8162016010789521,2.6211692374086417,2.614640494281927,1.7744864142443213,2.0,1.9166369910849623,-0.4308810971283886,3.0,0.0,1.7630285075354266,3.4526009876846735,1.5600928548183686,1.451420059606657,1.0,1.0,-0.3995320492765456,0.0,1.0,1.0,1.0,2.0,1.0,17.0,3.0,18.0,3.0,6.0,-0.3800971915937355,-0.36846275949265656,13.0,575.0,1.4525782641948375,0.4230293452138236,-1.0368809359358127,26.358448842942202,5.15043392121325,-9.941253720399553,-1.8018425230912338,-0.37395053505896236,2.0823462654504534,-0.7317971949610553,-3.251340712630959,-0.461120117688977,0
532316,0.9713336,0.42707536,0.060000000000000005,0.00771172199313132,0.06417902330138958,-0.02137535373348386,0.0,-0.8261681159503406,0.28422853860364294,0.5749691634040376,3.0,0.29731740056649036,3.0,-2.7355986874987965,-2.80309418544711,-0.7460361582119435,-0.09355156113355599,-0.10225241421514875,-0.043514289372380895,-0.04866569239797464,-0.21188334931947772,-0.11659549822230739,-0.022985260426874817,-0.04256344838147938,-0.27383992070808705,-0.046259545167431575,-0.11110181895121506,-0.04898729335297687,-0.2566991177937228,-0.16141668913105528,0.6068943103028329,0.009709183285353846,-0.00023867830198984053,0.5289825067332145,0.5460330650873717,0.5495591865935127,0.37503265231888844,0.9923335475241385,0.5439373290931029,0.01583976616373766,0.6108914330554397,0.555824314317441,0.5173971548002251,0.5441910788925706,0.0,0.0,0.0,3.0,0.0,0.0,0.0,0.0,0.0,1.7413895225000553,3.4328959132518357,2.7940218648348067,2.7872765329823697,1.8142319568660217,1.8192642369198788,2.6035134517450382,2.6128321628879414,1.775658086226714,2.0,1.9402717370217821,-0.39603995393481956,1.0,1.0,1.8555797911835556,-0.30456593361633105,1.6206144448704742,1.6420815206188262,1.0,1.0,-0.38645897809087415,0.0,1.0,1.0,2.0,1.0,2.0,15.0,3.0,15.0,3.0,6.0,-0.35704203185445627,-0.3662231095895674,4.0,694.0,-1.0776840494507611,-1.4243089825263953,-0.013159414016858209,9.554733620633183,-2.564837564219341,15.903063085681005,-0.5781203203024765,-0.13020654007539448,-2.181786806927045,0.13719360353608992,0.589652861157708,-0.5380010806673259,True,True,-0.02137535373348386,0.0,-0.8261681159503406,0.28422853860364294,0.5749691634040376,3.0,0.29731740056649036,3.0,-2.7355986874987965,-2.80309418544711,-0.7460361582119435,-0.09355156113355599,-0.10225241421514875,-0.043514289372380895,-0.04866569239797464,-0.21188334931947772,-0.11659549822230739,-0.022985260426874817,-0.04256344838147938,-0.27383992070808705,-0.046259545167431575,-0.11110181895121506,-0.04898729335297687,-0.2566991177937228,-0.16141668913105528,0.6068943103028329,0.009709183285353846,-0.00023867830198984053,0.5289825067332145,0.5460330650873717,0.5495591865935127,0.37503265231888844,0.9923335475241385,0.5439373290931029,0.01583976616373766,0.6108914330554397,0.555824314317441,0.5173971548002251,0.5441910788925706,0.0,0.0,0.0,3.0,0.0,0.0,0.0,0.0,0.0,1.7413895225000553,3.4328959132518357,2.7940218648348067,2.7872765329823697,1.8142319568660217,1.8192642369198788,2.6035134517450382,2.6128321628879414,1.775658086226714,2.0,1.9402717370217821,-0.39603995393481956,1.0,1.0,1.8555797911835556,-0.30456593361633105,1.6206144448704742,1.6420815206188262,1.0,1.0,-0.38645897809087415,0.0,1.0,1.0,2.0,1.0,2.0,15.0,3.0,15.0,3.0,6.0,-0.35704203185445627,-0.3662231095895674,4.0,694.0,-1.0776840494507611,-1.4243089825263953,-0.013159414016858209,9.554733620633183,-2.564837564219341,15.903063085681005,-0.5781203203024765,-0.13020654007539448,-2.181786806927045,0.13719360353608992,0.589652861157708,-0.5380010806673259,0
379964,0.9306685,0.35236004,0.060000000000000005,0.00771172199313132,0.05755956324799036,0.4171584713010422,4.0,0.8520291316094722,-0.19676489147352128,-0.012881114065609763,4.0,0.038286480063090295,3.0,0.46398400727104666,0.3571658031160861,0.9520622758007241,-0.08826459921106089,-0.09770022425170037,-0.03175470072499554,-0.06638545962800892,-0.20620952951780822,-0.11255110464210935,-0.04865638054497218,-0.051007228692758366,-0.22709376283382043,-0.059761705459572344,-0.09520256072005973,-0.02844241727450712,-0.23799285888175112,-0.14128783654136248,0.604954378668496,0.6182383315074751,0.5537701454191146,0.5417276035838193,0.5485674907609934,0.0030992176625509165,-0.003032375317013061,0.004655376702640651,0.5475798344189399,0.610037509994269,0.0023271184445355572,0.006575126818334037,-0.0007314413209837731,0.520892926563116,2.0,2.0,2.0,2.0,2.0,1.0,1.0,1.0,2.0,-0.5749528263632377,-0.38525812271312004,-0.36022361026273425,-0.353091164243273,-0.5376208719900017,-0.5584244137566351,-0.3889908717744534,-0.3832423495394047,-0.5625577014116253,0.0,-0.5265548918045717,-0.4084997111164666,0.0,0.0,-0.5627210018815858,-0.2890607633184064,-0.5674258050325991,-0.5453806234557913,0.0,0.0,-0.39263070741288775,0.0,0.0,0.0,0.0,0.0,0.0,0.0,3.0,25.0,0.0,6.0,-0.38085981698314975,-0.3656592927920209,23.0,517.0,0.46794439353074213,-1.819215189400174,-0.5130162172945996,-7.511691674338874,0.885588895838239,-0.5115499648390055,-0.05871976006059747,0.1592684807194732,2.3207090307406255,0.7117473354424105,1.0524618406631505,-0.515251923806571,True,True,0.4171584713010422,4.0,0.8520291316094722,-0.19676489147352128,-0.012881114065609763,4.0,0.038286480063090295,3.0,0.46398400727104666,0.3571658031160861,0.9520622758007241,-0.08826459921106089,-0.09770022425170037,-0.03175470072499554,-0.06638545962800892,-0.20620952951780822,-0.11255110464210935,-0.04865638054497218,-0.051007228692758366,-0.22709376283382043,-0.059761705459572344,-0.09520256072005973,-0.02844241727450712,-0.23799285888175112,-0.14128783654136248,0.604954378668496,0.6182383315074751,0.5537701454191146,0.5417276035838193,0.5485674907609934,0.0030992176625509165,-0.003032375317013061,0.004655376702640651,0.5475798344189399,0.610037509994269,0.0023271184445355572,0.006575126818334037,-0.0007314413209837731,0.520892926563116,2.0,2.0,2.0,2.0,2.0,1.0,1.0,1.0,2.0,-0.5749528263632377,-0.38525812271312004,-0.36022361026273425,-0.353091164243273,-0.5376208719900017,-0.5584244137566351,-0.3889908717744534,-0.3832423495394047,-0.5625577014116253,0.0,-0.5265548918045717,-0.4084997111164666,0.0,0.0,-0.5627210018815858,-0.2890607633184064,-0.5674258050325991,-0.5453806234557913,0.0,0.0,-0.39263070741288775,0.0,0.0,0.0,0.0,0.0,0.0,0.0,3.0,25.0,0.0,6.0,-0.38085981698314975,-0.3656592927920209,23.0,517.0,0.46794439353074213,-1.819215189400174,-0.5130162172945996,-7.511691674338874,0.885588895838239,-0.5115499648390055,-0.05871976006059747,0.1592684807194732,2.3207090307406255,0.7117473354424105,1.0524618406631505,-0.515251923806571,0
495769,0.9361732,0.05573319,0.12,0.02389616287845446,0.21653020255999922,0.7422767680172124,1.0,1.5539417638759994,-0.7599669163057673,-0.008103331263290117,4.0,0.31829256674785533,2.0,0.3645218386300312,0.29450874591100995,-0.7877790650499719,-0.1080872626040838,-0.015708431369772888,-0.034406789591141476,-0.024102048937326852,-0.2800057042539258,-0.12807574369668528,-0.06205206332933588,-0.02287252867624926,-0.2635674648305011,-0.015021491393972929,-0.11204674048550996,-0.05011213709593144,-0.23340312615728376,-0.18653620098460644,0.5971429123737121,-0.011169026696484561,0.002459217768312096,-0.04799732358010992,0.03992434732020383,0.04240945810345247,0.41711617103939896,1.0313689568473112,-0.02411396121487175,-0.022685856100762052,-0.02404461053700677,-0.026063115725512315,0.5884351465561877,0.573981692527578,0.0,0.0,0.0,0.0,0.0,0.0,0.0,0.0,0.0,1.7661444153053387,0.49977827817763526,2.771459336469611,2.8197126943486475,1.8292736065781705,1.7998110863985417,2.652971796116854,2.6006872768415863,1.7771554920168084,2.0,1.9114212732028772,1.9334641624973339,1.0,1.0,1.6996723577214616,3.4301522958754345,1.7112112726105262,1.4669421671632263,1.0,1.0,2.560066983181631,4.0,2.0,1.0,2.0,2.0,1.0,43.0,3.0,44.0,3.0,3.0,2.1028712680684096,2.143356831477926,8.0,1090.0,-0.5433818538923372,0.8226091403248277,-0.038503056197033134,27.643633566985322,-1.6936900099900372,-1.4589810809672483,1.1757682490678119,0.07301821130265175,2.4153495653446893,0.9193685929820506,2.62155171804036,-0.7585803004721463,True,True,0.7422767680172124,1.0,1.5539417638759994,-0.7599669163057673,-0.008103331263290117,4.0,0.31829256674785533,2.0,0.3645218386300312,0.29450874591100995,-0.7877790650499719,-0.1080872626040838,-0.015708431369772888,-0.034406789591141476,-0.024102048937326852,-0.2800057042539258,-0.12807574369668528,-0.06205206332933588,-0.02287252867624926,-0.2635674648305011,-0.015021491393972929,-0.11204674048550996,-0.05011213709593144,-0.23340312615728376,-0.18653620098460644,0.5971429123737121,-0.011169026696484561,0.002459217768312096,-0.04799732358010992,0.03992434732020383,0.04240945810345247,0.41711617103939896,1.0313689568473112,-0.02411396121487175,-0.022685856100762052,-0.02404461053700677,-0.026063115725512315,0.5884351465561877,0.573981692527578,0.0,0.0,0.0,0.0,0.0,0.0,0.0,0.0,0.0,1.7661444153053387,0.49977827817763526,2.771459336469611,2.8197126943486475,1.8292736065781705,1.7998110863985417,2.652971796116854,2.6006872768415863,1.7771554920168084,2.0,1.9114212732028772,1.9334641624973339,1.0,1.0,1.6996723577214616,3.4301522958754345,1.7112112726105262,1.4669421671632263,1.0,1.0,2.560066983181631,4.0,2.0,1.0,2.0,2.0,1.0,43.0,3.0,44.0,3.0,3.0,2.1028712680684096,2.143356831477926,8.0,1090.0,-0.5433818538923372,0.8226091403248277,-0.038503056197033134,27.643633566985322,-1.6936900099900372,-1.4589810809672483,1.1757682490678119,0.07301821130265175,2.4153495653446893,0.9193685929820506,2.62155171804036,-0.7585803004721463,0
499675,0.8261019,0.15288332,0.060000000000000005,0.00771172199313132,0.06834947330554667,-0.1600332589685421,0.0,-1.2254311591659444,-0.9195243197276102,0.5548804998997756,4.0,0.3290578111648703,2.0,-2.7322928561750377,-2.79973754461318,-0.7572405863756634,-0.10318176419592741,-0.09444747344245848,-0.041768431891232805,-0.03732991893114666,-0.20523516663298663,-0.11406647346368293,-0.01873987957888112,-0.030795080358738514,-0.27708228424602627,-0.0579128893810403,-0.09459369216139848,-0.047055898313755215,-0.22512165975955417,-0.1422664214095305,0.605810342748021,0.606045950303226,0.5553363187469436,0.5277490230109037,0.540909662790003,0.5353785173375337,0.011553068728245514,0.00416379789121012,0.5486837863282975,-0.0008192336918561993,0.6091713484269199,0.5429182505918076,0.003240433301601872,0.5255597758638745,0.0,0.0,0.0,3.0,0.0,0.0,0.0,0.0,0.0,1.7221574769695398,1.153235840753343,-0.35564790118012174,-0.3603041181520505,1.7759650789156034,1.739661903459109,-0.40111209876169623,-0.37935936593566416,1.784027000902682,2.0,1.9193720071773843,-0.39105504383548145,3.0,0.0,1.8402760040515773,3.4407901183173233,1.8752219527628702,2.075798567153977,2.0,2.0,-0.3921754463039927,0.0,1.0,1.0,1.0,1.0,2.0,15.0,3.0,15.0,3.0,6.0,-0.37076250974642516,-0.35598854588855805,0.0,333.0,-0.04585327398390986,1.2227688283231284,-0.019337332445465427,2.830770463971881,-0.6205571576047623,9.731896532745461,-0.8966641075678368,0.2637072260618378,-1.2073614986213108,-0.46154569673438917,-3.1408988531588067,-1.9107128411868084,True,True,-0.1600332589685421,0.0,-1.2254311591659444,-0.9195243197276102,0.5548804998997756,4.0,0.3290578111648703,2.0,-2.7322928561750377,-2.79973754461318,-0.7572405863756634,-0.10318176419592741,-0.09444747344245848,-0.041768431891232805,-0.03732991893114666,-0.20523516663298663,-0.11406647346368293,-0.01873987957888112,-0.030795080358738514,-0.27708228424602627,-0.0579128893810403,-0.09459369216139848,-0.047055898313755215,-0.22512165975955417,-0.1422664214095305,0.605810342748021,0.606045950303226,0.5553363187469436,0.5277490230109037,0.540909662790003,0.5353785173375337,0.011553068728245514,0.00416379789121012,0.5486837863282975,-0.0008192336918561993,0.6091713484269199,0.5429182505918076,0.003240433301601872,0.5255597758638745,0.0,0.0,0.0,3.0,0.0,0.0,0.0,0.0,0.0,1.7221574769695398,1.153235840753343,-0.35564790118012174,-0.3603041181520505,1.7759650789156034,1.739661903459109,-0.40111209876169623,-0.37935936593566416,1.784027000902682,2.0,1.9193720071773843,-0.39105504383548145,3.0,0.0,1.8402760040515773,3.4407901183173233,1.8752219527628702,2.075798567153977,2.0,2.0,-0.3921754463039927,0.0,1.0,1.0,1.0,1.0,2.0,15.0,3.0,15.0,3.0,6.0,-0.37076250974642516,-0.35598854588855805,0.0,333.0,-0.04585327398390986,1.2227688283231284,-0.019337332445465427,2.830770463971881,-0.6205571576047623,9.731896532745461,-0.8966641075678368,0.2637072260618378,-1.2073614986213108,-0.46154569673438917,-3.1408988531588067,-1.9107128411868084,0
300618,0.9775708,0.35479853,0.14,0.03356392623053241,0.2613578057632862,1.9371001097643352,4.0,-0.09655683749935606,-0.6426209539491956,-0.05696793726661941,4.0,0.31251769561869375,2.0,0.18592713901572774,0.37490753001487764,0.9317197670386161,0.048841635637525374,-0.06893559229864657,-0.003527947045800124,-0.027018975260456282,-0.21184691146234033,-0.0316934338283559,-0.0400776184246858,-0.04705500133602689,0.24168977078398446,-0.06938594570200635,0.015116404822930918,0.022231868031125923,0.3483342015420422,-0.07769464342477879,0.6447114149779938,0.6253951977861962,0.6031174242057532,0.697538061568741,0.5417552585799338,-0.015335037902066237,-0.023198172409001926,-0.014262471700305668,0.6991849549715535,0.7994059325147653,-0.01651718289457448,-0.011841652399233724,-0.03517877959273945,0.7114833968684793,2.0,2.0,2.0,1.0,2.0,2.0,2.0,2.0,2.0,-0.6208609092957248,-0.38808333662629396,-0.382975921796572,-0.34298423234392306,-0.5628074313908147,-0.5779515421739304,-0.3896800511274202,-0.37081646291010617,-0.5684786121361597,0.0,-0.44451882152422983,-0.3367524224675512,0.0,0.0,-0.5528939212102386,-0.27295301550623025,-0.5851200238064553,-0.5190184291545894,0.0,0.0,-0.3838885144566279,0.0,0.0,0.0,0.0,0.0,0.0,43.0,3.0,25.0,0.0,6.0,-0.3452163801428341,-0.4105670086849877,23.0,517.0,-1.5792290868938765,0.7181880650071953,-0.7444192525569923,-7.726858300358476,2.6131020589878124,-0.5524653233511208,-0.5022249223304237,0.9745859933698223,2.329202533727587,1.1382986721317754,2.30020507873673,3.5725144336562358,True,True,1.9371001097643352,4.0,-0.09655683749935606,-0.6426209539491956,-0.05696793726661941,4.0,0.31251769561869375,2.0,0.18592713901572774,0.37490753001487764,0.9317197670386161,0.048841635637525374,-0.06893559229864657,-0.003527947045800124,-0.027018975260456282,-0.21184691146234033,-0.0316934338283559,-0.0400776184246858,-0.04705500133602689,0.24168977078398446,-0.06938594570200635,0.015116404822930918,0.022231868031125923,0.3483342015420422,-0.07769464342477879,0.6447114149779938,0.6253951977861962,0.6031174242057532,0.697538061568741,0.5417552585799338,-0.015335037902066237,-0.023198172409001926,-0.014262471700305668,0.6991849549715535,0.7994059325147653,-0.01651718289457448,-0.011841652399233724,-0.03517877959273945,0.7114833968684793,2.0,2.0,2.0,1.0,2.0,2.0,2.0,2.0,2.0,-0.6208609092957248,-0.38808333662629396,-0.382975921796572,-0.34298423234392306,-0.5628074313908147,-0.5779515421739304,-0.3896800511274202,-0.37081646291010617,-0.5684786121361597,0.0,-0.44451882152422983,-0.3367524224675512,0.0,0.0,-0.5528939212102386,-0.27295301550623025,-0.5851200238064553,-0.5190184291545894,0.0,0.0,-0.3838885144566279,0.0,0.0,0.0,0.0,0.0,0.0,43.0,3.0,25.0,0.0,6.0,-0.3452163801428341,-0.4105670086849877,23.0,517.0,-1.5792290868938765,0.7181880650071953,-0.7444192525569923,-7.726858300358476,2.6131020589878124,-0.5524653233511208,-0.5022249223304237,0.9745859933698223,2.329202533727587,1.1382986721317754,2.30020507873673,3.5725144336562358,0
273096,0.9797586,0.35230643,0.08,0.011477469205752985,0.1091098763856224,-0.453317689812763,0.0,-0.8703047294009899,0.9195224331878274,0.5989535334733691,4.0,-0.47383494921996966,3.0,-2.733730260247848,-2.795586068772532,-0.7574648080052453,-0.07799994467716732,-0.08698514118381352,-0.04398144895226913,-0.05071076604429835,-0.23435165555725201,-0.11150126282943951,-0.008722912296599758,0.007327330735730074,-0.26464897134005433,-0.038470310795636994,-0.10800636100969067,-0.01884169715959969,-0.26025969782809655,-0.1783890829234158,0.6133216402181126,0.011709243889632837,-0.006164996479570252,0.540547564455114,0.5440020046334894,0.5457250064848235,0.014081990718271724,0.0007251770182644441,0.5276358025661744,0.005297647297598159,0.6024122222989919,0.573743141904464,0.6146587665123294,0.5221299323175439,0.0,0.0,0.0,3.0,0.0,0.0,0.0,0.0,0.0,1.7001336176592674,5.151940665491349,-0.3393711310034651,-0.37823017319078445,1.8201420174074965,1.8077552993878565,-0.3872648027971527,-0.3884549075084734,1.776710432098883,2.0,1.8415547839774737,-0.4072874387882576,3.0,0.0,1.8458924497304705,-0.28692902280144694,1.9213103051562306,1.9328636503055048,2.0,2.0,-0.37421961361139566,0.0,1.0,1.0,1.0,1.0,2.0,18.0,3.0,18.0,3.0,6.0,-0.35264850919611856,-0.38737434664343884,22.0,517.0,0.9515105502820493,-1.818370336540774,-0.7537365537180076,9.60259199455332,-2.421367392589514,15.962523140615211,-0.44408044223972054,-0.14392301092441864,-2.1887224571263144,0.10437201812463189,0.6695193589024101,-0.41123872153182217,True,True,-0.453317689812763,0.0,-0.8703047294009899,0.9195224331878274,0.5989535334733691,4.0,-0.47383494921996966,3.0,-2.733730260247848,-2.795586068772532,-0.7574648080052453,-0.07799994467716732,-0.08698514118381352,-0.04398144895226913,-0.05071076604429835,-0.23435165555725201,-0.11150126282943951,-0.008722912296599758,0.007327330735730074,-0.26464897134005433,-0.038470310795636994,-0.10800636100969067,-0.01884169715959969,-0.26025969782809655,-0.1783890829234158,0.6133216402181126,0.011709243889632837,-0.006164996479570252,0.540547564455114,0.5440020046334894,0.5457250064848235,0.014081990718271724,0.0007251770182644441,0.5276358025661744,0.005297647297598159,0.6024122222989919,0.573743141904464,0.6146587665123294,0.5221299323175439,0.0,0.0,0.0,3.0,0.0,0.0,0.0,0.0,0.0,1.7001336176592674,5.151940665491349,-0.3393711310034651,-0.37823017319078445,1.8201420174074965,1.8077552993878565,-0.3872648027971527,-0.3884549075084734,1.776710432098883,2.0,1.8415547839774737,-0.4072874387882576,3.0,0.0,1.8458924497304705,-0.28692902280144694,1.9213103051562306,1.9328636503055048,2.0,2.0,-0.37421961361139566,0.0,1.0,1.0,1.0,1.0,2.0,18.0,3.0,18.0,3.0,6.0,-0.35264850919611856,-0.38737434664343884,22.0,517.0,0.9515105502820493,-1.818370336540774,-0.7537365537180076,9.60259199455332,-2.421367392589514,15.962523140615211,-0.44408044223972054,-0.14392301092441864,-2.1887224571263144,0.10437201812463189,0.6695193589024101,-0.41123872153182217,0
389909,0.99348974,0.46191138,0.2,0.08508720268939021,0.6787681102903932,1.424275325086192,2.0,0.6734339866987236,0.9868185713066202,-0.010568325038194222,3.0,0.3244819880532304,3.0,0.022362560464423767,0.4726251292002611,-0.8380731066795917,-0.18506990659570935,0.01282671519252727,0.07659164391868883,-0.15235757946469908,-0.1562300213748361,0.09450836449381794,0.07568464437017407,0.0362453410210578,-0.2987907610875284,0.07372466630518848,0.14105130043495484,-0.06324479212321255,-0.3514594876989665,-0.265556386168903,0.6890037636890064,0.10823097273404263,0.20856647881266058,-0.07398506678930968,0.012343216268195817,0.852189012342765,-0.0052119907932061975,0.15903736522092007,-0.0731563451307057,0.05829187285478312,0.011168403336525357,0.07328740628327716,0.008459523554792231,0.013621319157875565,0.0,0.0,0.0,0.0,0.0,0.0,0.0,0.0,0.0,1.804305367628596,-0.09370482607379366,-0.3808072465282856,-0.2672017175874061,1.818382434217444,1.8590947711052495,-0.3689783353042331,-0.31564926028361817,1.8220879827622711,2.0,1.7853638259341043,2.6195947585568784,2.0,2.0,1.8210394246136552,3.6048929998814385,2.1302409888080662,2.0632993259468257,2.0,2.0,2.4015318069125384,4.0,2.0,1.0,2.0,1.0,1.0,15.0,3.0,15.0,3.0,3.0,2.5998350506493333,2.5764001722232903,10.0,1090.0,-1.5851418854490962,-0.00983777607481438,-0.5775883750995969,31.137546417574914,-1.0954542714339874,-5.4761885747724515,1.147470165422187,0.04469818829419075,0.9730994999417554,-0.020017366937437733,-0.19120153381338112,-0.5385055294607204,True,True,1.424275325086192,2.0,0.6734339866987236,0.9868185713066202,-0.010568325038194222,3.0,0.3244819880532304,3.0,0.022362560464423767,0.4726251292002611,-0.8380731066795917,-0.18506990659570935,0.01282671519252727,0.07659164391868883,-0.15235757946469908,-0.1562300213748361,0.09450836449381794,0.07568464437017407,0.0362453410210578,-0.2987907610875284,0.07372466630518848,0.14105130043495484,-0.06324479212321255,-0.3514594876989665,-0.265556386168903,0.6890037636890064,0.10823097273404263,0.20856647881266058,-0.07398506678930968,0.012343216268195817,0.852189012342765,-0.0052119907932061975,0.15903736522092007,-0.0731563451307057,0.05829187285478312,0.011168403336525357,0.07328740628327716,0.008459523554792231,0.013621319157875565,0.0,0.0,0.0,0.0,0.0,0.0,0.0,0.0,0.0,1.804305367628596,-0.09370482607379366,-0.3808072465282856,-0.2672017175874061,1.818382434217444,1.8590947711052495,-0.3689783353042331,-0.31564926028361817,1.8220879827622711,2.0,1.7853638259341043,2.6195947585568784,2.0,2.0,1.8210394246136552,3.6048929998814385,2.1302409888080662,2.0632993259468257,2.0,2.0,2.4015318069125384,4.0,2.0,1.0,2.0,1.0,1.0,15.0,3.0,15.0,3.0,3.0,2.5998350506493333,2.5764001722232903,10.0,1090.0,-1.5851418854490962,-0.00983777607481438,-0.5775883750995969,31.137546417574914,-1.0954542714339874,-5.4761885747724515,1.147470165422187,0.04469818829419075,0.9730994999417554,-0.020017366937437733,-0.19120153381338112,-0.5385055294607204,0
294743,0.9914364,0.4414004,0.09999999999999999,0.01672075323499393,0.15122670587727427,-0.7715183965333446,0.0,-1.087539190498451,0.1407754685639903,0.5735463807692173,3.0,0.3445552688991898,3.0,-2.732563262804677,-2.819652833557056,-0.7684530389713912,-0.09056910916320693,-0.08154791097092011,-0.05952069937476946,-0.04991969646780768,-0.20822839962416675,-0.13814333008116758,0.00760434098221123,-0.06230988918532878,-0.2640820584227497,-0.021842621073534452,-0.07309889688369013,-0.04725415731731025,-0.23715552297556047,-0.1362569957716227,0.5851226989078311,0.014098488850044636,0.0045411449258315525,0.5475605106411832,0.5377922203704019,0.5481016026710387,0.4004817760406388,0.9983342656932495,0.5235045165763473,0.015174654008432428,0.6578140401393417,-0.00474584546163757,0.5348223302389528,0.5210506763204601,0.0,0.0,0.0,1.0,0.0,0.0,0.0,0.0,0.0,1.736239236703968,0.3189084933022271,2.7678705522663356,2.7964559549518286,1.8045602199764927,1.8242100302343867,2.6039715551831244,2.6073920453697146,1.7586989566395925,2.0,1.8445811011376412,-0.3977431586565977,1.0,1.0,1.8613950854833192,-0.2962417814965913,1.5966970518378503,1.3300211020299388,1.0,1.0,-0.3651312966218818,0.0,1.0,1.0,2.0,1.0,1.0,15.0,3.0,15.0,3.0,6.0,-0.35956295527904625,-0.4060327970861817,25.0,517.0,0.9644938396734516,0.40891450020009706,-0.7586540708309389,9.554130335543258,-2.649827826346493,15.852835524621723,-0.5860467946621923,-0.10898017731959543,-2.196140960063355,0.12162323105433923,0.5799586205454951,-0.566535757291436,True,True,-0.7715183965333446,0.0,-1.087539190498451,0.1407754685639903,0.5735463807692173,3.0,0.3445552688991898,3.0,-2.732563262804677,-2.819652833557056,-0.7684530389713912,-0.09056910916320693,-0.08154791097092011,-0.05952069937476946,-0.04991969646780768,-0.20822839962416675,-0.13814333008116758,0.00760434098221123,-0.06230988918532878,-0.2640820584227497,-0.021842621073534452,-0.07309889688369013,-0.04725415731731025,-0.23715552297556047,-0.1362569957716227,0.5851226989078311,0.014098488850044636,0.0045411449258315525,0.5475605106411832,0.5377922203704019,0.5481016026710387,0.4004817760406388,0.9983342656932495,0.5235045165763473,0.015174654008432428,0.6578140401393417,-0.00474584546163757,0.5348223302389528,0.5210506763204601,0.0,0.0,0.0,1.0,0.0,0.0,0.0,0.0,0.0,1.736239236703968,0.3189084933022271,2.7678705522663356,2.7964559549518286,1.8045602199764927,1.8242100302343867,2.6039715551831244,2.6073920453697146,1.7586989566395925,2.0,1.8445811011376412,-0.3977431586565977,1.0,1.0,1.8613950854833192,-0.2962417814965913,1.5966970518378503,1.3300211020299388,1.0,1.0,-0.3651312966218818,0.0,1.0,1.0,2.0,1.0,1.0,15.0,3.0,15.0,3.0,6.0,-0.35956295527904625,-0.4060327970861817,25.0,517.0,0.9644938396734516,0.40891450020009706,-0.7586540708309389,9.554130335543258,-2.649827826346493,15.852835524621723,-0.5860467946621923,-0.10898017731959543,-2.196140960063355,0.12162323105433923,0.5799586205454951,-0.566535757291436,0
10213,0.9922754,0.16285732,0.25,0.16975275626876413,1.4706169972418917,0.2300019490689616,1.0,-1.4187121911264873,-0.05894553611525061,-0.2844846800799195,2.0,-0.8672374588941462,2.0,0.5178960292880849,-0.1573367405083168,-1.0855228838762614,-0.15681303295859353,-0.12076484958727726,0.057139123803748554,0.017592370381001365,-0.2923340897519062,-0.3974546953622046,-0.06889831368380239,0.0772379675517121,-0.2892355295715795,-0.17264024702371664,-0.15347639412539793,-0.0805741862156934,-0.4837153102845363,-0.19090674405973207,0.9734069901910101,0.15509914974171415,-0.10635769358911572,-0.043811332828596034,0.05704888715331169,0.20757035325445372,0.520012107757956,0.9424727079816488,-0.06639656830976724,-0.2248470755237854,0.11493550457737613,-0.05924698211998882,0.5389801344378339,0.0919745923076542,0.0,0.0,0.0,0.0,0.0,0.0,0.0,0.0,0.0,1.896613674540554,2.4277268288182126,2.7916082154794477,2.6707877503469186,2.063601895557725,1.8282013001843753,2.978683777993013,2.842448430189833,1.5163567680724492,2.0,1.7320572277130943,2.5550782226701445,1.0,1.0,1.8081158888593594,3.487575279199661,1.804061741873989,2.095102490139087,1.0,1.0,2.403342272374922,4.0,2.0,1.0,2.0,2.0,2.0,15.0,3.0,15.0,3.0,0.0,2.364677064973511,2.0926038636197184,4.0,660.0,-1.7808192127109914,0.15542731704481666,1.7775008970721933,31.7094036273444,-0.7912261576984649,-5.454279145932076,1.222800976489055,-0.01997096708303074,1.0541790665747999,-0.1484852701730872,-0.4653508016779987,-0.4448757136142961,True,True,0.2300019490689616,1.0,-1.4187121911264873,-0.05894553611525061,-0.2844846800799195,2.0,-0.8672374588941462,2.0,0.5178960292880849,-0.1573367405083168,-1.0855228838762614,-0.15681303295859353,-0.12076484958727726,0.057139123803748554,0.017592370381001365,-0.2923340897519062,-0.3974546953622046,-0.06889831368380239,0.0772379675517121,-0.2892355295715795,-0.17264024702371664,-0.15347639412539793,-0.0805741862156934,-0.4837153102845363,-0.19090674405973207,0.9734069901910101,0.15509914974171415,-0.10635769358911572,-0.043811332828596034,0.05704888715331169,0.20757035325445372,0.520012107757956,0.9424727079816488,-0.06639656830976724,-0.2248470755237854,0.11493550457737613,-0.05924698211998882,0.5389801344378339,0.0919745923076542,0.0,0.0,0.0,0.0,0.0,0.0,0.0,0.0,0.0,1.896613674540554,2.4277268288182126,2.7916082154794477,2.6707877503469186,2.063601895557725,1.8282013001843753,2.978683777993013,2.842448430189833,1.5163567680724492,2.0,1.7320572277130943,2.5550782226701445,1.0,1.0,1.8081158888593594,3.487575279199661,1.804061741873989,2.095102490139087,1.0,1.0,2.403342272374922,4.0,2.0,1.0,2.0,2.0,2.0,15.0,3.0,15.0,3.0,0.0,2.364677064973511,2.0926038636197184,4.0,660.0,-1.7808192127109914,0.15542731704481666,1.7775008970721933,31.7094036273444,-0.7912261576984649,-5.454279145932076,1.222800976489055,-0.01997096708303074,1.0541790665747999,-0.1484852701730872,-0.4653508016779987,-0.4448757136142961,0
8673,0.8401788,0.4686306,0.11,0.020034599671098444,0.16721590690309518,-0.6125895250906696,4.0,0.15869673489944244,0.9994500625685153,-0.016666335849913887,4.0,0.31208895457983077,2.0,0.1728837840359424,0.3799130311330574,-0.7547241237904864,-0.07192095361396615,-0.07521355059865133,-0.03156925058901686,-0.03318285346862632,-0.21342175620244938,-0.09611067576304788,-0.05703066745300027,-0.0743405003216367,-0.21041031395225362,-0.044180941592045796,-0.10472957997580613,-0.04698927762300818,-0.2444719973207821,-0.1203638659723654,0.6112214980069981,0.6348950052066303,0.5427358828728474,-0.036118253169104386,0.015467648460404364,-0.017312005267918627,-0.0031317466445092497,-0.006022029533087416,0.5537266590563044,-0.015753212240609202,-0.02662271405318154,0.007796079991931458,0.01426239018814633,-0.032287881546490746,0.0,0.0,0.0,1.0,2.0,1.0,0.0,0.0,0.0,-0.5546614453730611,-0.3859490655066711,-0.31971354540082053,-0.35448381944157126,-0.5501865708259555,-0.5901440631907223,-0.35951566943680024,-0.43271003932314883,-0.6063711495992826,0.0,-0.5137695979156859,-0.40437865917050225,0.0,0.0,-0.5537149163679942,-0.2384845773352122,-0.5802013028221232,-0.5555227047537316,0.0,0.0,-0.4067423116264067,0.0,0.0,0.0,0.0,0.0,0.0,18.0,3.0,25.0,0.0,6.0,-0.350656982347781,-0.35979063290039776,23.0,517.0,1.4816409414516531,1.2259356122590126,1.736250194624962,-1.4431691718319535,0.9999473190566533,-7.26860833086925,0.24578805096936654,0.3078786721140285,-8.692202552099056,0.026534323079201283,-4.713166028456933,1.064346585195809,True,True,-0.6125895250906696,4.0,0.15869673489944244,0.9994500625685153,-0.016666335849913887,4.0,0.31208895457983077,2.0,0.1728837840359424,0.3799130311330574,-0.7547241237904864,-0.07192095361396615,-0.07521355059865133,-0.03156925058901686,-0.03318285346862632,-0.21342175620244938,-0.09611067576304788,-0.05703066745300027,-0.0743405003216367,-0.21041031395225362,-0.044180941592045796,-0.10472957997580613,-0.04698927762300818,-0.2444719973207821,-0.1203638659723654,0.6112214980069981,0.6348950052066303,0.5427358828728474,-0.036118253169104386,0.015467648460404364,-0.017312005267918627,-0.0031317466445092497,-0.006022029533087416,0.5537266590563044,-0.015753212240609202,-0.02662271405318154,0.007796079991931458,0.01426239018814633,-0.032287881546490746,0.0,0.0,0.0,1.0,2.0,1.0,0.0,0.0,0.0,-0.5546614453730611,-0.3859490655066711,-0.31971354540082053,-0.35448381944157126,-0.5501865708259555,-0.5901440631907223,-0.35951566943680024,-0.43271003932314883,-0.6063711495992826,0.0,-0.5137695979156859,-0.40437865917050225,0.0,0.0,-0.5537149163679942,-0.2384845773352122,-0.5802013028221232,-0.5555227047537316,0.0,0.0,-0.4067423116264067,0.0,0.0,0.0,0.0,0.0,0.0,18.0,3.0,25.0,0.0,6.0,-0.350656982347781,-0.35979063290039776,23.0,517.0,1.4816409414516531,1.2259356122590126,1.736250194624962,-1.4431691718319535,0.9999473190566533,-7.26860833086925,0.24578805096936654,0.3078786721140285,-8.692202552099056,0.026534323079201283,-4.713166028456933,1.064346585195809,0
440040,0.9951389,0.3571115,0.23,0.12982628505779303,1.1127934467934275,-0.419190311065816,0.0,1.1118878011829052,0.4439386193156874,0.6845137921929043,3.0,-0.49324984563437396,2.0,-2.608676405419827,-2.69986465169829,-0.8295399688774237,-0.17864670832921165,0.31343156471925665,-0.06909771328850395,-0.12661372482540728,-0.41716158093366495,-0.19560563165356112,0.11741495708879326,0.26565017235342214,-0.35211663427494877,-0.01073494482940009,0.017637778961668876,-0.16769594453386197,-0.3398115207716499,-0.06592458800674497,0.5237867399138731,-0.12490178585555929,-0.06317509287114947,-0.08527981421986754,-0.13054173304188765,-0.0250534722191851,0.5045458556918847,0.9265280783465529,0.054982181612148615,-0.14623405893222727,-0.00410713547650472,-0.02042438807416834,0.36465942390847195,-0.1742813093388424,0.0,0.0,0.0,3.0,0.0,0.0,0.0,0.0,0.0,1.7201942692477414,1.3298195799384758,3.0113008834288477,2.8454731248700895,1.8309172838398333,1.9796509868283416,2.7734147313813877,2.6567309449843743,1.8541456071607954,2.0,1.839867085792496,-0.41203620582752876,1.0,1.0,1.6756276777831518,-0.2808532623498017,1.7084190052536377,1.5391014585743628,1.0,1.0,-0.6531024274660766,0.0,1.0,1.0,2.0,1.0,1.0,15.0,3.0,15.0,3.0,6.0,-0.4989396523003169,-0.40685489835175537,4.0,1090.0,-0.23141899141343197,0.8497733091621069,-0.07038309758085359,19.100599631885284,-2.3110783659652845,4.099028932367537,0.47919271906317196,0.36243739321219165,-8.206401840205201,0.011713806402862594,-0.7227125185944356,-2.030089011742435,True,True,-0.419190311065816,0.0,1.1118878011829052,0.4439386193156874,0.6845137921929043,3.0,-0.49324984563437396,2.0,-2.608676405419827,-2.69986465169829,-0.8295399688774237,-0.17864670832921165,0.31343156471925665,-0.06909771328850395,-0.12661372482540728,-0.41716158093366495,-0.19560563165356112,0.11741495708879326,0.26565017235342214,-0.35211663427494877,-0.01073494482940009,0.017637778961668876,-0.16769594453386197,-0.3398115207716499,-0.06592458800674497,0.5237867399138731,-0.12490178585555929,-0.06317509287114947,-0.08527981421986754,-0.13054173304188765,-0.0250534722191851,0.5045458556918847,0.9265280783465529,0.054982181612148615,-0.14623405893222727,-0.00410713547650472,-0.02042438807416834,0.36465942390847195,-0.1742813093388424,0.0,0.0,0.0,3.0,0.0,0.0,0.0,0.0,0.0,1.7201942692477414,1.3298195799384758,3.0113008834288477,2.8454731248700895,1.8309172838398333,1.9796509868283416,2.7734147313813877,2.6567309449843743,1.8541456071607954,2.0,1.839867085792496,-0.41203620582752876,1.0,1.0,1.6756276777831518,-0.2808532623498017,1.7084190052536377,1.5391014585743628,1.0,1.0,-0.6531024274660766,0.0,1.0,1.0,2.0,1.0,1.0,15.0,3.0,15.0,3.0,6.0,-0.4989396523003169,-0.40685489835175537,4.0,1090.0,-0.23141899141343197,0.8497733091621069,-0.07038309758085359,19.100599631885284,-2.3110783659652845,4.099028932367537,0.47919271906317196,0.36243739321219165,-8.206401840205201,0.011713806402862594,-0.7227125185944356,-2.030089011742435,0
473777,0.87847435,0.49591357,0.01,0.0025521382703821843,0.022247078397391137,-0.1929974815720002,4.0,-0.9996637344613062,-0.3229683359856808,-0.005166599773405916,3.0,0.3051316711221315,3.0,0.285923414185725,0.36159836489437996,0.954677208378566,-0.1021316397425533,-0.09206675651517211,-0.034595608514545656,-0.06440704993931927,-0.21925402488142928,-0.09965404862932647,-0.04263590183292117,-0.05125949016397807,-0.20872930311874968,-0.0580743426917575,-0.07554695539667226,-0.022379986272711386,-0.19389084053432631,-0.14995535431929177,0.6277432633859653,0.6289727889883643,0.5563104812704802,0.5516688558464802,0.5498380991859312,-0.004685247710772899,-0.003960454907071617,-0.0007077615868254877,0.5529809863298838,0.6310597602099048,-0.0003358135479513546,-0.0049404861995987655,0.0010709491203069455,0.5316629001345852,2.0,2.0,1.0,1.0,2.0,2.0,1.0,1.0,2.0,-0.5731253046090846,-0.39315726182401783,-0.3571281659547876,-0.35654159212102904,-0.5518668768058745,-0.5519023975483566,-0.3899063554957266,-0.3831021150339001,-0.5610506752568875,0.0,-0.5289018764826581,-0.39148155738569773,0.0,0.0,-0.560411567949689,-0.2861015819194062,-0.5587690737106259,-0.5582068315243696,0.0,0.0,-0.3934161683899594,0.0,0.0,0.0,0.0,0.0,0.0,15.0,3.0,25.0,0.0,6.0,-0.3734065164231795,-0.37345155056185264,23.0,517.0,-1.074893848254987,0.9420089092138714,-0.26877630483255915,-7.594584155765996,1.8527781418319456,-0.5086921890718745,-0.3621918427863847,0.49302640537286924,2.562459293929117,2.5014844591302,1.0015694906986308,0.6194695168973435,True,True,-0.1929974815720002,4.0,-0.9996637344613062,-0.3229683359856808,-0.005166599773405916,3.0,0.3051316711221315,3.0,0.285923414185725,0.36159836489437996,0.954677208378566,-0.1021316397425533,-0.09206675651517211,-0.034595608514545656,-0.06440704993931927,-0.21925402488142928,-0.09965404862932647,-0.04263590183292117,-0.05125949016397807,-0.20872930311874968,-0.0580743426917575,-0.07554695539667226,-0.022379986272711386,-0.19389084053432631,-0.14995535431929177,0.6277432633859653,0.6289727889883643,0.5563104812704802,0.5516688558464802,0.5498380991859312,-0.004685247710772899,-0.003960454907071617,-0.0007077615868254877,0.5529809863298838,0.6310597602099048,-0.0003358135479513546,-0.0049404861995987655,0.0010709491203069455,0.5316629001345852,2.0,2.0,1.0,1.0,2.0,2.0,1.0,1.0,2.0,-0.5731253046090846,-0.39315726182401783,-0.3571281659547876,-0.35654159212102904,-0.5518668768058745,-0.5519023975483566,-0.3899063554957266,-0.3831021150339001,-0.5610506752568875,0.0,-0.5289018764826581,-0.39148155738569773,0.0,0.0,-0.560411567949689,-0.2861015819194062,-0.5587690737106259,-0.5582068315243696,0.0,0.0,-0.3934161683899594,0.0,0.0,0.0,0.0,0.0,0.0,15.0,3.0,25.0,0.0,6.0,-0.3734065164231795,-0.37345155056185264,23.0,517.0,-1.074893848254987,0.9420089092138714,-0.26877630483255915,-7.594584155765996,1.8527781418319456,-0.5086921890718745,-0.3621918427863847,0.49302640537286924,2.562459293929117,2.5014844591302,1.0015694906986308,0.6194695168973435,0
292487,0.7674134,0.43829477,0.04,0.005058857517455529,0.04146949099604526,-0.48674878392316295,4.0,0.37154794152120485,0.9378429729752822,-0.009780751874404161,4.0,0.32203188687321505,3.0,-0.08880864896173073,0.3463471021070827,-0.7572268385017666,-0.10306986264010828,-0.09319687273786488,-0.02805147493759473,-0.06741440719178304,-0.21793437829057746,-0.12444803386328478,-0.048848283678819326,-0.05911937485117634,-0.27055146418391535,-0.05699125404246752,-0.10203469604887447,-0.0503448013400486,-0.2413498371928613,-0.1522165567454735,0.6000182835029557,0.6120129438243019,0.5506912575746293,0.00528093944620749,0.0061220003035798816,0.000671492902598206,-0.005059591061183997,0.0012003157851801333,0.5372943437739055,0.0023469181054610938,0.0036467141715476564,-0.005788854783520958,0.009325339758428556,0.7365887702274058,0.0,0.0,0.0,1.0,2.0,1.0,0.0,0.0,0.0,-0.567587796479685,-0.4005562692365571,-0.35224411340446565,-0.3488120210136799,-0.5593397455319161,-0.5515858561831608,-0.38047511058423666,-0.38845789913105555,-0.5699744260947005,0.0,-0.5385035724699235,-0.3906773133873595,0.0,0.0,-0.5590568413065473,-0.2829365725195647,-0.5494255169633067,-0.5591411448109747,0.0,0.0,-0.3944400108247282,0.0,0.0,0.0,0.0,0.0,0.0,25.0,0.0,25.0,0.0,6.0,-0.3671493287767456,-0.37947343765941804,23.0,517.0,0.46487303750167613,1.067887405165738,-0.7742205648180056,-4.897263226813868,0.5291508243829087,-3.2536708975484476,0.25755091955088033,0.2734724445335116,-7.2565886873622665,1.012067031960782,-1.8135621194130613,1.099153373378131,True,True,-0.48674878392316295,4.0,0.37154794152120485,0.9378429729752822,-0.009780751874404161,4.0,0.32203188687321505,3.0,-0.08880864896173073,0.3463471021070827,-0.7572268385017666,-0.10306986264010828,-0.09319687273786488,-0.02805147493759473,-0.06741440719178304,-0.21793437829057746,-0.12444803386328478,-0.048848283678819326,-0.05911937485117634,-0.27055146418391535,-0.05699125404246752,-0.10203469604887447,-0.0503448013400486,-0.2413498371928613,-0.1522165567454735,0.6000182835029557,0.6120129438243019,0.5506912575746293,0.00528093944620749,0.0061220003035798816,0.000671492902598206,-0.005059591061183997,0.0012003157851801333,0.5372943437739055,0.0023469181054610938,0.0036467141715476564,-0.005788854783520958,0.009325339758428556,0.7365887702274058,0.0,0.0,0.0,1.0,2.0,1.0,0.0,0.0,0.0,-0.567587796479685,-0.4005562692365571,-0.35224411340446565,-0.3488120210136799,-0.5593397455319161,-0.5515858561831608,-0.38047511058423666,-0.38845789913105555,-0.5699744260947005,0.0,-0.5385035724699235,-0.3906773133873595,0.0,0.0,-0.5590568413065473,-0.2829365725195647,-0.5494255169633067,-0.5591411448109747,0.0,0.0,-0.3944400108247282,0.0,0.0,0.0,0.0,0.0,0.0,25.0,0.0,25.0,0.0,6.0,-0.3671493287767456,-0.37947343765941804,23.0,517.0,0.46487303750167613,1.067887405165738,-0.7742205648180056,-4.897263226813868,0.5291508243829087,-3.2536708975484476,0.25755091955088033,0.2734724445335116,-7.2565886873622665,1.012067031960782,-1.8135621194130613,1.099153373378131,0
48381,0.9105068,0.43916884,0.09999999999999999,0.01672075323499393,0.12073590945983881,-0.579378310843714,4.0,-1.517183983332961,-5.868252087612469,0.0035002400668818143,2.0,-0.8070493512827317,2.0,0.14426276548254857,0.3507687567091511,-0.7658756130000257,-0.10929167204040603,-0.08497581667819931,-0.03739694572896362,-0.06886498222875898,-0.2151536045373068,-0.11493980493364445,-0.047428328689337995,-0.06990425924835113,-0.211724656502332,-0.056713078277117995,-0.10304841732405388,-0.06835408152098436,-0.24184573325248268,-0.1788598921113761,0.6144920287001022,0.6060065340405713,0.561611281190912,0.522309583587725,0.5726147234336737,-0.020944375984899927,0.022894167039148504,-0.000389435110018234,0.531376638434342,-0.012577187216121003,-0.01485631863193888,-0.007271542182076437,-0.001916289091302629,0.507572875661555,0.0,0.0,0.0,1.0,2.0,1.0,0.0,0.0,0.0,-0.5812311038706619,-0.40474378198231575,-0.35230630812955904,-0.3451260876242628,-0.5510686441096664,-0.5476277563434019,-0.3808465255101802,-0.3586406419569515,-0.5463593497981194,0.0,-0.5108809057310646,-0.38677230037796695,0.0,0.0,-0.5579609776975641,-0.28656567502982605,-0.5633884712747843,-0.5506195347023349,0.0,0.0,-0.3690735670600891,0.0,0.0,0.0,0.0,0.0,0.0,15.0,3.0,25.0,0.0,6.0,-0.355474968179443,-0.3856993999455322,23.0,517.0,-0.01678952301329492,0.1255841505894995,1.7092652385491067,-6.569239158503958,0.009245145710035596,0.33098612029792074,0.16536775639033285,-0.03692464483827115,0.34936323671993835,-0.5744515119935218,-4.359059189645763,1.6100362273587059,True,True,-0.579378310843714,4.0,-1.517183983332961,-5.868252087612469,0.0035002400668818143,2.0,-0.8070493512827317,2.0,0.14426276548254857,0.3507687567091511,-0.7658756130000257,-0.10929167204040603,-0.08497581667819931,-0.03739694572896362,-0.06886498222875898,-0.2151536045373068,-0.11493980493364445,-0.047428328689337995,-0.06990425924835113,-0.211724656502332,-0.056713078277117995,-0.10304841732405388,-0.06835408152098436,-0.24184573325248268,-0.1788598921113761,0.6144920287001022,0.6060065340405713,0.561611281190912,0.522309583587725,0.5726147234336737,-0.020944375984899927,0.022894167039148504,-0.000389435110018234,0.531376638434342,-0.012577187216121003,-0.01485631863193888,-0.007271542182076437,-0.001916289091302629,0.507572875661555,0.0,0.0,0.0,1.0,2.0,1.0,0.0,0.0,0.0,-0.5812311038706619,-0.40474378198231575,-0.35230630812955904,-0.3451260876242628,-0.5510686441096664,-0.5476277563434019,-0.3808465255101802,-0.3586406419569515,-0.5463593497981194,0.0,-0.5108809057310646,-0.38677230037796695,0.0,0.0,-0.5579609776975641,-0.28656567502982605,-0.5633884712747843,-0.5506195347023349,0.0,0.0,-0.3690735670600891,0.0,0.0,0.0,0.0,0.0,0.0,15.0,3.0,25.0,0.0,6.0,-0.355474968179443,-0.3856993999455322,23.0,517.0,-0.01678952301329492,0.1255841505894995,1.7092652385491067,-6.569239158503958,0.009245145710035596,0.33098612029792074,0.16536775639033285,-0.03692464483827115,0.34936323671993835,-0.5744515119935218,-4.359059189645763,1.6100362273587059,0
578631,0.8631869,0.45864612,0.06999999999999999,0.009434629620313228,0.07882312150008525,-0.29032903975728597,3.0,1.0462898742338598,-0.7533974580717892,-0.0005746441271414324,3.0,-0.8189257296856955,2.0,0.10468519205674627,0.385460615372143,-0.7677125770335709,-0.09049375924294134,-0.08645769668206851,-0.039509277704220545,-0.019014710327037575,-0.22390366286982677,-0.1252686342440753,-0.05637201835821771,-0.050778557424134486,-0.2602517384783735,-0.03863956839677236,-0.08764310510579312,-0.0504134394551356,-0.24864024315342384,-0.14134409383572846,0.6151541697656243,0.6031230879619637,0.0068533229544148686,0.00418036612008528,0.006745832824808322,-0.02246246955245131,0.37924790130481306,0.9958468406601326,-0.007887608194783695,0.006865818029398095,-0.00726003165813558,0.005843227241777881,-0.004748625759177452,0.000783570282433629,0.0,0.0,0.0,0.0,0.0,0.0,0.0,0.0,0.0,1.5234576968955125,-0.36590462654818723,2.7891749951973503,2.775481354315289,1.8209885958734908,1.7704171574066332,2.617430346455975,2.5953297523282877,1.7675881868892631,1.0,1.8946302937548012,4.006057205808614,1.0,1.0,1.7197319131066444,3.4805367439235395,1.8559037655448503,1.4617928555686779,1.0,1.0,2.5501151503703228,4.0,2.0,1.0,2.0,2.0,1.0,25.0,0.0,15.0,3.0,3.0,2.337446196812716,2.352085543870645,8.0,1090.0,0.4578660048456473,-0.10180651328322085,-0.007559783760331264,31.33249746175428,-0.7409459326472375,-5.2739232501368685,1.1229609167554293,0.45679111929839783,1.1128518393381905,0.6400255780569535,-0.08321790885278033,0.2500531904533699,True,True,-0.29032903975728597,3.0,1.0462898742338598,-0.7533974580717892,-0.0005746441271414324,3.0,-0.8189257296856955,2.0,0.10468519205674627,0.385460615372143,-0.7677125770335709,-0.09049375924294134,-0.08645769668206851,-0.039509277704220545,-0.019014710327037575,-0.22390366286982677,-0.1252686342440753,-0.05637201835821771,-0.050778557424134486,-0.2602517384783735,-0.03863956839677236,-0.08764310510579312,-0.0504134394551356,-0.24864024315342384,-0.14134409383572846,0.6151541697656243,0.6031230879619637,0.0068533229544148686,0.00418036612008528,0.006745832824808322,-0.02246246955245131,0.37924790130481306,0.9958468406601326,-0.007887608194783695,0.006865818029398095,-0.00726003165813558,0.005843227241777881,-0.004748625759177452,0.000783570282433629,0.0,0.0,0.0,0.0,0.0,0.0,0.0,0.0,0.0,1.5234576968955125,-0.36590462654818723,2.7891749951973503,2.775481354315289,1.8209885958734908,1.7704171574066332,2.617430346455975,2.5953297523282877,1.7675881868892631,1.0,1.8946302937548012,4.006057205808614,1.0,1.0,1.7197319131066444,3.4805367439235395,1.8559037655448503,1.4617928555686779,1.0,1.0,2.5501151503703228,4.0,2.0,1.0,2.0,2.0,1.0,25.0,0.0,15.0,3.0,3.0,2.337446196812716,2.352085543870645,8.0,1090.0,0.4578660048456473,-0.10180651328322085,-0.007559783760331264,31.33249746175428,-0.7409459326472375,-5.2739232501368685,1.1229609167554293,0.45679111929839783,1.1128518393381905,0.6400255780569535,-0.08321790885278033,0.2500531904533699,0
271627,0.92595524,0.31283167,0.03,0.004056900182200707,0.03187401590893185,-0.4805631650311692,4.0,-0.5513513778995043,-1.0172895108823903,-0.003687835301367524,4.0,0.3261189173630393,3.0,0.7024657983550736,0.3576280644121003,1.7536221766176563,-0.0893078560887194,-0.06006263611511753,-0.03463495655643064,-0.059251272345742345,-0.21907121274720526,-0.05836407823911272,-0.047454359742724876,-0.059654145526257155,-0.09568751414782858,-0.05681037930888906,-0.06829451972850079,-0.01654626099974112,-0.20487969891077176,-0.13492447865760285,0.6566635629453892,0.6434743308233576,0.5512734392112808,0.5420462015103559,0.5440344175822625,0.004601576901929362,0.004957987758066619,-0.00477582853264673,0.5444564008409818,0.6180654751147222,0.0038308166199909556,0.0032090124030507215,0.004807167904237748,0.5363543360323307,2.0,2.0,2.0,1.0,1.0,1.0,0.0,0.0,0.0,-0.5756480532754801,-0.3899617940179896,-0.35685189435165043,-0.36279042572218456,-0.5581556272049559,-0.555913344002093,-0.38076571807084336,-0.3889992645880384,-0.5667345404925722,0.0,-0.5299187193576628,-0.3883559914277703,0.0,0.0,-0.5525496918107795,-0.2909342772929347,-0.5549857686779038,-0.5539740641984091,0.0,0.0,-0.3932795354294158,0.0,0.0,0.0,0.0,0.0,0.0,43.0,3.0,25.0,0.0,6.0,-0.3761349423689087,-0.3762598176433934,23.0,517.0,0.45825537067487543,0.2865403041300569,-0.7745962755479574,-7.535179546810567,0.23204927770790865,-0.5847409235974357,0.18614345214568304,0.1623511191655398,2.2296023425832283,0.028004773218127405,1.2178097361150444,-0.4791432250134728,True,True,-0.4805631650311692,4.0,-0.5513513778995043,-1.0172895108823903,-0.003687835301367524,4.0,0.3261189173630393,3.0,0.7024657983550736,0.3576280644121003,1.7536221766176563,-0.0893078560887194,-0.06006263611511753,-0.03463495655643064,-0.059251272345742345,-0.21907121274720526,-0.05836407823911272,-0.047454359742724876,-0.059654145526257155,-0.09568751414782858,-0.05681037930888906,-0.06829451972850079,-0.01654626099974112,-0.20487969891077176,-0.13492447865760285,0.6566635629453892,0.6434743308233576,0.5512734392112808,0.5420462015103559,0.5440344175822625,0.004601576901929362,0.004957987758066619,-0.00477582853264673,0.5444564008409818,0.6180654751147222,0.0038308166199909556,0.0032090124030507215,0.004807167904237748,0.5363543360323307,2.0,2.0,2.0,1.0,1.0,1.0,0.0,0.0,0.0,-0.5756480532754801,-0.3899617940179896,-0.35685189435165043,-0.36279042572218456,-0.5581556272049559,-0.555913344002093,-0.38076571807084336,-0.3889992645880384,-0.5667345404925722,0.0,-0.5299187193576628,-0.3883559914277703,0.0,0.0,-0.5525496918107795,-0.2909342772929347,-0.5549857686779038,-0.5539740641984091,0.0,0.0,-0.3932795354294158,0.0,0.0,0.0,0.0,0.0,0.0,43.0,3.0,25.0,0.0,6.0,-0.3761349423689087,-0.3762598176433934,23.0,517.0,0.45825537067487543,0.2865403041300569,-0.7745962755479574,-7.535179546810567,0.23204927770790865,-0.5847409235974357,0.18614345214568304,0.1623511191655398,2.2296023425832283,0.028004773218127405,1.2178097361150444,-0.4791432250134728,0
558333,0.996514,0.076671176,0.18000000000000002,0.06325205919758363,0.5643466893932914,0.10188157004302963,0.0,-0.8557078779048888,0.3141463447114154,0.5419619656297914,3.0,0.3190160525256918,3.0,-2.700816942690927,-2.746935440994375,-0.767907300942689,0.0828165600809497,-0.053814301750207974,-0.008515043136623632,-0.038113881552408545,-0.19525726871621538,-0.1851376637118029,0.0579757734616149,0.01366921693094423,-0.3696804425807467,-0.005524474719248331,-0.1002056707823852,-0.03733267001121629,-0.29922747858933774,-0.06968741384330768,0.6441542369282437,0.04788182396185025,0.7033982559540135,0.5629752663450067,0.5723703568496318,0.7085375208738508,0.18345114979042496,1.056183329705499,0.4663632087948961,-0.011986049248894954,0.5475026715168969,0.5589565001877587,0.4690431149283668,0.570586852596529,0.0,0.0,0.0,3.0,0.0,0.0,0.0,0.0,0.0,1.7261972350662746,3.9206189301469614,2.7772916528811593,2.9590132404286837,1.9092963887653478,1.7405283739355937,2.5414434464390117,2.7248795986480565,1.7767790138881976,2.0,1.867254290336657,-0.3507739426234311,1.0,1.0,1.8042359002262118,-0.2087237949917657,1.3594742819688619,1.5536832740732756,1.0,1.0,-0.29248819896965017,0.0,1.0,1.0,2.0,1.0,2.0,15.0,3.0,15.0,3.0,6.0,-0.29575939533882073,-0.3916158003020801,4.0,17.0,-0.051201579268692794,-1.1323602385937916,0.013746278498486704,9.893349439710947,-2.2149839929109683,16.42433059325962,-0.6726190265658601,0.46026873826803316,-2.1273139411218422,0.33371810511005845,1.116324948804189,0.4416193901487133,True,True,0.10188157004302963,0.0,-0.8557078779048888,0.3141463447114154,0.5419619656297914,3.0,0.3190160525256918,3.0,-2.700816942690927,-2.746935440994375,-0.767907300942689,0.0828165600809497,-0.053814301750207974,-0.008515043136623632,-0.038113881552408545,-0.19525726871621538,-0.1851376637118029,0.0579757734616149,0.01366921693094423,-0.3696804425807467,-0.005524474719248331,-0.1002056707823852,-0.03733267001121629,-0.29922747858933774,-0.06968741384330768,0.6441542369282437,0.04788182396185025,0.7033982559540135,0.5629752663450067,0.5723703568496318,0.7085375208738508,0.18345114979042496,1.056183329705499,0.4663632087948961,-0.011986049248894954,0.5475026715168969,0.5589565001877587,0.4690431149283668,0.570586852596529,0.0,0.0,0.0,3.0,0.0,0.0,0.0,0.0,0.0,1.7261972350662746,3.9206189301469614,2.7772916528811593,2.9590132404286837,1.9092963887653478,1.7405283739355937,2.5414434464390117,2.7248795986480565,1.7767790138881976,2.0,1.867254290336657,-0.3507739426234311,1.0,1.0,1.8042359002262118,-0.2087237949917657,1.3594742819688619,1.5536832740732756,1.0,1.0,-0.29248819896965017,0.0,1.0,1.0,2.0,1.0,2.0,15.0,3.0,15.0,3.0,6.0,-0.29575939533882073,-0.3916158003020801,4.0,17.0,-0.051201579268692794,-1.1323602385937916,0.013746278498486704,9.893349439710947,-2.2149839929109683,16.42433059325962,-0.6726190265658601,0.46026873826803316,-2.1273139411218422,0.33371810511005845,1.116324948804189,0.4416193901487133,0
90983,0.9157594,0.4069067,0.12,0.02389616287845446,0.19814030168060348,-0.7167861403094753,0.0,-1.447383633583505,-0.1678239355506306,0.6069423119466002,4.0,-0.48146106663400023,2.0,-2.7008325830307895,-2.808631504275922,-0.7582555597813854,-0.0756733863806122,-0.09047981275917048,0.011109958872218627,-0.07758727304429368,-0.22309366044804915,-0.15635898071813725,0.0036714487771710436,-0.047431027036553254,-0.2979689039800511,-0.05703711973158706,-0.10844945762817892,-0.0006513541649271655,-0.2872785742344081,-0.17978755264580054,0.6411534498175161,-0.017054281498823785,0.5591220254259832,0.5143616385210037,0.5588185785476725,0.5103741659158024,-0.00875424785729297,0.03134958277197874,0.5237240063410705,-0.009783252336113346,0.5808197363930037,0.5725497051642476,0.5050935235080568,0.5432309390594601,0.0,0.0,0.0,3.0,0.0,0.0,0.0,0.0,0.0,1.7058882551453052,0.7600083452300177,-0.37312896212777724,-0.41344648598772404,1.8257280891024188,1.7893189947096395,-0.3939465510074595,-0.36620612438585703,1.7620749551494903,2.0,1.8788193243185674,-0.37782520110311946,2.0,2.0,1.8809388661658517,-0.29843721092498543,1.9220457354262765,1.8490764321787925,2.0,2.0,-0.44569317546328563,0.0,1.0,1.0,2.0,2.0,1.0,17.0,3.0,17.0,3.0,6.0,-0.40820967466837377,-0.3796072981058311,4.0,517.0,0.9463056192248727,-1.6692570797245132,1.69008231148735,9.513027859936201,-2.599651942219684,15.88317923378215,-0.6233873635866611,0.3372864265725266,-2.185668117286513,0.17141333606131684,0.5111043252895686,-0.5888692040630705,True,True,-0.7167861403094753,0.0,-1.447383633583505,-0.1678239355506306,0.6069423119466002,4.0,-0.48146106663400023,2.0,-2.7008325830307895,-2.808631504275922,-0.7582555597813854,-0.0756733863806122,-0.09047981275917048,0.011109958872218627,-0.07758727304429368,-0.22309366044804915,-0.15635898071813725,0.0036714487771710436,-0.047431027036553254,-0.2979689039800511,-0.05703711973158706,-0.10844945762817892,-0.0006513541649271655,-0.2872785742344081,-0.17978755264580054,0.6411534498175161,-0.017054281498823785,0.5591220254259832,0.5143616385210037,0.5588185785476725,0.5103741659158024,-0.00875424785729297,0.03134958277197874,0.5237240063410705,-0.009783252336113346,0.5808197363930037,0.5725497051642476,0.5050935235080568,0.5432309390594601,0.0,0.0,0.0,3.0,0.0,0.0,0.0,0.0,0.0,1.7058882551453052,0.7600083452300177,-0.37312896212777724,-0.41344648598772404,1.8257280891024188,1.7893189947096395,-0.3939465510074595,-0.36620612438585703,1.7620749551494903,2.0,1.8788193243185674,-0.37782520110311946,2.0,2.0,1.8809388661658517,-0.29843721092498543,1.9220457354262765,1.8490764321787925,2.0,2.0,-0.44569317546328563,0.0,1.0,1.0,2.0,2.0,1.0,17.0,3.0,17.0,3.0,6.0,-0.40820967466837377,-0.3796072981058311,4.0,517.0,0.9463056192248727,-1.6692570797245132,1.69008231148735,9.513027859936201,-2.599651942219684,15.88317923378215,-0.6233873635866611,0.3372864265725266,-2.185668117286513,0.17141333606131684,0.5111043252895686,-0.5888692040630705,0
244953,0.9936452,0.43720448,0.09999999999999999,0.01672075323499393,0.13246874647423554,1.4148460280097466,4.0,1.4300983555568514,-0.16233264515617438,-0.023480353226001175,3.0,0.297531939930748,3.0,0.12726039916316953,0.38255972724582543,1.364659142878239,-0.07724850065809298,-0.08451919172975518,-0.046970653182793955,-0.02696167505753698,-0.22134820454872717,-0.11764189242719199,-0.06211823933012908,-0.047909849460270555,-0.1303908829392473,-0.05444241000308315,-0.09007524029451414,-0.03516911118127923,0.18818148732115655,-0.11271436276675058,0.9602131004425927,0.9381981388121553,0.5409955684940825,0.8257073516436211,0.5129167370706751,0.016146426885105408,-0.022612014829999555,-0.008612781008430959,0.815988497430715,0.6169925974399734,0.0059453082925058865,-0.002226475710529935,0.0037026223072650103,0.8138191319558655,2.0,1.0,1.0,1.0,1.0,1.0,1.0,1.0,1.0,-0.558082953981207,-0.40254909013111345,-0.3593153352420015,-0.3806513089711334,-0.5898799102166548,-0.5584792196868597,-0.39769244986365365,-0.37240422120919325,-0.5728151250830673,0.0,-0.5020258057715707,-0.41712572621380706,0.0,0.0,-0.5788533825611093,-0.2843004231626299,-0.5474554708275966,-0.5600545878278597,0.0,0.0,-0.4022887986694617,0.0,0.0,0.0,0.0,0.0,0.0,2.0,3.0,25.0,0.0,6.0,-0.3690466125643731,-0.37148152397258016,23.0,517.0,-0.5611640874032091,0.26281469875434305,-0.7813757355179773,-7.529962692536172,8.346409168807284,-0.14539227760141316,-2.788237069326946,0.2954713668007855,2.639397396407202,2.2059341619025505,3.1277230154546234,6.918151395820203,True,True,1.4148460280097466,4.0,1.4300983555568514,-0.16233264515617438,-0.023480353226001175,3.0,0.297531939930748,3.0,0.12726039916316953,0.38255972724582543,1.364659142878239,-0.07724850065809298,-0.08451919172975518,-0.046970653182793955,-0.02696167505753698,-0.22134820454872717,-0.11764189242719199,-0.06211823933012908,-0.047909849460270555,-0.1303908829392473,-0.05444241000308315,-0.09007524029451414,-0.03516911118127923,0.18818148732115655,-0.11271436276675058,0.9602131004425927,0.9381981388121553,0.5409955684940825,0.8257073516436211,0.5129167370706751,0.016146426885105408,-0.022612014829999555,-0.008612781008430959,0.815988497430715,0.6169925974399734,0.0059453082925058865,-0.002226475710529935,0.0037026223072650103,0.8138191319558655,2.0,1.0,1.0,1.0,1.0,1.0,1.0,1.0,1.0,-0.558082953981207,-0.40254909013111345,-0.3593153352420015,-0.3806513089711334,-0.5898799102166548,-0.5584792196868597,-0.39769244986365365,-0.37240422120919325,-0.5728151250830673,0.0,-0.5020258057715707,-0.41712572621380706,0.0,0.0,-0.5788533825611093,-0.2843004231626299,-0.5474554708275966,-0.5600545878278597,0.0,0.0,-0.4022887986694617,0.0,0.0,0.0,0.0,0.0,0.0,2.0,3.0,25.0,0.0,6.0,-0.3690466125643731,-0.37148152397258016,23.0,517.0,-0.5611640874032091,0.26281469875434305,-0.7813757355179773,-7.529962692536172,8.346409168807284,-0.14539227760141316,-2.788237069326946,0.2954713668007855,2.639397396407202,2.2059341619025505,3.1277230154546234,6.918151395820203,0
557625,0.99422175,0.4649593,0.13,0.028378895023486856,0.24952494860558938,-0.3654671822128272,0.0,-0.8493256836972005,0.31696473303517636,0.6085343386596035,3.0,0.2833081174647535,3.0,-2.6764764483560346,-2.8048030256970096,-0.7634616907696915,-0.04613521619820456,-0.03657782666909043,-0.002966755709437746,-0.05128305530827145,-0.21058297255947195,-0.12818482043665355,0.010197412508180372,-0.03679854589182281,-0.2943117556753266,-0.06943374398769361,-0.0438590488141726,-0.014584806227347152,-0.27135277702370664,-0.1345155754557439,0.5727605541163049,0.006521260324124574,0.5868523793033655,0.5271938695247299,0.5647699261564217,0.4977382134870766,0.39737074555757745,1.0616893769387798,0.4745679605912104,0.007026199999845538,0.5887634932416606,0.6043763284661466,0.49569932759683116,0.46823464065845233,0.0,0.0,0.0,3.0,0.0,0.0,0.0,0.0,0.0,1.7219458353267925,2.437624957508272,2.7706930010502573,2.7972187053229476,1.8255629421382695,1.7910886139342097,2.6599605937141053,2.590571871184694,1.8041569492792315,2.0,1.8028120377428127,-0.33700321608846256,1.0,1.0,1.8527549254353608,-0.31758057258275185,1.4085522219515096,1.6807160277728133,1.0,1.0,-0.3588033414879511,0.0,1.0,1.0,2.0,1.0,2.0,17.0,3.0,17.0,3.0,6.0,-0.37914718965237554,-0.4243849962130255,4.0,497.0,-0.5572556832096749,1.2061317697368275,-0.02265175006602225,10.00209070754085,-2.447083783045976,16.296703092537506,-0.7965094521213675,-0.0024100389821541737,-2.243174218098124,0.2676713546346041,0.96195826326731,0.03747395521702983,True,True,-0.3654671822128272,0.0,-0.8493256836972005,0.31696473303517636,0.6085343386596035,3.0,0.2833081174647535,3.0,-2.6764764483560346,-2.8048030256970096,-0.7634616907696915,-0.04613521619820456,-0.03657782666909043,-0.002966755709437746,-0.05128305530827145,-0.21058297255947195,-0.12818482043665355,0.010197412508180372,-0.03679854589182281,-0.2943117556753266,-0.06943374398769361,-0.0438590488141726,-0.014584806227347152,-0.27135277702370664,-0.1345155754557439,0.5727605541163049,0.006521260324124574,0.5868523793033655,0.5271938695247299,0.5647699261564217,0.4977382134870766,0.39737074555757745,1.0616893769387798,0.4745679605912104,0.007026199999845538,0.5887634932416606,0.6043763284661466,0.49569932759683116,0.46823464065845233,0.0,0.0,0.0,3.0,0.0,0.0,0.0,0.0,0.0,1.7219458353267925,2.437624957508272,2.7706930010502573,2.7972187053229476,1.8255629421382695,1.7910886139342097,2.6599605937141053,2.590571871184694,1.8041569492792315,2.0,1.8028120377428127,-0.33700321608846256,1.0,1.0,1.8527549254353608,-0.31758057258275185,1.4085522219515096,1.6807160277728133,1.0,1.0,-0.3588033414879511,0.0,1.0,1.0,2.0,1.0,2.0,17.0,3.0,17.0,3.0,6.0,-0.37914718965237554,-0.4243849962130255,4.0,497.0,-0.5572556832096749,1.2061317697368275,-0.02265175006602225,10.00209070754085,-2.447083783045976,16.296703092537506,-0.7965094521213675,-0.0024100389821541737,-2.243174218098124,0.2676713546346041,0.96195826326731,0.03747395521702983,0
399305,0.90415555,0.43275845,0.09,0.013888290969627364,0.10894703131920165,0.3303519018328086,2.0,1.370837209182748,0.7513510991735056,0.002122148102649284,3.0,0.33521577723952406,2.0,0.4168446703781463,0.3376918844421978,-0.7380529295189736,-0.1190813505765779,-0.08558688208455306,-0.05026602541525737,-0.05234506227494689,-0.22845885158620438,-0.11511745874777211,-0.0715569693729535,-0.01940512824347494,-0.2676907662462664,-0.03130809685092829,-0.10366583226808335,-0.04330335300798487,-0.23211191537283105,-0.18770663715808433,0.6086288767486584,-0.0034749537115250154,0.002855536550563003,-0.031731316861486225,-0.005177598992258826,-0.019740683539851988,0.39476592425694423,1.0086080813993412,0.00022749930314569904,-0.01670836649527884,-0.003663584859662069,-0.010041530833284094,-0.02257187882449055,-0.01993099900356947,0.0,0.0,0.0,0.0,0.0,0.0,0.0,0.0,0.0,1.7623997606976238,1.7946592848735845,2.7688230375086094,2.8062015255736763,1.8043363001115986,1.819861014253036,2.6073223040487052,2.6042124957839734,1.7636417850056327,2.0,1.9047750405842532,1.8858116351535663,1.0,1.0,1.732830557790621,-0.2879055063135444,1.7181164596449299,1.643550532049116,1.0,1.0,2.556443613575874,4.0,2.0,1.0,2.0,2.0,1.0,15.0,3.0,44.0,3.0,3.0,2.1203038242407923,2.1543674340798837,8.0,1090.0,-0.041314479296726866,0.40253353308380846,-0.5214993549685084,31.291435634155498,-1.1405030494520823,-5.302588730323612,1.1304815309465628,0.04474668926926515,0.978557726409781,-0.08313958274815009,-0.03166455673406094,-0.20840928834623013,True,True,0.3303519018328086,2.0,1.370837209182748,0.7513510991735056,0.002122148102649284,3.0,0.33521577723952406,2.0,0.4168446703781463,0.3376918844421978,-0.7380529295189736,-0.1190813505765779,-0.08558688208455306,-0.05026602541525737,-0.05234506227494689,-0.22845885158620438,-0.11511745874777211,-0.0715569693729535,-0.01940512824347494,-0.2676907662462664,-0.03130809685092829,-0.10366583226808335,-0.04330335300798487,-0.23211191537283105,-0.18770663715808433,0.6086288767486584,-0.0034749537115250154,0.002855536550563003,-0.031731316861486225,-0.005177598992258826,-0.019740683539851988,0.39476592425694423,1.0086080813993412,0.00022749930314569904,-0.01670836649527884,-0.003663584859662069,-0.010041530833284094,-0.02257187882449055,-0.01993099900356947,0.0,0.0,0.0,0.0,0.0,0.0,0.0,0.0,0.0,1.7623997606976238,1.7946592848735845,2.7688230375086094,2.8062015255736763,1.8043363001115986,1.819861014253036,2.6073223040487052,2.6042124957839734,1.7636417850056327,2.0,1.9047750405842532,1.8858116351535663,1.0,1.0,1.732830557790621,-0.2879055063135444,1.7181164596449299,1.643550532049116,1.0,1.0,2.556443613575874,4.0,2.0,1.0,2.0,2.0,1.0,15.0,3.0,44.0,3.0,3.0,2.1203038242407923,2.1543674340798837,8.0,1090.0,-0.041314479296726866,0.40253353308380846,-0.5214993549685084,31.291435634155498,-1.1405030494520823,-5.302588730323612,1.1304815309465628,0.04474668926926515,0.978557726409781,-0.08313958274815009,-0.03166455673406094,-0.20840928834623013,0
418109,0.6560458,0.3669134,0.01,0.0025521382703821843,0.01853899039834171,3.7467044518271813,4.0,-1.5260158904867036,-0.08981893712435218,-0.004390118305593818,4.0,0.3249332185025854,2.0,-0.04567150660763896,0.3559470695701207,-0.7515315661067493,-0.09943427004443361,-0.08812394790147479,-0.03684626497347362,-0.05557444739394577,-0.21560591942573748,-0.11580613519410557,-0.04657900969005375,-0.055659500227513925,-0.2138269051576971,-0.05387679636292228,-0.094234567397758,-0.04285881426936553,-0.24477931431499886,-0.15013844881634114,0.6072471032099883,0.0031276122404751603,0.001860585147818537,0.5322308945460157,-0.0021797908360922306,0.00018795380359221635,-0.00347885230555602,0.0016495366292638529,0.533844432154012,0.5959988972846038,-0.00037072392041612585,-0.0017876907081336617,-0.0009285502730881431,0.5308941747048458,2.0,2.0,2.0,1.0,1.0,2.0,1.0,1.0,2.0,-0.5736664332491086,-0.39073792703242666,-0.355130057267611,-0.35872150710124334,-0.5533510849979444,-0.5555132755694523,-0.38514031493157364,-0.38149751396095083,-0.5643247776123784,0.0,-0.5278948924994137,-0.396223716817949,0.0,0.0,-0.5638670588651884,-0.2871277773555924,-0.5594592690562117,-0.5568682851598223,0.0,0.0,-0.3895085128491066,0.0,0.0,0.0,0.0,0.0,0.0,9.0,8.0,25.0,0.0,6.0,-0.36927924128154305,-0.37345062150632996,23.0,517.0,-0.559775085124674,0.02110769068329706,-0.26746304243143487,-7.522306805111255,-0.013024142445095597,-0.6021872416345211,0.2629162570238883,-0.13740839188642112,2.1951862667977706,-0.13831004365000615,1.176023073251312,-0.7192111638791681,True,True,3.7467044518271813,4.0,-1.5260158904867036,-0.08981893712435218,-0.004390118305593818,4.0,0.3249332185025854,2.0,-0.04567150660763896,0.3559470695701207,-0.7515315661067493,-0.09943427004443361,-0.08812394790147479,-0.03684626497347362,-0.05557444739394577,-0.21560591942573748,-0.11580613519410557,-0.04657900969005375,-0.055659500227513925,-0.2138269051576971,-0.05387679636292228,-0.094234567397758,-0.04285881426936553,-0.24477931431499886,-0.15013844881634114,0.6072471032099883,0.0031276122404751603,0.001860585147818537,0.5322308945460157,-0.0021797908360922306,0.00018795380359221635,-0.00347885230555602,0.0016495366292638529,0.533844432154012,0.5959988972846038,-0.00037072392041612585,-0.0017876907081336617,-0.0009285502730881431,0.5308941747048458,2.0,2.0,2.0,1.0,1.0,2.0,1.0,1.0,2.0,-0.5736664332491086,-0.39073792703242666,-0.355130057267611,-0.35872150710124334,-0.5533510849979444,-0.5555132755694523,-0.38514031493157364,-0.38149751396095083,-0.5643247776123784,0.0,-0.5278948924994137,-0.396223716817949,0.0,0.0,-0.5638670588651884,-0.2871277773555924,-0.5594592690562117,-0.5568682851598223,0.0,0.0,-0.3895085128491066,0.0,0.0,0.0,0.0,0.0,0.0,9.0,8.0,25.0,0.0,6.0,-0.36927924128154305,-0.37345062150632996,23.0,517.0,-0.559775085124674,0.02110769068329706,-0.26746304243143487,-7.522306805111255,-0.013024142445095597,-0.6021872416345211,0.2629162570238883,-0.13740839188642112,2.1951862667977706,-0.13831004365000615,1.176023073251312,-0.7192111638791681,0
91528,0.988235,0.37830156,0.13,0.028378895023486856,0.22627372345922253,0.4103210651479188,4.0,1.4493115264303253,-0.06617136545167236,0.04025028426581841,4.0,0.3332452547448249,3.0,-0.06572507825665136,0.38604418566302645,-0.7405042816977434,-0.08125955476230816,-0.08870824512634307,-0.02677187928664545,-0.02062655404864927,-0.21932603992943892,-0.10065545222706682,-0.05601391865292693,-0.07504163408548231,0.23988820340494982,-0.02711126430993095,-0.07646058975398878,-0.007471512642902495,-0.09684622419178886,-0.0898627353467569,0.7144873516475144,0.7215978890877761,0.5502952890132781,-0.002099418429951447,-0.02959794528111239,-0.011861817215950558,-0.008298635674595295,-0.02677396318629194,0.6450230866037527,0.02485857567429685,0.02138947271074092,-0.07571396650844647,0.05722546510409639,0.6361220072367733,0.0,0.0,0.0,1.0,2.0,1.0,0.0,0.0,0.0,-0.543677466586726,-0.3566276695572576,-0.35342141519838627,-0.3986034397203568,-0.571959865763002,-0.5484546347762891,-0.3443808729844931,-0.3426660064108726,-0.5437336096427721,0.0,-0.46529341378856476,-0.35992633249662065,0.0,0.0,-0.5227269689501658,-0.33128752121974736,-0.5822328591948615,-0.5736060544038366,0.0,0.0,-0.38971337625051305,0.0,0.0,0.0,0.0,0.0,0.0,25.0,0.0,25.0,0.0,6.0,-0.333976342608313,-0.3605919242537928,23.0,517.0,0.973796114810375,-1.4287635180588532,1.7589474728266208,-4.530301234208902,7.064582055535977,-2.638358013413399,-2.5042626858297448,2.0026680153294105,-6.900219502991217,1.334388129823662,0.791525431365336,9.296326072983884,True,True,0.4103210651479188,4.0,1.4493115264303253,-0.06617136545167236,0.04025028426581841,4.0,0.3332452547448249,3.0,-0.06572507825665136,0.38604418566302645,-0.7405042816977434,-0.08125955476230816,-0.08870824512634307,-0.02677187928664545,-0.02062655404864927,-0.21932603992943892,-0.10065545222706682,-0.05601391865292693,-0.07504163408548231,0.23988820340494982,-0.02711126430993095,-0.07646058975398878,-0.007471512642902495,-0.09684622419178886,-0.0898627353467569,0.7144873516475144,0.7215978890877761,0.5502952890132781,-0.002099418429951447,-0.02959794528111239,-0.011861817215950558,-0.008298635674595295,-0.02677396318629194,0.6450230866037527,0.02485857567429685,0.02138947271074092,-0.07571396650844647,0.05722546510409639,0.6361220072367733,0.0,0.0,0.0,1.0,2.0,1.0,0.0,0.0,0.0,-0.543677466586726,-0.3566276695572576,-0.35342141519838627,-0.3986034397203568,-0.571959865763002,-0.5484546347762891,-0.3443808729844931,-0.3426660064108726,-0.5437336096427721,0.0,-0.46529341378856476,-0.35992633249662065,0.0,0.0,-0.5227269689501658,-0.33128752121974736,-0.5822328591948615,-0.5736060544038366,0.0,0.0,-0.38971337625051305,0.0,0.0,0.0,0.0,0.0,0.0,25.0,0.0,25.0,0.0,6.0,-0.333976342608313,-0.3605919242537928,23.0,517.0,0.973796114810375,-1.4287635180588532,1.7589474728266208,-4.530301234208902,7.064582055535977,-2.638358013413399,-2.5042626858297448,2.0026680153294105,-6.900219502991217,1.334388129823662,0.791525431365336,9.296326072983884,0
277947,0.99800485,0.4078702,0.19,0.0734769996100588,0.6476579562039212,-0.586443591505225,0.0,-0.6268502569185653,0.8770961905462838,0.616966748798495,4.0,0.001266050774718884,2.0,-2.5991248948490857,-2.840375715466132,-0.6837978075889415,0.17611440042164733,0.17793564909300155,-0.14818638567306125,0.08193327836474223,-0.14202613981315176,-0.10595800376989015,-0.04042663363181829,0.06656913496622027,-0.23517407990630257,-0.012893781958470928,-0.11412448576073576,-0.07323059487829611,-0.1233928212165394,0.031018026061798737,0.49783372675994253,0.12180369999548056,-0.06103524492654061,0.7589134318501021,0.6787886412776996,0.7332424207098326,0.4294637424193904,0.9654699008972892,0.5299127146604159,-0.11712616322272375,0.8217949142841292,0.49826077119867074,0.5406963148027758,0.6941760671216057,0.0,0.0,0.0,3.0,0.0,0.0,0.0,0.0,0.0,1.6984030588985508,0.7565893014154162,2.7479554518076927,2.8151851625095543,1.8070022472666833,1.8909156624758123,2.673603228157045,2.6507349525913733,1.8144404773940075,2.0,2.0462263151264835,-0.5023319953643187,1.0,1.0,1.9221541320596598,-0.19580637438379087,2.058760696340537,1.9449511124765373,1.0,1.0,-0.5694307171433798,0.0,1.0,1.0,2.0,1.0,1.0,28.0,3.0,28.0,3.0,6.0,-0.39402416298482956,-0.34513512229047666,4.0,1090.0,1.514804646968637,0.74956480857299,-0.885993932615319,9.576865977833942,-2.737145107240379,15.809088763934461,-0.44351909625280117,0.015381668233290402,-2.2419201692629693,0.07413919060675954,0.4936856078783363,-0.6795511959747365,True,True,-0.586443591505225,0.0,-0.6268502569185653,0.8770961905462838,0.616966748798495,4.0,0.001266050774718884,2.0,-2.5991248948490857,-2.840375715466132,-0.6837978075889415,0.17611440042164733,0.17793564909300155,-0.14818638567306125,0.08193327836474223,-0.14202613981315176,-0.10595800376989015,-0.04042663363181829,0.06656913496622027,-0.23517407990630257,-0.012893781958470928,-0.11412448576073576,-0.07323059487829611,-0.1233928212165394,0.031018026061798737,0.49783372675994253,0.12180369999548056,-0.06103524492654061,0.7589134318501021,0.6787886412776996,0.7332424207098326,0.4294637424193904,0.9654699008972892,0.5299127146604159,-0.11712616322272375,0.8217949142841292,0.49826077119867074,0.5406963148027758,0.6941760671216057,0.0,0.0,0.0,3.0,0.0,0.0,0.0,0.0,0.0,1.6984030588985508,0.7565893014154162,2.7479554518076927,2.8151851625095543,1.8070022472666833,1.8909156624758123,2.673603228157045,2.6507349525913733,1.8144404773940075,2.0,2.0462263151264835,-0.5023319953643187,1.0,1.0,1.9221541320596598,-0.19580637438379087,2.058760696340537,1.9449511124765373,1.0,1.0,-0.5694307171433798,0.0,1.0,1.0,2.0,1.0,1.0,28.0,3.0,28.0,3.0,6.0,-0.39402416298482956,-0.34513512229047666,4.0,1090.0,1.514804646968637,0.74956480857299,-0.885993932615319,9.576865977833942,-2.737145107240379,15.809088763934461,-0.44351909625280117,0.015381668233290402,-2.2419201692629693,0.07413919060675954,0.4936856078783363,-0.6795511959747365,0
328835,0.5862522,0.23497576,0.01,0.0025521382703821843,0.021999751408335124,0.969164818420084,4.0,1.2690721663848568,-1.0152438939720507,-0.005458861697518311,4.0,0.3239275900469318,3.0,0.36531258436553105,0.35789450517992843,0.924942169360814,-0.10437769591526899,-0.09283821057541226,-0.035286813926585024,-0.059515339645813084,-0.2175368539160065,-0.12658788702961496,-0.04780394624951849,-0.055895023062651795,-0.21267956502015398,-0.05082874833244615,-0.0989237965223319,-0.045080315833928596,-0.23698628791719328,-0.15053893059318346,0.6102003883481698,0.6119030522617858,0.5497006583811089,-0.0021681960526367013,0.003339981623309493,-0.0027797818881347977,-0.0021693520907026627,-0.0009072878474629332,0.7987123644451284,0.5974956043970323,0.0017177166975946936,-0.0041760156916829825,0.0019334844487438147,0.5308231116669074,2.0,2.0,2.0,1.0,2.0,2.0,1.0,2.0,2.0,-0.5739777626173286,-0.39525031287395096,-0.3636379379263155,-0.3595802519582135,-0.5570545608216468,-0.5562114917556072,-0.38685837864753364,-0.37960795114564483,-0.5619574259870755,0.0,-0.5319711678633728,-0.3928143491325246,0.0,0.0,-0.5597330419962853,-0.28735713430974347,-0.5643243343112874,-0.5595921070512379,0.0,0.0,-0.39368645451219303,0.0,0.0,0.0,0.0,0.0,0.0,25.0,0.0,25.0,0.0,6.0,-0.3712010688454548,-0.36981502943668615,23.0,517.0,-1.0687885552120637,-1.5524352198932139,-0.518370365408484,-5.927539512180849,1.1867060769424345,-4.169967449348061,0.40127606539456606,0.32471049967878635,-5.1715471644932425,3.458539648234655,3.574939266656045,-0.20653661518777572,True,True,0.969164818420084,4.0,1.2690721663848568,-1.0152438939720507,-0.005458861697518311,4.0,0.3239275900469318,3.0,0.36531258436553105,0.35789450517992843,0.924942169360814,-0.10437769591526899,-0.09283821057541226,-0.035286813926585024,-0.059515339645813084,-0.2175368539160065,-0.12658788702961496,-0.04780394624951849,-0.055895023062651795,-0.21267956502015398,-0.05082874833244615,-0.0989237965223319,-0.045080315833928596,-0.23698628791719328,-0.15053893059318346,0.6102003883481698,0.6119030522617858,0.5497006583811089,-0.0021681960526367013,0.003339981623309493,-0.0027797818881347977,-0.0021693520907026627,-0.0009072878474629332,0.7987123644451284,0.5974956043970323,0.0017177166975946936,-0.0041760156916829825,0.0019334844487438147,0.5308231116669074,2.0,2.0,2.0,1.0,2.0,2.0,1.0,2.0,2.0,-0.5739777626173286,-0.39525031287395096,-0.3636379379263155,-0.3595802519582135,-0.5570545608216468,-0.5562114917556072,-0.38685837864753364,-0.37960795114564483,-0.5619574259870755,0.0,-0.5319711678633728,-0.3928143491325246,0.0,0.0,-0.5597330419962853,-0.28735713430974347,-0.5643243343112874,-0.5595921070512379,0.0,0.0,-0.39368645451219303,0.0,0.0,0.0,0.0,0.0,0.0,25.0,0.0,25.0,0.0,6.0,-0.3712010688454548,-0.36981502943668615,23.0,517.0,-1.0687885552120637,-1.5524352198932139,-0.518370365408484,-5.927539512180849,1.1867060769424345,-4.169967449348061,0.40127606539456606,0.32471049967878635,-5.1715471644932425,3.458539648234655,3.574939266656045,-0.20653661518777572,0
388090,0.9216095,0.029836513,0.14,0.03356392623053241,0.32106957880306325,-0.07494855601677868,2.0,0.2793626130097911,-0.7171132840180154,-0.11653099579111921,4.0,0.37118572215715917,2.0,0.7004021866376399,0.45319538728286074,-0.7948529225820475,-0.14863484072051442,-0.08760246669714461,-0.06107743019351497,0.008175128092957805,-0.23428581999240375,-0.09251986771077057,-0.07897040348085549,-0.047361048439369016,-0.3241945668215862,-0.002589326751932859,-0.11304907244342338,0.02654358186477486,-0.13004983427743128,-0.18919901882543771,0.6299128873722052,0.008844017989442768,-0.00923265936888389,0.010736734652363189,-0.10254040801448153,0.051734641012463764,0.33914309366515655,0.9949952862202529,-0.028770634730789755,0.016326839193579072,-0.016997389815473458,0.06852203809584231,0.06983270929176735,-0.013322565240025758,0.0,0.0,0.0,0.0,0.0,0.0,0.0,0.0,0.0,1.7785076574853795,1.073798743525817,2.8131537071075168,2.794807547716345,1.8316081180436257,1.8419157132393393,2.574718602693556,2.5721647431333383,1.8034050546563711,2.0,1.9487796004171172,2.693661583745474,1.0,1.0,1.6100143523534203,3.3973795847495727,1.9206731653491647,1.7331285741702764,1.0,1.0,2.4741824228200833,4.0,2.0,1.0,2.0,2.0,1.0,15.0,3.0,1.0,3.0,3.0,2.6321802705823973,2.592465971321022,8.0,1090.0,1.4773846373749608,0.6666546219212364,-0.5544677705767784,31.26494290972279,-0.8242841684305323,-5.342345842395366,0.9435645719392501,0.8083194284413873,1.0375211105388167,-0.029397362467341676,-0.019600713410090915,0.07919267476119418,True,True,-0.07494855601677868,2.0,0.2793626130097911,-0.7171132840180154,-0.11653099579111921,4.0,0.37118572215715917,2.0,0.7004021866376399,0.45319538728286074,-0.7948529225820475,-0.14863484072051442,-0.08760246669714461,-0.06107743019351497,0.008175128092957805,-0.23428581999240375,-0.09251986771077057,-0.07897040348085549,-0.047361048439369016,-0.3241945668215862,-0.002589326751932859,-0.11304907244342338,0.02654358186477486,-0.13004983427743128,-0.18919901882543771,0.6299128873722052,0.008844017989442768,-0.00923265936888389,0.010736734652363189,-0.10254040801448153,0.051734641012463764,0.33914309366515655,0.9949952862202529,-0.028770634730789755,0.016326839193579072,-0.016997389815473458,0.06852203809584231,0.06983270929176735,-0.013322565240025758,0.0,0.0,0.0,0.0,0.0,0.0,0.0,0.0,0.0,1.7785076574853795,1.073798743525817,2.8131537071075168,2.794807547716345,1.8316081180436257,1.8419157132393393,2.574718602693556,2.5721647431333383,1.8034050546563711,2.0,1.9487796004171172,2.693661583745474,1.0,1.0,1.6100143523534203,3.3973795847495727,1.9206731653491647,1.7331285741702764,1.0,1.0,2.4741824228200833,4.0,2.0,1.0,2.0,2.0,1.0,15.0,3.0,1.0,3.0,3.0,2.6321802705823973,2.592465971321022,8.0,1090.0,1.4773846373749608,0.6666546219212364,-0.5544677705767784,31.26494290972279,-0.8242841684305323,-5.342345842395366,0.9435645719392501,0.8083194284413873,1.0375211105388167,-0.029397362467341676,-0.019600713410090915,0.07919267476119418,0
114708,0.9848669,0.17403522,0.11,0.020034599671098444,0.1496652341922206,-0.6740872170538542,0.0,-0.6925030529277446,0.01994222162221493,0.5617469267916477,4.0,0.31991872702099744,2.0,-2.7137537546612482,-2.7773575251142564,-0.7538647681328985,-0.09864292743539178,-0.10137243914303375,0.0070033383726995566,-0.02378161186689101,-0.22407875002057948,-0.12134900071083732,-0.03458213650323018,-0.04535676393758911,-0.2601976453631266,-0.09775875032513079,-0.12310237041074748,-0.05130297833699466,-0.23259926361152503,-0.1482811502813477,0.6302753297569147,0.011232546957433498,-0.04100770743682901,0.5607063625875246,-0.0009937301811149572,0.5164331015359256,-0.015369042606817762,0.004819735737903771,0.5127909801766305,-0.003276932916922163,0.6204282970679795,0.5774401397830047,0.5626675630590221,0.5382232284822139,0.0,0.0,0.0,3.0,0.0,0.0,0.0,0.0,0.0,1.7171575330945705,0.8919648234658999,-0.3636322382445559,-0.32713613483424786,1.7874737056215635,1.7281094089291738,-0.3904676395750701,-0.4075861069049652,1.7878896667193103,2.0,1.8857538483722889,-0.40920569501372744,3.0,0.0,1.8344332919916806,3.4484093419172552,1.7620058905033924,2.0206628954293944,2.0,2.0,-0.37787572549647674,0.0,1.0,1.0,1.0,2.0,2.0,17.0,3.0,17.0,3.0,6.0,-0.3801068006213606,-0.37056160101211577,22.0,517.0,-1.0735714461934445,1.1872503460383224,1.7114599785644777,13.946129895184267,-3.249953916950217,11.924662319887467,0.33433784687348556,0.008016948421610662,1.244861134343465,-0.11807028127414619,0.1760238499370359,-0.9414601279672011,True,True,-0.6740872170538542,0.0,-0.6925030529277446,0.01994222162221493,0.5617469267916477,4.0,0.31991872702099744,2.0,-2.7137537546612482,-2.7773575251142564,-0.7538647681328985,-0.09864292743539178,-0.10137243914303375,0.0070033383726995566,-0.02378161186689101,-0.22407875002057948,-0.12134900071083732,-0.03458213650323018,-0.04535676393758911,-0.2601976453631266,-0.09775875032513079,-0.12310237041074748,-0.05130297833699466,-0.23259926361152503,-0.1482811502813477,0.6302753297569147,0.011232546957433498,-0.04100770743682901,0.5607063625875246,-0.0009937301811149572,0.5164331015359256,-0.015369042606817762,0.004819735737903771,0.5127909801766305,-0.003276932916922163,0.6204282970679795,0.5774401397830047,0.5626675630590221,0.5382232284822139,0.0,0.0,0.0,3.0,0.0,0.0,0.0,0.0,0.0,1.7171575330945705,0.8919648234658999,-0.3636322382445559,-0.32713613483424786,1.7874737056215635,1.7281094089291738,-0.3904676395750701,-0.4075861069049652,1.7878896667193103,2.0,1.8857538483722889,-0.40920569501372744,3.0,0.0,1.8344332919916806,3.4484093419172552,1.7620058905033924,2.0206628954293944,2.0,2.0,-0.37787572549647674,0.0,1.0,1.0,1.0,2.0,2.0,17.0,3.0,17.0,3.0,6.0,-0.3801068006213606,-0.37056160101211577,22.0,517.0,-1.0735714461934445,1.1872503460383224,1.7114599785644777,13.946129895184267,-3.249953916950217,11.924662319887467,0.33433784687348556,0.008016948421610662,1.244861134343465,-0.11807028127414619,0.1760238499370359,-0.9414601279672011,0
498873,0.6954767,0.41212425,0.060000000000000005,0.00771172199313132,0.054653901779503786,1.3870242119199678,2.0,-0.8267411667960635,0.2452385761471983,-0.003862109574333474,1.0,-0.37884391893733843,2.0,0.4558833824999115,0.3704751517204111,-0.7497720801140948,-0.10081858701513169,-0.0941872964527534,-0.026209515358593245,-0.04761179978573653,-0.21955566990121977,-0.10850719670201742,-0.045066463773386724,-0.041198587437572515,-0.25790471614606686,-0.059211140921813406,-0.10132437762275998,-0.04284006156344685,-0.24505668330178573,-0.15796622448730263,0.6143767041720156,0.006294394402135517,0.005102421413740016,0.5429503304061222,0.0017533252283235244,0.5368688913250819,0.00040307841376467613,-0.005380045125912073,0.009329363626882713,-0.009887222890864345,-0.0059754933005217665,-0.0010835935567046096,-0.0033570129694667824,0.532380681081983,0.0,0.0,0.0,0.0,0.0,0.0,0.0,0.0,0.0,1.7498786418770504,1.6191623380228588,-0.3587992511670495,-0.3678146298767714,1.8079940108243966,1.8117595206608377,-0.376733101374684,-0.38020747725283005,1.7643905296642188,2.0,1.8990254689177655,2.680681886129655,2.0,2.0,1.7303454240747809,3.447300971643355,1.3459202474925869,1.4753484055450214,2.0,2.0,2.5483382585051677,4.0,2.0,1.0,2.0,1.0,1.0,15.0,3.0,15.0,3.0,3.0,2.6842959088423566,2.6156063407842822,4.0,1090.0,-0.04152225636525552,0.6725258249174374,-0.03636584054277947,26.002193356689947,-2.1652607699121775,2.1739165956210544,1.072197304393781,-0.18927300987172893,10.044686985255876,-0.6340643445359393,0.14327437252636255,-0.07137366230743437,True,True,1.3870242119199678,2.0,-0.8267411667960635,0.2452385761471983,-0.003862109574333474,1.0,-0.37884391893733843,2.0,0.4558833824999115,0.3704751517204111,-0.7497720801140948,-0.10081858701513169,-0.0941872964527534,-0.026209515358593245,-0.04761179978573653,-0.21955566990121977,-0.10850719670201742,-0.045066463773386724,-0.041198587437572515,-0.25790471614606686,-0.059211140921813406,-0.10132437762275998,-0.04284006156344685,-0.24505668330178573,-0.15796622448730263,0.6143767041720156,0.006294394402135517,0.005102421413740016,0.5429503304061222,0.0017533252283235244,0.5368688913250819,0.00040307841376467613,-0.005380045125912073,0.009329363626882713,-0.009887222890864345,-0.0059754933005217665,-0.0010835935567046096,-0.0033570129694667824,0.532380681081983,0.0,0.0,0.0,0.0,0.0,0.0,0.0,0.0,0.0,1.7498786418770504,1.6191623380228588,-0.3587992511670495,-0.3678146298767714,1.8079940108243966,1.8117595206608377,-0.376733101374684,-0.38020747725283005,1.7643905296642188,2.0,1.8990254689177655,2.680681886129655,2.0,2.0,1.7303454240747809,3.447300971643355,1.3459202474925869,1.4753484055450214,2.0,2.0,2.5483382585051677,4.0,2.0,1.0,2.0,1.0,1.0,15.0,3.0,15.0,3.0,3.0,2.6842959088423566,2.6156063407842822,4.0,1090.0,-0.04152225636525552,0.6725258249174374,-0.03636584054277947,26.002193356689947,-2.1652607699121775,2.1739165956210544,1.072197304393781,-0.18927300987172893,10.044686985255876,-0.6340643445359393,0.14327437252636255,-0.07137366230743437,0
304985,0.9428903,0.017366793,0.14,0.03356392623053241,0.3017408846997485,-0.8572220835011537,1.0,-0.4768251787873257,0.9688733337234224,-0.2842234240928481,3.0,0.34246904666095135,2.0,0.6313618815983717,0.4575444544015075,-0.740487079018182,-0.13894061931920323,-0.04225538006885098,-0.015056305550050164,-0.0016293529874614882,-0.2327830946142819,-0.14961785055043092,-0.13182962690289854,0.010832426397427708,-0.25813835786341816,-0.0004465057143019091,-0.04465851123250597,-0.015253813049361194,-0.20202254880538134,-0.1455012722611305,0.6331195168239483,-0.006988312612519821,0.05867125746353463,0.015546265677033143,0.03558870580892383,0.031907777978057446,0.46309876749065826,0.9935835688810837,-0.007501063977777222,0.026428868432898024,0.04744534711893153,0.022967855695393738,0.05238255528706896,-0.015664254826322607,0.0,0.0,0.0,0.0,0.0,0.0,0.0,0.0,0.0,1.7590739938062745,-0.258998204731493,2.7808598246557406,2.7086721911575484,1.8566238459273083,1.7879461786119333,2.616436865311986,2.5730794378995077,1.7268877779497764,1.0,1.9221276010742974,6.3257162968937255,1.0,1.0,1.6546785004757352,3.4601801191982364,1.9318765257846011,1.8528019804279106,1.0,1.0,2.561939303447961,4.0,2.0,1.0,2.0,2.0,1.0,1.0,3.0,1.0,3.0,3.0,3.6922349606357714,3.6467695680891357,4.0,1090.0,-0.5846913241432351,-1.7291618716343322,-0.7718353879449131,31.132666925067547,-1.1612752537096334,-5.3423172869736515,1.1461075812838997,0.1266546841834092,1.0339447788379386,-0.09007211780081613,-0.17959486590009546,-0.5757345402213129,True,True,-0.8572220835011537,1.0,-0.4768251787873257,0.9688733337234224,-0.2842234240928481,3.0,0.34246904666095135,2.0,0.6313618815983717,0.4575444544015075,-0.740487079018182,-0.13894061931920323,-0.04225538006885098,-0.015056305550050164,-0.0016293529874614882,-0.2327830946142819,-0.14961785055043092,-0.13182962690289854,0.010832426397427708,-0.25813835786341816,-0.0004465057143019091,-0.04465851123250597,-0.015253813049361194,-0.20202254880538134,-0.1455012722611305,0.6331195168239483,-0.006988312612519821,0.05867125746353463,0.015546265677033143,0.03558870580892383,0.031907777978057446,0.46309876749065826,0.9935835688810837,-0.007501063977777222,0.026428868432898024,0.04744534711893153,0.022967855695393738,0.05238255528706896,-0.015664254826322607,0.0,0.0,0.0,0.0,0.0,0.0,0.0,0.0,0.0,1.7590739938062745,-0.258998204731493,2.7808598246557406,2.7086721911575484,1.8566238459273083,1.7879461786119333,2.616436865311986,2.5730794378995077,1.7268877779497764,1.0,1.9221276010742974,6.3257162968937255,1.0,1.0,1.6546785004757352,3.4601801191982364,1.9318765257846011,1.8528019804279106,1.0,1.0,2.561939303447961,4.0,2.0,1.0,2.0,2.0,1.0,1.0,3.0,1.0,3.0,3.0,3.6922349606357714,3.6467695680891357,4.0,1090.0,-0.5846913241432351,-1.7291618716343322,-0.7718353879449131,31.132666925067547,-1.1612752537096334,-5.3423172869736515,1.1461075812838997,0.1266546841834092,1.0339447788379386,-0.09007211780081613,-0.17959486590009546,-0.5757345402213129,0
1674,0.9922023,0.24405007,0.16,0.04640734643340897,0.35662996853323325,2.8821660739120976,1.0,1.574726234740434,-0.8170235244010734,-0.0010687601082939122,4.0,-0.012073178722986674,2.0,0.37261075250369324,0.3604244177677663,-0.7732163218386738,-0.08949799358086177,-0.0996690023116953,0.025750824595893132,0.015008014342538213,-0.2002243220795693,-0.06471683027499528,-0.1162956486462242,-0.011478572038882421,-0.31002085141689556,0.02008192120390323,-0.13180307194690108,-0.04328763058639555,-0.1978033869513043,-0.20335821358710454,0.6220818534429773,0.02546600728951173,0.031317542261851246,0.03440747465692436,-0.01884947313143013,0.04033408688691506,0.31840744469936677,0.9136877255103928,-0.027089581926429705,-0.0545575274939581,0.013353701395263418,0.024406069560849925,0.5216301749952132,0.020081896714485306,0.0,0.0,0.0,0.0,0.0,0.0,0.0,0.0,0.0,1.7353161505843708,1.1238602695638973,2.779545710116935,2.814959260281323,1.9018387935296401,1.7971657901017735,2.636400016180472,2.580016458855579,1.6465792733843674,2.0,1.8666203469253235,2.6639507873897355,1.0,1.0,1.7173565104780497,3.386353267423876,1.761855344516023,2.018902320610448,1.0,1.0,2.5317922908535273,3.0,2.0,1.0,2.0,2.0,2.0,15.0,3.0,15.0,3.0,5.0,2.9783856003682185,2.891641654147517,22.0,304.0,0.9227207835417592,-0.025987058395522997,1.7285608222659814,31.21421919859602,-0.983131497782019,-5.237015224037143,1.023390428601453,0.06915282845006585,0.9907578663652573,-0.19943577874326796,-0.13961173344275635,-0.4550225213471338,True,True,2.8821660739120976,1.0,1.574726234740434,-0.8170235244010734,-0.0010687601082939122,4.0,-0.012073178722986674,2.0,0.37261075250369324,0.3604244177677663,-0.7732163218386738,-0.08949799358086177,-0.0996690023116953,0.025750824595893132,0.015008014342538213,-0.2002243220795693,-0.06471683027499528,-0.1162956486462242,-0.011478572038882421,-0.31002085141689556,0.02008192120390323,-0.13180307194690108,-0.04328763058639555,-0.1978033869513043,-0.20335821358710454,0.6220818534429773,0.02546600728951173,0.031317542261851246,0.03440747465692436,-0.01884947313143013,0.04033408688691506,0.31840744469936677,0.9136877255103928,-0.027089581926429705,-0.0545575274939581,0.013353701395263418,0.024406069560849925,0.5216301749952132,0.020081896714485306,0.0,0.0,0.0,0.0,0.0,0.0,0.0,0.0,0.0,1.7353161505843708,1.1238602695638973,2.779545710116935,2.814959260281323,1.9018387935296401,1.7971657901017735,2.636400016180472,2.580016458855579,1.6465792733843674,2.0,1.8666203469253235,2.6639507873897355,1.0,1.0,1.7173565104780497,3.386353267423876,1.761855344516023,2.018902320610448,1.0,1.0,2.5317922908535273,3.0,2.0,1.0,2.0,2.0,2.0,15.0,3.0,15.0,3.0,5.0,2.9783856003682185,2.891641654147517,22.0,304.0,0.9227207835417592,-0.025987058395522997,1.7285608222659814,31.21421919859602,-0.983131497782019,-5.237015224037143,1.023390428601453,0.06915282845006585,0.9907578663652573,-0.19943577874326796,-0.13961173344275635,-0.4550225213471338,0
51829,0.7808742,0.2594472,0.15000000000000002,0.03954065143898942,0.29372449617961083,-0.6028801758159912,0.0,-1.4229825344713722,0.23107288722949898,0.6159296410723771,3.0,0.32493867947472244,3.0,-2.7513561693108666,-2.8001189627801146,-0.7649070914073012,26.718952536778627,25.675061223146983,-0.0955505389023836,25.042210031346038,-0.21113949448718525,24.00754720933145,27.872490701933295,28.095810270905673,-0.2670759750354149,27.16275097704091,25.76064440507087,28.057792517540136,17.678017412109142,22.312923387304792,0.6134072482644578,0.658832647164972,0.5520509328290433,0.4391600039906808,0.5633459985731836,0.5476846665598695,0.3220199745321649,1.0004546282836204,-0.02982889686343528,-0.030818297659292424,0.5907572316321387,0.5752704449961052,0.6167398820163277,0.5343479928145941,0.0,0.0,0.0,3.0,0.0,0.0,0.0,0.0,0.0,1.8140592155564648,0.08142059572441179,2.7529182428318273,2.7819171531812654,1.7358987030315847,1.7694542484429179,2.600282669552174,2.5971828643064176,1.788628948246269,2.0,1.8985750595345894,-0.37776856997128944,1.0,1.0,1.8407118627470955,-0.28242006334316777,1.6602609245719582,1.737176020922606,1.0,1.0,-0.3650832957751927,0.0,1.0,1.0,2.0,2.0,1.0,17.0,3.0,17.0,3.0,6.0,-0.3692155135127907,-0.3399315823268556,4.0,1090.0,0.4673073277084975,-1.326420667824475,1.7904718683966654,14.13291129552743,-3.0940581203372908,11.70815846915335,0.34355447615412316,0.22066990102390777,1.119732411805857,-0.06730379217278418,-0.26645073805267583,-0.8168837727915963,True,True,-0.6028801758159912,0.0,-1.4229825344713722,0.23107288722949898,0.6159296410723771,3.0,0.32493867947472244,3.0,-2.7513561693108666,-2.8001189627801146,-0.7649070914073012,26.718952536778627,25.675061223146983,-0.0955505389023836,25.042210031346038,-0.21113949448718525,24.00754720933145,27.872490701933295,28.095810270905673,-0.2670759750354149,27.16275097704091,25.76064440507087,28.057792517540136,17.678017412109142,22.312923387304792,0.6134072482644578,0.658832647164972,0.5520509328290433,0.4391600039906808,0.5633459985731836,0.5476846665598695,0.3220199745321649,1.0004546282836204,-0.02982889686343528,-0.030818297659292424,0.5907572316321387,0.5752704449961052,0.6167398820163277,0.5343479928145941,0.0,0.0,0.0,3.0,0.0,0.0,0.0,0.0,0.0,1.8140592155564648,0.08142059572441179,2.7529182428318273,2.7819171531812654,1.7358987030315847,1.7694542484429179,2.600282669552174,2.5971828643064176,1.788628948246269,2.0,1.8985750595345894,-0.37776856997128944,1.0,1.0,1.8407118627470955,-0.28242006334316777,1.6602609245719582,1.737176020922606,1.0,1.0,-0.3650832957751927,0.0,1.0,1.0,2.0,2.0,1.0,17.0,3.0,17.0,3.0,6.0,-0.3692155135127907,-0.3399315823268556,4.0,1090.0,0.4673073277084975,-1.326420667824475,1.7904718683966654,14.13291129552743,-3.0940581203372908,11.70815846915335,0.34355447615412316,0.22066990102390777,1.119732411805857,-0.06730379217278418,-0.26645073805267583,-0.8168837727915963,0
34226,0.99985087,0.39460638,0.23,0.12982628505779303,1.004863349915525,1.5652642853162582,1.0,-1.0136306968662228,0.13391385571042555,0.1175280508600829,3.0,-0.777688220805624,2.0,0.4974739803896584,0.555848708574409,-0.895103751016479,-0.11390078320116004,-0.09688775088321869,-0.09131573636853813,-0.0643149581159523,-0.3280979524005883,-0.22933465205085027,-0.3309047953572639,0.020732406174166898,-0.4166712656122982,-0.00600861330337097,-0.11349263734614179,-0.23808404197750183,-0.24936830115961406,-0.14125298503927497,0.819988108174613,0.127861846624496,-0.030105909033909282,0.09332546348956486,0.0717269355545322,-0.05009868121933701,0.24707079196386722,-0.039740365634546755,-0.03042086563541292,0.003637512014848387,-0.36541702959565103,0.023589375043524395,0.6174146190977828,0.14428323934823414,0.0,0.0,0.0,0.0,0.0,0.0,0.0,0.0,0.0,1.8132056620951145,1.2528138463102658,-0.39463275795312175,-0.5173920081618075,1.7626513705492968,1.5382776351208436,-0.4295584568699392,-0.37438897669048987,1.7645601517516223,2.0,1.7549605580450494,2.5904278800901945,3.0,0.0,1.556792348372957,3.3450536034747924,1.2101955323253557,2.1494606678288277,2.0,2.0,2.584615922576412,3.0,2.0,1.0,1.0,2.0,2.0,15.0,3.0,15.0,3.0,5.0,3.0350162315776994,3.000458352089383,22.0,304.0,1.561139873151973,0.8581792457821454,1.9402729085173476,31.58548102606271,-1.147789499432283,-5.180466164364024,1.4306414118478488,-0.07977529338454736,1.0050190515609279,-0.13753960859333175,0.26591453186010733,0.0502478896562486,True,True,1.5652642853162582,1.0,-1.0136306968662228,0.13391385571042555,0.1175280508600829,3.0,-0.777688220805624,2.0,0.4974739803896584,0.555848708574409,-0.895103751016479,-0.11390078320116004,-0.09688775088321869,-0.09131573636853813,-0.0643149581159523,-0.3280979524005883,-0.22933465205085027,-0.3309047953572639,0.020732406174166898,-0.4166712656122982,-0.00600861330337097,-0.11349263734614179,-0.23808404197750183,-0.24936830115961406,-0.14125298503927497,0.819988108174613,0.127861846624496,-0.030105909033909282,0.09332546348956486,0.0717269355545322,-0.05009868121933701,0.24707079196386722,-0.039740365634546755,-0.03042086563541292,0.003637512014848387,-0.36541702959565103,0.023589375043524395,0.6174146190977828,0.14428323934823414,0.0,0.0,0.0,0.0,0.0,0.0,0.0,0.0,0.0,1.8132056620951145,1.2528138463102658,-0.39463275795312175,-0.5173920081618075,1.7626513705492968,1.5382776351208436,-0.4295584568699392,-0.37438897669048987,1.7645601517516223,2.0,1.7549605580450494,2.5904278800901945,3.0,0.0,1.556792348372957,3.3450536034747924,1.2101955323253557,2.1494606678288277,2.0,2.0,2.584615922576412,3.0,2.0,1.0,1.0,2.0,2.0,15.0,3.0,15.0,3.0,5.0,3.0350162315776994,3.000458352089383,22.0,304.0,1.561139873151973,0.8581792457821454,1.9402729085173476,31.58548102606271,-1.147789499432283,-5.180466164364024,1.4306414118478488,-0.07977529338454736,1.0050190515609279,-0.13753960859333175,0.26591453186010733,0.0502478896562486,0
435704,0.9624092,0.37655333,0.2,0.08508720268939021,0.7008658576680855,-0.647948422869576,0.0,-0.22137529263058184,0.6273128939318717,0.6393628860796716,3.0,0.26531656681400373,2.0,-2.7427569297671988,-2.7718158463752025,-0.8125010722128992,-0.06353284757747303,-0.010986796093937448,-0.025470746621551833,0.06209260217999364,-0.2532409789798419,-0.06254209312458311,0.0066969519500920185,-0.17532634894556404,-0.3297039820306946,-0.012081454110018902,-0.04986748209487743,-0.20356742492156116,-0.38047158827972993,-0.20680090626276323,0.4454664493497311,-0.037081459563523135,0.6676620158066071,0.8797870893092662,0.6063125491050203,0.7708242712944547,0.4318154362822808,1.1032728964678369,-0.04418957864084713,-0.07582585122903772,0.8223906103836981,-0.013907808011920972,0.10697538078542537,-0.1944170245627797,0.0,0.0,0.0,3.0,0.0,0.0,0.0,0.0,0.0,1.7504362379250744,4.3258416740777985,2.7755221867997473,2.833045222993985,1.8824461630916673,1.7750110751181516,2.5711409747107195,2.64334976385729,1.682719569487971,2.0,2.1258552146341763,-0.5319457616086922,1.0,1.0,1.8213355032416527,3.6006828652081184,1.6585883622991888,2.065892762232802,1.0,1.0,-0.40262315694014866,0.0,1.0,1.0,2.0,1.0,2.0,15.0,3.0,15.0,3.0,6.0,-0.309786090406024,-0.3771221212471447,4.0,666.0,-1.1263276179551054,-1.0799795418858849,-0.308345770410999,10.95241064451995,-0.920792733208463,1.6022757386648558,0.13897957454420118,-0.02535149787689328,0.639762346872665,-2.241526920608524,-6.769603264615861,-2.5886027108218252,True,True,-0.647948422869576,0.0,-0.22137529263058184,0.6273128939318717,0.6393628860796716,3.0,0.26531656681400373,2.0,-2.7427569297671988,-2.7718158463752025,-0.8125010722128992,-0.06353284757747303,-0.010986796093937448,-0.025470746621551833,0.06209260217999364,-0.2532409789798419,-0.06254209312458311,0.0066969519500920185,-0.17532634894556404,-0.3297039820306946,-0.012081454110018902,-0.04986748209487743,-0.20356742492156116,-0.38047158827972993,-0.20680090626276323,0.4454664493497311,-0.037081459563523135,0.6676620158066071,0.8797870893092662,0.6063125491050203,0.7708242712944547,0.4318154362822808,1.1032728964678369,-0.04418957864084713,-0.07582585122903772,0.8223906103836981,-0.013907808011920972,0.10697538078542537,-0.1944170245627797,0.0,0.0,0.0,3.0,0.0,0.0,0.0,0.0,0.0,1.7504362379250744,4.3258416740777985,2.7755221867997473,2.833045222993985,1.8824461630916673,1.7750110751181516,2.5711409747107195,2.64334976385729,1.682719569487971,2.0,2.1258552146341763,-0.5319457616086922,1.0,1.0,1.8213355032416527,3.6006828652081184,1.6585883622991888,2.065892762232802,1.0,1.0,-0.40262315694014866,0.0,1.0,1.0,2.0,1.0,2.0,15.0,3.0,15.0,3.0,6.0,-0.309786090406024,-0.3771221212471447,4.0,666.0,-1.1263276179551054,-1.0799795418858849,-0.308345770410999,10.95241064451995,-0.920792733208463,1.6022757386648558,0.13897957454420118,-0.02535149787689328,0.639762346872665,-2.241526920608524,-6.769603264615861,-2.5886027108218252,0
390070,0.97263646,0.47680497,0.12,0.02389616287845446,0.18245375582407997,2.6154758755927143,4.0,-0.8134489225023177,-0.052974430097110725,0.054134835872294354,2.0,-10.953084412427282,2.0,0.29960832953293515,0.3694284221347276,0.9280089994027473,-0.11329556076187997,-0.10427785791489634,-0.01923611790648654,-0.03284995795089974,-0.2503072997480194,-0.1088391970313283,-0.0212614789284111,-0.0682573821526185,-0.15761939526831395,-0.034698432403181115,-0.12118267497934386,-0.0264777405114342,-0.2115673695389828,-0.14049946432576377,0.6313518356503302,0.6128137046816617,0.5906250926411525,0.7636328025973778,0.5515698397689368,-0.029451897417821234,0.027447035803681134,0.003780339490387047,0.5406748736615484,0.5855554371119396,-0.04966652887997631,0.005645060624965253,0.02674034918119873,0.5236305113416075,2.0,2.0,2.0,2.0,1.0,1.0,2.0,2.0,2.0,-0.6000488091518471,-0.3680899000893257,-0.3850535275957763,-0.34962001042029706,-0.5773091456869018,-0.5271333310578057,-0.39335639759563223,-0.3512163704523576,-0.6082963132922766,0.0,-0.5043954032773188,-0.3968607781631081,0.0,0.0,-0.5464487121161428,-0.28894788581488395,-0.5265047953978085,-0.5715165459309455,0.0,0.0,-0.4021082890196058,0.0,0.0,0.0,0.0,0.0,0.0,15.0,3.0,25.0,0.0,6.0,-0.3718607089703711,-0.3476775833984405,23.0,517.0,-1.5669703836584916,0.24949259669803356,-0.530299306276328,-7.721378080646162,2.1613245227404976,-0.5444435862560938,0.022371911136286334,0.17139736714936218,2.823375334315791,4.663294813675623,0.9143289120051987,1.624609637380677,True,True,2.6154758755927143,4.0,-0.8134489225023177,-0.052974430097110725,0.054134835872294354,2.0,-10.953084412427282,2.0,0.29960832953293515,0.3694284221347276,0.9280089994027473,-0.11329556076187997,-0.10427785791489634,-0.01923611790648654,-0.03284995795089974,-0.2503072997480194,-0.1088391970313283,-0.0212614789284111,-0.0682573821526185,-0.15761939526831395,-0.034698432403181115,-0.12118267497934386,-0.0264777405114342,-0.2115673695389828,-0.14049946432576377,0.6313518356503302,0.6128137046816617,0.5906250926411525,0.7636328025973778,0.5515698397689368,-0.029451897417821234,0.027447035803681134,0.003780339490387047,0.5406748736615484,0.5855554371119396,-0.04966652887997631,0.005645060624965253,0.02674034918119873,0.5236305113416075,2.0,2.0,2.0,2.0,1.0,1.0,2.0,2.0,2.0,-0.6000488091518471,-0.3680899000893257,-0.3850535275957763,-0.34962001042029706,-0.5773091456869018,-0.5271333310578057,-0.39335639759563223,-0.3512163704523576,-0.6082963132922766,0.0,-0.5043954032773188,-0.3968607781631081,0.0,0.0,-0.5464487121161428,-0.28894788581488395,-0.5265047953978085,-0.5715165459309455,0.0,0.0,-0.4021082890196058,0.0,0.0,0.0,0.0,0.0,0.0,15.0,3.0,25.0,0.0,6.0,-0.3718607089703711,-0.3476775833984405,23.0,517.0,-1.5669703836584916,0.24949259669803356,-0.530299306276328,-7.721378080646162,2.1613245227404976,-0.5444435862560938,0.022371911136286334,0.17139736714936218,2.823375334315791,4.663294813675623,0.9143289120051987,1.624609637380677,0
453096,0.93793267,0.15006982,0.15000000000000002,0.03954065143898942,0.3338993921082974,2.8494970798846406,4.0,0.08889856277160453,0.9575301539655596,0.007478876229656825,4.0,0.3756063009001752,2.0,0.7882716357452176,0.41122981683091797,-0.6985502190623003,-0.14987998079031126,-0.06722764683705033,-0.10686358377810158,-0.087851659948469,-0.16657532143261675,-0.099937833385099,0.046459387128514495,-0.014055516499333835,-0.21305069276693098,-0.1170277552357459,-0.06279441495688073,-0.06322720292473122,-0.22166552523969874,-0.1655702186622065,0.6061085428799081,0.6057879460842512,0.566817681191095,0.553176876171178,0.47555383935468587,-0.005764938204055482,-0.011064148904471452,0.07214831839074673,0.4574329229901212,0.010408306225074177,-0.002901854387024934,-0.036449492806131335,-0.005315607792633708,0.5160678522258961,0.0,0.0,0.0,1.0,2.0,1.0,0.0,0.0,0.0,-0.5570816872992026,-0.43308281971174184,-0.3302315550124996,-0.349125356381111,-0.539981360316938,-0.5820162267495763,-0.3535030386851572,-0.3654287559053454,-0.6192666946418275,0.0,-0.4927787406700751,-0.31751290492443146,0.0,0.0,-0.5912575116140534,-0.22314172587864972,-0.5314826315947303,-0.5436557679487201,0.0,0.0,-0.36874536651360096,0.0,0.0,0.0,0.0,0.0,0.0,15.0,3.0,25.0,0.0,6.0,-0.35768080262242635,-0.32972907609381985,23.0,517.0,-1.6029642867684042,1.2038263199490025,-0.324206175257448,-6.656297990319206,1.3820604855069363,0.3896640404510682,-0.06346669104375552,-0.03093376277505545,0.6856558985509887,1.7611314765304484,-4.356172845365671,2.984177886593566,True,True,2.8494970798846406,4.0,0.08889856277160453,0.9575301539655596,0.007478876229656825,4.0,0.3756063009001752,2.0,0.7882716357452176,0.41122981683091797,-0.6985502190623003,-0.14987998079031126,-0.06722764683705033,-0.10686358377810158,-0.087851659948469,-0.16657532143261675,-0.099937833385099,0.046459387128514495,-0.014055516499333835,-0.21305069276693098,-0.1170277552357459,-0.06279441495688073,-0.06322720292473122,-0.22166552523969874,-0.1655702186622065,0.6061085428799081,0.6057879460842512,0.566817681191095,0.553176876171178,0.47555383935468587,-0.005764938204055482,-0.011064148904471452,0.07214831839074673,0.4574329229901212,0.010408306225074177,-0.002901854387024934,-0.036449492806131335,-0.005315607792633708,0.5160678522258961,0.0,0.0,0.0,1.0,2.0,1.0,0.0,0.0,0.0,-0.5570816872992026,-0.43308281971174184,-0.3302315550124996,-0.349125356381111,-0.539981360316938,-0.5820162267495763,-0.3535030386851572,-0.3654287559053454,-0.6192666946418275,0.0,-0.4927787406700751,-0.31751290492443146,0.0,0.0,-0.5912575116140534,-0.22314172587864972,-0.5314826315947303,-0.5436557679487201,0.0,0.0,-0.36874536651360096,0.0,0.0,0.0,0.0,0.0,0.0,15.0,3.0,25.0,0.0,6.0,-0.35768080262242635,-0.32972907609381985,23.0,517.0,-1.6029642867684042,1.2038263199490025,-0.324206175257448,-6.656297990319206,1.3820604855069363,0.3896640404510682,-0.06346669104375552,-0.03093376277505545,0.6856558985509887,1.7611314765304484,-4.356172845365671,2.984177886593566,0
281754,0.9988066,0.061188053,0.24000000000000002,0.1486439774738485,1.4058317782127092,-0.38958066508391487,0.0,1.0827365107446094,0.1287330428105077,0.656349904107117,3.0,0.5095166373177837,3.0,-2.936699614659083,-2.691695287175926,-0.800584627349319,-0.07926904275263609,0.1718196236479827,0.07672184951833619,-0.04175454658710795,-0.2818671046480673,0.12774103749146512,0.011394935592093536,0.37343074092510703,-0.4495890530281926,0.24390482442737343,0.06457885239693555,-0.008838507465125017,0.28872912528908534,-0.11909840008954085,0.44269918075724835,-0.25686601295923966,-0.09582724638622889,0.19986815134353447,0.31258500581049853,0.8156548225188618,0.3532272578342696,0.8855978132221471,0.6811622226197065,0.28169866440784236,0.529289379239919,0.4554291760558571,0.6331121423343411,0.6446216856882404,0.0,0.0,0.0,3.0,0.0,0.0,0.0,0.0,0.0,1.5388544887709625,2.967158227901633,2.807288270562004,2.6206209874577295,1.7376194629099349,1.7451039641350254,2.5857464680714775,2.70222606788618,1.5426408843741737,2.0,1.5097806693684817,-0.5462805493228886,1.0,1.0,1.8423118289896183,-0.3228639725045987,1.771931316722364,1.630814332304619,1.0,1.0,-0.23083506545988178,0.0,1.0,1.0,2.0,1.0,2.0,15.0,3.0,15.0,3.0,6.0,-0.3940637465022172,-0.30373673990744887,4.0,370.0,-0.8029898190173391,-1.0000649521246672,-0.9000045904079427,13.96522502057073,-3.0800715891820825,12.061290481083068,0.42909827698668074,-0.07064423596563513,1.0750584054422596,-0.40795537532156595,0.6652829015526195,-0.7875462618425981,True,True,-0.38958066508391487,0.0,1.0827365107446094,0.1287330428105077,0.656349904107117,3.0,0.5095166373177837,3.0,-2.936699614659083,-2.691695287175926,-0.800584627349319,-0.07926904275263609,0.1718196236479827,0.07672184951833619,-0.04175454658710795,-0.2818671046480673,0.12774103749146512,0.011394935592093536,0.37343074092510703,-0.4495890530281926,0.24390482442737343,0.06457885239693555,-0.008838507465125017,0.28872912528908534,-0.11909840008954085,0.44269918075724835,-0.25686601295923966,-0.09582724638622889,0.19986815134353447,0.31258500581049853,0.8156548225188618,0.3532272578342696,0.8855978132221471,0.6811622226197065,0.28169866440784236,0.529289379239919,0.4554291760558571,0.6331121423343411,0.6446216856882404,0.0,0.0,0.0,3.0,0.0,0.0,0.0,0.0,0.0,1.5388544887709625,2.967158227901633,2.807288270562004,2.6206209874577295,1.7376194629099349,1.7451039641350254,2.5857464680714775,2.70222606788618,1.5426408843741737,2.0,1.5097806693684817,-0.5462805493228886,1.0,1.0,1.8423118289896183,-0.3228639725045987,1.771931316722364,1.630814332304619,1.0,1.0,-0.23083506545988178,0.0,1.0,1.0,2.0,1.0,2.0,15.0,3.0,15.0,3.0,6.0,-0.3940637465022172,-0.30373673990744887,4.0,370.0,-0.8029898190173391,-1.0000649521246672,-0.9000045904079427,13.96522502057073,-3.0800715891820825,12.061290481083068,0.42909827698668074,-0.07064423596563513,1.0750584054422596,-0.40795537532156595,0.6652829015526195,-0.7875462618425981,0
281127,0.9681941,0.4638924,0.09999999999999999,0.01672075323499393,0.1295803838910576,0.9074028063274823,4.0,0.2735753818443341,-0.6120119406239256,0.023769767843632657,3.0,0.3172566189948353,2.0,0.42375588637304584,0.3418045849795074,-0.738045431006201,-0.10969304948482918,-0.099618279187605,-0.028171662014298174,-0.036586258377293394,-0.24178359069968053,-0.08590308009788267,-0.052225852764364866,-0.056648866253131966,-0.1517174664602776,-0.043476522615789444,-0.08460322407979284,-0.03468969009682251,-0.23375642989785603,-0.15771510988097992,0.5934123425109119,0.6038330602088932,0.5574811558028403,0.5415660890996039,0.0049333377062770346,-0.00977805485063031,0.00742969499181495,-0.009804410550219264,0.5122754244529133,-0.016119378880992612,-0.005034056667172032,-0.022736013807232575,0.0016724781461378148,0.5507857033966123,0.0,0.0,0.0,1.0,1.0,2.0,0.0,0.0,0.0,-0.578807759464238,-0.3854179567467239,-0.34259943114485075,-0.3307349044499194,-0.5722868432547252,-0.5443429546521511,-0.40247208162529996,-0.3836940237232453,-0.5437523263261558,0.0,-0.5465137270452991,-0.3889479195940488,0.0,0.0,-0.5995413796254042,-0.28321993888424507,-0.5609844315953672,-0.5545840316760702,0.0,0.0,-0.42550590051626463,0.0,0.0,0.0,0.0,0.0,0.0,43.0,3.0,25.0,0.0,6.0,-0.3569917031076776,-0.3554459077482986,23.0,517.0,-1.0615841754154132,-1.829628524445436,-0.7438208866013791,-6.588491254973984,1.813427589197938,0.4592090477818568,-0.39204582366374713,0.7645985211262556,0.8161562839858898,2.488885376067267,-4.596779411201686,3.0203190476972472,True,True,0.9074028063274823,4.0,0.2735753818443341,-0.6120119406239256,0.023769767843632657,3.0,0.3172566189948353,2.0,0.42375588637304584,0.3418045849795074,-0.738045431006201,-0.10969304948482918,-0.099618279187605,-0.028171662014298174,-0.036586258377293394,-0.24178359069968053,-0.08590308009788267,-0.052225852764364866,-0.056648866253131966,-0.1517174664602776,-0.043476522615789444,-0.08460322407979284,-0.03468969009682251,-0.23375642989785603,-0.15771510988097992,0.5934123425109119,0.6038330602088932,0.5574811558028403,0.5415660890996039,0.0049333377062770346,-0.00977805485063031,0.00742969499181495,-0.009804410550219264,0.5122754244529133,-0.016119378880992612,-0.005034056667172032,-0.022736013807232575,0.0016724781461378148,0.5507857033966123,0.0,0.0,0.0,1.0,1.0,2.0,0.0,0.0,0.0,-0.578807759464238,-0.3854179567467239,-0.34259943114485075,-0.3307349044499194,-0.5722868432547252,-0.5443429546521511,-0.40247208162529996,-0.3836940237232453,-0.5437523263261558,0.0,-0.5465137270452991,-0.3889479195940488,0.0,0.0,-0.5995413796254042,-0.28321993888424507,-0.5609844315953672,-0.5545840316760702,0.0,0.0,-0.42550590051626463,0.0,0.0,0.0,0.0,0.0,0.0,43.0,3.0,25.0,0.0,6.0,-0.3569917031076776,-0.3554459077482986,23.0,517.0,-1.0615841754154132,-1.829628524445436,-0.7438208866013791,-6.588491254973984,1.813427589197938,0.4592090477818568,-0.39204582366374713,0.7645985211262556,0.8161562839858898,2.488885376067267,-4.596779411201686,3.0203190476972472,0
368788,0.88207245,0.30847946,0.13,0.028378895023486856,0.22290336893032256,-0.7806008773856317,1.0,-0.6527821697283465,-0.28299588280716215,0.02963704325320511,4.0,-0.8204146675752927,3.0,0.39488368199747176,0.378577148035636,-0.7500284641704639,-0.12875970527735076,-0.12619425092235387,-0.057387734125480414,-0.06432447554588029,-0.19405757553661385,-0.12549536194257313,-0.030200633425201597,-0.07731226877489672,-0.2751319206812134,-0.053029597647226895,-0.11496179574973325,-0.05659756143735088,-0.26278945727112607,-0.13857280793674112,0.6095598109216046,0.04402442900926687,0.02064585623023507,-0.043703760188181055,-0.005405402221879847,0.007992380867158581,0.027406317807002836,0.021693952370600317,-0.004516827520859425,-0.022107149552841647,0.00204130088039513,0.03357688045805843,-0.039964519743234596,0.01888184932034084,0.0,0.0,0.0,0.0,0.0,0.0,0.0,0.0,0.0,1.7732451339048139,0.46675400451572785,-0.3466801482762254,-0.3789412385193862,1.822522824954794,1.8212448933269927,-0.41985200014251367,-0.38924367924659947,1.7399801881464192,2.0,1.8759270248322728,2.66987900717128,2.0,2.0,1.7533739332434333,3.432086579852348,1.780080894134472,2.0865931432440585,2.0,2.0,2.545196753384722,3.0,2.0,1.0,1.0,2.0,2.0,1.0,3.0,1.0,3.0,5.0,2.785084571328111,3.2722001327563626,22.0,304.0,-1.555210868766926,-1.7461455687426861,-0.5597111972767638,31.165658594228944,-1.1384330113085734,-5.413506938335612,1.1890677148637,0.13059374367842413,0.9680660711822465,-0.09503752957689571,-0.17641340826352414,-0.5334026020708943,True,True,-0.7806008773856317,1.0,-0.6527821697283465,-0.28299588280716215,0.02963704325320511,4.0,-0.8204146675752927,3.0,0.39488368199747176,0.378577148035636,-0.7500284641704639,-0.12875970527735076,-0.12619425092235387,-0.057387734125480414,-0.06432447554588029,-0.19405757553661385,-0.12549536194257313,-0.030200633425201597,-0.07731226877489672,-0.2751319206812134,-0.053029597647226895,-0.11496179574973325,-0.05659756143735088,-0.26278945727112607,-0.13857280793674112,0.6095598109216046,0.04402442900926687,0.02064585623023507,-0.043703760188181055,-0.005405402221879847,0.007992380867158581,0.027406317807002836,0.021693952370600317,-0.004516827520859425,-0.022107149552841647,0.00204130088039513,0.03357688045805843,-0.039964519743234596,0.01888184932034084,0.0,0.0,0.0,0.0,0.0,0.0,0.0,0.0,0.0,1.7732451339048139,0.46675400451572785,-0.3466801482762254,-0.3789412385193862,1.822522824954794,1.8212448933269927,-0.41985200014251367,-0.38924367924659947,1.7399801881464192,2.0,1.8759270248322728,2.66987900717128,2.0,2.0,1.7533739332434333,3.432086579852348,1.780080894134472,2.0865931432440585,2.0,2.0,2.545196753384722,3.0,2.0,1.0,1.0,2.0,2.0,1.0,3.0,1.0,3.0,5.0,2.785084571328111,3.2722001327563626,22.0,304.0,-1.555210868766926,-1.7461455687426861,-0.5597111972767638,31.165658594228944,-1.1384330113085734,-5.413506938335612,1.1890677148637,0.13059374367842413,0.9680660711822465,-0.09503752957689571,-0.17641340826352414,-0.5334026020708943,0
213114,0.99880946,0.095863216,0.2,0.08508720268939021,0.7028209737857221,-0.7066936156577985,0.0,0.7660416978182086,-0.816458886773164,0.4953561326456326,3.0,-0.5704692564149896,2.0,-2.751107384507523,-2.8321629458723563,-0.8471027774361695,-0.060408366455460646,-0.10061179164311135,-0.11219925185396558,-0.2505143578493884,-0.14161125765061522,-0.09210496797992998,0.10064308285453673,-0.17510995440929403,-0.09842413120790694,0.017965549868552547,-0.13803494774951078,-0.043445592219404895,-0.1470586020740678,-0.17407727057007716,0.6304186855344994,0.017522877053074443,0.1507587620871223,0.4370398860530879,0.5326746078015713,0.4908975717865514,0.2907093489547863,0.9386328686647898,0.6526202451606116,-0.017304390957754354,0.5023092294469192,0.5891947422241667,0.5263185523402296,0.6332840601697319,0.0,0.0,0.0,3.0,0.0,0.0,0.0,0.0,0.0,1.653635701663194,0.1622058565043572,2.742350033450992,2.733201698210013,1.862340830303496,1.8629691991495707,2.6228208673995312,2.652848125782641,1.716262468870687,2.0,1.8393973557514705,-0.2884095534232942,1.0,1.0,1.7959421570307113,-0.08185990020747977,1.614006539614898,1.6655210375488012,1.0,1.0,-0.17524051980964805,0.0,1.0,1.0,2.0,1.0,1.0,15.0,3.0,15.0,3.0,6.0,-0.2639147423803163,-0.4561515982009616,4.0,1090.0,1.4172658256850785,-1.5356124741401285,-0.9621985140343006,9.596582694567397,-2.724992804779705,15.837452931895324,-0.5499136115172645,-0.24967572839856075,-2.1758368736363245,0.11053176669953953,0.5669655943466179,-0.5758006068748005,True,True,-0.7066936156577985,0.0,0.7660416978182086,-0.816458886773164,0.4953561326456326,3.0,-0.5704692564149896,2.0,-2.751107384507523,-2.8321629458723563,-0.8471027774361695,-0.060408366455460646,-0.10061179164311135,-0.11219925185396558,-0.2505143578493884,-0.14161125765061522,-0.09210496797992998,0.10064308285453673,-0.17510995440929403,-0.09842413120790694,0.017965549868552547,-0.13803494774951078,-0.043445592219404895,-0.1470586020740678,-0.17407727057007716,0.6304186855344994,0.017522877053074443,0.1507587620871223,0.4370398860530879,0.5326746078015713,0.4908975717865514,0.2907093489547863,0.9386328686647898,0.6526202451606116,-0.017304390957754354,0.5023092294469192,0.5891947422241667,0.5263185523402296,0.6332840601697319,0.0,0.0,0.0,3.0,0.0,0.0,0.0,0.0,0.0,1.653635701663194,0.1622058565043572,2.742350033450992,2.733201698210013,1.862340830303496,1.8629691991495707,2.6228208673995312,2.652848125782641,1.716262468870687,2.0,1.8393973557514705,-0.2884095534232942,1.0,1.0,1.7959421570307113,-0.08185990020747977,1.614006539614898,1.6655210375488012,1.0,1.0,-0.17524051980964805,0.0,1.0,1.0,2.0,1.0,1.0,15.0,3.0,15.0,3.0,6.0,-0.2639147423803163,-0.4561515982009616,4.0,1090.0,1.4172658256850785,-1.5356124741401285,-0.9621985140343006,9.596582694567397,-2.724992804779705,15.837452931895324,-0.5499136115172645,-0.24967572839856075,-2.1758368736363245,0.11053176669953953,0.5669655943466179,-0.5758006068748005,0
446379,0.7649702,0.48917753,0.01,0.0025521382703821843,0.022696232649506997,0.4203055978637102,4.0,-0.8999984896913127,-1.0028347976834096,-0.002714974703531531,4.0,0.3248148221424485,3.0,0.10985486568939386,0.36083649808499324,0.9301804802898973,-0.09758443969646696,-0.08564216714653668,-0.03480915015889666,-0.05699833196077865,-0.21678435436250695,-0.09886158343902243,-0.04365940772488068,-0.055471633529103274,-0.20620706514469167,-0.05527422611309568,-0.08969150383415375,-0.035788323603578566,-0.24337184973379797,-0.14875035395502467,0.6223047553972392,0.6089417312792256,0.5479301763505141,0.53440160646214,0.5478211028311646,0.0010196467885100955,-0.0016424497039874105,-0.004180787824617404,0.532031245608904,0.6016237625365339,0.0005993445617191493,-0.0013374095737697727,-0.0032629720592815287,0.5336425850463701,2.0,2.0,1.0,1.0,1.0,1.0,1.0,1.0,2.0,-0.573375989163355,-0.39165620883771235,-0.35760138305485606,-0.3646344498941906,-0.5555344089127802,-0.553061738668687,-0.38070463821977457,-0.38288039140378133,-0.5672259606102756,0.0,-0.5346745237311946,-0.39097455635142897,0.0,0.0,-0.5627837713795412,-0.2888717544256019,-0.5629354462870535,-0.564183839343032,0.0,0.0,-0.3920661136592207,0.0,0.0,0.0,0.0,0.0,0.0,15.0,3.0,25.0,0.0,6.0,-0.36398857692147435,-0.37123135011186703,23.0,517.0,0.9761802488584036,-1.4251539162670586,-0.27080438558102254,-7.511801671854809,0.8757807328953584,-0.533705759072853,-0.0031972952561098666,-0.0001489821573914486,2.2449398820137993,0.09995983700966007,1.2784053428732336,-0.223321504738753,True,True,0.4203055978637102,4.0,-0.8999984896913127,-1.0028347976834096,-0.002714974703531531,4.0,0.3248148221424485,3.0,0.10985486568939386,0.36083649808499324,0.9301804802898973,-0.09758443969646696,-0.08564216714653668,-0.03480915015889666,-0.05699833196077865,-0.21678435436250695,-0.09886158343902243,-0.04365940772488068,-0.055471633529103274,-0.20620706514469167,-0.05527422611309568,-0.08969150383415375,-0.035788323603578566,-0.24337184973379797,-0.14875035395502467,0.6223047553972392,0.6089417312792256,0.5479301763505141,0.53440160646214,0.5478211028311646,0.0010196467885100955,-0.0016424497039874105,-0.004180787824617404,0.532031245608904,0.6016237625365339,0.0005993445617191493,-0.0013374095737697727,-0.0032629720592815287,0.5336425850463701,2.0,2.0,1.0,1.0,1.0,1.0,1.0,1.0,2.0,-0.573375989163355,-0.39165620883771235,-0.35760138305485606,-0.3646344498941906,-0.5555344089127802,-0.553061738668687,-0.38070463821977457,-0.38288039140378133,-0.5672259606102756,0.0,-0.5346745237311946,-0.39097455635142897,0.0,0.0,-0.5627837713795412,-0.2888717544256019,-0.5629354462870535,-0.564183839343032,0.0,0.0,-0.3920661136592207,0.0,0.0,0.0,0.0,0.0,0.0,15.0,3.0,25.0,0.0,6.0,-0.36398857692147435,-0.37123135011186703,23.0,517.0,0.9761802488584036,-1.4251539162670586,-0.27080438558102254,-7.511801671854809,0.8757807328953584,-0.533705759072853,-0.0031972952561098666,-0.0001489821573914486,2.2449398820137993,0.09995983700966007,1.2784053428732336,-0.223321504738753,0
188651,0.99727947,0.112565756,0.28,0.24919445743323487,1.9518712655520465,-0.3036061646183252,0.0,-1.446505923965675,-1.0824003502944242,0.41740048859823653,4.0,-0.4785638145409003,2.0,-3.066258227179317,-2.873094888130547,-0.6505498332720532,1.2570012506595656,1.481516651474391,0.10292279575146851,-0.11458149798315986,0.16764064562647207,0.7799773409871705,0.24800096447301107,0.9271842313577141,-0.42088167916517993,0.6244627168530643,0.9366295815659315,0.8835047813311862,-0.20425086235402878,-0.13734815426347116,0.593178101486194,0.028394321510031743,-0.17452337183957745,0.9131948247899053,0.5483027103966915,0.40575274732359917,0.5882472277987667,1.233096467178213,0.6609156263384552,0.31595404695397783,0.09788581824355702,0.12632285768456752,0.9036956292711718,0.692485373221011,0.0,0.0,0.0,1.0,0.0,0.0,0.0,0.0,0.0,1.1895873309565383,6.694732273854542,3.0517383115940544,2.825824753667992,2.1108107465138515,1.602723266276392,2.945342604361631,2.6378499945236262,1.9174890043017216,2.0,1.8387553999360113,-0.2871897185130923,1.0,1.0,1.7131681726564474,-0.030617226865497615,1.4709396465843492,0.9035971874372897,1.0,1.0,-0.09786345904064309,0.0,1.0,1.0,2.0,1.0,1.0,15.0,3.0,15.0,3.0,6.0,-0.34767962119046075,-0.4257538995719336,4.0,517.0,0.1128313218137808,0.5296984979501043,-1.054891745150027,9.517280579600287,-2.888232317171841,15.930556129527446,-1.053209023533234,-0.056290319324672135,-2.003382172054303,0.12519837082449886,0.738192576724195,-0.5453828766770774,True,True,-0.3036061646183252,0.0,-1.446505923965675,-1.0824003502944242,0.41740048859823653,4.0,-0.4785638145409003,2.0,-3.066258227179317,-2.873094888130547,-0.6505498332720532,1.2570012506595656,1.481516651474391,0.10292279575146851,-0.11458149798315986,0.16764064562647207,0.7799773409871705,0.24800096447301107,0.9271842313577141,-0.42088167916517993,0.6244627168530643,0.9366295815659315,0.8835047813311862,-0.20425086235402878,-0.13734815426347116,0.593178101486194,0.028394321510031743,-0.17452337183957745,0.9131948247899053,0.5483027103966915,0.40575274732359917,0.5882472277987667,1.233096467178213,0.6609156263384552,0.31595404695397783,0.09788581824355702,0.12632285768456752,0.9036956292711718,0.692485373221011,0.0,0.0,0.0,1.0,0.0,0.0,0.0,0.0,0.0,1.1895873309565383,6.694732273854542,3.0517383115940544,2.825824753667992,2.1108107465138515,1.602723266276392,2.945342604361631,2.6378499945236262,1.9174890043017216,2.0,1.8387553999360113,-0.2871897185130923,1.0,1.0,1.7131681726564474,-0.030617226865497615,1.4709396465843492,0.9035971874372897,1.0,1.0,-0.09786345904064309,0.0,1.0,1.0,2.0,1.0,1.0,15.0,3.0,15.0,3.0,6.0,-0.34767962119046075,-0.4257538995719336,4.0,517.0,0.1128313218137808,0.5296984979501043,-1.054891745150027,9.517280579600287,-2.888232317171841,15.930556129527446,-1.053209023533234,-0.056290319324672135,-2.003382172054303,0.12519837082449886,0.738192576724195,-0.5453828766770774,0
476469,0.9972031,0.21725488,0.16,0.04640734643340897,0.41241783960185074,-0.5262172193048242,0.0,0.9628917045175486,-0.6732343357543497,0.6670299677398507,3.0,-0.47490838883044273,2.0,-2.7976455040526416,-2.8039148249480443,-0.7088931218246439,-0.0715629105282571,-0.12923533432467119,-0.03263894568650873,-0.0352099179925914,-0.17510687491871949,0.003424624179157121,-0.06949857558264128,-0.03301784926185041,-0.4113654474988536,-0.032940562742602084,-0.07769192590427826,-0.0236215254425461,-0.2023206850837884,-0.13679256190591718,0.5762332102871869,0.013286765229873253,-0.039229351378855436,0.5936884667769109,0.5687583858540924,0.49019421389398604,0.4071978166600852,0.9767426305607011,0.4801526050394434,0.09705978901895304,0.661775463603147,0.601940257158539,0.6459727183855655,0.5211760240857226,0.0,0.0,0.0,3.0,0.0,0.0,0.0,0.0,0.0,1.7442658136422131,0.39200823341892505,2.8725758923256057,2.8591127851132634,1.8512774784999768,1.7211347215830985,2.6619864135984215,2.7015120462350755,1.8269864547058474,2.0,1.8820925792762868,-0.3764909960654089,1.0,1.0,1.8830209338136128,-0.3279463363214983,1.568044342615561,2.0048988880208456,1.0,1.0,-0.3950945173564831,0.0,1.0,1.0,2.0,1.0,1.0,15.0,3.0,15.0,3.0,6.0,-0.3267785225373376,-0.4440810615945005,4.0,1090.0,-0.564909134794491,1.1011426949273764,-0.2548501820763464,9.614517525025954,-2.672549054699154,15.912210709217824,-0.5591547026354988,-0.13867247145615227,-2.136875867876199,0.08719180703516463,0.4921612206843458,-0.624519121567073,True,True,-0.5262172193048242,0.0,0.9628917045175486,-0.6732343357543497,0.6670299677398507,3.0,-0.47490838883044273,2.0,-2.7976455040526416,-2.8039148249480443,-0.7088931218246439,-0.0715629105282571,-0.12923533432467119,-0.03263894568650873,-0.0352099179925914,-0.17510687491871949,0.003424624179157121,-0.06949857558264128,-0.03301784926185041,-0.4113654474988536,-0.032940562742602084,-0.07769192590427826,-0.0236215254425461,-0.2023206850837884,-0.13679256190591718,0.5762332102871869,0.013286765229873253,-0.039229351378855436,0.5936884667769109,0.5687583858540924,0.49019421389398604,0.4071978166600852,0.9767426305607011,0.4801526050394434,0.09705978901895304,0.661775463603147,0.601940257158539,0.6459727183855655,0.5211760240857226,0.0,0.0,0.0,3.0,0.0,0.0,0.0,0.0,0.0,1.7442658136422131,0.39200823341892505,2.8725758923256057,2.8591127851132634,1.8512774784999768,1.7211347215830985,2.6619864135984215,2.7015120462350755,1.8269864547058474,2.0,1.8820925792762868,-0.3764909960654089,1.0,1.0,1.8830209338136128,-0.3279463363214983,1.568044342615561,2.0048988880208456,1.0,1.0,-0.3950945173564831,0.0,1.0,1.0,2.0,1.0,1.0,15.0,3.0,15.0,3.0,6.0,-0.3267785225373376,-0.4440810615945005,4.0,1090.0,-0.564909134794491,1.1011426949273764,-0.2548501820763464,9.614517525025954,-2.672549054699154,15.912210709217824,-0.5591547026354988,-0.13867247145615227,-2.136875867876199,0.08719180703516463,0.4921612206843458,-0.624519121567073,0
197646,0.69186026,0.37248376,0.02,0.0032300924127905565,0.025224140343428725,-0.6875636339570309,3.0,-0.7894843941376956,1.052114995428961,-0.005659657541925538,4.0,0.32599847389045455,2.0,0.4424619737569911,0.35843905190043585,-0.7485414611673061,-0.09359081239659163,-0.08533738280953616,-0.03630286853595639,-0.02750932398574859,-0.21736545259051773,-0.12551225224930562,-0.049120713003312874,-0.04681684460327545,-0.2686856201848604,-0.0458113720885468,-0.0865766537044945,-0.046254558217774466,-0.2400296187885974,-0.12874312971385565,0.6102633253827616,-0.0024634058471945195,-0.005688166903584089,-0.0032682588975727522,0.0018986720691015987,0.0031924154079145802,0.36895663062070627,1.009679955300167,0.5337617289088619,-0.0028072057331721845,0.003911062635625207,0.005493319540787882,0.5409470242469843,-0.002474434024163514,0.0,0.0,0.0,0.0,0.0,0.0,0.0,0.0,0.0,1.7525980642807573,-0.33983020046181145,-0.3597634639638234,-0.36210821321960185,1.7980216156911943,1.8204897022324737,2.6080004733041955,2.6073990103387614,1.7629970888156274,2.0,1.8991257667640988,2.407948823666882,2.0,2.0,1.7339191277323442,3.4455641240252963,2.25130500865814,1.9781832447788885,1.0,1.0,2.5456808598871983,4.0,2.0,1.0,2.0,2.0,1.0,25.0,0.0,15.0,3.0,3.0,2.1045627428596516,2.1579935796353262,8.0,1090.0,-1.5757373488007431,0.8092302332876734,-1.0225464287849328,26.666074876943842,-0.4615098094332553,-1.1979155964106707,0.20389173178671202,-0.028021667323014785,-2.251151978110687,0.514408235056719,0.7237474525272403,0.23278117934815215,True,True,-0.6875636339570309,3.0,-0.7894843941376956,1.052114995428961,-0.005659657541925538,4.0,0.32599847389045455,2.0,0.4424619737569911,0.35843905190043585,-0.7485414611673061,-0.09359081239659163,-0.08533738280953616,-0.03630286853595639,-0.02750932398574859,-0.21736545259051773,-0.12551225224930562,-0.049120713003312874,-0.04681684460327545,-0.2686856201848604,-0.0458113720885468,-0.0865766537044945,-0.046254558217774466,-0.2400296187885974,-0.12874312971385565,0.6102633253827616,-0.0024634058471945195,-0.005688166903584089,-0.0032682588975727522,0.0018986720691015987,0.0031924154079145802,0.36895663062070627,1.009679955300167,0.5337617289088619,-0.0028072057331721845,0.003911062635625207,0.005493319540787882,0.5409470242469843,-0.002474434024163514,0.0,0.0,0.0,0.0,0.0,0.0,0.0,0.0,0.0,1.7525980642807573,-0.33983020046181145,-0.3597634639638234,-0.36210821321960185,1.7980216156911943,1.8204897022324737,2.6080004733041955,2.6073990103387614,1.7629970888156274,2.0,1.8991257667640988,2.407948823666882,2.0,2.0,1.7339191277323442,3.4455641240252963,2.25130500865814,1.9781832447788885,1.0,1.0,2.5456808598871983,4.0,2.0,1.0,2.0,2.0,1.0,25.0,0.0,15.0,3.0,3.0,2.1045627428596516,2.1579935796353262,8.0,1090.0,-1.5757373488007431,0.8092302332876734,-1.0225464287849328,26.666074876943842,-0.4615098094332553,-1.1979155964106707,0.20389173178671202,-0.028021667323014785,-2.251151978110687,0.514408235056719,0.7237474525272403,0.23278117934815215,0
529722,0.8238047,0.48856056,0.02,0.0032300924127905565,0.02565754101074207,-0.3955212875247859,0.0,-0.36563019492139215,-0.798593742688734,-0.005188737673892819,4.0,0.32389789304770766,3.0,-2.725029518141105,-2.8029345553970835,-0.7546611563918154,-0.09609839803104804,-0.08930332898178592,-0.03198294132975655,-0.04668644009149774,-0.21781503601001215,-0.1137769044037338,-0.025023326748756562,-0.030779303640545895,-0.27652855735363113,-0.050769257724813686,-0.10284192241672516,-0.033077716597485964,-0.2530169017691404,-0.16665600078593215,0.6110163511979043,-0.004223766299876194,0.0005757710654372314,0.5412200018617308,0.5492331518409572,0.5335216312647082,-0.002289935419909198,0.004322068967814371,0.5268245739688167,0.00021789578854764739,0.6072859981170035,0.5456199281146575,0.5326827925575387,0.5347004674344747,0.0,0.0,0.0,3.0,0.0,0.0,0.0,0.0,0.0,1.6772343187014367,3.5493102397836607,-0.35826182677140994,-0.3580219542728212,1.8001364821460322,1.8213758119465018,-0.3799116286100322,-0.3864869750329028,1.769781131190166,2.0,1.9216478295149833,-0.39670184443453654,3.0,0.0,1.851338789817353,-0.28875281560013505,1.6594297802091387,2.075735659050892,2.0,2.0,-0.3937126428124903,0.0,1.0,1.0,1.0,1.0,2.0,17.0,3.0,17.0,3.0,6.0,-0.3703963898226835,-0.3762785108050354,10.0,517.0,-1.5796739671698772,-0.10789945931799888,-0.02288087307899191,9.534814668528586,-2.617616034081869,15.883143714584039,-0.5504808829070971,-0.11114174227261996,-2.1815522040300452,0.13104726379350476,0.5576380148892088,-0.5658057725795731,True,True,-0.3955212875247859,0.0,-0.36563019492139215,-0.798593742688734,-0.005188737673892819,4.0,0.32389789304770766,3.0,-2.725029518141105,-2.8029345553970835,-0.7546611563918154,-0.09609839803104804,-0.08930332898178592,-0.03198294132975655,-0.04668644009149774,-0.21781503601001215,-0.1137769044037338,-0.025023326748756562,-0.030779303640545895,-0.27652855735363113,-0.050769257724813686,-0.10284192241672516,-0.033077716597485964,-0.2530169017691404,-0.16665600078593215,0.6110163511979043,-0.004223766299876194,0.0005757710654372314,0.5412200018617308,0.5492331518409572,0.5335216312647082,-0.002289935419909198,0.004322068967814371,0.5268245739688167,0.00021789578854764739,0.6072859981170035,0.5456199281146575,0.5326827925575387,0.5347004674344747,0.0,0.0,0.0,3.0,0.0,0.0,0.0,0.0,0.0,1.6772343187014367,3.5493102397836607,-0.35826182677140994,-0.3580219542728212,1.8001364821460322,1.8213758119465018,-0.3799116286100322,-0.3864869750329028,1.769781131190166,2.0,1.9216478295149833,-0.39670184443453654,3.0,0.0,1.851338789817353,-0.28875281560013505,1.6594297802091387,2.075735659050892,2.0,2.0,-0.3937126428124903,0.0,1.0,1.0,1.0,1.0,2.0,17.0,3.0,17.0,3.0,6.0,-0.3703963898226835,-0.3762785108050354,10.0,517.0,-1.5796739671698772,-0.10789945931799888,-0.02288087307899191,9.534814668528586,-2.617616034081869,15.883143714584039,-0.5504808829070971,-0.11114174227261996,-2.1815522040300452,0.13104726379350476,0.5576380148892088,-0.5658057725795731,0
485907,0.9971507,0.34722704,0.12,0.02389616287845446,0.18281177893298992,-0.20065206508732625,0.0,0.14982653478481167,-0.6051106152834423,0.5793279787497664,4.0,0.34070522284228816,2.0,-2.7207574460304675,-2.7755827362601675,-0.7640929594901821,-0.08075955929471412,-0.05522818406203315,-0.06540392234418702,0.056827972960588835,-0.19469734060068383,-0.054513443758203044,0.055507698634865155,0.07111678288963702,-0.27522942246844945,-0.05639321389853986,-0.05803711915630731,0.004009220003342661,-0.22278507187082036,-0.11256432872374636,0.6423005366933038,0.5707138561170594,0.5640855318604054,0.5079331254478485,0.5513353265510725,0.5609358400501144,0.3526664216780835,0.9827309191870265,0.5693441470191994,-0.001600895144023423,0.5976397181432623,0.5057685199331875,-0.0048671521050368365,0.5443770622449798,0.0,0.0,0.0,3.0,0.0,0.0,0.0,0.0,0.0,1.7606655904618382,3.46541768528573,2.8213295594732686,2.7938838020801646,1.797340516011654,1.82749881201968,2.538731481704335,2.5707882726726514,1.7891874009456101,2.0,1.9334374499791445,-0.40166434276325097,1.0,1.0,1.8448746225286168,3.4501379438352595,1.9042627399230703,1.6293365975877796,1.0,1.0,-0.389984006004213,0.0,1.0,1.0,2.0,1.0,2.0,15.0,3.0,15.0,3.0,6.0,-0.3910059665902635,-0.37209796681527885,4.0,760.0,1.50187559499538,-1.0493270169671944,-0.2988631995373157,2.828226092370616,-0.3891193707427492,9.758795448792576,-0.8916533868292522,0.1974254720347119,-1.1366730335752957,-0.00015974823059721616,-3.185209126956213,-1.7038390349667534,True,True,-0.20065206508732625,0.0,0.14982653478481167,-0.6051106152834423,0.5793279787497664,4.0,0.34070522284228816,2.0,-2.7207574460304675,-2.7755827362601675,-0.7640929594901821,-0.08075955929471412,-0.05522818406203315,-0.06540392234418702,0.056827972960588835,-0.19469734060068383,-0.054513443758203044,0.055507698634865155,0.07111678288963702,-0.27522942246844945,-0.05639321389853986,-0.05803711915630731,0.004009220003342661,-0.22278507187082036,-0.11256432872374636,0.6423005366933038,0.5707138561170594,0.5640855318604054,0.5079331254478485,0.5513353265510725,0.5609358400501144,0.3526664216780835,0.9827309191870265,0.5693441470191994,-0.001600895144023423,0.5976397181432623,0.5057685199331875,-0.0048671521050368365,0.5443770622449798,0.0,0.0,0.0,3.0,0.0,0.0,0.0,0.0,0.0,1.7606655904618382,3.46541768528573,2.8213295594732686,2.7938838020801646,1.797340516011654,1.82749881201968,2.538731481704335,2.5707882726726514,1.7891874009456101,2.0,1.9334374499791445,-0.40166434276325097,1.0,1.0,1.8448746225286168,3.4501379438352595,1.9042627399230703,1.6293365975877796,1.0,1.0,-0.389984006004213,0.0,1.0,1.0,2.0,1.0,2.0,15.0,3.0,15.0,3.0,6.0,-0.3910059665902635,-0.37209796681527885,4.0,760.0,1.50187559499538,-1.0493270169671944,-0.2988631995373157,2.828226092370616,-0.3891193707427492,9.758795448792576,-0.8916533868292522,0.1974254720347119,-1.1366730335752957,-0.00015974823059721616,-3.185209126956213,-1.7038390349667534,0
226854,0.53810334,0.24782568,0.04,0.005058857517455529,0.04316758744463516,1.1652913932686322,4.0,1.2697558196990142,0.7619576694976118,-0.0037959634136942814,3.0,-0.821838735490566,2.0,0.13732693167799936,0.3563404889802263,0.9245194680624154,-0.09438628879865185,-0.09765023505279934,-0.03467822511609629,-0.059818201987360285,-0.22087940951166135,-0.11202789180918517,-0.04619386191585655,-0.051619612570183424,-0.2077546552811322,-0.0577659637028292,-0.10378828513744627,-0.05473104186828918,-0.24629439343051845,-0.14353701117399972,0.6193497580897233,0.005760067253548012,-0.0012528670869145025,0.5212743126634425,0.5420898976196791,-0.003040413881072997,-0.0035830602389820844,-0.002109413217029987,0.5399640186833216,0.5941393501596182,-0.006099326805164684,-0.0007809477981183184,-0.0005816305652604315,0.5277417056942906,2.0,2.0,2.0,1.0,1.0,0.0,1.0,1.0,2.0,-0.5659882663843943,-0.38132759780213865,-0.36447639546188304,-0.35931694987434126,-0.5539173359386211,-0.5522424744638941,-0.38800838849689795,-0.38062501907434043,-0.5683875345759994,0.0,-0.5316751398035732,-0.3956582828358656,0.0,0.0,-0.5564515796622698,-0.28949003333159895,-0.5590779186872625,-0.5559924030560385,0.0,0.0,-0.3922910804204633,0.0,0.0,0.0,0.0,0.0,0.0,43.0,3.0,25.0,0.0,6.0,-0.3694128657647911,-0.3641347578649064,23.0,517.0,0.46651290923611916,-1.6913870437983554,-0.7721722595628074,-7.510613019443554,0.23758052511234992,-0.5781556079495813,0.20546877184621204,-0.180782016983172,2.1968875774819026,-0.12868931822783358,1.3217392270760255,-0.23663417226089967,True,True,1.1652913932686322,4.0,1.2697558196990142,0.7619576694976118,-0.0037959634136942814,3.0,-0.821838735490566,2.0,0.13732693167799936,0.3563404889802263,0.9245194680624154,-0.09438628879865185,-0.09765023505279934,-0.03467822511609629,-0.059818201987360285,-0.22087940951166135,-0.11202789180918517,-0.04619386191585655,-0.051619612570183424,-0.2077546552811322,-0.0577659637028292,-0.10378828513744627,-0.05473104186828918,-0.24629439343051845,-0.14353701117399972,0.6193497580897233,0.005760067253548012,-0.0012528670869145025,0.5212743126634425,0.5420898976196791,-0.003040413881072997,-0.0035830602389820844,-0.002109413217029987,0.5399640186833216,0.5941393501596182,-0.006099326805164684,-0.0007809477981183184,-0.0005816305652604315,0.5277417056942906,2.0,2.0,2.0,1.0,1.0,0.0,1.0,1.0,2.0,-0.5659882663843943,-0.38132759780213865,-0.36447639546188304,-0.35931694987434126,-0.5539173359386211,-0.5522424744638941,-0.38800838849689795,-0.38062501907434043,-0.5683875345759994,0.0,-0.5316751398035732,-0.3956582828358656,0.0,0.0,-0.5564515796622698,-0.28949003333159895,-0.5590779186872625,-0.5559924030560385,0.0,0.0,-0.3922910804204633,0.0,0.0,0.0,0.0,0.0,0.0,43.0,3.0,25.0,0.0,6.0,-0.3694128657647911,-0.3641347578649064,23.0,517.0,0.46651290923611916,-1.6913870437983554,-0.7721722595628074,-7.510613019443554,0.23758052511234992,-0.5781556079495813,0.20546877184621204,-0.180782016983172,2.1968875774819026,-0.12868931822783358,1.3217392270760255,-0.23663417226089967,0
372768,0.99056315,0.4274382,0.16,0.04640734643340897,0.31912583645102355,-0.6771470211059887,0.0,-0.9637490909283367,-0.7917747591168445,0.5764276823019066,3.0,0.3021016195018349,2.0,-2.7139700592845504,-2.867831990987763,-0.7371203865508187,-0.08314013910122878,-0.09108105561671122,-0.02415542183389443,-0.005816134044815367,-0.2101936304891161,-0.13779662233788015,-0.0772943753504473,-0.08395787543196652,-0.259293939707499,0.08790686313116655,-0.03141137678496873,-0.0300267197188489,-0.22465831218869473,-0.15936666800751165,0.6537818250919698,-0.04174035972283303,0.010743215245891825,0.5345233328873233,0.6011076903669996,0.5648278672791639,-0.09854309561859198,-0.0012045207498084848,0.5567566961490069,-0.02750590730736286,0.650491163440992,0.6147164943655821,0.7679519202088644,0.5152341354133747,0.0,0.0,0.0,3.0,0.0,0.0,0.0,0.0,0.0,1.7582489222613038,1.4934491254109654,-0.3614150437809238,-0.36258216116830094,1.8142448968990461,1.7885844047166182,-0.37701223718891724,-0.33582650977409395,1.83153854037031,2.0,1.8415447925075321,-0.3503842622547992,2.0,2.0,1.887837643856068,3.4564439345269573,2.095705856085871,1.919967144395965,2.0,2.0,-0.36482409196326526,0.0,1.0,1.0,2.0,1.0,2.0,17.0,3.0,17.0,3.0,6.0,-0.34697033795530935,-0.3453808898653177,4.0,784.0,-1.05211470228743,0.6101787741230997,-0.5267962148295094,9.495974297045205,-2.682913869135102,15.893090783944293,-0.563793243196286,-0.10009818554320943,-2.1378419242322217,0.12496985563099604,0.6435505796158686,-0.48552224839769786,True,True,-0.6771470211059887,0.0,-0.9637490909283367,-0.7917747591168445,0.5764276823019066,3.0,0.3021016195018349,2.0,-2.7139700592845504,-2.867831990987763,-0.7371203865508187,-0.08314013910122878,-0.09108105561671122,-0.02415542183389443,-0.005816134044815367,-0.2101936304891161,-0.13779662233788015,-0.0772943753504473,-0.08395787543196652,-0.259293939707499,0.08790686313116655,-0.03141137678496873,-0.0300267197188489,-0.22465831218869473,-0.15936666800751165,0.6537818250919698,-0.04174035972283303,0.010743215245891825,0.5345233328873233,0.6011076903669996,0.5648278672791639,-0.09854309561859198,-0.0012045207498084848,0.5567566961490069,-0.02750590730736286,0.650491163440992,0.6147164943655821,0.7679519202088644,0.5152341354133747,0.0,0.0,0.0,3.0,0.0,0.0,0.0,0.0,0.0,1.7582489222613038,1.4934491254109654,-0.3614150437809238,-0.36258216116830094,1.8142448968990461,1.7885844047166182,-0.37701223718891724,-0.33582650977409395,1.83153854037031,2.0,1.8415447925075321,-0.3503842622547992,2.0,2.0,1.887837643856068,3.4564439345269573,2.095705856085871,1.919967144395965,2.0,2.0,-0.36482409196326526,0.0,1.0,1.0,2.0,1.0,2.0,17.0,3.0,17.0,3.0,6.0,-0.34697033795530935,-0.3453808898653177,4.0,784.0,-1.05211470228743,0.6101787741230997,-0.5267962148295094,9.495974297045205,-2.682913869135102,15.893090783944293,-0.563793243196286,-0.10009818554320943,-2.1378419242322217,0.12496985563099604,0.6435505796158686,-0.48552224839769786,0
509005,0.673738,0.36848512,0.01,0.0025521382703821843,0.020189099860643985,1.1763620499748761,2.0,-0.4958328752751146,0.2492581806270625,-0.0035254228520714376,1.0,-0.8175857993080495,2.0,0.3934078595630962,0.363144549743322,-0.7541824144518345,-0.09780342671962558,-0.0928807811685782,-0.037072720757345246,-0.04746160900580024,-0.21767768866798454,-0.11307666086160849,-0.045145147224728274,-0.041493926892571024,-0.26715427240663453,-0.04153053801101034,-0.09840526928667724,-0.04643308641533309,-0.2553140887271766,-0.16707195571760913,0.6080054045582266,-0.0038583858820079864,-0.0022129545003015875,-0.0008803138841657759,-2.1932685182767795e-05,-0.002086953252816246,-0.0001386034473881316,-0.002713404059937847,0.003204490296080579,0.0036402934202902156,-0.0005812444550583004,-0.0014945390346784108,0.5297073689206283,-0.0038613077048791533,0.0,0.0,0.0,0.0,0.0,0.0,0.0,0.0,0.0,1.749863633558421,0.9502064515496808,-0.3604733682199065,-0.35638242878248333,1.835059157703578,1.7284679445985496,-0.3831710730321885,-0.3829597593854128,1.7698484127750571,2.0,1.8974255321441127,2.671710072712872,2.0,2.0,1.7371528558549234,3.455488227914225,2.0613254130911045,1.4717791130500093,2.0,2.0,2.5462018581836094,4.0,2.0,1.0,2.0,2.0,1.0,10.0,8.0,10.0,9.0,3.0,2.1089195709855555,2.160733970668261,8.0,1090.0,1.4856601351288565,1.0751815041128956,-0.018911552121954455,31.16361968674711,-1.193817998952038,-5.414578927729129,1.1616808727917984,0.08669048459690645,0.9777195846017809,-0.11729201573298974,-0.19838385051040888,-0.5385726128344059,True,True,1.1763620499748761,2.0,-0.4958328752751146,0.2492581806270625,-0.0035254228520714376,1.0,-0.8175857993080495,2.0,0.3934078595630962,0.363144549743322,-0.7541824144518345,-0.09780342671962558,-0.0928807811685782,-0.037072720757345246,-0.04746160900580024,-0.21767768866798454,-0.11307666086160849,-0.045145147224728274,-0.041493926892571024,-0.26715427240663453,-0.04153053801101034,-0.09840526928667724,-0.04643308641533309,-0.2553140887271766,-0.16707195571760913,0.6080054045582266,-0.0038583858820079864,-0.0022129545003015875,-0.0008803138841657759,-2.1932685182767795e-05,-0.002086953252816246,-0.0001386034473881316,-0.002713404059937847,0.003204490296080579,0.0036402934202902156,-0.0005812444550583004,-0.0014945390346784108,0.5297073689206283,-0.0038613077048791533,0.0,0.0,0.0,0.0,0.0,0.0,0.0,0.0,0.0,1.749863633558421,0.9502064515496808,-0.3604733682199065,-0.35638242878248333,1.835059157703578,1.7284679445985496,-0.3831710730321885,-0.3829597593854128,1.7698484127750571,2.0,1.8974255321441127,2.671710072712872,2.0,2.0,1.7371528558549234,3.455488227914225,2.0613254130911045,1.4717791130500093,2.0,2.0,2.5462018581836094,4.0,2.0,1.0,2.0,2.0,1.0,10.0,8.0,10.0,9.0,3.0,2.1089195709855555,2.160733970668261,8.0,1090.0,1.4856601351288565,1.0751815041128956,-0.018911552121954455,31.16361968674711,-1.193817998952038,-5.414578927729129,1.1616808727917984,0.08669048459690645,0.9777195846017809,-0.11729201573298974,-0.19838385051040888,-0.5385726128344059,0
399321,0.96115047,0.22402117,0.14,0.03356392623053241,0.24985865324544418,0.3159766695020927,2.0,0.8344254021405318,1.0608559649129203,0.035785668235595196,4.0,0.3478923717117266,2.0,0.37124057986608056,0.32056363915953096,-0.7756819135311964,-0.12420138565353318,-0.0804265915764465,-0.03237072760907135,-0.05740712115243641,-0.17753169973650706,-0.09942308984313214,-0.002519770920818419,-0.023286099866474654,-0.31462378869659263,0.0027278970309096845,-0.10672451772945994,-0.014894482851812225,-0.2494932829234819,-0.1347757326943318,0.661951127406887,-0.0015263513657346028,-0.02721843294994977,-0.030860206718975387,0.01822713451358534,-0.010048755884825868,0.3625672557278984,0.9756918767565935,-0.023685942404493465,-0.0092126367049009,0.022800432673451804,-0.011290153913413103,0.033163438809432476,0.00034852430993235714,0.0,0.0,0.0,0.0,0.0,0.0,0.0,0.0,0.0,1.7481216258397043,3.1946053243400048,2.7607042418991607,2.743302512089524,1.8464989657178372,1.8277183685021963,2.5828576061444926,2.6416009779230523,1.7804862083809474,2.0,1.891451954007749,1.8588187232994013,1.0,1.0,1.7279764567744755,-0.30396011849519544,1.6684347466973264,1.666875961242836,1.0,1.0,2.524972727746271,4.0,2.0,1.0,2.0,2.0,1.0,15.0,3.0,44.0,3.0,3.0,2.13318562649586,2.1531527158674,8.0,1090.0,-0.07746685034005739,0.36612159827534774,-0.5444851730924783,31.475546678303385,-1.0372479922668323,-5.110747200830863,1.0210719077131434,-0.06871370427820436,0.9618833150236997,-0.06597364379883354,0.11899185199209472,0.2063235544133168,True,True,0.3159766695020927,2.0,0.8344254021405318,1.0608559649129203,0.035785668235595196,4.0,0.3478923717117266,2.0,0.37124057986608056,0.32056363915953096,-0.7756819135311964,-0.12420138565353318,-0.0804265915764465,-0.03237072760907135,-0.05740712115243641,-0.17753169973650706,-0.09942308984313214,-0.002519770920818419,-0.023286099866474654,-0.31462378869659263,0.0027278970309096845,-0.10672451772945994,-0.014894482851812225,-0.2494932829234819,-0.1347757326943318,0.661951127406887,-0.0015263513657346028,-0.02721843294994977,-0.030860206718975387,0.01822713451358534,-0.010048755884825868,0.3625672557278984,0.9756918767565935,-0.023685942404493465,-0.0092126367049009,0.022800432673451804,-0.011290153913413103,0.033163438809432476,0.00034852430993235714,0.0,0.0,0.0,0.0,0.0,0.0,0.0,0.0,0.0,1.7481216258397043,3.1946053243400048,2.7607042418991607,2.743302512089524,1.8464989657178372,1.8277183685021963,2.5828576061444926,2.6416009779230523,1.7804862083809474,2.0,1.891451954007749,1.8588187232994013,1.0,1.0,1.7279764567744755,-0.30396011849519544,1.6684347466973264,1.666875961242836,1.0,1.0,2.524972727746271,4.0,2.0,1.0,2.0,2.0,1.0,15.0,3.0,44.0,3.0,3.0,2.13318562649586,2.1531527158674,8.0,1090.0,-0.07746685034005739,0.36612159827534774,-0.5444851730924783,31.475546678303385,-1.0372479922668323,-5.110747200830863,1.0210719077131434,-0.06871370427820436,0.9618833150236997,-0.06597364379883354,0.11899185199209472,0.2063235544133168,0
174255,0.9574561,0.3960485,0.03,0.004056900182200707,0.03180328270975241,-0.24876070935875305,4.0,-1.4231108227158078,-1.0226599493704642,-0.00462709889664051,3.0,-0.8212145875425659,2.0,0.1439642401997238,0.3633117840512878,-0.7540538913416932,-0.08740003511754606,-0.08687448547282058,-0.03546874466442202,-0.058895494047076495,-0.21489632315936605,-0.0581057542664655,-0.04891552509551209,-0.048794118654436905,-0.037097645577130675,-0.052198618223972884,-0.08467673069893025,-0.047058635382346704,-0.04365654214992892,-0.13064458914723537,0.7213543390603498,0.7169404683034638,0.549756136246444,0.5335734004574019,0.5525098584743199,0.0015557383852182786,0.005643060554683722,-0.003294302916931497,0.8026438240017993,-0.00667157200597986,-0.00029751515950113164,0.0030625769064578797,-0.008509655894957736,0.8043396283371593,0.0,0.0,0.0,1.0,1.0,2.0,0.0,0.0,0.0,-0.5777766170456886,-0.391896856101214,-0.3623505624949234,-0.35510713101885405,-0.5547778325305961,-0.5557476887969038,-0.377789495520677,-0.38399185809022013,-0.5628056711305394,0.0,-0.5289484402652187,-0.3992163001611137,0.0,0.0,-0.558795395026609,-0.2924841722620222,-0.5585207814454599,-0.5535329927355507,0.0,0.0,-0.39105860595497083,0.0,0.0,0.0,0.0,0.0,0.0,15.0,3.0,25.0,0.0,6.0,-0.37770907845327606,-0.38143565401207474,23.0,517.0,1.489058605191414,0.024664703780181835,-1.0186895590476468,-6.542083679286659,1.2383291783936714,0.42094733410808577,-0.27665183002094745,0.6060370524902455,0.37842873235547403,-0.7587247161145025,-4.101854991069949,2.182702019565879,True,True,-0.24876070935875305,4.0,-1.4231108227158078,-1.0226599493704642,-0.00462709889664051,3.0,-0.8212145875425659,2.0,0.1439642401997238,0.3633117840512878,-0.7540538913416932,-0.08740003511754606,-0.08687448547282058,-0.03546874466442202,-0.058895494047076495,-0.21489632315936605,-0.0581057542664655,-0.04891552509551209,-0.048794118654436905,-0.037097645577130675,-0.052198618223972884,-0.08467673069893025,-0.047058635382346704,-0.04365654214992892,-0.13064458914723537,0.7213543390603498,0.7169404683034638,0.549756136246444,0.5335734004574019,0.5525098584743199,0.0015557383852182786,0.005643060554683722,-0.003294302916931497,0.8026438240017993,-0.00667157200597986,-0.00029751515950113164,0.0030625769064578797,-0.008509655894957736,0.8043396283371593,0.0,0.0,0.0,1.0,1.0,2.0,0.0,0.0,0.0,-0.5777766170456886,-0.391896856101214,-0.3623505624949234,-0.35510713101885405,-0.5547778325305961,-0.5557476887969038,-0.377789495520677,-0.38399185809022013,-0.5628056711305394,0.0,-0.5289484402652187,-0.3992163001611137,0.0,0.0,-0.558795395026609,-0.2924841722620222,-0.5585207814454599,-0.5535329927355507,0.0,0.0,-0.39105860595497083,0.0,0.0,0.0,0.0,0.0,0.0,15.0,3.0,25.0,0.0,6.0,-0.37770907845327606,-0.38143565401207474,23.0,517.0,1.489058605191414,0.024664703780181835,-1.0186895590476468,-6.542083679286659,1.2383291783936714,0.42094733410808577,-0.27665183002094745,0.6060370524902455,0.37842873235547403,-0.7587247161145025,-4.101854991069949,2.182702019565879,0
378235,0.98645705,0.40737858,0.15000000000000002,0.03954065143898942,0.2778824231463146,1.2373339467631879,3.0,-0.15137132461237995,-0.034647656986127755,0.0033324058687858576,4.0,0.3375797042608501,3.0,0.1272638532259688,0.42876870164763853,-0.7670430532180941,-0.11457857360140106,-0.083171284851021,-0.05190930975993122,-0.08105731564832061,-0.2122073216706101,-0.10644932332015197,-0.04012557652091308,-0.11180179602249994,-0.24043092507531794,-0.032162141143198555,-0.10139915247088081,-0.019109007864403657,-0.28343690709788366,-0.13145613499989645,0.6592677469752338,0.05654769256599822,0.019327304935946917,-0.0176325132450669,-0.009515904772368048,-0.03978789361294501,0.40353802222166035,1.0379359803655155,-0.0004948495646450329,-0.03926171168073851,0.01152875423587587,0.078064055015512,0.008899388195147778,-0.012572119327370901,0.0,0.0,0.0,0.0,0.0,0.0,0.0,0.0,0.0,1.8080280141923717,-0.38791362064992446,2.8253456367428327,2.8006221804667986,1.8740887439042317,1.8906448263645692,2.65489959104874,2.6433706475141525,1.7736568110394233,2.0,-0.5461709373966307,2.645676067455219,1.0,1.0,1.705180931122902,3.4500602333570027,1.74380066185897,2.002564833857484,1.0,1.0,2.5092516157571243,4.0,2.0,1.0,2.0,2.0,2.0,25.0,0.0,15.0,3.0,0.0,1.5520174319851563,1.766235065722039,4.0,517.0,-0.011711401106147018,0.1146109443171254,-0.5132468610038043,31.434792310552247,-1.1296231838035249,-5.248856909242533,1.0599257688178252,0.010831934267352357,0.9981400981141864,-0.07878240901353223,0.037915193084537384,-0.010741210882621241,True,True,1.2373339467631879,3.0,-0.15137132461237995,-0.034647656986127755,0.0033324058687858576,4.0,0.3375797042608501,3.0,0.1272638532259688,0.42876870164763853,-0.7670430532180941,-0.11457857360140106,-0.083171284851021,-0.05190930975993122,-0.08105731564832061,-0.2122073216706101,-0.10644932332015197,-0.04012557652091308,-0.11180179602249994,-0.24043092507531794,-0.032162141143198555,-0.10139915247088081,-0.019109007864403657,-0.28343690709788366,-0.13145613499989645,0.6592677469752338,0.05654769256599822,0.019327304935946917,-0.0176325132450669,-0.009515904772368048,-0.03978789361294501,0.40353802222166035,1.0379359803655155,-0.0004948495646450329,-0.03926171168073851,0.01152875423587587,0.078064055015512,0.008899388195147778,-0.012572119327370901,0.0,0.0,0.0,0.0,0.0,0.0,0.0,0.0,0.0,1.8080280141923717,-0.38791362064992446,2.8253456367428327,2.8006221804667986,1.8740887439042317,1.8906448263645692,2.65489959104874,2.6433706475141525,1.7736568110394233,2.0,-0.5461709373966307,2.645676067455219,1.0,1.0,1.705180931122902,3.4500602333570027,1.74380066185897,2.002564833857484,1.0,1.0,2.5092516157571243,4.0,2.0,1.0,2.0,2.0,2.0,25.0,0.0,15.0,3.0,0.0,1.5520174319851563,1.766235065722039,4.0,517.0,-0.011711401106147018,0.1146109443171254,-0.5132468610038043,31.434792310552247,-1.1296231838035249,-5.248856909242533,1.0599257688178252,0.010831934267352357,0.9981400981141864,-0.07878240901353223,0.037915193084537384,-0.010741210882621241,0
120153,0.94417024,0.38914073,0.04,0.005058857517455529,0.03743692472508594,-0.39178283371956535,0.0,1.0896385871835812,0.13768429712841831,0.5763373194921544,3.0,0.3060144929453469,3.0,-2.721454781703636,-2.797751203486139,-0.7581666172563587,-0.09524593596988425,-0.10187105018029534,-0.03595788346502681,-0.06006796944496089,-0.2206604874939283,-0.1197455643803827,-0.03556005663241032,-0.03632708466708208,-0.27747622250076376,-0.044407870863992074,-0.09805007532660334,-0.03226411486683407,-0.25133494276445406,-0.17172069294059622,0.6103706305717984,-0.005979699237852969,0.00712978054854246,0.5366372878110539,0.5424145996927796,0.5319622744668625,-0.0011137113975092923,-0.004984865205832272,0.5344106894149336,-0.0005861093136765047,0.6098233102003461,0.551290692420822,0.5352387097186355,0.535048437409016,0.0,0.0,0.0,3.0,0.0,0.0,0.0,0.0,0.0,1.7171564998549353,0.5962792971145964,-0.3615564644635622,-0.3612553407876396,1.8093797154446,1.788823916874705,-0.39034599650290086,-0.38166112037015526,1.7672020016798768,2.0,1.896018969775822,-0.39874549241137863,3.0,0.0,1.8472303214114767,3.460130362579276,1.8305649185696968,1.9342700858741044,2.0,2.0,-0.38672758030967713,0.0,1.0,1.0,1.0,2.0,2.0,15.0,3.0,15.0,3.0,6.0,-0.3754030295822075,-0.37245811120391753,22.0,517.0,-0.05197827381080532,0.41390805280226217,1.7269369399891323,9.53979341730224,-2.5901412663198675,15.89323025352593,-0.5447698266716157,-0.12811769419198032,-2.176281007793996,0.13424284205263162,0.6098198006360959,-0.40828091226479035,True,True,-0.39178283371956535,0.0,1.0896385871835812,0.13768429712841831,0.5763373194921544,3.0,0.3060144929453469,3.0,-2.721454781703636,-2.797751203486139,-0.7581666172563587,-0.09524593596988425,-0.10187105018029534,-0.03595788346502681,-0.06006796944496089,-0.2206604874939283,-0.1197455643803827,-0.03556005663241032,-0.03632708466708208,-0.27747622250076376,-0.044407870863992074,-0.09805007532660334,-0.03226411486683407,-0.25133494276445406,-0.17172069294059622,0.6103706305717984,-0.005979699237852969,0.00712978054854246,0.5366372878110539,0.5424145996927796,0.5319622744668625,-0.0011137113975092923,-0.004984865205832272,0.5344106894149336,-0.0005861093136765047,0.6098233102003461,0.551290692420822,0.5352387097186355,0.535048437409016,0.0,0.0,0.0,3.0,0.0,0.0,0.0,0.0,0.0,1.7171564998549353,0.5962792971145964,-0.3615564644635622,-0.3612553407876396,1.8093797154446,1.788823916874705,-0.39034599650290086,-0.38166112037015526,1.7672020016798768,2.0,1.896018969775822,-0.39874549241137863,3.0,0.0,1.8472303214114767,3.460130362579276,1.8305649185696968,1.9342700858741044,2.0,2.0,-0.38672758030967713,0.0,1.0,1.0,1.0,2.0,2.0,15.0,3.0,15.0,3.0,6.0,-0.3754030295822075,-0.37245811120391753,22.0,517.0,-0.05197827381080532,0.41390805280226217,1.7269369399891323,9.53979341730224,-2.5901412663198675,15.89323025352593,-0.5447698266716157,-0.12811769419198032,-2.176281007793996,0.13424284205263162,0.6098198006360959,-0.40828091226479035,0
127431,0.9803382,0.40793455,0.09999999999999999,0.01672075323499393,0.1792951537531769,-0.44781508416417054,4.0,-1.4220523088003896,-1.0154551359142716,0.02467258440937317,3.0,-0.783364089943202,2.0,0.16317883628623878,0.3735275830555165,-0.7869640242289585,-0.14192628852890832,-0.04307268942323576,-0.03982214303564346,-0.057314091820330086,-0.2225103458421416,-0.09734835524044982,-0.03241692181737264,-0.05077843731435342,-0.07850709755328197,-0.027192458976812228,-0.08182171788765356,-0.0073920619698664355,-0.048310764907763606,-0.13825814458336727,0.6869607888122211,0.7468459757456288,0.5512394592818678,0.8323806960284668,0.5732680920339353,0.008259200899934371,0.005900287130843887,-0.0023983160035156866,0.5546811087627082,-0.03229135687504663,0.007325767862619059,-0.002735173723054138,0.03749964916152559,0.5604800835052374,0.0,0.0,0.0,1.0,1.0,1.0,0.0,0.0,0.0,-0.5709017751137168,-0.38164891231737813,-0.36584788124356654,-0.36608713809276705,-0.5860844917540224,-0.6020079263518934,-0.3822046377497754,-0.40586933762166644,-0.5592568685050711,0.0,-0.5351317806595249,-0.3800960782709918,0.0,0.0,-0.5466162246691734,-0.2860096751381312,-0.5753782290224608,-0.5009522661332768,0.0,0.0,-0.3779851484410829,0.0,0.0,0.0,0.0,0.0,0.0,15.0,3.0,25.0,0.0,6.0,-0.3750630654289638,-0.35165745873619764,23.0,517.0,0.9578702217201451,0.3872106757555677,1.6912962127007922,-6.582716424506995,0.8406587953229883,0.4232743057265211,-0.05033456603220269,0.6600571578032859,0.35716905046993097,-0.7142017249590382,-4.064709648825192,2.2749706103497833,True,True,-0.44781508416417054,4.0,-1.4220523088003896,-1.0154551359142716,0.02467258440937317,3.0,-0.783364089943202,2.0,0.16317883628623878,0.3735275830555165,-0.7869640242289585,-0.14192628852890832,-0.04307268942323576,-0.03982214303564346,-0.057314091820330086,-0.2225103458421416,-0.09734835524044982,-0.03241692181737264,-0.05077843731435342,-0.07850709755328197,-0.027192458976812228,-0.08182171788765356,-0.0073920619698664355,-0.048310764907763606,-0.13825814458336727,0.6869607888122211,0.7468459757456288,0.5512394592818678,0.8323806960284668,0.5732680920339353,0.008259200899934371,0.005900287130843887,-0.0023983160035156866,0.5546811087627082,-0.03229135687504663,0.007325767862619059,-0.002735173723054138,0.03749964916152559,0.5604800835052374,0.0,0.0,0.0,1.0,1.0,1.0,0.0,0.0,0.0,-0.5709017751137168,-0.38164891231737813,-0.36584788124356654,-0.36608713809276705,-0.5860844917540224,-0.6020079263518934,-0.3822046377497754,-0.40586933762166644,-0.5592568685050711,0.0,-0.5351317806595249,-0.3800960782709918,0.0,0.0,-0.5466162246691734,-0.2860096751381312,-0.5753782290224608,-0.5009522661332768,0.0,0.0,-0.3779851484410829,0.0,0.0,0.0,0.0,0.0,0.0,15.0,3.0,25.0,0.0,6.0,-0.3750630654289638,-0.35165745873619764,23.0,517.0,0.9578702217201451,0.3872106757555677,1.6912962127007922,-6.582716424506995,0.8406587953229883,0.4232743057265211,-0.05033456603220269,0.6600571578032859,0.35716905046993097,-0.7142017249590382,-4.064709648825192,2.2749706103497833,0
415466,0.9914522,0.3565479,0.14,0.03356392623053241,0.3054307581813789,-0.7537744298489789,0.0,-1.5593477231653676,0.8676915836795404,0.7149171004924422,4.0,0.28513929148211653,2.0,-2.7369944579539633,-2.8235236915937048,-0.7485171108531484,-0.0578072840986309,-0.06280109083059933,-0.06569855074593639,-0.004682897711800412,-0.23703614968309117,-0.05685846924163629,-0.023292778629269973,-0.017372476490297863,-0.32547353766013043,-0.05444658305639253,-0.04204221752685906,0.011101527757331524,-0.21727913330142773,-0.06971971394012128,0.5842391479240122,-0.060724341227468254,-0.01068636923838756,0.5112770781110156,0.5747104688114386,0.49099059778516324,0.42423781706795455,0.9688400973712442,0.4659634822734805,-0.044153252272475234,0.6423131472618602,0.5326267192034505,0.46671697567929327,0.5185061416890525,0.0,0.0,0.0,3.0,0.0,0.0,0.0,0.0,0.0,1.6718282021549487,1.7402002022190028,-0.3379756084843785,-0.378838845097525,1.8015050776871873,1.8358074988204585,2.5581973503930895,2.62847752461241,1.776389931459983,2.0,1.8675009452300622,-0.41406407027588216,2.0,2.0,1.7869558408302337,-0.28749859670691924,1.8851961814830047,1.98032984263677,1.0,1.0,-0.395270495980822,0.0,1.0,1.0,2.0,1.0,1.0,15.0,3.0,15.0,3.0,6.0,-0.4113783055089254,-0.3075910183117681,4.0,517.0,-1.0707376650882114,0.6512668695960097,-0.3035562868403643,9.64302914343627,-2.6260848163154416,16.009846170808256,-0.6308405979473362,-0.09927391500003667,-2.1424663409998916,0.1790773761546576,0.5912998653877606,-0.4382760377970068,True,True,-0.7537744298489789,0.0,-1.5593477231653676,0.8676915836795404,0.7149171004924422,4.0,0.28513929148211653,2.0,-2.7369944579539633,-2.8235236915937048,-0.7485171108531484,-0.0578072840986309,-0.06280109083059933,-0.06569855074593639,-0.004682897711800412,-0.23703614968309117,-0.05685846924163629,-0.023292778629269973,-0.017372476490297863,-0.32547353766013043,-0.05444658305639253,-0.04204221752685906,0.011101527757331524,-0.21727913330142773,-0.06971971394012128,0.5842391479240122,-0.060724341227468254,-0.01068636923838756,0.5112770781110156,0.5747104688114386,0.49099059778516324,0.42423781706795455,0.9688400973712442,0.4659634822734805,-0.044153252272475234,0.6423131472618602,0.5326267192034505,0.46671697567929327,0.5185061416890525,0.0,0.0,0.0,3.0,0.0,0.0,0.0,0.0,0.0,1.6718282021549487,1.7402002022190028,-0.3379756084843785,-0.378838845097525,1.8015050776871873,1.8358074988204585,2.5581973503930895,2.62847752461241,1.776389931459983,2.0,1.8675009452300622,-0.41406407027588216,2.0,2.0,1.7869558408302337,-0.28749859670691924,1.8851961814830047,1.98032984263677,1.0,1.0,-0.395270495980822,0.0,1.0,1.0,2.0,1.0,1.0,15.0,3.0,15.0,3.0,6.0,-0.4113783055089254,-0.3075910183117681,4.0,517.0,-1.0707376650882114,0.6512668695960097,-0.3035562868403643,9.64302914343627,-2.6260848163154416,16.009846170808256,-0.6308405979473362,-0.09927391500003667,-2.1424663409998916,0.1790773761546576,0.5912998653877606,-0.4382760377970068,0
491548,0.9972459,0.40960512,0.24000000000000002,0.1486439774738485,1.2178603016561556,-0.5353474608611075,0.0,-1.331484335017464,-0.16878509432226374,0.6761572039827937,4.0,-0.9602992438124942,3.0,-2.8058100267358976,-2.498297134143433,-0.8015343207400576,0.13987868463501604,0.33116175791882596,-0.3025251096039383,0.016672024356467335,-0.40200977637880797,0.049845922082882466,0.09073042090635523,0.34625251575838567,-0.39342420284687996,0.16309810016095808,0.27107360252540386,0.0911386145265585,0.06659974982831707,-0.3322880856081968,0.47856602954856786,0.12715165407525156,0.6259187370316361,0.622424307656514,0.6863331481798783,0.5253972840528957,-0.018877924232600218,0.19323864319347506,0.7855248463319873,-0.1630249985414359,0.4295826168199885,0.6950132690957848,-0.1998886144757021,0.7413238128824035,0.0,0.0,0.0,3.0,0.0,0.0,0.0,0.0,0.0,1.7979055653110918,0.8706235554393179,-0.30767638302042966,-0.4117523090709101,-0.5382524792759068,-0.500454542415844,-0.26373330047697163,-0.41054968117329427,1.7167237450546633,2.0,1.9661000225810934,-0.45706776661940823,2.0,2.0,-0.3587328102845726,-0.3181622850527809,-0.36562928164735337,-0.7262173718683147,2.0,2.0,-0.30578961969244334,0.0,1.0,1.0,2.0,1.0,2.0,15.0,3.0,15.0,3.0,6.0,-0.376066490988189,-0.33558882258242306,4.0,1132.0,-1.0675111144304106,0.18475949852660412,-0.12063468754834727,0.15577925580949956,-0.6968461659737681,7.209522280515071,-1.0939841958276235,0.13860499218070416,-0.7301178174874725,-0.6972894937008801,-3.5151336275771636,-0.9948879994113637,True,True,-0.5353474608611075,0.0,-1.331484335017464,-0.16878509432226374,0.6761572039827937,4.0,-0.9602992438124942,3.0,-2.8058100267358976,-2.498297134143433,-0.8015343207400576,0.13987868463501604,0.33116175791882596,-0.3025251096039383,0.016672024356467335,-0.40200977637880797,0.049845922082882466,0.09073042090635523,0.34625251575838567,-0.39342420284687996,0.16309810016095808,0.27107360252540386,0.0911386145265585,0.06659974982831707,-0.3322880856081968,0.47856602954856786,0.12715165407525156,0.6259187370316361,0.622424307656514,0.6863331481798783,0.5253972840528957,-0.018877924232600218,0.19323864319347506,0.7855248463319873,-0.1630249985414359,0.4295826168199885,0.6950132690957848,-0.1998886144757021,0.7413238128824035,0.0,0.0,0.0,3.0,0.0,0.0,0.0,0.0,0.0,1.7979055653110918,0.8706235554393179,-0.30767638302042966,-0.4117523090709101,-0.5382524792759068,-0.500454542415844,-0.26373330047697163,-0.41054968117329427,1.7167237450546633,2.0,1.9661000225810934,-0.45706776661940823,2.0,2.0,-0.3587328102845726,-0.3181622850527809,-0.36562928164735337,-0.7262173718683147,2.0,2.0,-0.30578961969244334,0.0,1.0,1.0,2.0,1.0,2.0,15.0,3.0,15.0,3.0,6.0,-0.376066490988189,-0.33558882258242306,4.0,1132.0,-1.0675111144304106,0.18475949852660412,-0.12063468754834727,0.15577925580949956,-0.6968461659737681,7.209522280515071,-1.0939841958276235,0.13860499218070416,-0.7301178174874725,-0.6972894937008801,-3.5151336275771636,-0.9948879994113637,0
19613,0.92719865,0.4551922,0.05,0.006265852597583031,0.05138190871696146,1.1732680871763632,4.0,-1.5309802999380875,-0.09857485037157576,0.0026957709539895593,4.0,0.31761131471026527,2.0,0.03668305892211964,0.36573464710885945,-0.7581196720058861,-0.10114313494011756,-0.09850306785712647,-0.033175873179523654,-0.06835877622122244,-0.22586189412530147,-0.12007092449340023,-0.03656753622645281,-0.04886082537409028,-0.20972513268221304,-0.05928485750806628,-0.10696939759958429,-0.05525003506738213,-0.19455350929401566,-0.15159083413577412,0.6211815644368968,0.6116552801861201,0.5620732067643355,0.5415686312999474,0.5465869148790841,-0.002404492349583103,-0.0019669627472226367,0.002989666170966747,0.5412700189798523,-0.0037044914921425306,-0.009654762114998702,-0.0038077987439121335,4.265471689833675e-05,0.5412930246221749,0.0,0.0,0.0,1.0,2.0,2.0,0.0,0.0,0.0,-0.5755183170773609,-0.3920894711409479,-0.3570486494220802,-0.36076332644479253,-0.5498677453632382,-0.5558695626998553,-0.39110746012622843,-0.37587820102286273,-0.5658452507601713,0.0,-0.5177930924732973,-0.3860455301294878,0.0,0.0,-0.549611146770032,-0.28813645742183497,-0.5547114309617402,-0.5511126529302368,0.0,0.0,-0.38753897126666365,0.0,0.0,0.0,0.0,0.0,0.0,17.0,3.0,25.0,0.0,6.0,-0.36495178443000664,-0.3925804018584619,23.0,517.0,-0.5563897534803858,1.2003849625260516,1.726633983062906,-6.690475879146515,3.6745065624871294,0.469207157137291,-1.0218006069402144,0.27502557331061533,0.920593379014115,3.501502536946762,-4.250567637043799,4.671539886173703,True,True,1.1732680871763632,4.0,-1.5309802999380875,-0.09857485037157576,0.0026957709539895593,4.0,0.31761131471026527,2.0,0.03668305892211964,0.36573464710885945,-0.7581196720058861,-0.10114313494011756,-0.09850306785712647,-0.033175873179523654,-0.06835877622122244,-0.22586189412530147,-0.12007092449340023,-0.03656753622645281,-0.04886082537409028,-0.20972513268221304,-0.05928485750806628,-0.10696939759958429,-0.05525003506738213,-0.19455350929401566,-0.15159083413577412,0.6211815644368968,0.6116552801861201,0.5620732067643355,0.5415686312999474,0.5465869148790841,-0.002404492349583103,-0.0019669627472226367,0.002989666170966747,0.5412700189798523,-0.0037044914921425306,-0.009654762114998702,-0.0038077987439121335,4.265471689833675e-05,0.5412930246221749,0.0,0.0,0.0,1.0,2.0,2.0,0.0,0.0,0.0,-0.5755183170773609,-0.3920894711409479,-0.3570486494220802,-0.36076332644479253,-0.5498677453632382,-0.5558695626998553,-0.39110746012622843,-0.37587820102286273,-0.5658452507601713,0.0,-0.5177930924732973,-0.3860455301294878,0.0,0.0,-0.549611146770032,-0.28813645742183497,-0.5547114309617402,-0.5511126529302368,0.0,0.0,-0.38753897126666365,0.0,0.0,0.0,0.0,0.0,0.0,17.0,3.0,25.0,0.0,6.0,-0.36495178443000664,-0.3925804018584619,23.0,517.0,-0.5563897534803858,1.2003849625260516,1.726633983062906,-6.690475879146515,3.6745065624871294,0.469207157137291,-1.0218006069402144,0.27502557331061533,0.920593379014115,3.501502536946762,-4.250567637043799,4.671539886173703,0
539384,0.88160664,0.47583443,0.05,0.006265852597583031,0.051175344537022334,0.2896468810510093,4.0,0.15080885424023024,0.7517426833246167,-0.004798364219028853,3.0,0.2934997119633502,3.0,0.36787548520328844,0.35935616639233187,0.9281206702547041,-0.08954780430243736,-0.06150155614763926,-0.03265385948680288,-0.06905741747474445,-0.1816878079364127,-0.06879945821198863,-0.04592129360246618,-0.06151827501237297,-0.15320407685945364,-0.05078437645048681,-0.07290978750147094,-0.04570546736473835,-0.02376201132367319,-0.1029614323841093,0.6763315648957582,0.6801216111231473,0.5532178283695436,0.5883558467502729,0.5423901797153118,-0.009226660233715937,-9.83028732404417e-05,0.014251262851790724,0.5657756378488774,0.6717513003554859,-0.012758454968588892,0.002866236022004007,0.009017832402505815,0.5949037007893272,2.0,2.0,1.0,2.0,2.0,1.0,1.0,1.0,2.0,-0.5714756404351086,-0.37549290602694796,-0.36392569810306474,-0.3621867003768228,-0.5560206612963203,-0.5545200185783762,-0.3846084456550721,-0.38054813348009986,-0.5675655453302106,0.0,-0.5176700101591584,-0.3954438456191745,0.0,0.0,-0.5646229713211692,-0.2977745528570674,-0.5460079694242385,-0.5613713776591872,0.0,0.0,-0.3807652552807242,0.0,0.0,0.0,0.0,0.0,0.0,43.0,3.0,25.0,0.0,6.0,-0.3708788466602544,-0.3783476024586246,23.0,517.0,-0.04072870667579101,0.41752523597573304,-0.015046379721756736,-7.613552954936133,1.3875021240978387,-0.5948607256320287,-0.13244150917071043,0.40878801485751126,2.2857304411760166,0.5245091000839259,1.7592578521361706,1.4265226471417836,True,True,0.2896468810510093,4.0,0.15080885424023024,0.7517426833246167,-0.004798364219028853,3.0,0.2934997119633502,3.0,0.36787548520328844,0.35935616639233187,0.9281206702547041,-0.08954780430243736,-0.06150155614763926,-0.03265385948680288,-0.06905741747474445,-0.1816878079364127,-0.06879945821198863,-0.04592129360246618,-0.06151827501237297,-0.15320407685945364,-0.05078437645048681,-0.07290978750147094,-0.04570546736473835,-0.02376201132367319,-0.1029614323841093,0.6763315648957582,0.6801216111231473,0.5532178283695436,0.5883558467502729,0.5423901797153118,-0.009226660233715937,-9.83028732404417e-05,0.014251262851790724,0.5657756378488774,0.6717513003554859,-0.012758454968588892,0.002866236022004007,0.009017832402505815,0.5949037007893272,2.0,2.0,1.0,2.0,2.0,1.0,1.0,1.0,2.0,-0.5714756404351086,-0.37549290602694796,-0.36392569810306474,-0.3621867003768228,-0.5560206612963203,-0.5545200185783762,-0.3846084456550721,-0.38054813348009986,-0.5675655453302106,0.0,-0.5176700101591584,-0.3954438456191745,0.0,0.0,-0.5646229713211692,-0.2977745528570674,-0.5460079694242385,-0.5613713776591872,0.0,0.0,-0.3807652552807242,0.0,0.0,0.0,0.0,0.0,0.0,43.0,3.0,25.0,0.0,6.0,-0.3708788466602544,-0.3783476024586246,23.0,517.0,-0.04072870667579101,0.41752523597573304,-0.015046379721756736,-7.613552954936133,1.3875021240978387,-0.5948607256320287,-0.13244150917071043,0.40878801485751126,2.2857304411760166,0.5245091000839259,1.7592578521361706,1.4265226471417836,0
577608,0.9885196,0.08123902,0.17,0.05427181375432048,0.41491412814467216,-0.9065438554455684,0.0,1.2936210380903221,-0.02628467015877818,0.6309616867630682,4.0,0.3336919752533876,2.0,-2.758533839855381,-2.8363627945457566,-0.8020432983705682,0.10053025619981402,0.1639249217118484,-0.005142730467018408,0.15515640273357534,-0.2379651549984235,-0.03564997865050612,0.0765180299473735,-0.011134428547033021,-0.23937934114288845,-0.15092577697643977,-0.1310687682763798,0.035878075888852036,-0.24407870509701157,-0.09638331894996088,0.7128976717987894,0.03623261738690312,0.04036612861659117,0.4801454902082225,-0.06616629353682894,0.623529910373455,0.46313023392412794,1.0129377763249023,0.6138747658299066,0.0009746217767072102,0.5919235916479734,0.581551521695096,0.5539076051009028,0.5014255096640536,0.0,0.0,0.0,1.0,0.0,0.0,0.0,0.0,0.0,1.7922718839552245,1.9207697192018858,2.7482090434079898,2.743244661422124,1.8562609190705337,1.7944731981909199,2.5851069260729393,2.6231644147004425,1.7736016123431853,2.0,1.9025450816753144,-0.41883519664949415,1.0,1.0,1.875742109485375,-0.3170123112598053,1.9358252545922703,2.0088665231974443,1.0,1.0,-0.4008734775897336,0.0,1.0,1.0,2.0,1.0,1.0,1.0,3.0,1.0,3.0,6.0,-0.26607532129387435,-0.31416854904695635,4.0,1090.0,0.05188262396259372,1.180226738095536,-0.06482322620310184,9.55778631574336,-2.674866942901205,15.89474621847223,-0.6165937291848113,-0.18965385507455823,-2.1236155022752037,0.09561944747911497,0.5638212662887977,-0.5772064795895221,True,True,-0.9065438554455684,0.0,1.2936210380903221,-0.02628467015877818,0.6309616867630682,4.0,0.3336919752533876,2.0,-2.758533839855381,-2.8363627945457566,-0.8020432983705682,0.10053025619981402,0.1639249217118484,-0.005142730467018408,0.15515640273357534,-0.2379651549984235,-0.03564997865050612,0.0765180299473735,-0.011134428547033021,-0.23937934114288845,-0.15092577697643977,-0.1310687682763798,0.035878075888852036,-0.24407870509701157,-0.09638331894996088,0.7128976717987894,0.03623261738690312,0.04036612861659117,0.4801454902082225,-0.06616629353682894,0.623529910373455,0.46313023392412794,1.0129377763249023,0.6138747658299066,0.0009746217767072102,0.5919235916479734,0.581551521695096,0.5539076051009028,0.5014255096640536,0.0,0.0,0.0,1.0,0.0,0.0,0.0,0.0,0.0,1.7922718839552245,1.9207697192018858,2.7482090434079898,2.743244661422124,1.8562609190705337,1.7944731981909199,2.5851069260729393,2.6231644147004425,1.7736016123431853,2.0,1.9025450816753144,-0.41883519664949415,1.0,1.0,1.875742109485375,-0.3170123112598053,1.9358252545922703,2.0088665231974443,1.0,1.0,-0.4008734775897336,0.0,1.0,1.0,2.0,1.0,1.0,1.0,3.0,1.0,3.0,6.0,-0.26607532129387435,-0.31416854904695635,4.0,1090.0,0.05188262396259372,1.180226738095536,-0.06482322620310184,9.55778631574336,-2.674866942901205,15.89474621847223,-0.6165937291848113,-0.18965385507455823,-2.1236155022752037,0.09561944747911497,0.5638212662887977,-0.5772064795895221,0
240963,0.7457194,0.46629417,0.01,0.0025521382703821843,0.019703982374892428,-0.37351213923393256,0.0,-0.8299287238156035,0.2894742101856037,0.5807829821198082,3.0,0.3041699756547919,3.0,-2.725748396324615,-2.7984233495291284,-0.7556635489016471,-0.09980709727946667,-0.09686302701888236,-0.03621444894216322,-0.048497976577509,-0.21431334171131977,-0.11051478542585352,-0.03160205237059159,-0.041293949400303134,-0.27414608424411907,-0.051280849352099256,-0.09274749465087746,-0.03741588436835467,-0.2534722127810969,-0.1670380772870533,0.6093863116841386,4.535677726373415e-05,3.340148437211521e-05,0.5353974137485287,-0.004697385660087076,0.5380073666061643,0.38947090471098067,1.0010632235306849,0.5327929484517419,-0.0018962675492338865,0.6068187897750694,0.5428842827764099,0.6076791113843232,0.5328376809566213,0.0,0.0,0.0,3.0,0.0,0.0,0.0,0.0,0.0,1.7224486811088477,0.6189329907599379,2.787390552698421,2.7934161842942284,1.8033300409186857,1.8214384972100532,2.6020787757342965,2.603602572685117,1.768942108657293,2.0,1.8914457043425104,-0.39596485565443496,1.0,1.0,1.8537844588265748,-0.2878842159755573,1.6621585033966206,1.765014565359311,1.0,1.0,-0.3896778600189006,0.0,1.0,1.0,2.0,1.0,2.0,20.0,4.0,20.0,4.0,6.0,-0.3680831001213358,-0.3739186509727595,4.0,244.0,-1.069593103310579,-1.2896676236212858,-0.7696095408948694,9.511922680507276,-2.6790646817395345,15.844745372427472,-0.5698679290592021,-0.10929608539759791,-2.167084779258219,0.13088510643129106,0.5221985267297511,-0.631571730048192,True,True,-0.37351213923393256,0.0,-0.8299287238156035,0.2894742101856037,0.5807829821198082,3.0,0.3041699756547919,3.0,-2.725748396324615,-2.7984233495291284,-0.7556635489016471,-0.09980709727946667,-0.09686302701888236,-0.03621444894216322,-0.048497976577509,-0.21431334171131977,-0.11051478542585352,-0.03160205237059159,-0.041293949400303134,-0.27414608424411907,-0.051280849352099256,-0.09274749465087746,-0.03741588436835467,-0.2534722127810969,-0.1670380772870533,0.6093863116841386,4.535677726373415e-05,3.340148437211521e-05,0.5353974137485287,-0.004697385660087076,0.5380073666061643,0.38947090471098067,1.0010632235306849,0.5327929484517419,-0.0018962675492338865,0.6068187897750694,0.5428842827764099,0.6076791113843232,0.5328376809566213,0.0,0.0,0.0,3.0,0.0,0.0,0.0,0.0,0.0,1.7224486811088477,0.6189329907599379,2.787390552698421,2.7934161842942284,1.8033300409186857,1.8214384972100532,2.6020787757342965,2.603602572685117,1.768942108657293,2.0,1.8914457043425104,-0.39596485565443496,1.0,1.0,1.8537844588265748,-0.2878842159755573,1.6621585033966206,1.765014565359311,1.0,1.0,-0.3896778600189006,0.0,1.0,1.0,2.0,1.0,2.0,20.0,4.0,20.0,4.0,6.0,-0.3680831001213358,-0.3739186509727595,4.0,244.0,-1.069593103310579,-1.2896676236212858,-0.7696095408948694,9.511922680507276,-2.6790646817395345,15.844745372427472,-0.5698679290592021,-0.10929608539759791,-2.167084779258219,0.13088510643129106,0.5221985267297511,-0.631571730048192,0
397154,0.9795226,0.13795662,0.18000000000000002,0.06325205919758363,0.5109025314377522,0.9123344794237085,4.0,-0.09086329895177359,-0.6666910639509764,-0.012169648628639814,4.0,0.37153658400819234,2.0,0.19112115708487815,0.35503911638570174,1.0130545550464998,0.036443242882784735,-0.09316629074860983,-0.11030142359009408,-0.10976802619114567,-0.17916450326720132,-0.042411504404453154,-0.05135484635769931,-0.0728591278529151,0.4095474582966428,0.09424084589909998,0.11257028247456376,-0.06121313921331413,0.5825115690697826,0.04506630554697369,0.7258457927206087,0.6734999995382667,0.505456317905268,0.7649452089113677,0.5845850375209592,-0.08515336948355332,-0.037989960868091886,-0.005747625426236144,0.7913682910295727,0.6509142325190098,0.0036654193130867046,-0.052799630810822194,-0.07842395084143569,0.5969488989333669,2.0,2.0,1.0,1.0,2.0,2.0,1.0,1.0,2.0,-0.433790784143985,-0.3601135187689523,-0.3169406190289233,-0.22797962126332702,-0.6019251582855714,-0.4604780485576047,-0.43546438410989324,-0.42581782584347405,-0.4915083825657041,0.0,-0.5604005591781214,-0.40409356701779653,0.0,0.0,-0.4931500822506064,-0.3566013451574083,-0.6475356424683122,-0.5937600899585092,0.0,0.0,-0.49234569755745333,0.0,0.0,0.0,0.0,0.0,0.0,43.0,3.0,25.0,0.0,6.0,-0.37335048813719607,-0.3649602894075734,23.0,517.0,-0.682058445593936,1.1468505859676654,-0.5510806059272673,-7.555079117424698,3.6173017222148465,-0.43368269757994893,-1.0256094784945513,0.7436922576117244,2.4316719796650874,1.3153232767424825,3.1823658293336097,6.093566611573381,True,True,0.9123344794237085,4.0,-0.09086329895177359,-0.6666910639509764,-0.012169648628639814,4.0,0.37153658400819234,2.0,0.19112115708487815,0.35503911638570174,1.0130545550464998,0.036443242882784735,-0.09316629074860983,-0.11030142359009408,-0.10976802619114567,-0.17916450326720132,-0.042411504404453154,-0.05135484635769931,-0.0728591278529151,0.4095474582966428,0.09424084589909998,0.11257028247456376,-0.06121313921331413,0.5825115690697826,0.04506630554697369,0.7258457927206087,0.6734999995382667,0.505456317905268,0.7649452089113677,0.5845850375209592,-0.08515336948355332,-0.037989960868091886,-0.005747625426236144,0.7913682910295727,0.6509142325190098,0.0036654193130867046,-0.052799630810822194,-0.07842395084143569,0.5969488989333669,2.0,2.0,1.0,1.0,2.0,2.0,1.0,1.0,2.0,-0.433790784143985,-0.3601135187689523,-0.3169406190289233,-0.22797962126332702,-0.6019251582855714,-0.4604780485576047,-0.43546438410989324,-0.42581782584347405,-0.4915083825657041,0.0,-0.5604005591781214,-0.40409356701779653,0.0,0.0,-0.4931500822506064,-0.3566013451574083,-0.6475356424683122,-0.5937600899585092,0.0,0.0,-0.49234569755745333,0.0,0.0,0.0,0.0,0.0,0.0,43.0,3.0,25.0,0.0,6.0,-0.37335048813719607,-0.3649602894075734,23.0,517.0,-0.682058445593936,1.1468505859676654,-0.5510806059272673,-7.555079117424698,3.6173017222148465,-0.43368269757994893,-1.0256094784945513,0.7436922576117244,2.4316719796650874,1.3153232767424825,3.1823658293336097,6.093566611573381,0
230114,0.76691604,0.32256705,0.01,0.0025521382703821843,0.01791034678548568,-0.4427052380590934,4.0,-0.08269627914740078,-0.09271404401363836,-0.002062621863913053,4.0,0.32372909584377574,3.0,0.45760583415035616,0.35554803626778,1.0480240420534577,-0.10130122371273405,-0.09355130130950526,-0.037825617258094225,-0.054323513618975305,-0.21664983764121268,-0.11571348245074536,-0.04781513367005604,-0.05309855377824372,-0.20768206650152432,-0.05460179047718767,-0.0948768288891205,-0.03574271001739377,-0.2430989817266066,-0.1508267039333302,0.6080985591998396,0.6118952344794713,0.5500507841931146,0.531485303058734,0.5498837307999179,-0.0008632341907347449,-0.0009667590096513609,-0.002684021568221491,0.5318893019933429,0.5966926534398116,-0.0043552031657585625,-0.0005777728823496724,0.0009733580754536693,0.5314508763127923,2.0,2.0,2.0,1.0,1.0,1.0,0.0,0.0,0.0,-0.5725076204893439,-0.3881913157606814,-0.35881135974401807,-0.3596884677294346,-0.552310380431563,-0.5537313368491567,-0.38674334098206264,-0.38577768843060045,-0.5663554287492425,0.0,-0.524383964861694,-0.3983762688193968,0.0,0.0,-0.5614331818698358,-0.28985995406965753,-0.5598235238307714,-0.5571172819292595,0.0,0.0,-0.38786223299483585,0.0,0.0,0.0,0.0,0.0,0.0,15.0,3.0,25.0,0.0,6.0,-0.3711750710314164,-0.3716507965524144,23.0,517.0,0.4646292985419661,1.070629997491948,-0.7657693678868466,-7.5285130479616695,0.27589171141638896,-0.5677850680757403,0.21301825567667873,0.304230843150329,2.267852461273183,0.2847322295968604,1.2147653149914943,-0.2840514770764265,True,True,-0.4427052380590934,4.0,-0.08269627914740078,-0.09271404401363836,-0.002062621863913053,4.0,0.32372909584377574,3.0,0.45760583415035616,0.35554803626778,1.0480240420534577,-0.10130122371273405,-0.09355130130950526,-0.037825617258094225,-0.054323513618975305,-0.21664983764121268,-0.11571348245074536,-0.04781513367005604,-0.05309855377824372,-0.20768206650152432,-0.05460179047718767,-0.0948768288891205,-0.03574271001739377,-0.2430989817266066,-0.1508267039333302,0.6080985591998396,0.6118952344794713,0.5500507841931146,0.531485303058734,0.5498837307999179,-0.0008632341907347449,-0.0009667590096513609,-0.002684021568221491,0.5318893019933429,0.5966926534398116,-0.0043552031657585625,-0.0005777728823496724,0.0009733580754536693,0.5314508763127923,2.0,2.0,2.0,1.0,1.0,1.0,0.0,0.0,0.0,-0.5725076204893439,-0.3881913157606814,-0.35881135974401807,-0.3596884677294346,-0.552310380431563,-0.5537313368491567,-0.38674334098206264,-0.38577768843060045,-0.5663554287492425,0.0,-0.524383964861694,-0.3983762688193968,0.0,0.0,-0.5614331818698358,-0.28985995406965753,-0.5598235238307714,-0.5571172819292595,0.0,0.0,-0.38786223299483585,0.0,0.0,0.0,0.0,0.0,0.0,15.0,3.0,25.0,0.0,6.0,-0.3711750710314164,-0.3716507965524144,23.0,517.0,0.4646292985419661,1.070629997491948,-0.7657693678868466,-7.5285130479616695,0.27589171141638896,-0.5677850680757403,0.21301825567667873,0.304230843150329,2.267852461273183,0.2847322295968604,1.2147653149914943,-0.2840514770764265,0
543512,0.9629042,0.43633115,0.05,0.006265852597583031,0.050358086262644625,-0.8629214982797586,3.0,0.9167395789769957,0.6036054661127594,-0.00822448930574311,3.0,0.3062951750708266,2.0,0.43772752613765675,0.34811654030921463,-0.7467751758190605,-0.08481490868286977,-0.08551652189688047,-0.036325054559842786,-0.04883361851569057,-0.21764534424885582,-0.13116294289144861,-0.04758707470517271,-0.00414113120766085,-0.2697212964117419,-0.0020002124824810754,-0.0986633171131793,-0.05363525562176147,-0.18510374859797185,-0.11256395499517854,0.6118969221307364,0.6176558008267898,-0.0012255906308574545,-0.006278757190019262,0.0016150195499681581,-0.003068486244385052,0.3686960761115922,0.995367826643146,0.001127937534012912,0.0032579176078092226,0.005446539932231718,0.002649968065075941,0.01035059363676101,-0.007189303896413539,0.0,0.0,0.0,0.0,0.0,0.0,0.0,0.0,0.0,1.7502952532519997,0.001486133214990715,2.7927515904271014,2.7833450065191983,1.819437445593478,1.5744896316308965,2.5989567692780744,2.607833792024973,1.778853285698042,1.0,1.839841997098209,2.6691931590536035,1.0,1.0,1.7277404370696323,3.455272102560314,1.3810807524002746,1.521276254289349,1.0,1.0,2.574125166887612,4.0,2.0,1.0,1.0,2.0,2.0,25.0,0.0,15.0,3.0,5.0,2.9943196980006737,2.857143337801959,4.0,304.0,0.4634195534760028,1.2065075517396575,-0.019617170835698746,31.169407763897443,-1.0518137276108859,-5.383299843533645,1.1566046591384984,0.3541608385502086,0.9955773742809765,0.04508846708486492,-0.19251411204725047,-0.4369738278487291,True,True,-0.8629214982797586,3.0,0.9167395789769957,0.6036054661127594,-0.00822448930574311,3.0,0.3062951750708266,2.0,0.43772752613765675,0.34811654030921463,-0.7467751758190605,-0.08481490868286977,-0.08551652189688047,-0.036325054559842786,-0.04883361851569057,-0.21764534424885582,-0.13116294289144861,-0.04758707470517271,-0.00414113120766085,-0.2697212964117419,-0.0020002124824810754,-0.0986633171131793,-0.05363525562176147,-0.18510374859797185,-0.11256395499517854,0.6118969221307364,0.6176558008267898,-0.0012255906308574545,-0.006278757190019262,0.0016150195499681581,-0.003068486244385052,0.3686960761115922,0.995367826643146,0.001127937534012912,0.0032579176078092226,0.005446539932231718,0.002649968065075941,0.01035059363676101,-0.007189303896413539,0.0,0.0,0.0,0.0,0.0,0.0,0.0,0.0,0.0,1.7502952532519997,0.001486133214990715,2.7927515904271014,2.7833450065191983,1.819437445593478,1.5744896316308965,2.5989567692780744,2.607833792024973,1.778853285698042,1.0,1.839841997098209,2.6691931590536035,1.0,1.0,1.7277404370696323,3.455272102560314,1.3810807524002746,1.521276254289349,1.0,1.0,2.574125166887612,4.0,2.0,1.0,1.0,2.0,2.0,25.0,0.0,15.0,3.0,5.0,2.9943196980006737,2.857143337801959,4.0,304.0,0.4634195534760028,1.2065075517396575,-0.019617170835698746,31.169407763897443,-1.0518137276108859,-5.383299843533645,1.1566046591384984,0.3541608385502086,0.9955773742809765,0.04508846708486492,-0.19251411204725047,-0.4369738278487291,0
223401,0.8740242,0.24275689,0.14,0.03356392623053241,0.27587654110144694,2.9033675310001663,1.0,1.2961263954766917,0.7607379680398988,-0.01729266139947952,3.0,-0.8660762916174222,2.0,0.3968285189870624,0.4186603733286031,-0.7336320512223711,-0.0838549194895711,-0.13069476224943222,-0.07474477638659979,-0.04550968962567993,-0.1386691341533472,-0.1609422149989358,-0.05232076810708875,-0.05261433281562622,-0.2810953662511912,-0.10054228040741844,-0.1385476834360862,-0.02661181746462189,-0.22755915982075736,-0.14730834448982708,0.5825077486962239,-0.0439753562761673,0.03415807033882942,0.026757056642697737,0.008127669614987077,-0.0037516316546958354,-0.02400864373958427,0.026820803690720763,0.03817362704407667,0.019316065910023085,0.06375132193526874,0.080571359454746,-0.019626739351517795,-0.007117174157909234,0.0,0.0,0.0,0.0,0.0,0.0,0.0,0.0,0.0,1.785515832306484,1.6787330235070523,-0.3443500396071583,-0.35401405121052776,1.8078171634334956,1.8280797900099837,-0.43562706672433094,-0.37282663363970986,1.8015164051344732,1.0,1.9263046624466535,1.8753769056321477,2.0,2.0,1.7826145697219098,-0.25752685680892207,1.825149418232807,1.9926011226727711,2.0,2.0,2.5610572545096257,4.0,2.0,1.0,2.0,2.0,1.0,27.0,8.0,27.0,9.0,3.0,2.6905595510346596,2.606255760151021,4.0,1090.0,-0.4847622363094196,1.2083155299053745,-1.0010126021612826,31.389319775418603,-0.7198478129203083,-5.315335193621739,0.9856817021191289,0.01596244513965356,1.128002987529447,-0.03695726634098994,0.3405424480237166,0.7042954479101057,True,True,2.9033675310001663,1.0,1.2961263954766917,0.7607379680398988,-0.01729266139947952,3.0,-0.8660762916174222,2.0,0.3968285189870624,0.4186603733286031,-0.7336320512223711,-0.0838549194895711,-0.13069476224943222,-0.07474477638659979,-0.04550968962567993,-0.1386691341533472,-0.1609422149989358,-0.05232076810708875,-0.05261433281562622,-0.2810953662511912,-0.10054228040741844,-0.1385476834360862,-0.02661181746462189,-0.22755915982075736,-0.14730834448982708,0.5825077486962239,-0.0439753562761673,0.03415807033882942,0.026757056642697737,0.008127669614987077,-0.0037516316546958354,-0.02400864373958427,0.026820803690720763,0.03817362704407667,0.019316065910023085,0.06375132193526874,0.080571359454746,-0.019626739351517795,-0.007117174157909234,0.0,0.0,0.0,0.0,0.0,0.0,0.0,0.0,0.0,1.785515832306484,1.6787330235070523,-0.3443500396071583,-0.35401405121052776,1.8078171634334956,1.8280797900099837,-0.43562706672433094,-0.37282663363970986,1.8015164051344732,1.0,1.9263046624466535,1.8753769056321477,2.0,2.0,1.7826145697219098,-0.25752685680892207,1.825149418232807,1.9926011226727711,2.0,2.0,2.5610572545096257,4.0,2.0,1.0,2.0,2.0,1.0,27.0,8.0,27.0,9.0,3.0,2.6905595510346596,2.606255760151021,4.0,1090.0,-0.4847622363094196,1.2083155299053745,-1.0010126021612826,31.389319775418603,-0.7198478129203083,-5.315335193621739,0.9856817021191289,0.01596244513965356,1.128002987529447,-0.03695726634098994,0.3405424480237166,0.7042954479101057,0
556716,0.8441546,0.47540292,0.06999999999999999,0.009434629620313228,0.08116146204389099,-0.03779744873801416,4.0,-0.08092296133617081,-0.10567322084754321,-0.0032537061758372214,4.0,0.3368393408349204,3.0,0.2132071333693407,0.35965867953896546,-0.7477202544626647,-0.10712299574331546,-0.10777800171785248,-0.05615115170186241,-0.07068164285254955,-0.2175501626330228,-0.1435187242831472,-0.0356625489186651,-0.059570580859109885,-0.22255996675483167,-0.05456152695915772,-0.10763352777737563,-0.02555167868135761,-0.24074316547207003,-0.17009342861587498,0.6000714058530198,0.5965434727044052,0.5455321995974943,0.007956695548492692,-0.010863729494659908,0.011831340116240513,-0.013123075196852668,-0.011672020361732269,0.5232968232671008,0.5996378553421635,0.009339211941820172,0.004642684155932277,0.0017262545932999664,0.5169467506810614,2.0,2.0,2.0,1.0,1.0,1.0,1.0,1.0,2.0,-0.5945353335756941,-0.36826469612071144,-0.35751620137706763,-0.35869637119162867,-0.5449663521632548,-0.5532370788361505,-0.38906781110420063,-0.39683432426917675,-0.5594969538143135,0.0,-0.5324663678384649,-0.3913631493250504,0.0,0.0,-0.5614248499462535,-0.2741893711278122,-0.56475547061042,-0.5542233734850479,0.0,0.0,-0.38585183707379533,0.0,0.0,0.0,0.0,0.0,0.0,25.0,0.0,25.0,0.0,6.0,-0.35989940748262744,-0.37432212190287,23.0,517.0,-0.5667010031873313,0.5469874529998392,-0.014831052973186123,-5.881247886658975,1.0680875706044664,-4.134970315575459,0.26820162479926984,0.5351509969520835,-5.303723427399281,2.2262324300687766,3.8657274599905054,-0.1602603610248273,True,True,-0.03779744873801416,4.0,-0.08092296133617081,-0.10567322084754321,-0.0032537061758372214,4.0,0.3368393408349204,3.0,0.2132071333693407,0.35965867953896546,-0.7477202544626647,-0.10712299574331546,-0.10777800171785248,-0.05615115170186241,-0.07068164285254955,-0.2175501626330228,-0.1435187242831472,-0.0356625489186651,-0.059570580859109885,-0.22255996675483167,-0.05456152695915772,-0.10763352777737563,-0.02555167868135761,-0.24074316547207003,-0.17009342861587498,0.6000714058530198,0.5965434727044052,0.5455321995974943,0.007956695548492692,-0.010863729494659908,0.011831340116240513,-0.013123075196852668,-0.011672020361732269,0.5232968232671008,0.5996378553421635,0.009339211941820172,0.004642684155932277,0.0017262545932999664,0.5169467506810614,2.0,2.0,2.0,1.0,1.0,1.0,1.0,1.0,2.0,-0.5945353335756941,-0.36826469612071144,-0.35751620137706763,-0.35869637119162867,-0.5449663521632548,-0.5532370788361505,-0.38906781110420063,-0.39683432426917675,-0.5594969538143135,0.0,-0.5324663678384649,-0.3913631493250504,0.0,0.0,-0.5614248499462535,-0.2741893711278122,-0.56475547061042,-0.5542233734850479,0.0,0.0,-0.38585183707379533,0.0,0.0,0.0,0.0,0.0,0.0,25.0,0.0,25.0,0.0,6.0,-0.35989940748262744,-0.37432212190287,23.0,517.0,-0.5667010031873313,0.5469874529998392,-0.014831052973186123,-5.881247886658975,1.0680875706044664,-4.134970315575459,0.26820162479926984,0.5351509969520835,-5.303723427399281,2.2262324300687766,3.8657274599905054,-0.1602603610248273,0
162827,0.97548735,0.4943667,0.21000000000000002,0.0982356594956918,0.8367163935119749,-0.25723834791274897,0.0,-1.3947238061619227,0.13958008362112068,0.6462582847421277,3.0,0.43387963313966194,3.0,-2.8716971259028394,-2.6841183553407904,-0.6981764186940158,0.1337727033845486,-0.218098701883915,0.131002628632643,0.039566668250459916,-0.2518584304848578,-0.12074209751567895,-0.019165049448817327,-0.13454059897881668,-0.31164569462785696,-0.038861767478129354,-0.05907004526388265,0.045841770451342134,-0.22594062242008975,-0.03886474177139909,0.48641398749364473,0.1660555257425818,-0.04260975895860895,-0.12652346711771803,-0.09425050342453138,-0.012013396997287751,0.35089729161974426,0.926643846345948,0.5589169665665139,-0.027579420765103703,0.6661179012537641,-0.0797644729327922,0.3458598731953626,0.4747475186446241,0.0,0.0,0.0,3.0,0.0,0.0,0.0,0.0,0.0,1.4902994553873914,0.4923045225797627,2.8380681981707623,2.733220746216108,1.8164867722273657,1.7666700610557724,2.811424874195915,2.4026403148947133,1.748217817530617,2.0,1.76376590622422,-0.3451593846860279,1.0,1.0,1.6458051351597875,-0.32827397346752557,1.5940631312235085,1.5924668726093154,1.0,1.0,-0.4101848886781806,0.0,1.0,1.0,2.0,2.0,1.0,25.0,0.0,25.0,0.0,6.0,-0.19515774279433115,-0.34948623440288534,4.0,517.0,-0.4691326531035233,0.7375863831299719,-0.9275280242574808,11.461468550487384,-2.085939892063853,12.598100639462782,-0.7379628690208745,0.11767044250231087,-9.876547179241575,1.6717893493886804,3.6041382662951307,-0.3819723084145644,True,True,-0.25723834791274897,0.0,-1.3947238061619227,0.13958008362112068,0.6462582847421277,3.0,0.43387963313966194,3.0,-2.8716971259028394,-2.6841183553407904,-0.6981764186940158,0.1337727033845486,-0.218098701883915,0.131002628632643,0.039566668250459916,-0.2518584304848578,-0.12074209751567895,-0.019165049448817327,-0.13454059897881668,-0.31164569462785696,-0.038861767478129354,-0.05907004526388265,0.045841770451342134,-0.22594062242008975,-0.03886474177139909,0.48641398749364473,0.1660555257425818,-0.04260975895860895,-0.12652346711771803,-0.09425050342453138,-0.012013396997287751,0.35089729161974426,0.926643846345948,0.5589169665665139,-0.027579420765103703,0.6661179012537641,-0.0797644729327922,0.3458598731953626,0.4747475186446241,0.0,0.0,0.0,3.0,0.0,0.0,0.0,0.0,0.0,1.4902994553873914,0.4923045225797627,2.8380681981707623,2.733220746216108,1.8164867722273657,1.7666700610557724,2.811424874195915,2.4026403148947133,1.748217817530617,2.0,1.76376590622422,-0.3451593846860279,1.0,1.0,1.6458051351597875,-0.32827397346752557,1.5940631312235085,1.5924668726093154,1.0,1.0,-0.4101848886781806,0.0,1.0,1.0,2.0,2.0,1.0,25.0,0.0,25.0,0.0,6.0,-0.19515774279433115,-0.34948623440288534,4.0,517.0,-0.4691326531035233,0.7375863831299719,-0.9275280242574808,11.461468550487384,-2.085939892063853,12.598100639462782,-0.7379628690208745,0.11767044250231087,-9.876547179241575,1.6717893493886804,3.6041382662951307,-0.3819723084145644,0
226482,0.99010545,0.07724714,0.15000000000000002,0.03954065143898942,0.3189638212787027,-0.6084894131522263,0.0,-1.5885277920273333,0.9585280275283026,0.5974157848801983,4.0,0.34122507216300035,2.0,-2.728839580360032,-2.756621804221279,-0.7359286543313158,-0.09250014247623456,-0.07373735901235653,-0.026543786130557932,-0.055500131738060246,-0.22521185863297905,-0.08440934903652561,-0.020413879994299583,-0.09472968413641304,-0.1589726015394896,-0.09210366858492162,-0.1594899897061668,-0.019577729617280378,-0.2211709959336839,-0.14865655269891515,0.6319670309854208,-0.012185260959653442,-0.0225860271806686,0.5710233364844218,0.4778815108418206,0.6200826018449977,0.360158724102029,0.9602852028538498,0.5497544080145622,0.0310233440137723,0.5896317220195684,0.566364813177888,0.7910545707921768,0.4383354527055828,0.0,0.0,0.0,3.0,0.0,0.0,0.0,0.0,0.0,1.5204891329989818,3.0271838511361175,2.7867029863840544,2.8328678956648083,1.7482990217998786,1.7943227328004845,2.5792299211803904,2.6293931122948004,1.7375295031382179,2.0,1.9144735896545513,-0.4366671861263543,1.0,1.0,1.8356225257015202,3.4645743177592614,1.7395786312957846,1.9837761127494915,1.0,1.0,-0.3791225152379893,0.0,1.0,1.0,2.0,1.0,2.0,15.0,3.0,15.0,3.0,6.0,-0.3736517999707062,-0.3264860052539379,4.0,509.0,0.432660993798428,-1.8665990330813753,-0.7425178295056354,9.58924371465556,-2.4983335869351073,15.995543672128589,-0.4554211162497298,-0.14527797761058628,-2.185395934201988,0.12693271157516411,0.5768825208831388,-0.5658263218883541,True,True,-0.6084894131522263,0.0,-1.5885277920273333,0.9585280275283026,0.5974157848801983,4.0,0.34122507216300035,2.0,-2.728839580360032,-2.756621804221279,-0.7359286543313158,-0.09250014247623456,-0.07373735901235653,-0.026543786130557932,-0.055500131738060246,-0.22521185863297905,-0.08440934903652561,-0.020413879994299583,-0.09472968413641304,-0.1589726015394896,-0.09210366858492162,-0.1594899897061668,-0.019577729617280378,-0.2211709959336839,-0.14865655269891515,0.6319670309854208,-0.012185260959653442,-0.0225860271806686,0.5710233364844218,0.4778815108418206,0.6200826018449977,0.360158724102029,0.9602852028538498,0.5497544080145622,0.0310233440137723,0.5896317220195684,0.566364813177888,0.7910545707921768,0.4383354527055828,0.0,0.0,0.0,3.0,0.0,0.0,0.0,0.0,0.0,1.5204891329989818,3.0271838511361175,2.7867029863840544,2.8328678956648083,1.7482990217998786,1.7943227328004845,2.5792299211803904,2.6293931122948004,1.7375295031382179,2.0,1.9144735896545513,-0.4366671861263543,1.0,1.0,1.8356225257015202,3.4645743177592614,1.7395786312957846,1.9837761127494915,1.0,1.0,-0.3791225152379893,0.0,1.0,1.0,2.0,1.0,2.0,15.0,3.0,15.0,3.0,6.0,-0.3736517999707062,-0.3264860052539379,4.0,509.0,0.432660993798428,-1.8665990330813753,-0.7425178295056354,9.58924371465556,-2.4983335869351073,15.995543672128589,-0.4554211162497298,-0.14527797761058628,-2.185395934201988,0.12693271157516411,0.5768825208831388,-0.5658263218883541,0
253237,0.98959583,0.09086709,0.17,0.05427181375432048,0.48410178662339287,-0.12828364240342943,3.0,-0.8668097754175921,-0.8213982650018911,-0.031666397951654573,3.0,-0.7733848219329595,2.0,0.04675574065951155,0.33845549386550033,-0.6574262973962726,-0.15267905483484856,-0.045369866085101226,-0.032052306074290986,-0.0359183614003936,-0.2031083958315195,-0.21547128829158615,-0.028809265029251897,-0.03139376250191215,-0.3284777423104029,0.032469797544732254,-0.19896948549408358,0.056176200749578645,-0.23247729151500762,-0.03634324219195452,0.6502553078750806,0.6232707654650003,-0.039000857311204305,0.0028133136561792923,-0.03661156853984638,0.02878940607209533,0.31660544698101406,0.984338374813463,0.567804391709673,-0.04570595684854866,-0.024045437119249488,-0.12496004783203803,-0.041479069517452956,0.6339493326647505,0.0,0.0,0.0,0.0,0.0,0.0,0.0,0.0,0.0,1.722625843891619,0.8737122320917426,2.8014784367916383,2.7306642959009166,1.7983785905087422,1.7491657656780275,2.7351599830048334,2.5607396506589253,1.742609768886653,1.0,-0.5803945373740034,2.6645489356898846,1.0,1.0,1.7818221589995007,-0.2614720278174554,2.0513545571416154,1.6135876843451267,1.0,1.0,2.503437861310746,4.0,2.0,1.0,2.0,2.0,2.0,25.0,0.0,2.0,3.0,0.0,2.096030971504191,2.046509184435785,4.0,517.0,0.9663760766354661,-0.9122624283875853,-0.8034736301061471,24.537122687845876,1.79948030347216,3.1079862146584087,-0.30176848879866797,1.4086355242765805,0.16747100049336144,4.99366233272846,4.212483569069792,3.3025153775998994,True,True,-0.12828364240342943,3.0,-0.8668097754175921,-0.8213982650018911,-0.031666397951654573,3.0,-0.7733848219329595,2.0,0.04675574065951155,0.33845549386550033,-0.6574262973962726,-0.15267905483484856,-0.045369866085101226,-0.032052306074290986,-0.0359183614003936,-0.2031083958315195,-0.21547128829158615,-0.028809265029251897,-0.03139376250191215,-0.3284777423104029,0.032469797544732254,-0.19896948549408358,0.056176200749578645,-0.23247729151500762,-0.03634324219195452,0.6502553078750806,0.6232707654650003,-0.039000857311204305,0.0028133136561792923,-0.03661156853984638,0.02878940607209533,0.31660544698101406,0.984338374813463,0.567804391709673,-0.04570595684854866,-0.024045437119249488,-0.12496004783203803,-0.041479069517452956,0.6339493326647505,0.0,0.0,0.0,0.0,0.0,0.0,0.0,0.0,0.0,1.722625843891619,0.8737122320917426,2.8014784367916383,2.7306642959009166,1.7983785905087422,1.7491657656780275,2.7351599830048334,2.5607396506589253,1.742609768886653,1.0,-0.5803945373740034,2.6645489356898846,1.0,1.0,1.7818221589995007,-0.2614720278174554,2.0513545571416154,1.6135876843451267,1.0,1.0,2.503437861310746,4.0,2.0,1.0,2.0,2.0,2.0,25.0,0.0,2.0,3.0,0.0,2.096030971504191,2.046509184435785,4.0,517.0,0.9663760766354661,-0.9122624283875853,-0.8034736301061471,24.537122687845876,1.79948030347216,3.1079862146584087,-0.30176848879866797,1.4086355242765805,0.16747100049336144,4.99366233272846,4.212483569069792,3.3025153775998994,0
339064,0.9982622,0.25199762,0.23,0.12982628505779303,1.1146888644094115,-0.6734131587466557,0.0,-0.6345530505255602,0.6044226680348739,0.4835785484190402,3.0,0.5985848995491396,3.0,-2.5555355701064566,-2.874133644009381,-0.7564447065697565,0.3650756210051511,0.43792662046439534,-0.027972128614335415,0.007719408719164461,-0.28721812851484124,-0.0699182387294579,0.3163903054304111,0.30859023837690064,-0.5766416220403914,-0.0008449319475889866,0.04336013271799663,0.30592613578980177,-0.014285235240558525,-0.10780566232790063,0.4433696583869938,-0.01431249822202398,-0.21859818543440968,0.03410607970340971,-0.3098514487761689,-0.056446337349890754,0.5343396050258422,0.9398018548386863,0.6430352003682202,0.07346331588361718,-0.08360636008344033,0.7472483184109907,0.5852893122151558,0.0013776451525862893,0.0,0.0,0.0,0.0,0.0,0.0,0.0,0.0,0.0,1.7533236576246436,2.8766709072490677,2.776490878795449,2.852954697482364,1.790376807476524,1.7259470457566142,2.6921671581348727,2.487317307406484,1.7724497905718852,2.0,2.078338462624788,-0.33985020155156603,1.0,1.0,1.5738333506309359,-0.1914132964020461,1.614019686431355,1.7715509879468327,1.0,1.0,-0.3983552621831907,0.0,1.0,1.0,2.0,1.0,2.0,25.0,0.0,25.0,0.0,6.0,-0.3560917101700776,-0.29853364925190123,4.0,244.0,0.14684923064159333,-0.9187647444013577,-0.5638824967554348,14.628675018013793,-1.5012441815056106,8.51799264401713,-0.30068761988791626,0.3803616699306484,-11.207635842310625,0.5440933151761123,0.27212267100567167,-1.1007891453826295,True,True,-0.6734131587466557,0.0,-0.6345530505255602,0.6044226680348739,0.4835785484190402,3.0,0.5985848995491396,3.0,-2.5555355701064566,-2.874133644009381,-0.7564447065697565,0.3650756210051511,0.43792662046439534,-0.027972128614335415,0.007719408719164461,-0.28721812851484124,-0.0699182387294579,0.3163903054304111,0.30859023837690064,-0.5766416220403914,-0.0008449319475889866,0.04336013271799663,0.30592613578980177,-0.014285235240558525,-0.10780566232790063,0.4433696583869938,-0.01431249822202398,-0.21859818543440968,0.03410607970340971,-0.3098514487761689,-0.056446337349890754,0.5343396050258422,0.9398018548386863,0.6430352003682202,0.07346331588361718,-0.08360636008344033,0.7472483184109907,0.5852893122151558,0.0013776451525862893,0.0,0.0,0.0,0.0,0.0,0.0,0.0,0.0,0.0,1.7533236576246436,2.8766709072490677,2.776490878795449,2.852954697482364,1.790376807476524,1.7259470457566142,2.6921671581348727,2.487317307406484,1.7724497905718852,2.0,2.078338462624788,-0.33985020155156603,1.0,1.0,1.5738333506309359,-0.1914132964020461,1.614019686431355,1.7715509879468327,1.0,1.0,-0.3983552621831907,0.0,1.0,1.0,2.0,1.0,2.0,25.0,0.0,25.0,0.0,6.0,-0.3560917101700776,-0.29853364925190123,4.0,244.0,0.14684923064159333,-0.9187647444013577,-0.5638824967554348,14.628675018013793,-1.5012441815056106,8.51799264401713,-0.30068761988791626,0.3803616699306484,-11.207635842310625,0.5440933151761123,0.27212267100567167,-1.1007891453826295,0
104698,0.8452491,0.3806009,0.08,0.011477469205752985,0.08381494387463377,2.857837395782726,2.0,-0.47737062257728485,0.9324928042712537,0.009624187561262435,4.0,0.33019692357295094,2.0,0.37376566290806845,0.353048556620954,-0.7641057403960652,-0.11296272367504158,-0.09092967041925915,-0.030150308916538686,-0.04864442263327955,-0.21039392639980387,-0.08606229138426383,-0.035816987610343895,-0.0700907609209029,-0.266751196596113,-0.0471436568644657,-0.1014526068559053,-0.05490850943615236,-0.22114599435287338,-0.1387176637836393,0.6188585567463891,0.611951646351706,0.016686725876695663,-0.0008711788613617114,-0.007444440047570531,0.012505715155659456,0.7989517375019562,1.0094131368592132,-0.009256773810705733,0.0015975751188867624,-0.0037508983906617797,-0.002190293591388764,0.0027135795585359174,-0.00580429117371478,0.0,0.0,0.0,0.0,0.0,0.0,0.0,0.0,0.0,1.7544322230558984,2.8048976437203543,2.7996601292015133,2.790322471076974,1.8116391332825585,1.8151156926594578,2.621223101135313,2.6129696152008823,1.7600666177172881,1.0,1.9230138908106262,-0.3895835667426357,1.0,1.0,1.7346881418653533,3.440354768606028,1.5502587159738082,1.4568375617006133,1.0,1.0,-0.3969202854308088,0.0,1.0,1.0,2.0,1.0,1.0,43.0,3.0,28.0,3.0,6.0,-0.37932999200749085,-0.3672792745471376,13.0,575.0,-1.5884955607081568,-0.3843824379277924,1.7417323373036073,28.118963068619863,6.973211777836739,-8.753153622836841,-2.200455447877662,-0.7217725838960362,2.5902997479531336,2.466724901812695,-2.944189785720205,1.7361174865550504,True,True,2.857837395782726,2.0,-0.47737062257728485,0.9324928042712537,0.009624187561262435,4.0,0.33019692357295094,2.0,0.37376566290806845,0.353048556620954,-0.7641057403960652,-0.11296272367504158,-0.09092967041925915,-0.030150308916538686,-0.04864442263327955,-0.21039392639980387,-0.08606229138426383,-0.035816987610343895,-0.0700907609209029,-0.266751196596113,-0.0471436568644657,-0.1014526068559053,-0.05490850943615236,-0.22114599435287338,-0.1387176637836393,0.6188585567463891,0.611951646351706,0.016686725876695663,-0.0008711788613617114,-0.007444440047570531,0.012505715155659456,0.7989517375019562,1.0094131368592132,-0.009256773810705733,0.0015975751188867624,-0.0037508983906617797,-0.002190293591388764,0.0027135795585359174,-0.00580429117371478,0.0,0.0,0.0,0.0,0.0,0.0,0.0,0.0,0.0,1.7544322230558984,2.8048976437203543,2.7996601292015133,2.790322471076974,1.8116391332825585,1.8151156926594578,2.621223101135313,2.6129696152008823,1.7600666177172881,1.0,1.9230138908106262,-0.3895835667426357,1.0,1.0,1.7346881418653533,3.440354768606028,1.5502587159738082,1.4568375617006133,1.0,1.0,-0.3969202854308088,0.0,1.0,1.0,2.0,1.0,1.0,43.0,3.0,28.0,3.0,6.0,-0.37932999200749085,-0.3672792745471376,13.0,575.0,-1.5884955607081568,-0.3843824379277924,1.7417323373036073,28.118963068619863,6.973211777836739,-8.753153622836841,-2.200455447877662,-0.7217725838960362,2.5902997479531336,2.466724901812695,-2.944189785720205,1.7361174865550504,0
553421,0.6562597,0.340103,0.03,0.004056900182200707,0.029837530389140634,2.1870490653027574,4.0,-0.6217035150685727,-0.9103534862712336,-0.003624069795950683,4.0,0.32312974944084927,2.0,0.28614118550659073,0.35375534902639777,0.9520845619587439,-0.0982445642557401,-0.09264743919346725,-0.034068321208926264,-0.061848422863442484,-0.21438077657256527,-0.11506940913733207,-0.047150403570161516,-0.05140626308198751,-0.21236431201922187,-0.056950669260754073,-0.10317690812503051,-0.05158174466802726,-0.24120223003567443,-0.14159224165270703,0.6157890043553531,0.6174492639555004,0.5534682189630327,0.5346446659064928,0.5562629745983942,0.0061739402032369075,-0.003075597139439733,-0.003913830065272137,0.5325397613100168,0.6061373685518533,0.0037723547406693842,0.0008604052027910133,0.004535538297301529,0.532212194164466,2.0,2.0,2.0,3.0,2.0,2.0,1.0,1.0,2.0,-0.5805849520851903,-0.392141859517607,-0.3641414060046696,-0.35788929798128505,-0.5522969757964642,-0.5539766568762083,-0.3820468616082913,-0.3786495542226799,-0.5614219344906466,0.0,-0.5323285452405234,-0.3976577194758827,0.0,0.0,-0.5568583510049137,-0.29184436939391445,-0.558357914694312,-0.5603223948874813,0.0,0.0,-0.3954880619164023,0.0,0.0,0.0,0.0,0.0,0.0,1.0,3.0,25.0,0.0,6.0,-0.36055272156533846,-0.3776030479409031,23.0,517.0,-1.0657720217401077,0.2883928200810314,-0.017714317984793573,-7.619999301684702,0.5142087132368842,-0.5834627431702049,0.4985135596514522,0.03941570130945997,2.5731713545503077,2.880558304743101,0.7514331109502845,0.049620065247484586,True,True,2.1870490653027574,4.0,-0.6217035150685727,-0.9103534862712336,-0.003624069795950683,4.0,0.32312974944084927,2.0,0.28614118550659073,0.35375534902639777,0.9520845619587439,-0.0982445642557401,-0.09264743919346725,-0.034068321208926264,-0.061848422863442484,-0.21438077657256527,-0.11506940913733207,-0.047150403570161516,-0.05140626308198751,-0.21236431201922187,-0.056950669260754073,-0.10317690812503051,-0.05158174466802726,-0.24120223003567443,-0.14159224165270703,0.6157890043553531,0.6174492639555004,0.5534682189630327,0.5346446659064928,0.5562629745983942,0.0061739402032369075,-0.003075597139439733,-0.003913830065272137,0.5325397613100168,0.6061373685518533,0.0037723547406693842,0.0008604052027910133,0.004535538297301529,0.532212194164466,2.0,2.0,2.0,3.0,2.0,2.0,1.0,1.0,2.0,-0.5805849520851903,-0.392141859517607,-0.3641414060046696,-0.35788929798128505,-0.5522969757964642,-0.5539766568762083,-0.3820468616082913,-0.3786495542226799,-0.5614219344906466,0.0,-0.5323285452405234,-0.3976577194758827,0.0,0.0,-0.5568583510049137,-0.29184436939391445,-0.558357914694312,-0.5603223948874813,0.0,0.0,-0.3954880619164023,0.0,0.0,0.0,0.0,0.0,0.0,1.0,3.0,25.0,0.0,6.0,-0.36055272156533846,-0.3776030479409031,23.0,517.0,-1.0657720217401077,0.2883928200810314,-0.017714317984793573,-7.619999301684702,0.5142087132368842,-0.5834627431702049,0.4985135596514522,0.03941570130945997,2.5731713545503077,2.880558304743101,0.7514331109502845,0.049620065247484586,0
54871,0.97225285,0.4733198,0.19,0.0734769996100588,0.5820336914790338,-0.7740285841222663,0.0,-0.1645675608070314,-0.17438257154997194,0.5364721239749333,4.0,-0.5109739150868288,3.0,-2.787224837697889,-2.8054978422104138,-0.7380956601704667,33.54576204795534,33.98674747019836,0.02390507477470373,31.36633769827479,-0.20405876508786927,29.927737982975472,34.855230258228794,33.57697972672705,-0.2508806476010487,32.57224393123403,32.08241044081805,34.98849642245317,20.82852792708406,27.295445246075,0.7267854431673076,0.08392480424218168,0.5508395721040039,0.4625107676502237,0.47224313943056806,0.563972378402945,0.2708420187683174,0.9162825866358104,-0.06738245009259089,-0.00720991750942409,0.7247415273637969,0.3686865204297563,0.4485702455138797,0.6353573226096305,0.0,0.0,0.0,3.0,0.0,0.0,0.0,0.0,0.0,1.7368810679181828,0.7497020107619067,2.7320187864441556,2.767800272998598,1.8680289043194342,1.8800678922423597,2.586430762313899,2.548666750392367,1.7802231222172775,2.0,1.9108607414169976,-0.3323617487655607,1.0,1.0,1.7703189591686734,-0.2742552669157776,1.386727144449988,2.0459568496462084,1.0,1.0,-0.4200248104797283,0.0,1.0,1.0,2.0,2.0,2.0,17.0,3.0,17.0,3.0,6.0,-0.3410344497471307,-0.34148420780362565,4.0,294.0,0.5087338776789884,1.1107400677803065,1.6147388571381478,14.32748148908149,-2.801928047418478,11.79252498442233,0.18737087166408964,0.17497055441182785,1.2173160070940532,-0.35745065762025197,-0.2354114257082574,-1.2563930113589012,True,True,-0.7740285841222663,0.0,-0.1645675608070314,-0.17438257154997194,0.5364721239749333,4.0,-0.5109739150868288,3.0,-2.787224837697889,-2.8054978422104138,-0.7380956601704667,33.54576204795534,33.98674747019836,0.02390507477470373,31.36633769827479,-0.20405876508786927,29.927737982975472,34.855230258228794,33.57697972672705,-0.2508806476010487,32.57224393123403,32.08241044081805,34.98849642245317,20.82852792708406,27.295445246075,0.7267854431673076,0.08392480424218168,0.5508395721040039,0.4625107676502237,0.47224313943056806,0.563972378402945,0.2708420187683174,0.9162825866358104,-0.06738245009259089,-0.00720991750942409,0.7247415273637969,0.3686865204297563,0.4485702455138797,0.6353573226096305,0.0,0.0,0.0,3.0,0.0,0.0,0.0,0.0,0.0,1.7368810679181828,0.7497020107619067,2.7320187864441556,2.767800272998598,1.8680289043194342,1.8800678922423597,2.586430762313899,2.548666750392367,1.7802231222172775,2.0,1.9108607414169976,-0.3323617487655607,1.0,1.0,1.7703189591686734,-0.2742552669157776,1.386727144449988,2.0459568496462084,1.0,1.0,-0.4200248104797283,0.0,1.0,1.0,2.0,2.0,2.0,17.0,3.0,17.0,3.0,6.0,-0.3410344497471307,-0.34148420780362565,4.0,294.0,0.5087338776789884,1.1107400677803065,1.6147388571381478,14.32748148908149,-2.801928047418478,11.79252498442233,0.18737087166408964,0.17497055441182785,1.2173160070940532,-0.35745065762025197,-0.2354114257082574,-1.2563930113589012,0
421095,0.9929871,0.041512027,0.19,0.0734769996100588,0.650420784066699,-0.3518413960041308,0.0,-0.1814000479884086,0.8931640435715137,0.6532252288773562,4.0,-0.4640633555659414,2.0,-2.6853851841266745,-2.783182306092613,-0.7449229011234261,-0.07474187343555416,-0.1868612053949398,0.10390101846506355,-0.03360048032496806,-0.32769186415024326,-0.06391710172938193,0.0711801252439119,-0.014554780331726892,-0.3406821310079744,-0.0685191198424865,0.0852676217035597,0.10143564948297146,-0.10536925105672756,-0.16927630187515705,0.6631199273694882,-0.08623880210196902,-0.12737232877036397,0.5654114890401709,0.7388659085052359,0.47325183235053586,0.4943320829501743,0.8625485144333994,0.5705301460934887,0.1229697135617372,0.6670743728084685,0.5548493707128074,0.8298936487159829,0.41631899120545834,0.0,0.0,0.0,3.0,0.0,0.0,0.0,0.0,0.0,1.7512507354202427,4.584026687123083,2.881405811821735,2.8021823047713768,1.709603540838996,1.7443719863670986,2.442942707158872,2.8366178275520113,1.8195176074259813,2.0,1.9596916858470728,-0.4726804473314142,1.0,1.0,1.8260264780971618,3.404492303958297,2.1466135179223373,1.9839250435109443,1.0,1.0,-0.31348809537291616,0.0,1.0,1.0,2.0,1.0,2.0,15.0,3.0,15.0,3.0,6.0,-0.27275868214920795,-0.42044942589599243,4.0,734.0,-0.0360737477075941,-1.5924020371413667,-0.3205227212803896,9.598296639779077,-2.503407020948367,15.944400130373555,-0.48527225753094444,-0.13362819481556956,-2.1755249455069974,0.14327993139583767,0.7205101041506758,-0.5629994919276455,True,True,-0.3518413960041308,0.0,-0.1814000479884086,0.8931640435715137,0.6532252288773562,4.0,-0.4640633555659414,2.0,-2.6853851841266745,-2.783182306092613,-0.7449229011234261,-0.07474187343555416,-0.1868612053949398,0.10390101846506355,-0.03360048032496806,-0.32769186415024326,-0.06391710172938193,0.0711801252439119,-0.014554780331726892,-0.3406821310079744,-0.0685191198424865,0.0852676217035597,0.10143564948297146,-0.10536925105672756,-0.16927630187515705,0.6631199273694882,-0.08623880210196902,-0.12737232877036397,0.5654114890401709,0.7388659085052359,0.47325183235053586,0.4943320829501743,0.8625485144333994,0.5705301460934887,0.1229697135617372,0.6670743728084685,0.5548493707128074,0.8298936487159829,0.41631899120545834,0.0,0.0,0.0,3.0,0.0,0.0,0.0,0.0,0.0,1.7512507354202427,4.584026687123083,2.881405811821735,2.8021823047713768,1.709603540838996,1.7443719863670986,2.442942707158872,2.8366178275520113,1.8195176074259813,2.0,1.9596916858470728,-0.4726804473314142,1.0,1.0,1.8260264780971618,3.404492303958297,2.1466135179223373,1.9839250435109443,1.0,1.0,-0.31348809537291616,0.0,1.0,1.0,2.0,1.0,2.0,15.0,3.0,15.0,3.0,6.0,-0.27275868214920795,-0.42044942589599243,4.0,734.0,-0.0360737477075941,-1.5924020371413667,-0.3205227212803896,9.598296639779077,-2.503407020948367,15.944400130373555,-0.48527225753094444,-0.13362819481556956,-2.1755249455069974,0.14327993139583767,0.7205101041506758,-0.5629994919276455,0
445134,0.83196896,0.4035667,0.03,0.004056900182200707,0.02769137833749207,-0.003863875491009392,0.0,0.1993046266839215,-1.050527618516981,0.5768132244028289,4.0,-0.49766921577412726,2.0,-2.729072688759945,-2.7971191649387976,-0.7523995358062785,-0.09822903065826483,-0.09446317488994721,-0.03963090396219059,-0.047369335153406,-0.22541181137750274,-0.11171237742907093,-0.030876103005679514,-0.05660233800107509,-0.27540761402075714,-0.05366984407730329,-0.10288963689045894,-0.031893613372676384,-0.25682040674766304,-0.16397739991445937,0.6079665779963404,0.003068779546421512,-0.0012234640165664256,0.5370114372984358,0.005219298967954992,0.5305963116347129,-0.0030187218020730974,0.005085922129927817,0.5357839436032388,0.0025799099261434623,0.6104629230140758,-0.002595389170147416,0.0009530202748210121,0.5263652083340272,0.0,0.0,0.0,3.0,0.0,0.0,0.0,0.0,0.0,-0.5743682187231787,-0.39430229737266076,-0.3535620777899422,-0.3560188696790878,-0.5513887502243556,-0.556189818142678,-0.3833888752864056,-0.38144467270916543,-0.561453335900695,0.0,-0.5278166288357234,-0.3976459340958342,0.0,0.0,-0.5587141397771298,-0.2842699254967157,-0.5535576439614134,-0.5587816199617104,0.0,0.0,-0.3943199758100686,0.0,0.0,0.0,0.0,0.0,0.0,15.0,3.0,15.0,3.0,6.0,-0.3717979972983347,-0.37346944416518846,23.0,517.0,0.4634506055084612,0.544982886814257,-0.2717053999733386,-6.560720333544333,-0.1518712216907171,0.3235804923775733,0.1502433000165775,-0.18196416125079637,0.3147466956917995,-0.9084305950815623,-4.293204464839545,1.4384568885139482,True,True,-0.003863875491009392,0.0,0.1993046266839215,-1.050527618516981,0.5768132244028289,4.0,-0.49766921577412726,2.0,-2.729072688759945,-2.7971191649387976,-0.7523995358062785,-0.09822903065826483,-0.09446317488994721,-0.03963090396219059,-0.047369335153406,-0.22541181137750274,-0.11171237742907093,-0.030876103005679514,-0.05660233800107509,-0.27540761402075714,-0.05366984407730329,-0.10288963689045894,-0.031893613372676384,-0.25682040674766304,-0.16397739991445937,0.6079665779963404,0.003068779546421512,-0.0012234640165664256,0.5370114372984358,0.005219298967954992,0.5305963116347129,-0.0030187218020730974,0.005085922129927817,0.5357839436032388,0.0025799099261434623,0.6104629230140758,-0.002595389170147416,0.0009530202748210121,0.5263652083340272,0.0,0.0,0.0,3.0,0.0,0.0,0.0,0.0,0.0,-0.5743682187231787,-0.39430229737266076,-0.3535620777899422,-0.3560188696790878,-0.5513887502243556,-0.556189818142678,-0.3833888752864056,-0.38144467270916543,-0.561453335900695,0.0,-0.5278166288357234,-0.3976459340958342,0.0,0.0,-0.5587141397771298,-0.2842699254967157,-0.5535576439614134,-0.5587816199617104,0.0,0.0,-0.3943199758100686,0.0,0.0,0.0,0.0,0.0,0.0,15.0,3.0,15.0,3.0,6.0,-0.3717979972983347,-0.37346944416518846,23.0,517.0,0.4634506055084612,0.544982886814257,-0.2717053999733386,-6.560720333544333,-0.1518712216907171,0.3235804923775733,0.1502433000165775,-0.18196416125079637,0.3147466956917995,-0.9084305950815623,-4.293204464839545,1.4384568885139482,0
296495,0.96703655,0.4574834,0.08,0.011477469205752985,0.10677438504310818,0.9559041150681425,4.0,0.5135935091772302,0.9514963571638938,-0.039157269312639326,4.0,0.3150353842111959,2.0,0.3750105773691101,0.36516101813698254,1.103944402325538,-0.09976808530425178,-0.07221532962852414,-0.049602005851198436,-0.05627354393142882,-0.2179189655265851,-0.05113124702471256,-0.029212624752206984,-0.03386047521672764,-0.09958949627194846,-0.05039729784648049,-0.06897680132618889,-0.017749620032544773,-0.18491448639948863,-0.12873180223008224,0.6187556574957795,0.6143979792546199,0.5531649571289023,0.5516266113110767,0.525992401907233,0.01509853801875074,-0.001587329680659908,-0.005845345482436068,0.5466344228567462,0.5924753390913582,0.014535237097643717,0.026794562706631758,0.015782004112261636,0.5472925375454998,2.0,2.0,1.0,1.0,2.0,1.0,1.0,1.0,2.0,-0.5577258470344575,-0.3972048699046849,-0.38664529519614566,-0.3504379677133437,-0.5620415296088717,-0.5625017530135665,-0.4118325224181177,-0.39068628180261694,-0.5711811641404805,0.0,-0.5243023264614042,-0.4022729216625606,0.0,0.0,-0.5595568174193416,-0.29477458055698247,-0.5519407742129127,-0.5675732933907199,0.0,0.0,-0.3985589554973142,0.0,0.0,0.0,0.0,0.0,0.0,2.0,3.0,25.0,0.0,6.0,-0.38851931578491455,-0.3775947085343615,23.0,517.0,1.4734653771142607,-1.826006520027793,-0.7666749921474911,-7.553299403266051,2.592462303703632,-0.4017596298738914,-0.4998202797901729,0.5738707317165822,2.6469888553325553,2.947240168875372,1.1459103382008968,1.356749408166729,True,True,0.9559041150681425,4.0,0.5135935091772302,0.9514963571638938,-0.039157269312639326,4.0,0.3150353842111959,2.0,0.3750105773691101,0.36516101813698254,1.103944402325538,-0.09976808530425178,-0.07221532962852414,-0.049602005851198436,-0.05627354393142882,-0.2179189655265851,-0.05113124702471256,-0.029212624752206984,-0.03386047521672764,-0.09958949627194846,-0.05039729784648049,-0.06897680132618889,-0.017749620032544773,-0.18491448639948863,-0.12873180223008224,0.6187556574957795,0.6143979792546199,0.5531649571289023,0.5516266113110767,0.525992401907233,0.01509853801875074,-0.001587329680659908,-0.005845345482436068,0.5466344228567462,0.5924753390913582,0.014535237097643717,0.026794562706631758,0.015782004112261636,0.5472925375454998,2.0,2.0,1.0,1.0,2.0,1.0,1.0,1.0,2.0,-0.5577258470344575,-0.3972048699046849,-0.38664529519614566,-0.3504379677133437,-0.5620415296088717,-0.5625017530135665,-0.4118325224181177,-0.39068628180261694,-0.5711811641404805,0.0,-0.5243023264614042,-0.4022729216625606,0.0,0.0,-0.5595568174193416,-0.29477458055698247,-0.5519407742129127,-0.5675732933907199,0.0,0.0,-0.3985589554973142,0.0,0.0,0.0,0.0,0.0,0.0,2.0,3.0,25.0,0.0,6.0,-0.38851931578491455,-0.3775947085343615,23.0,517.0,1.4734653771142607,-1.826006520027793,-0.7666749921474911,-7.553299403266051,2.592462303703632,-0.4017596298738914,-0.4998202797901729,0.5738707317165822,2.6469888553325553,2.947240168875372,1.1459103382008968,1.356749408166729,0
367501,0.8979022,0.36126265,0.06999999999999999,0.009434629620313228,0.07431348277265269,-0.30275977093326406,0.0,1.22166447672834,0.8880604705518347,0.5728739084633115,4.0,-0.48197367358289517,3.0,-2.7196830659121676,-2.8019683473281036,-0.7398045801561289,-0.09766765304847463,-0.06944946153337125,-0.032014467071696306,-0.044602912985458036,-0.22454078701028327,-0.11647690199907924,-0.040629294846257616,-0.06357545905145562,-0.26350171657058186,-0.02871486228132508,-0.09315427568638998,-0.03259124902594845,-0.24475269001662056,-0.14720590592514243,0.625772879703354,0.5976731019323328,0.5408835683900338,0.551297069105517,0.5617155338181828,0.5323236456462227,0.37671720932976105,0.9914612673200017,0.5399007917158394,-0.006375131479204606,0.6096286409409039,0.5597706358582101,0.5303432539895904,0.5336634174244456,0.0,0.0,0.0,3.0,0.0,0.0,0.0,0.0,0.0,1.753256706285871,0.3749925104450006,2.794360436462763,2.816674011445216,1.8092030050551589,1.820003016074778,2.612188071684677,2.6000969982799966,1.7725152098663877,2.0,1.9007313038752498,-0.40179998229181296,1.0,1.0,1.8555197793640104,-0.28523414713511613,1.8880224556270375,1.9271278498527342,1.0,1.0,-0.3954738453439184,0.0,1.0,1.0,2.0,1.0,1.0,15.0,3.0,15.0,3.0,6.0,-0.3686415293839019,-0.37925391035610756,4.0,1090.0,1.4829710276626535,0.5679026981402029,-0.5144136872296178,9.659739189336891,-2.4264195600663054,16.039374631596555,-0.6302380808336244,0.37537416074958,-2.126108463493326,0.6755892877469638,0.6125571043418323,-0.158810229468451,True,True,-0.30275977093326406,0.0,1.22166447672834,0.8880604705518347,0.5728739084633115,4.0,-0.48197367358289517,3.0,-2.7196830659121676,-2.8019683473281036,-0.7398045801561289,-0.09766765304847463,-0.06944946153337125,-0.032014467071696306,-0.044602912985458036,-0.22454078701028327,-0.11647690199907924,-0.040629294846257616,-0.06357545905145562,-0.26350171657058186,-0.02871486228132508,-0.09315427568638998,-0.03259124902594845,-0.24475269001662056,-0.14720590592514243,0.625772879703354,0.5976731019323328,0.5408835683900338,0.551297069105517,0.5617155338181828,0.5323236456462227,0.37671720932976105,0.9914612673200017,0.5399007917158394,-0.006375131479204606,0.6096286409409039,0.5597706358582101,0.5303432539895904,0.5336634174244456,0.0,0.0,0.0,3.0,0.0,0.0,0.0,0.0,0.0,1.753256706285871,0.3749925104450006,2.794360436462763,2.816674011445216,1.8092030050551589,1.820003016074778,2.612188071684677,2.6000969982799966,1.7725152098663877,2.0,1.9007313038752498,-0.40179998229181296,1.0,1.0,1.8555197793640104,-0.28523414713511613,1.8880224556270375,1.9271278498527342,1.0,1.0,-0.3954738453439184,0.0,1.0,1.0,2.0,1.0,1.0,15.0,3.0,15.0,3.0,6.0,-0.3686415293839019,-0.37925391035610756,4.0,1090.0,1.4829710276626535,0.5679026981402029,-0.5144136872296178,9.659739189336891,-2.4264195600663054,16.039374631596555,-0.6302380808336244,0.37537416074958,-2.126108463493326,0.6755892877469638,0.6125571043418323,-0.158810229468451,0
403548,0.8103198,0.4926678,0.11,0.020034599671098444,0.18433831675532308,2.8335214964379003,4.0,1.2344703478133365,0.08006401664594091,0.055837258152860704,3.0,0.3656851109900475,3.0,0.5472301932548066,0.3312986995836294,-0.7276767336015576,-0.09453115048941374,-0.14309484149088925,-0.06965327972480799,-0.05184475938243359,-0.23632567236399646,-0.10991801327753176,-0.07188097838504433,-0.03951757437406409,-0.2318700739112662,-0.058876912572505796,-0.11230354596842235,-0.07209237315868104,-0.24960132710955893,-0.1865222592147098,0.6394542295530456,0.007215482394027177,-0.006409355398554635,0.5097325013443462,0.022676790822492385,-0.030111297734144976,0.001664883024238108,0.027050889988890662,0.5199302095461297,0.5922220819736473,0.011752183164238388,0.006687424694322267,-0.0008620116465458067,0.506592644216754,2.0,1.0,1.0,1.0,2.0,1.0,1.0,1.0,2.0,-0.5822335494987199,-0.3864371550376583,-0.3913991964262619,-0.32983574344981104,-0.5462290236323202,-0.5491731995149484,-0.382140161990197,-0.4094178694662001,-0.5511382529097264,0.0,-0.49175347435295524,-0.4020681858293494,0.0,0.0,-0.5569554171526316,-0.3017768061463185,-0.5329033538866583,-0.5494566524923206,0.0,0.0,-0.40227476130080464,0.0,0.0,0.0,0.0,0.0,0.0,15.0,3.0,25.0,0.0,6.0,-0.35668728203393185,-0.38361993441550224,23.0,517.0,0.5115976853936115,1.0560719770634597,-0.491341530637741,-7.515518078848802,0.019605650873488284,-0.5728685669282476,0.26452675218557503,-0.0745722700420097,2.205257788467243,-0.14499164929106112,1.1498648194777477,-0.7339472540347409,True,True,2.8335214964379003,4.0,1.2344703478133365,0.08006401664594091,0.055837258152860704,3.0,0.3656851109900475,3.0,0.5472301932548066,0.3312986995836294,-0.7276767336015576,-0.09453115048941374,-0.14309484149088925,-0.06965327972480799,-0.05184475938243359,-0.23632567236399646,-0.10991801327753176,-0.07188097838504433,-0.03951757437406409,-0.2318700739112662,-0.058876912572505796,-0.11230354596842235,-0.07209237315868104,-0.24960132710955893,-0.1865222592147098,0.6394542295530456,0.007215482394027177,-0.006409355398554635,0.5097325013443462,0.022676790822492385,-0.030111297734144976,0.001664883024238108,0.027050889988890662,0.5199302095461297,0.5922220819736473,0.011752183164238388,0.006687424694322267,-0.0008620116465458067,0.506592644216754,2.0,1.0,1.0,1.0,2.0,1.0,1.0,1.0,2.0,-0.5822335494987199,-0.3864371550376583,-0.3913991964262619,-0.32983574344981104,-0.5462290236323202,-0.5491731995149484,-0.382140161990197,-0.4094178694662001,-0.5511382529097264,0.0,-0.49175347435295524,-0.4020681858293494,0.0,0.0,-0.5569554171526316,-0.3017768061463185,-0.5329033538866583,-0.5494566524923206,0.0,0.0,-0.40227476130080464,0.0,0.0,0.0,0.0,0.0,0.0,15.0,3.0,25.0,0.0,6.0,-0.35668728203393185,-0.38361993441550224,23.0,517.0,0.5115976853936115,1.0560719770634597,-0.491341530637741,-7.515518078848802,0.019605650873488284,-0.5728685669282476,0.26452675218557503,-0.0745722700420097,2.205257788467243,-0.14499164929106112,1.1498648194777477,-0.7339472540347409,0
576002,0.5749607,0.39623293,0.060000000000000005,0.00771172199313132,0.06051971278427958,4.67405062526524,4.0,-0.4622675610128912,0.9367934858260561,-0.01050372753453856,4.0,0.32196322281164896,2.0,0.43361169258759846,0.36209698177566163,-0.7600654971143361,-0.09531443971084093,-0.08827487369852861,-0.050003734314540596,-0.06840451211155346,-0.21932663678482522,-0.11231053571005369,-0.042079561803092434,-0.06496896335232472,-0.13948201868374294,-0.05664791316392504,-0.09439400518226577,-0.046566402132052445,-0.23342595919780385,-0.15162677006203404,0.6192302057895028,0.0013343673238397746,0.5548045959857631,0.5377175073704308,0.5531387934998994,0.003420349316312325,0.013984736922635382,-0.0011899019576390778,0.5261777111144151,0.604466779746833,0.008530576832459232,-0.013018858995206828,0.01265671159032213,0.5381886296340405,2.0,1.0,1.0,1.0,2.0,1.0,1.0,1.0,1.0,-0.5757112128958914,-0.392514068069584,-0.35659011154572823,-0.3504796409494029,-0.5452978582913941,-0.5577030161608374,-0.3783034238494195,-0.38299961875838123,-0.5587803110418028,0.0,-0.5374963281872318,-0.38676699153335214,0.0,0.0,-0.5668600535637262,-0.28048774595981013,-0.5572508600048014,-0.5551172309494714,0.0,0.0,-0.3926165523608917,0.0,0.0,0.0,0.0,0.0,0.0,1.0,3.0,25.0,0.0,6.0,-0.3569088918439203,-0.3684496262891079,23.0,517.0,-0.05361703625702762,-0.12435389970567091,-0.011844131816990268,-7.483524618026015,0.6377333641019004,-0.5613972970784629,-0.07353823648751406,-0.25598994481688625,2.2140765484864673,-0.14201192762023018,1.1186566910875078,-0.8734998224234595,True,True,4.67405062526524,4.0,-0.4622675610128912,0.9367934858260561,-0.01050372753453856,4.0,0.32196322281164896,2.0,0.43361169258759846,0.36209698177566163,-0.7600654971143361,-0.09531443971084093,-0.08827487369852861,-0.050003734314540596,-0.06840451211155346,-0.21932663678482522,-0.11231053571005369,-0.042079561803092434,-0.06496896335232472,-0.13948201868374294,-0.05664791316392504,-0.09439400518226577,-0.046566402132052445,-0.23342595919780385,-0.15162677006203404,0.6192302057895028,0.0013343673238397746,0.5548045959857631,0.5377175073704308,0.5531387934998994,0.003420349316312325,0.013984736922635382,-0.0011899019576390778,0.5261777111144151,0.604466779746833,0.008530576832459232,-0.013018858995206828,0.01265671159032213,0.5381886296340405,2.0,1.0,1.0,1.0,2.0,1.0,1.0,1.0,1.0,-0.5757112128958914,-0.392514068069584,-0.35659011154572823,-0.3504796409494029,-0.5452978582913941,-0.5577030161608374,-0.3783034238494195,-0.38299961875838123,-0.5587803110418028,0.0,-0.5374963281872318,-0.38676699153335214,0.0,0.0,-0.5668600535637262,-0.28048774595981013,-0.5572508600048014,-0.5551172309494714,0.0,0.0,-0.3926165523608917,0.0,0.0,0.0,0.0,0.0,0.0,1.0,3.0,25.0,0.0,6.0,-0.3569088918439203,-0.3684496262891079,23.0,517.0,-0.05361703625702762,-0.12435389970567091,-0.011844131816990268,-7.483524618026015,0.6377333641019004,-0.5613972970784629,-0.07353823648751406,-0.25598994481688625,2.2140765484864673,-0.14201192762023018,1.1186566910875078,-0.8734998224234595,0
421404,0.9713372,0.10628063,0.13,0.028378895023486856,0.22313967030915258,-0.12406991671288575,1.0,-1.4855875081613772,0.9019512168100617,0.01073814573673609,3.0,-0.5621413212929529,3.0,0.359287004495983,0.33988695248196443,-0.7826209378252782,-0.10794788959643713,-0.039144503336478655,-0.04347123765063565,-0.056215295483945715,-0.21134263277011872,-0.11666955163981772,0.01495540705420021,-0.008165080783156253,-0.27123180885708226,-0.06362824032946787,-0.09714131966892194,-0.0642582626817676,-0.22957925808998272,-0.1119266413407664,0.613776060762897,0.03745850777556046,-0.006464801078590357,-0.0026304076863889994,0.0033254427312381604,0.02847023496583559,0.3418517225084088,1.0097302145652425,0.03267718503657373,0.01817668273766462,-0.019432503323935636,-0.03431515200689205,0.013808639012597958,0.5492570038919494,0.0,0.0,0.0,0.0,0.0,0.0,0.0,0.0,0.0,1.7371279188313813,1.14444840920911,-0.2846766046742018,-0.3783107895101396,1.7968139103184908,1.8585215426934663,2.6245303018758492,2.615151104734712,1.7531570823849423,2.0,1.91963627223461,4.509638330450742,2.0,2.0,1.7193023261114047,-0.25872774485697636,1.8865847886950176,1.6976361081750662,1.0,1.0,2.555541461764578,4.0,2.0,1.0,2.0,2.0,1.0,15.0,3.0,15.0,3.0,3.0,2.1372903851154472,2.2184164227588337,4.0,1090.0,0.010438008578195941,-1.164046542453333,-0.27903517286995827,27.681241354074324,-1.6963953135979812,-1.4096745886661661,1.0963840935131337,0.06096699430218964,2.4015415409486573,0.923335633715906,2.5819124370962987,-0.7854378315893374,True,True,-0.12406991671288575,1.0,-1.4855875081613772,0.9019512168100617,0.01073814573673609,3.0,-0.5621413212929529,3.0,0.359287004495983,0.33988695248196443,-0.7826209378252782,-0.10794788959643713,-0.039144503336478655,-0.04347123765063565,-0.056215295483945715,-0.21134263277011872,-0.11666955163981772,0.01495540705420021,-0.008165080783156253,-0.27123180885708226,-0.06362824032946787,-0.09714131966892194,-0.0642582626817676,-0.22957925808998272,-0.1119266413407664,0.613776060762897,0.03745850777556046,-0.006464801078590357,-0.0026304076863889994,0.0033254427312381604,0.02847023496583559,0.3418517225084088,1.0097302145652425,0.03267718503657373,0.01817668273766462,-0.019432503323935636,-0.03431515200689205,0.013808639012597958,0.5492570038919494,0.0,0.0,0.0,0.0,0.0,0.0,0.0,0.0,0.0,1.7371279188313813,1.14444840920911,-0.2846766046742018,-0.3783107895101396,1.7968139103184908,1.8585215426934663,2.6245303018758492,2.615151104734712,1.7531570823849423,2.0,1.91963627223461,4.509638330450742,2.0,2.0,1.7193023261114047,-0.25872774485697636,1.8865847886950176,1.6976361081750662,1.0,1.0,2.555541461764578,4.0,2.0,1.0,2.0,2.0,1.0,15.0,3.0,15.0,3.0,3.0,2.1372903851154472,2.2184164227588337,4.0,1090.0,0.010438008578195941,-1.164046542453333,-0.27903517286995827,27.681241354074324,-1.6963953135979812,-1.4096745886661661,1.0963840935131337,0.06096699430218964,2.4015415409486573,0.923335633715906,2.5819124370962987,-0.7854378315893374,0
70233,0.5111686,0.39478582,0.01,0.0025521382703821843,0.01763601050407212,-0.8139298467105621,0.0,1.2211189455255436,0.8938423586384331,0.5756720865554169,4.0,-0.48687898123223283,3.0,-2.7220113606570915,-2.8002202103609175,-0.7513357802068128,-0.09518259355155494,-0.09243350067007663,-0.03830947144930756,-0.0451279934499474,-0.21591573808508754,-0.11329434493043938,-0.02919848539316266,-0.042495934064797306,-0.2668523933673065,-0.04271850663685179,-0.09709204089116495,-0.037634230567436144,-0.2528122943957151,-0.169955372157341,0.6113679205333896,0.004802217956060536,-0.0009910873754080016,0.5335345180163438,0.0008925159241218168,0.5354177466045639,0.0008365429871985067,-0.0024131067808834984,0.5319070340948429,0.0007254597666964059,0.6093847064288394,0.5451450262837025,0.70877213240168,0.5347956619586238,0.0,0.0,0.0,3.0,0.0,0.0,0.0,0.0,0.0,1.5535625233143113,3.474991059998671,-0.35879084229963776,-0.3618192669016514,1.7937275791354994,1.7474756830245832,-0.3838714978543821,-0.38441868861447104,1.7718585062567056,2.0,1.8778676361846234,-0.39548190601549776,2.0,2.0,1.8504889854485582,3.455940170048803,1.7556468331976023,2.031432375248079,2.0,2.0,-0.39596495233222195,0.0,1.0,1.0,2.0,2.0,2.0,17.0,3.0,17.0,3.0,6.0,-0.36784358278731377,-0.37264891879140905,22.0,517.0,-1.071763111683383,0.018325866243077703,1.7259376267240187,9.509218019079265,-2.673614803081885,15.846972730185975,-0.5657182317982004,-0.11373614799037321,-2.1691228650725978,0.1319460688548915,0.5156945401096125,-0.6322197346720313,True,True,-0.8139298467105621,0.0,1.2211189455255436,0.8938423586384331,0.5756720865554169,4.0,-0.48687898123223283,3.0,-2.7220113606570915,-2.8002202103609175,-0.7513357802068128,-0.09518259355155494,-0.09243350067007663,-0.03830947144930756,-0.0451279934499474,-0.21591573808508754,-0.11329434493043938,-0.02919848539316266,-0.042495934064797306,-0.2668523933673065,-0.04271850663685179,-0.09709204089116495,-0.037634230567436144,-0.2528122943957151,-0.169955372157341,0.6113679205333896,0.004802217956060536,-0.0009910873754080016,0.5335345180163438,0.0008925159241218168,0.5354177466045639,0.0008365429871985067,-0.0024131067808834984,0.5319070340948429,0.0007254597666964059,0.6093847064288394,0.5451450262837025,0.70877213240168,0.5347956619586238,0.0,0.0,0.0,3.0,0.0,0.0,0.0,0.0,0.0,1.5535625233143113,3.474991059998671,-0.35879084229963776,-0.3618192669016514,1.7937275791354994,1.7474756830245832,-0.3838714978543821,-0.38441868861447104,1.7718585062567056,2.0,1.8778676361846234,-0.39548190601549776,2.0,2.0,1.8504889854485582,3.455940170048803,1.7556468331976023,2.031432375248079,2.0,2.0,-0.39596495233222195,0.0,1.0,1.0,2.0,2.0,2.0,17.0,3.0,17.0,3.0,6.0,-0.36784358278731377,-0.37264891879140905,22.0,517.0,-1.071763111683383,0.018325866243077703,1.7259376267240187,9.509218019079265,-2.673614803081885,15.846972730185975,-0.5657182317982004,-0.11373614799037321,-2.1691228650725978,0.1319460688548915,0.5156945401096125,-0.6322197346720313,0
67986,0.9434714,0.36499682,0.05,0.006265852597583031,0.047725639209061976,-0.31087382928181506,3.0,-1.2669258601744882,-0.3473236069204699,0.008635989128302103,4.0,-0.26652831170925334,2.0,-0.04773633920220847,0.36544193389470914,-0.7692184736929651,-0.07916701984800056,-0.08647095021096392,-0.03428715039410703,0.002568333666557401,-0.21343760015786947,-0.1295049124284332,-0.04798148422645861,-0.017639563865745733,-0.27072605801224303,-0.042861578920913176,-0.08220757250269618,-0.05605767333215546,-0.19368563881696724,-0.08565451355717951,0.6281445639611497,0.6154095014883703,0.003453094238250837,-0.00853149857374944,-0.010025360697289942,0.0010823292065474997,0.36484939822866175,0.9929278218621282,0.5435738060762614,-0.0008633236671074583,0.0012464701757409775,-0.009760350931538646,-0.0031339159710841434,-0.01453668112911167,0.0,0.0,0.0,0.0,0.0,0.0,0.0,0.0,0.0,1.7605203662612914,0.06272318390563034,2.7906642488281035,2.791772794421549,1.815134226103509,1.8022374553989124,2.614183306682439,2.60335782211523,1.7840632123612554,1.0,-0.5260218573335909,2.6734098151136556,1.0,1.0,1.7289095037729205,3.4520533012632275,1.7652368647804264,1.4566076536582089,1.0,1.0,2.5747435266003436,4.0,2.0,1.0,2.0,2.0,2.0,25.0,0.0,15.0,3.0,0.0,3.361814697886233,3.3555901915898705,4.0,517.0,-1.5949351836768781,1.0659257970082905,1.7256009460173896,26.769996567683627,0.20265918521589327,-1.2625392188813602,0.10940968001601385,0.4533985906115817,-2.0682338921631938,1.0918454209827024,0.8800620933628811,1.0870073744314563,True,True,-0.31087382928181506,3.0,-1.2669258601744882,-0.3473236069204699,0.008635989128302103,4.0,-0.26652831170925334,2.0,-0.04773633920220847,0.36544193389470914,-0.7692184736929651,-0.07916701984800056,-0.08647095021096392,-0.03428715039410703,0.002568333666557401,-0.21343760015786947,-0.1295049124284332,-0.04798148422645861,-0.017639563865745733,-0.27072605801224303,-0.042861578920913176,-0.08220757250269618,-0.05605767333215546,-0.19368563881696724,-0.08565451355717951,0.6281445639611497,0.6154095014883703,0.003453094238250837,-0.00853149857374944,-0.010025360697289942,0.0010823292065474997,0.36484939822866175,0.9929278218621282,0.5435738060762614,-0.0008633236671074583,0.0012464701757409775,-0.009760350931538646,-0.0031339159710841434,-0.01453668112911167,0.0,0.0,0.0,0.0,0.0,0.0,0.0,0.0,0.0,1.7605203662612914,0.06272318390563034,2.7906642488281035,2.791772794421549,1.815134226103509,1.8022374553989124,2.614183306682439,2.60335782211523,1.7840632123612554,1.0,-0.5260218573335909,2.6734098151136556,1.0,1.0,1.7289095037729205,3.4520533012632275,1.7652368647804264,1.4566076536582089,1.0,1.0,2.5747435266003436,4.0,2.0,1.0,2.0,2.0,2.0,25.0,0.0,15.0,3.0,0.0,3.361814697886233,3.3555901915898705,4.0,517.0,-1.5949351836768781,1.0659257970082905,1.7256009460173896,26.769996567683627,0.20265918521589327,-1.2625392188813602,0.10940968001601385,0.4533985906115817,-2.0682338921631938,1.0918454209827024,0.8800620933628811,1.0870073744314563,0
342333,0.88881403,0.4476199,0.06999999999999999,0.009434629620313228,0.08779361106910036,-0.8230202860170156,0.0,-0.18475021496921354,0.9045266276716049,0.5698063037571619,4.0,-0.5032019385751404,2.0,-2.7129903639752024,-2.7881135339904124,-0.7552753523062239,-0.10113261730774967,-0.10813846043597791,-0.021699294191631045,-0.04933206539536204,-0.2219741689516045,-0.11660555716761367,-0.029472490200722963,-0.03999886940159611,-0.2724988405724126,-0.017241611431464514,-0.07787960052447268,-0.03611722219801263,-0.25187277179926115,-0.15293777578006212,0.593006959333031,0.6178869024380569,0.5550281764207141,-0.007774978591911502,-0.005619195100864062,0.009138191220403727,0.35647198813183456,0.9881702971467425,0.5277993172399932,0.007356823869671254,-0.019783093051861857,0.5442429113768532,0.5320608719870201,0.013871327383558304,0.0,0.0,0.0,0.0,0.0,0.0,0.0,0.0,0.0,1.736001592468556,2.4125767171839683,2.808939777423534,2.7788517392895877,1.8004008008406571,1.8268090915729198,2.5994745246521402,2.5938003355562427,1.7810181968778835,2.0,1.9160859573505753,-0.4015123940047831,1.0,1.0,1.856849715645606,-0.28914930833695224,1.6149102640018758,1.9410813445053714,1.0,1.0,-0.3831926389615733,0.0,1.0,1.0,2.0,1.0,1.0,25.0,0.0,25.0,0.0,6.0,-0.373947805930523,-0.3654976220083726,4.0,1090.0,0.9718356744797331,-1.4196326164813118,-0.5290354305470382,14.75011848177164,-1.632636639659549,8.3415927527131,-0.5030954395985746,0.3159846760156889,-11.216238863886803,0.9534453142108241,0.1804198939766097,-0.9306345899984955,True,True,-0.8230202860170156,0.0,-0.18475021496921354,0.9045266276716049,0.5698063037571619,4.0,-0.5032019385751404,2.0,-2.7129903639752024,-2.7881135339904124,-0.7552753523062239,-0.10113261730774967,-0.10813846043597791,-0.021699294191631045,-0.04933206539536204,-0.2219741689516045,-0.11660555716761367,-0.029472490200722963,-0.03999886940159611,-0.2724988405724126,-0.017241611431464514,-0.07787960052447268,-0.03611722219801263,-0.25187277179926115,-0.15293777578006212,0.593006959333031,0.6178869024380569,0.5550281764207141,-0.007774978591911502,-0.005619195100864062,0.009138191220403727,0.35647198813183456,0.9881702971467425,0.5277993172399932,0.007356823869671254,-0.019783093051861857,0.5442429113768532,0.5320608719870201,0.013871327383558304,0.0,0.0,0.0,0.0,0.0,0.0,0.0,0.0,0.0,1.736001592468556,2.4125767171839683,2.808939777423534,2.7788517392895877,1.8004008008406571,1.8268090915729198,2.5994745246521402,2.5938003355562427,1.7810181968778835,2.0,1.9160859573505753,-0.4015123940047831,1.0,1.0,1.856849715645606,-0.28914930833695224,1.6149102640018758,1.9410813445053714,1.0,1.0,-0.3831926389615733,0.0,1.0,1.0,2.0,1.0,1.0,25.0,0.0,25.0,0.0,6.0,-0.373947805930523,-0.3654976220083726,4.0,1090.0,0.9718356744797331,-1.4196326164813118,-0.5290354305470382,14.75011848177164,-1.632636639659549,8.3415927527131,-0.5030954395985746,0.3159846760156889,-11.216238863886803,0.9534453142108241,0.1804198939766097,-0.9306345899984955,0
299817,0.98187155,0.39668256,0.17,0.05427181375432048,0.4342065702308024,-0.6333322237424911,4.0,-0.9815503492248283,0.847590314476451,-0.06863134905516986,4.0,0.23974562564974208,3.0,0.8703698834778305,0.4266366418983462,0.8799594523148245,-0.2202813376838439,-0.03270816545501509,-0.007446362270803246,-0.03337604034953408,-0.19931400898764987,-0.08161803774110452,-0.03843979000898113,-0.07673908413163827,-0.16221508477213117,-0.017912217323201182,-0.12097138121041844,-0.05818600084164107,-0.2672220107481407,-0.1440619820952001,0.656176329410397,-0.013380566770028164,0.5835247983728108,0.6348740887309026,0.6114769678317037,0.0005164212913429727,0.03773590283748696,0.03716079819163152,0.46870170058469596,0.6633342363665311,-0.02463200269053552,0.033128455032753676,-0.017425592688714603,0.5688150192263997,2.0,2.0,1.0,1.0,2.0,1.0,0.0,0.0,0.0,-0.5261092256787328,-0.4180019063854561,-0.2532910718032396,-0.3323518119742518,-0.5299018942782903,-0.4765358480261108,-0.42674627375010965,-0.34587575880058075,-0.5525822967740072,0.0,-0.5186123935360875,-0.36363003780300773,0.0,0.0,-0.6246686796677976,-0.33229901287003877,-0.4533836608613945,-0.5448877557651656,0.0,0.0,-0.41672558861396225,0.0,0.0,0.0,0.0,0.0,0.0,25.0,0.0,25.0,0.0,6.0,-0.3631595892858983,-0.3568891214013844,23.0,517.0,-1.5356454531643933,-0.9280512760653595,-0.8044733721019081,-7.349044077105434,0.25847156171713137,-0.6531781778268015,0.13128952331119564,0.019577671214903072,2.3460584514888314,-0.2164554651201397,1.202786474987466,-0.605348632542779,True,True,-0.6333322237424911,4.0,-0.9815503492248283,0.847590314476451,-0.06863134905516986,4.0,0.23974562564974208,3.0,0.8703698834778305,0.4266366418983462,0.8799594523148245,-0.2202813376838439,-0.03270816545501509,-0.007446362270803246,-0.03337604034953408,-0.19931400898764987,-0.08161803774110452,-0.03843979000898113,-0.07673908413163827,-0.16221508477213117,-0.017912217323201182,-0.12097138121041844,-0.05818600084164107,-0.2672220107481407,-0.1440619820952001,0.656176329410397,-0.013380566770028164,0.5835247983728108,0.6348740887309026,0.6114769678317037,0.0005164212913429727,0.03773590283748696,0.03716079819163152,0.46870170058469596,0.6633342363665311,-0.02463200269053552,0.033128455032753676,-0.017425592688714603,0.5688150192263997,2.0,2.0,1.0,1.0,2.0,1.0,0.0,0.0,0.0,-0.5261092256787328,-0.4180019063854561,-0.2532910718032396,-0.3323518119742518,-0.5299018942782903,-0.4765358480261108,-0.42674627375010965,-0.34587575880058075,-0.5525822967740072,0.0,-0.5186123935360875,-0.36363003780300773,0.0,0.0,-0.6246686796677976,-0.33229901287003877,-0.4533836608613945,-0.5448877557651656,0.0,0.0,-0.41672558861396225,0.0,0.0,0.0,0.0,0.0,0.0,25.0,0.0,25.0,0.0,6.0,-0.3631595892858983,-0.3568891214013844,23.0,517.0,-1.5356454531643933,-0.9280512760653595,-0.8044733721019081,-7.349044077105434,0.25847156171713137,-0.6531781778268015,0.13128952331119564,0.019577671214903072,2.3460584514888314,-0.2164554651201397,1.202786474987466,-0.605348632542779,0
422823,0.9981889,0.21103403,0.17,0.05427181375432048,0.45956696269218944,-0.4406203990334336,0.0,0.8442445028549952,-0.669556096493065,0.5503743082173567,3.0,-0.5509573465707772,2.0,-2.7400755031354977,-2.893392000640816,-0.734468727783943,-0.041687096144863336,-0.14024384971911147,0.061894421731214344,0.00796652712769512,-0.2377800085823367,-0.15155058145906453,-0.09491178658750046,0.07706005384620565,-0.30957496193560374,-0.03797559408938246,-0.14188017710915987,-0.09320081437584417,-0.15284860681546433,-0.18408439247546476,0.6131076746555554,-0.042838273215719744,-0.05565744010938832,0.6469108664847236,0.5618621911083688,0.5521121282090492,0.365894505269389,1.0874498126407401,0.566404664274728,-0.030007873094862324,0.6422148157798169,0.6039071959988425,0.6242077306143452,0.6089802897419198,0.0,0.0,0.0,3.0,0.0,0.0,0.0,0.0,0.0,1.7473030026266956,1.7519999810254516,2.7107517383039674,2.811172814065357,1.8856535959826612,1.8129683604746565,2.6608100086196504,2.634019625927698,1.7387272122328497,2.0,1.9683910630692922,-0.449705919337694,1.0,1.0,1.8374504375456546,3.5553698821803454,1.7622384041744643,1.2767857139740693,1.0,1.0,-0.28828667225484106,0.0,1.0,1.0,2.0,1.0,1.0,15.0,3.0,15.0,3.0,6.0,-0.2935158398361906,-0.40664533865999625,4.0,509.0,-0.11938619104577558,0.48107045634757273,-0.3580277102734526,9.61577061318439,-2.562536776098073,15.858509001605286,-0.5343130247315695,-0.1701719063755865,-2.2532331711402267,0.07301118291157908,0.5781834981010269,-0.46698499777656427,True,True,-0.4406203990334336,0.0,0.8442445028549952,-0.669556096493065,0.5503743082173567,3.0,-0.5509573465707772,2.0,-2.7400755031354977,-2.893392000640816,-0.734468727783943,-0.041687096144863336,-0.14024384971911147,0.061894421731214344,0.00796652712769512,-0.2377800085823367,-0.15155058145906453,-0.09491178658750046,0.07706005384620565,-0.30957496193560374,-0.03797559408938246,-0.14188017710915987,-0.09320081437584417,-0.15284860681546433,-0.18408439247546476,0.6131076746555554,-0.042838273215719744,-0.05565744010938832,0.6469108664847236,0.5618621911083688,0.5521121282090492,0.365894505269389,1.0874498126407401,0.566404664274728,-0.030007873094862324,0.6422148157798169,0.6039071959988425,0.6242077306143452,0.6089802897419198,0.0,0.0,0.0,3.0,0.0,0.0,0.0,0.0,0.0,1.7473030026266956,1.7519999810254516,2.7107517383039674,2.811172814065357,1.8856535959826612,1.8129683604746565,2.6608100086196504,2.634019625927698,1.7387272122328497,2.0,1.9683910630692922,-0.449705919337694,1.0,1.0,1.8374504375456546,3.5553698821803454,1.7622384041744643,1.2767857139740693,1.0,1.0,-0.28828667225484106,0.0,1.0,1.0,2.0,1.0,1.0,15.0,3.0,15.0,3.0,6.0,-0.2935158398361906,-0.40664533865999625,4.0,509.0,-0.11938619104577558,0.48107045634757273,-0.3580277102734526,9.61577061318439,-2.562536776098073,15.858509001605286,-0.5343130247315695,-0.1701719063755865,-2.2532331711402267,0.07301118291157908,0.5781834981010269,-0.46698499777656427,0
213185,0.9994931,0.4585679,0.26,0.19338051145240298,1.584040400428486,-0.8625556955226144,0.0,0.970181422295297,-0.6264878181040552,0.47134176196137967,3.0,-0.7633962159945995,2.0,-2.3293578886403696,-2.9664007500748704,-0.7977672627910707,0.32538858439978113,-0.2038485610879769,-0.18668387419328408,0.06570240476438917,-0.06767534119194898,0.31295655103045444,0.34102932004603725,-0.2790617730082993,-0.4069231374603588,-0.28067638058321065,-0.2165637124084424,-0.18538817219052944,-0.48759022607004593,-0.05676767624927828,0.6232936672658759,0.27439545711189206,-0.06703414622320585,0.8688228334306214,0.8922040310406316,0.4869886961468592,0.1375308965274654,0.7886543350960463,0.6207892673994853,-0.044591376060237345,0.6148685045383662,0.4137778059917807,0.7552308836953214,0.55418513544982,0.0,0.0,0.0,3.0,0.0,0.0,0.0,0.0,0.0,1.7285899730518706,0.8326306417384886,2.868543027939507,2.682073542888533,2.047417790717487,1.8465829101957316,2.9049510801129586,2.7244779751213226,1.8542444800091589,2.0,1.7956139446246435,-0.0333143435337771,1.0,1.0,1.8201951146217306,-0.03849784078503515,1.6146722911695663,1.6469047693344863,1.0,1.0,-0.0029849063058007275,0.0,1.0,1.0,2.0,1.0,1.0,15.0,3.0,15.0,3.0,6.0,-0.4080638892824002,-0.3961839452178559,4.0,1090.0,1.9820359984053164,-1.2828379927532003,-0.8825107190202665,14.196459308592308,-3.547371532518071,12.02611372797033,0.19097006355575902,-0.12078691189201356,1.1186288795345907,-0.042330573173685104,0.36689647964936595,-0.6606378745795419,True,True,-0.8625556955226144,0.0,0.970181422295297,-0.6264878181040552,0.47134176196137967,3.0,-0.7633962159945995,2.0,-2.3293578886403696,-2.9664007500748704,-0.7977672627910707,0.32538858439978113,-0.2038485610879769,-0.18668387419328408,0.06570240476438917,-0.06767534119194898,0.31295655103045444,0.34102932004603725,-0.2790617730082993,-0.4069231374603588,-0.28067638058321065,-0.2165637124084424,-0.18538817219052944,-0.48759022607004593,-0.05676767624927828,0.6232936672658759,0.27439545711189206,-0.06703414622320585,0.8688228334306214,0.8922040310406316,0.4869886961468592,0.1375308965274654,0.7886543350960463,0.6207892673994853,-0.044591376060237345,0.6148685045383662,0.4137778059917807,0.7552308836953214,0.55418513544982,0.0,0.0,0.0,3.0,0.0,0.0,0.0,0.0,0.0,1.7285899730518706,0.8326306417384886,2.868543027939507,2.682073542888533,2.047417790717487,1.8465829101957316,2.9049510801129586,2.7244779751213226,1.8542444800091589,2.0,1.7956139446246435,-0.0333143435337771,1.0,1.0,1.8201951146217306,-0.03849784078503515,1.6146722911695663,1.6469047693344863,1.0,1.0,-0.0029849063058007275,0.0,1.0,1.0,2.0,1.0,1.0,15.0,3.0,15.0,3.0,6.0,-0.4080638892824002,-0.3961839452178559,4.0,1090.0,1.9820359984053164,-1.2828379927532003,-0.8825107190202665,14.196459308592308,-3.547371532518071,12.02611372797033,0.19097006355575902,-0.12078691189201356,1.1186288795345907,-0.042330573173685104,0.36689647964936595,-0.6606378745795419,0
13890,0.97936136,0.1958971,0.09999999999999999,0.01672075323499393,0.13240074990066358,-0.6139167086287547,0.0,-1.5516742399108607,0.8686020247515097,0.5647791788812145,4.0,0.3123041067180329,2.0,-2.731778679306523,-2.79949240434626,-0.7653937672028945,-0.09990073159438462,0.3510912697582349,-0.04427478143354108,-0.008221756118994904,-0.1533475753446126,-0.09214733721022099,0.05065078757380323,0.00919585438565591,-0.269225630438057,-0.026115074659080625,0.225283144389879,0.31491329839620996,-0.22502975065543085,-0.14183871575107931,0.6679860569969363,0.676281924836791,0.561289773664604,0.010182343858347997,-0.015503554818783748,-0.005063296251733575,-0.014826372123616906,-0.005554814175492777,0.013234719845824135,0.012537450463433002,-0.016817675755972736,-0.010627055400380442,-0.017726535048368727,0.005295320813196464,0.0,0.0,0.0,0.0,0.0,0.0,0.0,0.0,0.0,-0.564685812400035,-0.3675465440810596,-0.36890036588903413,-0.3374912611903577,-0.5465789938032911,-0.5480246570935167,-0.41539152705262844,-0.3443989789254474,-0.5807503858897555,0.0,-0.5026206451273949,-0.38888538066648726,0.0,0.0,-0.5620135107886002,-0.2797043331005992,-0.5877092458500026,-0.5584672508263024,0.0,0.0,-0.39622630578113754,0.0,0.0,0.0,0.0,0.0,0.0,25.0,0.0,25.0,0.0,6.0,-0.37139155077568115,-0.3861811990434579,23.0,517.0,-1.0590979138217773,0.28918087511453044,1.732931132287351,3.1751056716383754,0.39209448941394265,-11.391315470571612,1.0047943636404615,1.2294211777767101,-5.4566934945381504,-1.039862923735295,-5.566871618932817,0.31003936995258335,True,True,-0.6139167086287547,0.0,-1.5516742399108607,0.8686020247515097,0.5647791788812145,4.0,0.3123041067180329,2.0,-2.731778679306523,-2.79949240434626,-0.7653937672028945,-0.09990073159438462,0.3510912697582349,-0.04427478143354108,-0.008221756118994904,-0.1533475753446126,-0.09214733721022099,0.05065078757380323,0.00919585438565591,-0.269225630438057,-0.026115074659080625,0.225283144389879,0.31491329839620996,-0.22502975065543085,-0.14183871575107931,0.6679860569969363,0.676281924836791,0.561289773664604,0.010182343858347997,-0.015503554818783748,-0.005063296251733575,-0.014826372123616906,-0.005554814175492777,0.013234719845824135,0.012537450463433002,-0.016817675755972736,-0.010627055400380442,-0.017726535048368727,0.005295320813196464,0.0,0.0,0.0,0.0,0.0,0.0,0.0,0.0,0.0,-0.564685812400035,-0.3675465440810596,-0.36890036588903413,-0.3374912611903577,-0.5465789938032911,-0.5480246570935167,-0.41539152705262844,-0.3443989789254474,-0.5807503858897555,0.0,-0.5026206451273949,-0.38888538066648726,0.0,0.0,-0.5620135107886002,-0.2797043331005992,-0.5877092458500026,-0.5584672508263024,0.0,0.0,-0.39622630578113754,0.0,0.0,0.0,0.0,0.0,0.0,25.0,0.0,25.0,0.0,6.0,-0.37139155077568115,-0.3861811990434579,23.0,517.0,-1.0590979138217773,0.28918087511453044,1.732931132287351,3.1751056716383754,0.39209448941394265,-11.391315470571612,1.0047943636404615,1.2294211777767101,-5.4566934945381504,-1.039862923735295,-5.566871618932817,0.31003936995258335,0
367211,0.73519593,0.40411484,0.060000000000000005,0.00771172199313132,0.06890172372708933,-0.6732709422791392,0.0,-0.913627214964609,-0.717017849571554,0.572235170974822,3.0,0.30937811454111025,2.0,-2.7242767754266053,-2.7978722488827565,-0.7444927331102998,-0.10551057804962378,-0.09116109853563796,-0.03143890813955244,-0.05046320511496199,-0.22213198502884976,-0.12763579116493717,-0.03552527977478445,-0.040546992379528184,-0.26461830539589626,-0.03934672370115007,-0.11130030095366891,-0.035531055351078034,-0.23798208576653446,-0.15433245232008108,0.6115189779450793,0.6095893266873387,0.5498438838977238,0.5353243942949155,0.5503319708061719,0.5557345891760673,0.37668248554890504,1.0135090275247705,0.5212155359903246,-0.016589165286874895,0.6091475199298974,0.54031853716025,0.5439471668690148,0.525682226982511,0.0,0.0,0.0,3.0,0.0,0.0,0.0,0.0,0.0,1.7603817699774282,1.3863409675144776,2.7881461778390806,2.8125378747928456,1.7936545314965844,1.8142561100083956,2.603320846494497,2.6183324299972424,1.772058325415001,2.0,1.8520182258138942,-0.40919166864300993,1.0,1.0,1.860283282200167,-0.2967476284401334,1.6346375190905058,1.631627109881039,1.0,1.0,-0.3926141136297131,0.0,1.0,1.0,2.0,1.0,1.0,17.0,3.0,17.0,3.0,6.0,-0.3576308223335522,-0.36899619128803235,4.0,299.0,1.475064147392652,0.2867219952295553,-0.5308833430239039,9.524716102125597,-2.559374528843152,15.891073962178059,-0.6205127613775436,0.15791113388174768,-2.142114498305811,0.3272038515098168,0.5116520596615444,-0.551325984661414,True,True,-0.6732709422791392,0.0,-0.913627214964609,-0.717017849571554,0.572235170974822,3.0,0.30937811454111025,2.0,-2.7242767754266053,-2.7978722488827565,-0.7444927331102998,-0.10551057804962378,-0.09116109853563796,-0.03143890813955244,-0.05046320511496199,-0.22213198502884976,-0.12763579116493717,-0.03552527977478445,-0.040546992379528184,-0.26461830539589626,-0.03934672370115007,-0.11130030095366891,-0.035531055351078034,-0.23798208576653446,-0.15433245232008108,0.6115189779450793,0.6095893266873387,0.5498438838977238,0.5353243942949155,0.5503319708061719,0.5557345891760673,0.37668248554890504,1.0135090275247705,0.5212155359903246,-0.016589165286874895,0.6091475199298974,0.54031853716025,0.5439471668690148,0.525682226982511,0.0,0.0,0.0,3.0,0.0,0.0,0.0,0.0,0.0,1.7603817699774282,1.3863409675144776,2.7881461778390806,2.8125378747928456,1.7936545314965844,1.8142561100083956,2.603320846494497,2.6183324299972424,1.772058325415001,2.0,1.8520182258138942,-0.40919166864300993,1.0,1.0,1.860283282200167,-0.2967476284401334,1.6346375190905058,1.631627109881039,1.0,1.0,-0.3926141136297131,0.0,1.0,1.0,2.0,1.0,1.0,17.0,3.0,17.0,3.0,6.0,-0.3576308223335522,-0.36899619128803235,4.0,299.0,1.475064147392652,0.2867219952295553,-0.5308833430239039,9.524716102125597,-2.559374528843152,15.891073962178059,-0.6205127613775436,0.15791113388174768,-2.142114498305811,0.3272038515098168,0.5116520596615444,-0.551325984661414,0
130519,0.95057386,0.41773614,0.060000000000000005,0.00771172199313132,0.07063411566782184,0.6144669879373386,4.0,1.6486818263026513,0.4820262236885634,-0.003348228234722406,3.0,-0.6868355830938638,3.0,0.29191191070372174,0.3553467631433337,-0.7604659251095363,-0.07343511176557928,-0.09519846748063232,-0.03644789789957426,-0.06818531369401369,-0.2242124935566619,-0.09554016306287136,-0.035940891975722845,-0.06459149513665603,-0.1534211597767156,-0.05308836739941389,-0.07877334643202828,-0.06904316354176081,-0.2259813931936667,-0.08531268670181386,0.61683636084985,0.6152129551108587,0.5638948961237279,0.5532240702430479,0.5465527021080767,0.0004230400478344505,-0.0029426049111304477,-0.004156499410167418,0.5381277807269866,-0.013411483632629194,0.0008026342782841128,-0.0004617977007043198,0.01956634722569258,0.5252365191905962,0.0,0.0,0.0,1.0,2.0,1.0,0.0,0.0,0.0,-0.5664658462591675,-0.388783282745771,-0.3586261699588009,-0.3626573136893922,-0.5433090864068214,-0.5635809848554679,-0.38281140304956024,-0.38622924950859205,-0.5677902852218976,0.0,-0.5239491372723072,-0.391103963667002,0.0,0.0,-0.5379849752232438,-0.2862285843263451,-0.5561071998293569,-0.5508179804598161,0.0,0.0,-0.398817470014046,0.0,0.0,0.0,0.0,0.0,0.0,15.0,3.0,25.0,0.0,6.0,-0.380846158475806,-0.37689157366363113,23.0,517.0,1.4909611751790097,0.005952909553919668,1.7212042622325756,-6.53589646327,0.9715257729714799,0.41168016203216856,-0.08737649762013616,-0.14384474610380513,0.38269666381873585,-0.5826383280722301,-4.323730972510079,1.6082877784271832,True,True,0.6144669879373386,4.0,1.6486818263026513,0.4820262236885634,-0.003348228234722406,3.0,-0.6868355830938638,3.0,0.29191191070372174,0.3553467631433337,-0.7604659251095363,-0.07343511176557928,-0.09519846748063232,-0.03644789789957426,-0.06818531369401369,-0.2242124935566619,-0.09554016306287136,-0.035940891975722845,-0.06459149513665603,-0.1534211597767156,-0.05308836739941389,-0.07877334643202828,-0.06904316354176081,-0.2259813931936667,-0.08531268670181386,0.61683636084985,0.6152129551108587,0.5638948961237279,0.5532240702430479,0.5465527021080767,0.0004230400478344505,-0.0029426049111304477,-0.004156499410167418,0.5381277807269866,-0.013411483632629194,0.0008026342782841128,-0.0004617977007043198,0.01956634722569258,0.5252365191905962,0.0,0.0,0.0,1.0,2.0,1.0,0.0,0.0,0.0,-0.5664658462591675,-0.388783282745771,-0.3586261699588009,-0.3626573136893922,-0.5433090864068214,-0.5635809848554679,-0.38281140304956024,-0.38622924950859205,-0.5677902852218976,0.0,-0.5239491372723072,-0.391103963667002,0.0,0.0,-0.5379849752232438,-0.2862285843263451,-0.5561071998293569,-0.5508179804598161,0.0,0.0,-0.398817470014046,0.0,0.0,0.0,0.0,0.0,0.0,15.0,3.0,25.0,0.0,6.0,-0.380846158475806,-0.37689157366363113,23.0,517.0,1.4909611751790097,0.005952909553919668,1.7212042622325756,-6.53589646327,0.9715257729714799,0.41168016203216856,-0.08737649762013616,-0.14384474610380513,0.38269666381873585,-0.5826383280722301,-4.323730972510079,1.6082877784271832,0
69557,0.99608165,0.0808924,0.17,0.05427181375432048,0.42944191424722167,-0.5518970984291743,0.0,-0.3796762883406847,-0.8645578291303836,0.5768876866446335,4.0,0.3004760518038024,2.0,-2.735767935805604,-2.8292337141164268,-0.6776340597436867,-0.08087912757737303,-0.16631122845070934,-0.06002110829204084,-0.10815843070779216,-0.15102290750208863,-0.17997538214503755,0.10688952451964029,0.040220207792192084,-0.27298644571145797,-0.03946089992060847,-0.10425947101920895,-0.03840839650487728,-0.1895394359396755,-0.12139248032002664,0.7246408210578612,0.03566841099547926,-0.059378797557289406,0.5901612866686655,0.5156061834795304,0.5092684729548375,0.38648443239832025,1.0368818969932385,0.5450516095414876,0.037022118382477175,0.5897300019108711,-0.04274887341022607,0.5224372228344574,0.6174910716572489,0.0,0.0,0.0,3.0,0.0,0.0,0.0,0.0,0.0,1.7528323696621126,0.7182436562439289,-0.41948931540795326,-0.37197680990163984,1.7564449595394434,1.742580021797647,2.6305851162501397,2.5706182494649306,1.8373870065631608,2.0,1.889638724261002,-0.3637000678315346,2.0,2.0,1.8722989322486465,-0.20597974818551085,1.5953255845315306,1.7813319717833074,1.0,1.0,-0.26691313684393725,0.0,1.0,1.0,2.0,2.0,1.0,17.0,3.0,17.0,3.0,6.0,-0.3673084842555156,-0.39510890955608813,4.0,1090.0,-1.0473555657413143,-1.299316602827481,1.7482394172033975,9.6049556178432,-2.680346962275079,15.972482591995284,-0.6455912580628105,-0.14658516788102288,-2.2073146152250382,0.11138359504550087,0.6526808356250616,-0.49286633981657746,True,True,-0.5518970984291743,0.0,-0.3796762883406847,-0.8645578291303836,0.5768876866446335,4.0,0.3004760518038024,2.0,-2.735767935805604,-2.8292337141164268,-0.6776340597436867,-0.08087912757737303,-0.16631122845070934,-0.06002110829204084,-0.10815843070779216,-0.15102290750208863,-0.17997538214503755,0.10688952451964029,0.040220207792192084,-0.27298644571145797,-0.03946089992060847,-0.10425947101920895,-0.03840839650487728,-0.1895394359396755,-0.12139248032002664,0.7246408210578612,0.03566841099547926,-0.059378797557289406,0.5901612866686655,0.5156061834795304,0.5092684729548375,0.38648443239832025,1.0368818969932385,0.5450516095414876,0.037022118382477175,0.5897300019108711,-0.04274887341022607,0.5224372228344574,0.6174910716572489,0.0,0.0,0.0,3.0,0.0,0.0,0.0,0.0,0.0,1.7528323696621126,0.7182436562439289,-0.41948931540795326,-0.37197680990163984,1.7564449595394434,1.742580021797647,2.6305851162501397,2.5706182494649306,1.8373870065631608,2.0,1.889638724261002,-0.3637000678315346,2.0,2.0,1.8722989322486465,-0.20597974818551085,1.5953255845315306,1.7813319717833074,1.0,1.0,-0.26691313684393725,0.0,1.0,1.0,2.0,2.0,1.0,17.0,3.0,17.0,3.0,6.0,-0.3673084842555156,-0.39510890955608813,4.0,1090.0,-1.0473555657413143,-1.299316602827481,1.7482394172033975,9.6049556178432,-2.680346962275079,15.972482591995284,-0.6455912580628105,-0.14658516788102288,-2.2073146152250382,0.11138359504550087,0.6526808356250616,-0.49286633981657746,0
206372,0.809537,0.16280496,0.14,0.03356392623053241,0.29618644080606465,-0.5413525896889925,0.0,-1.1999650290083552,-0.16456952015361373,0.581880654575968,4.0,0.3476849207790742,2.0,-2.6790278558279463,-2.833388827120152,-0.7868036641462791,-0.08941803066215666,-0.13212825384214347,-0.05914145851836818,-0.027962343394558893,-0.2556082392259655,-0.08420818353357606,-0.001017162830183365,-0.04354912151888129,-0.327195827707853,-0.042422238439569576,-0.08107461842860508,-0.020090215738259348,-0.2836473971065704,-0.13842601559853518,0.6248593412655359,0.009017856485127592,-0.003389293477992259,0.6143706192720513,0.054314265523797124,0.5901796587897877,0.3637080489553078,0.943132703846637,0.5054346914049118,-0.05372574800574439,0.6398528940566469,0.5837569778063386,0.5817920024294588,0.4551016652112898,0.0,0.0,0.0,1.0,0.0,0.0,0.0,0.0,0.0,1.7730508449679212,2.702153377394726,2.8057698069833883,2.7588746261881307,1.8415187279526009,1.7721759578305152,2.5581551062656653,2.619685298094137,1.7583540488529388,2.0,1.842285489374456,-0.3468504503986753,1.0,1.0,1.8982108001221272,-0.27239641227413164,1.574089538279653,1.9505797572459689,1.0,1.0,-0.3866378439425738,0.0,1.0,1.0,2.0,1.0,1.0,17.0,3.0,17.0,3.0,6.0,-0.3828779994967581,-0.43360661617808366,8.0,1090.0,-0.06682563326846953,1.1179458839751684,-1.0075310714162395,9.4539598635986,-2.6746258797158085,15.88114876778193,-0.5695450194919481,-0.09913450056242185,-2.1409307252203527,0.056184018508725536,0.5074991502264399,-0.5725885035676667,True,True,-0.5413525896889925,0.0,-1.1999650290083552,-0.16456952015361373,0.581880654575968,4.0,0.3476849207790742,2.0,-2.6790278558279463,-2.833388827120152,-0.7868036641462791,-0.08941803066215666,-0.13212825384214347,-0.05914145851836818,-0.027962343394558893,-0.2556082392259655,-0.08420818353357606,-0.001017162830183365,-0.04354912151888129,-0.327195827707853,-0.042422238439569576,-0.08107461842860508,-0.020090215738259348,-0.2836473971065704,-0.13842601559853518,0.6248593412655359,0.009017856485127592,-0.003389293477992259,0.6143706192720513,0.054314265523797124,0.5901796587897877,0.3637080489553078,0.943132703846637,0.5054346914049118,-0.05372574800574439,0.6398528940566469,0.5837569778063386,0.5817920024294588,0.4551016652112898,0.0,0.0,0.0,1.0,0.0,0.0,0.0,0.0,0.0,1.7730508449679212,2.702153377394726,2.8057698069833883,2.7588746261881307,1.8415187279526009,1.7721759578305152,2.5581551062656653,2.619685298094137,1.7583540488529388,2.0,1.842285489374456,-0.3468504503986753,1.0,1.0,1.8982108001221272,-0.27239641227413164,1.574089538279653,1.9505797572459689,1.0,1.0,-0.3866378439425738,0.0,1.0,1.0,2.0,1.0,1.0,17.0,3.0,17.0,3.0,6.0,-0.3828779994967581,-0.43360661617808366,8.0,1090.0,-0.06682563326846953,1.1179458839751684,-1.0075310714162395,9.4539598635986,-2.6746258797158085,15.88114876778193,-0.5695450194919481,-0.09913450056242185,-2.1409307252203527,0.056184018508725536,0.5074991502264399,-0.5725885035676667,0
535375,0.54600656,0.40631747,0.03,0.004056900182200707,0.03233018195955754,-0.8676916077749205,0.0,1.0844358966109244,0.14421997164206363,0.5760874659052415,3.0,0.3087857277673829,3.0,-2.7154410455301097,-2.7952937241726263,-0.7564312689716138,-0.10329849643161164,-0.08436994710575106,-0.04435298501587681,-0.03345842698530944,-0.22474822002996037,-0.09938568314933184,-0.0076766037435249635,-0.04311490851400631,-0.2639811206021044,-0.03566968161909899,-0.08225449209524967,-0.02147844996972105,-0.25245750140036727,-0.17158980842718113,0.6216808803258556,0.0063945134936912226,0.5528902366631095,0.5376876506126573,0.0032816886745409583,0.5366681865773967,0.37538736618900476,0.9955222176925304,0.5363629804317563,-0.006767821458331255,0.6092450985400136,0.5492869355485295,0.5246550205288791,0.5250605294550293,0.0,0.0,0.0,3.0,0.0,0.0,0.0,0.0,0.0,1.7571448034439316,1.8455822418841963,2.7839874701276823,2.793359057247354,1.8006483730911662,1.8204095258606299,2.6012373616813482,2.6048543429884305,1.775601673197588,2.0,1.896974682210852,-0.3943858870514306,1.0,1.0,1.8562481755342137,-0.29325287973966,1.8997080361864656,2.033938549559492,1.0,1.0,-0.38706667356902175,0.0,1.0,1.0,2.0,1.0,1.0,17.0,3.0,17.0,3.0,6.0,-0.37039483757260405,-0.37103556644781216,4.0,1090.0,-0.5640023715403755,-1.41994922381721,-0.021876606921677682,9.510489400000495,-2.6523276045926374,15.848109006318497,-0.5738940418272854,-0.06857700989101742,-2.1616484119222807,0.14814778171602894,0.5167672227285105,-0.6318857255119924,True,True,-0.8676916077749205,0.0,1.0844358966109244,0.14421997164206363,0.5760874659052415,3.0,0.3087857277673829,3.0,-2.7154410455301097,-2.7952937241726263,-0.7564312689716138,-0.10329849643161164,-0.08436994710575106,-0.04435298501587681,-0.03345842698530944,-0.22474822002996037,-0.09938568314933184,-0.0076766037435249635,-0.04311490851400631,-0.2639811206021044,-0.03566968161909899,-0.08225449209524967,-0.02147844996972105,-0.25245750140036727,-0.17158980842718113,0.6216808803258556,0.0063945134936912226,0.5528902366631095,0.5376876506126573,0.0032816886745409583,0.5366681865773967,0.37538736618900476,0.9955222176925304,0.5363629804317563,-0.006767821458331255,0.6092450985400136,0.5492869355485295,0.5246550205288791,0.5250605294550293,0.0,0.0,0.0,3.0,0.0,0.0,0.0,0.0,0.0,1.7571448034439316,1.8455822418841963,2.7839874701276823,2.793359057247354,1.8006483730911662,1.8204095258606299,2.6012373616813482,2.6048543429884305,1.775601673197588,2.0,1.896974682210852,-0.3943858870514306,1.0,1.0,1.8562481755342137,-0.29325287973966,1.8997080361864656,2.033938549559492,1.0,1.0,-0.38706667356902175,0.0,1.0,1.0,2.0,1.0,1.0,17.0,3.0,17.0,3.0,6.0,-0.37039483757260405,-0.37103556644781216,4.0,1090.0,-0.5640023715403755,-1.41994922381721,-0.021876606921677682,9.510489400000495,-2.6523276045926374,15.848109006318497,-0.5738940418272854,-0.06857700989101742,-2.1616484119222807,0.14814778171602894,0.5167672227285105,-0.6318857255119924,0
337663,0.776808,0.42618072,0.09,0.013888290969627364,0.12196645374090001,-0.16937676664720575,4.0,1.3040690866764684,0.9178664255681359,-0.011488495468243931,4.0,0.3151763987241988,3.0,0.8839277063892356,0.3638669150904954,-0.7380904035277926,-0.06785277537843068,-0.12757522753997141,-0.018583191431878414,-0.045192724534533005,-0.20285471585157167,-0.1228832648061346,-0.04874549069217486,-0.019084631013755557,0.02333931419819138,-0.05425332528661352,-0.0953187964419397,-0.07528985509151565,-0.21198571182868514,-0.14637015888723068,0.615375460459411,0.013488358455856365,0.5538492496390054,0.5223343509406191,0.5224267064325618,0.00925058585893805,-0.00902156805633282,-0.0023687630228841614,0.544385082318202,0.5594202984689693,0.006828320854976391,-0.0058851430721311455,-0.009233627852432548,0.5731226059160023,2.0,1.0,1.0,1.0,2.0,1.0,1.0,1.0,2.0,-0.5901144706681019,-0.3818392867986751,-0.33584983188590933,-0.3707610781748932,-0.586064544387665,-0.5463216557542684,-0.3986032552961504,-0.4071585042682049,-0.5638611699673086,0.0,-0.5287283814254121,-0.3893136790220987,0.0,0.0,-0.5549761499683308,-0.2895430961752626,-0.5492911060592435,-0.5596583596106622,0.0,0.0,-0.39159865889247003,0.0,0.0,0.0,0.0,0.0,0.0,1.0,3.0,25.0,0.0,6.0,-0.38006710835176216,-0.3791816267851585,23.0,517.0,-0.03436285252605893,0.9605384018160841,-0.5271238154662529,-7.536011604923858,0.7102084141235683,-0.5358858194656916,0.16364065371777764,-0.1780975264374017,2.2477319714963806,0.07317106936625259,1.3781047502776684,0.07077816299991398,True,True,-0.16937676664720575,4.0,1.3040690866764684,0.9178664255681359,-0.011488495468243931,4.0,0.3151763987241988,3.0,0.8839277063892356,0.3638669150904954,-0.7380904035277926,-0.06785277537843068,-0.12757522753997141,-0.018583191431878414,-0.045192724534533005,-0.20285471585157167,-0.1228832648061346,-0.04874549069217486,-0.019084631013755557,0.02333931419819138,-0.05425332528661352,-0.0953187964419397,-0.07528985509151565,-0.21198571182868514,-0.14637015888723068,0.615375460459411,0.013488358455856365,0.5538492496390054,0.5223343509406191,0.5224267064325618,0.00925058585893805,-0.00902156805633282,-0.0023687630228841614,0.544385082318202,0.5594202984689693,0.006828320854976391,-0.0058851430721311455,-0.009233627852432548,0.5731226059160023,2.0,1.0,1.0,1.0,2.0,1.0,1.0,1.0,2.0,-0.5901144706681019,-0.3818392867986751,-0.33584983188590933,-0.3707610781748932,-0.586064544387665,-0.5463216557542684,-0.3986032552961504,-0.4071585042682049,-0.5638611699673086,0.0,-0.5287283814254121,-0.3893136790220987,0.0,0.0,-0.5549761499683308,-0.2895430961752626,-0.5492911060592435,-0.5596583596106622,0.0,0.0,-0.39159865889247003,0.0,0.0,0.0,0.0,0.0,0.0,1.0,3.0,25.0,0.0,6.0,-0.38006710835176216,-0.3791816267851585,23.0,517.0,-0.03436285252605893,0.9605384018160841,-0.5271238154662529,-7.536011604923858,0.7102084141235683,-0.5358858194656916,0.16364065371777764,-0.1780975264374017,2.2477319714963806,0.07317106936625259,1.3781047502776684,0.07077816299991398,0
129834,0.9929085,0.42959654,0.11,0.020034599671098444,0.17785308248286746,0.5372570123812286,3.0,-1.1859445294376183,0.9267778784136158,0.0026770402161765032,4.0,-0.27461077516554194,2.0,0.3970218028622973,0.3563512927388326,-0.7613909186616122,-0.0465035459696134,-0.11763446429483487,-0.05539225937097941,-0.040961704211433525,-0.17669438961288203,-0.15032385384483793,-0.038194181832038585,0.01274986752152622,-0.2765904089038561,0.05158858802603926,-0.040894853732569084,-0.06312566660775656,-0.14719740952385324,-0.06097080391860556,0.6097283124009915,0.6027558208723356,-0.02163103129178132,-0.0051553338443665045,0.0037133020167151864,-0.0013306992372958911,0.4145975644094495,0.996942036213788,-0.02608129947992198,0.036734752818690174,-0.002709454357734429,0.03257152545427534,-0.005642061533541621,-0.03725603771157993,0.0,0.0,0.0,0.0,0.0,0.0,0.0,0.0,0.0,1.722489886144074,-0.021966064945509328,2.798690637596458,2.8125538565598696,1.7945902120478423,1.8224053281533135,2.620058389439056,2.6129968631006215,1.7914377901785798,1.0,-0.5218657258497591,2.662747253408403,1.0,1.0,1.7469467871682647,-0.28760661588095204,2.266879077587794,1.966723373508397,1.0,1.0,2.5573403855503534,4.0,2.0,1.0,2.0,2.0,2.0,25.0,0.0,15.0,3.0,0.0,1.7594994242989566,1.9067476085768789,4.0,318.0,1.47904596704071,-1.5575481551329844,1.7255352716067383,31.716257113949922,-0.30967462548128194,-5.28054577192408,1.0532616271388027,0.4421861438862381,1.4064051757153944,1.7937909681597661,-0.06549767227726011,0.7535952446978458,True,True,0.5372570123812286,3.0,-1.1859445294376183,0.9267778784136158,0.0026770402161765032,4.0,-0.27461077516554194,2.0,0.3970218028622973,0.3563512927388326,-0.7613909186616122,-0.0465035459696134,-0.11763446429483487,-0.05539225937097941,-0.040961704211433525,-0.17669438961288203,-0.15032385384483793,-0.038194181832038585,0.01274986752152622,-0.2765904089038561,0.05158858802603926,-0.040894853732569084,-0.06312566660775656,-0.14719740952385324,-0.06097080391860556,0.6097283124009915,0.6027558208723356,-0.02163103129178132,-0.0051553338443665045,0.0037133020167151864,-0.0013306992372958911,0.4145975644094495,0.996942036213788,-0.02608129947992198,0.036734752818690174,-0.002709454357734429,0.03257152545427534,-0.005642061533541621,-0.03725603771157993,0.0,0.0,0.0,0.0,0.0,0.0,0.0,0.0,0.0,1.722489886144074,-0.021966064945509328,2.798690637596458,2.8125538565598696,1.7945902120478423,1.8224053281533135,2.620058389439056,2.6129968631006215,1.7914377901785798,1.0,-0.5218657258497591,2.662747253408403,1.0,1.0,1.7469467871682647,-0.28760661588095204,2.266879077587794,1.966723373508397,1.0,1.0,2.5573403855503534,4.0,2.0,1.0,2.0,2.0,2.0,25.0,0.0,15.0,3.0,0.0,1.7594994242989566,1.9067476085768789,4.0,318.0,1.47904596704071,-1.5575481551329844,1.7255352716067383,31.716257113949922,-0.30967462548128194,-5.28054577192408,1.0532616271388027,0.4421861438862381,1.4064051757153944,1.7937909681597661,-0.06549767227726011,0.7535952446978458,0
563653,0.67983085,0.25897133,0.06999999999999999,0.009434629620313228,0.07047390350398544,-0.4391404602798469,0.0,1.4826741457355048,-0.30443663024711876,0.575300852181464,3.0,0.05248244570528663,2.0,-2.7239720885842362,-2.807884349350409,-0.7513526758369765,-0.11191757416682611,-0.09695789984324542,-0.035463713579232004,-0.05281643926609487,-0.21256772180858774,-0.11682365157240578,-0.02292250448724252,-0.04661701252381511,-0.2646278895706804,-0.032734358461613766,-0.08754624703157088,-0.029204944545013142,-0.2410569457674214,-0.14601322343531076,0.5996502609674248,0.6082101292593813,0.5497089761274655,0.5330969177531693,0.5552034202139889,0.5283494312501895,0.38035733769162344,1.000690237788162,0.5190064735019032,-0.016886225691191727,0.6051265876704033,0.5248625291184806,-0.01159513159396861,0.5277591079512898,0.0,0.0,0.0,3.0,0.0,0.0,0.0,0.0,0.0,1.7538303628328804,1.7761121526176045,2.788604856662385,2.799175829512361,1.8297670784384967,1.7522178983179137,2.6003430575005586,2.5802314199424736,1.7789672686701787,2.0,1.835117032882775,-0.4072618350557228,1.0,1.0,1.8591355798142026,3.4419364191725443,1.6297916385581839,2.038578399594981,1.0,1.0,-0.40206304575220025,0.0,1.0,1.0,2.0,1.0,2.0,17.0,3.0,17.0,3.0,6.0,-0.36634241780367427,-0.37858037999904753,4.0,382.0,0.9843951015195767,-1.1711667767890734,-0.018546410958054954,2.8816212959643317,-0.5825402435723869,9.788416700788757,-0.8867199942400039,0.098303391083794,-1.1996073087365966,-0.25069556266268644,-3.1089381012253536,-1.7870626527601756,True,True,-0.4391404602798469,0.0,1.4826741457355048,-0.30443663024711876,0.575300852181464,3.0,0.05248244570528663,2.0,-2.7239720885842362,-2.807884349350409,-0.7513526758369765,-0.11191757416682611,-0.09695789984324542,-0.035463713579232004,-0.05281643926609487,-0.21256772180858774,-0.11682365157240578,-0.02292250448724252,-0.04661701252381511,-0.2646278895706804,-0.032734358461613766,-0.08754624703157088,-0.029204944545013142,-0.2410569457674214,-0.14601322343531076,0.5996502609674248,0.6082101292593813,0.5497089761274655,0.5330969177531693,0.5552034202139889,0.5283494312501895,0.38035733769162344,1.000690237788162,0.5190064735019032,-0.016886225691191727,0.6051265876704033,0.5248625291184806,-0.01159513159396861,0.5277591079512898,0.0,0.0,0.0,3.0,0.0,0.0,0.0,0.0,0.0,1.7538303628328804,1.7761121526176045,2.788604856662385,2.799175829512361,1.8297670784384967,1.7522178983179137,2.6003430575005586,2.5802314199424736,1.7789672686701787,2.0,1.835117032882775,-0.4072618350557228,1.0,1.0,1.8591355798142026,3.4419364191725443,1.6297916385581839,2.038578399594981,1.0,1.0,-0.40206304575220025,0.0,1.0,1.0,2.0,1.0,2.0,17.0,3.0,17.0,3.0,6.0,-0.36634241780367427,-0.37858037999904753,4.0,382.0,0.9843951015195767,-1.1711667767890734,-0.018546410958054954,2.8816212959643317,-0.5825402435723869,9.788416700788757,-0.8867199942400039,0.098303391083794,-1.1996073087365966,-0.25069556266268644,-3.1089381012253536,-1.7870626527601756,0
573935,0.90833735,0.37835592,0.13,0.028378895023486856,0.22980589526117876,1.7232556594878259,2.0,1.4455790630419978,-0.9671086413527831,-0.09843874242277935,4.0,0.33232672318250767,2.0,0.9044804806049747,0.39872013345141283,-0.8103376742130444,-0.12853158654458938,-0.09498197009421111,-0.03408808115764268,-0.009999235090782481,-0.18445591487453453,-0.07182976113537023,-0.035839547961418666,-0.01969035831907094,-0.23975033785352107,-0.054345978664383676,-0.08516229380233942,-0.06899630044210169,-0.2348103457305084,-0.1611399779829096,0.6001627909556538,-0.020558933405117476,-0.0015876045199122225,-0.01656653076804422,-0.05545225588790309,0.004027341107000003,0.3441673943706385,1.0028380329089224,-0.011029755596590403,-0.01406601850419159,0.0031721339300195993,0.0013881260196827122,0.07197414487543678,0.06584947442935901,0.0,0.0,0.0,0.0,0.0,0.0,0.0,0.0,0.0,1.755148791802104,3.8886598628339697,2.7991529361915775,2.7661759210541996,1.8365014150233978,1.850246696705766,2.598578465008781,2.5922812827928388,1.727852288425862,2.0,1.8120027858440524,2.693793476077498,1.0,1.0,1.662903787986628,3.457581974419058,1.6177417363501763,1.676513053959933,1.0,1.0,2.535741317568827,3.0,2.0,1.0,1.0,2.0,2.0,15.0,3.0,15.0,3.0,5.0,1.8201129507580356,2.008354868685843,22.0,304.0,-0.5764429159576725,0.40421791163025184,-0.011135145343853119,31.44495059138755,-0.5174252095625432,-5.103773099594199,0.7482493413119201,0.18783670664967678,0.9877457696171936,-0.010221801687943592,0.15477223082344915,-0.0449541731248942,True,True,1.7232556594878259,2.0,1.4455790630419978,-0.9671086413527831,-0.09843874242277935,4.0,0.33232672318250767,2.0,0.9044804806049747,0.39872013345141283,-0.8103376742130444,-0.12853158654458938,-0.09498197009421111,-0.03408808115764268,-0.009999235090782481,-0.18445591487453453,-0.07182976113537023,-0.035839547961418666,-0.01969035831907094,-0.23975033785352107,-0.054345978664383676,-0.08516229380233942,-0.06899630044210169,-0.2348103457305084,-0.1611399779829096,0.6001627909556538,-0.020558933405117476,-0.0015876045199122225,-0.01656653076804422,-0.05545225588790309,0.004027341107000003,0.3441673943706385,1.0028380329089224,-0.011029755596590403,-0.01406601850419159,0.0031721339300195993,0.0013881260196827122,0.07197414487543678,0.06584947442935901,0.0,0.0,0.0,0.0,0.0,0.0,0.0,0.0,0.0,1.755148791802104,3.8886598628339697,2.7991529361915775,2.7661759210541996,1.8365014150233978,1.850246696705766,2.598578465008781,2.5922812827928388,1.727852288425862,2.0,1.8120027858440524,2.693793476077498,1.0,1.0,1.662903787986628,3.457581974419058,1.6177417363501763,1.676513053959933,1.0,1.0,2.535741317568827,3.0,2.0,1.0,1.0,2.0,2.0,15.0,3.0,15.0,3.0,5.0,1.8201129507580356,2.008354868685843,22.0,304.0,-0.5764429159576725,0.40421791163025184,-0.011135145343853119,31.44495059138755,-0.5174252095625432,-5.103773099594199,0.7482493413119201,0.18783670664967678,0.9877457696171936,-0.010221801687943592,0.15477223082344915,-0.0449541731248942,0
12138,0.69357204,0.37891838,0.03,0.004056900182200707,0.03491854668441852,0.9632386188197392,2.0,-1.3987032408497853,-0.7103814374237722,0.0017324605041922478,4.0,-0.45619539141621385,2.0,0.36166714854158283,0.35800606232281496,-0.7555617710910096,-0.096532715551659,-0.09682735350933913,-0.03952107697163296,-0.04026263377307023,-0.2181914954039188,-0.11775419995078484,-0.05375935864826116,-0.0398204555994946,-0.2646689573498538,-0.03501994823034538,-0.09743841735661492,-0.04736245371006263,-0.24497134368894913,-0.17079837112078536,0.6154174450875766,0.005544827681236495,-0.0003717104316830052,-0.0007770633747716876,-0.001845108572092732,-7.531622717189488e-05,0.37618938259783224,0.9941996477528064,-0.000691896991746213,-0.0012874940568429426,0.001001379835483347,0.0017595839965091496,0.0028438421734533156,-0.004208686847295814,0.0,0.0,0.0,0.0,0.0,0.0,0.0,0.0,0.0,1.7559083629046428,1.6883002064936552,2.796031695295657,2.7980124638666193,1.8021900031540645,1.8207142655516,2.6076797891893326,2.610245203186798,1.7809508103908724,1.0,1.8918820098025702,2.677375381917378,1.0,1.0,1.7362097770146745,-0.2905835812941096,2.2547312517100306,2.093360474936121,1.0,1.0,2.5592969883222865,4.0,2.0,1.0,1.0,1.0,1.0,15.0,3.0,15.0,3.0,2.0,2.183837677521944,2.3463509310658113,29.0,499.0,-1.0716956539426292,-1.8139057892742172,1.7261596712360656,31.20964100235376,-1.0326891242812077,-5.363239277912923,1.0792594592798623,0.06692541825818277,0.9843220914144437,-0.08540541226989289,-0.14491980347810812,-0.4133079522657954,True,True,0.9632386188197392,2.0,-1.3987032408497853,-0.7103814374237722,0.0017324605041922478,4.0,-0.45619539141621385,2.0,0.36166714854158283,0.35800606232281496,-0.7555617710910096,-0.096532715551659,-0.09682735350933913,-0.03952107697163296,-0.04026263377307023,-0.2181914954039188,-0.11775419995078484,-0.05375935864826116,-0.0398204555994946,-0.2646689573498538,-0.03501994823034538,-0.09743841735661492,-0.04736245371006263,-0.24497134368894913,-0.17079837112078536,0.6154174450875766,0.005544827681236495,-0.0003717104316830052,-0.0007770633747716876,-0.001845108572092732,-7.531622717189488e-05,0.37618938259783224,0.9941996477528064,-0.000691896991746213,-0.0012874940568429426,0.001001379835483347,0.0017595839965091496,0.0028438421734533156,-0.004208686847295814,0.0,0.0,0.0,0.0,0.0,0.0,0.0,0.0,0.0,1.7559083629046428,1.6883002064936552,2.796031695295657,2.7980124638666193,1.8021900031540645,1.8207142655516,2.6076797891893326,2.610245203186798,1.7809508103908724,1.0,1.8918820098025702,2.677375381917378,1.0,1.0,1.7362097770146745,-0.2905835812941096,2.2547312517100306,2.093360474936121,1.0,1.0,2.5592969883222865,4.0,2.0,1.0,1.0,1.0,1.0,15.0,3.0,15.0,3.0,2.0,2.183837677521944,2.3463509310658113,29.0,499.0,-1.0716956539426292,-1.8139057892742172,1.7261596712360656,31.20964100235376,-1.0326891242812077,-5.363239277912923,1.0792594592798623,0.06692541825818277,0.9843220914144437,-0.08540541226989289,-0.14491980347810812,-0.4133079522657954,0
444878,0.93295,0.33575925,0.060000000000000005,0.00771172199313132,0.05730807097160395,-0.4926338917555068,4.0,0.9753134429066359,0.9080552094444976,-0.007447973393996257,4.0,0.3235172775559336,3.0,0.6992088371972583,0.3567874397511799,1.0580832529128281,-0.1047084421878527,-0.08415768970902507,-0.047429913088396065,-0.05649085271737046,-0.21556699909116459,-0.10361558402183436,-0.04847596845178633,-0.053489316480611816,-0.09941354143751056,-0.06289609860117219,-0.06926185261109825,-0.04529207315615871,0.029143635433359898,-0.12980275524246607,0.6422017802813956,0.6573520930438668,0.5450323967440218,0.7060102292711057,0.5594690296630261,0.0064342075755797435,0.00012105717086062673,-0.005510510618663291,0.6983802936493175,0.628952822972729,-0.002571026149105227,0.006573879084263281,0.013643690136595887,0.5675684374398169,2.0,2.0,2.0,1.0,1.0,1.0,1.0,1.0,1.0,-0.5910933743858551,-0.39063673032204754,-0.361505484478164,-0.3536283078988546,-0.5603898362339053,-0.5587066516533402,-0.38748233348323646,-0.3970142103380471,-0.5685222181015026,0.0,-0.5161377698496213,-0.39908247525148494,0.0,0.0,-0.564608637696312,-0.281989587226345,-0.5519310185873385,-0.5564810496149618,0.0,0.0,-0.39524739241819523,0.0,0.0,0.0,0.0,0.0,0.0,43.0,3.0,25.0,0.0,6.0,-0.3719886499882971,-0.3603448138377441,23.0,517.0,0.45941198717490866,0.42935041841125055,-0.2663869059460853,-7.537414329564226,0.17393998238582592,-0.5879372719606579,0.24600505572340595,0.048462505265724265,2.216718410735417,0.04687917964832039,1.2084194990462573,-0.4888746698680158,True,True,-0.4926338917555068,4.0,0.9753134429066359,0.9080552094444976,-0.007447973393996257,4.0,0.3235172775559336,3.0,0.6992088371972583,0.3567874397511799,1.0580832529128281,-0.1047084421878527,-0.08415768970902507,-0.047429913088396065,-0.05649085271737046,-0.21556699909116459,-0.10361558402183436,-0.04847596845178633,-0.053489316480611816,-0.09941354143751056,-0.06289609860117219,-0.06926185261109825,-0.04529207315615871,0.029143635433359898,-0.12980275524246607,0.6422017802813956,0.6573520930438668,0.5450323967440218,0.7060102292711057,0.5594690296630261,0.0064342075755797435,0.00012105717086062673,-0.005510510618663291,0.6983802936493175,0.628952822972729,-0.002571026149105227,0.006573879084263281,0.013643690136595887,0.5675684374398169,2.0,2.0,2.0,1.0,1.0,1.0,1.0,1.0,1.0,-0.5910933743858551,-0.39063673032204754,-0.361505484478164,-0.3536283078988546,-0.5603898362339053,-0.5587066516533402,-0.38748233348323646,-0.3970142103380471,-0.5685222181015026,0.0,-0.5161377698496213,-0.39908247525148494,0.0,0.0,-0.564608637696312,-0.281989587226345,-0.5519310185873385,-0.5564810496149618,0.0,0.0,-0.39524739241819523,0.0,0.0,0.0,0.0,0.0,0.0,43.0,3.0,25.0,0.0,6.0,-0.3719886499882971,-0.3603448138377441,23.0,517.0,0.45941198717490866,0.42935041841125055,-0.2663869059460853,-7.537414329564226,0.17393998238582592,-0.5879372719606579,0.24600505572340595,0.048462505265724265,2.216718410735417,0.04687917964832039,1.2084194990462573,-0.4888746698680158,0
382475,0.9959424,0.15748948,0.25,0.16975275626876413,1.3837588320698637,0.3750870238981752,0.0,1.2957085007863116,-0.19282523677207955,0.7004422205130474,3.0,-0.7593220371252785,2.0,-2.4408398896730406,-2.6922830779719717,-0.3804923145798404,0.19088324331217912,-0.17547542159411228,0.025291945445345257,-0.07075394259659848,-0.5102507173684246,0.2835288878037727,0.23205558583108438,0.06411780607665146,-0.326854432047193,0.08361469654453,-0.048834993438250915,0.055560236547631314,-0.1650633967812882,-0.09814834304067586,0.21493943366462653,0.03524645742310292,0.3278044687736533,0.5388023701365529,0.5414392374083965,0.3618572172766582,0.5609354813516225,0.8281867339353931,0.5819166771075244,0.0129686650837079,0.7116856835775286,0.5575832668737355,0.18971747146600498,0.6186585700321853,0.0,0.0,0.0,1.0,0.0,0.0,0.0,0.0,0.0,1.6061254553387994,0.6643466729330473,2.8878055053559546,2.578990977541981,1.6401142179512638,2.047043494165074,2.6994321823102476,2.760368473989666,1.8057824418901276,2.0,1.9394460635005126,-0.580481920576399,1.0,1.0,1.7097919672985964,-0.3912112800346466,1.420873643603634,2.3046128909899615,1.0,1.0,-0.3542269623742523,0.0,1.0,1.0,2.0,1.0,1.0,15.0,3.0,15.0,3.0,6.0,-0.21114167460006605,-0.30339697629376716,4.0,517.0,0.501042956201142,1.013639750001888,-0.4662255485731883,9.496456791130399,-2.66607993677219,15.787013438368952,-0.8607006054342008,-0.2584497713861092,-2.053058144387657,0.3355111625044134,0.7039559093723063,-0.6782229830899382,True,True,0.3750870238981752,0.0,1.2957085007863116,-0.19282523677207955,0.7004422205130474,3.0,-0.7593220371252785,2.0,-2.4408398896730406,-2.6922830779719717,-0.3804923145798404,0.19088324331217912,-0.17547542159411228,0.025291945445345257,-0.07075394259659848,-0.5102507173684246,0.2835288878037727,0.23205558583108438,0.06411780607665146,-0.326854432047193,0.08361469654453,-0.048834993438250915,0.055560236547631314,-0.1650633967812882,-0.09814834304067586,0.21493943366462653,0.03524645742310292,0.3278044687736533,0.5388023701365529,0.5414392374083965,0.3618572172766582,0.5609354813516225,0.8281867339353931,0.5819166771075244,0.0129686650837079,0.7116856835775286,0.5575832668737355,0.18971747146600498,0.6186585700321853,0.0,0.0,0.0,1.0,0.0,0.0,0.0,0.0,0.0,1.6061254553387994,0.6643466729330473,2.8878055053559546,2.578990977541981,1.6401142179512638,2.047043494165074,2.6994321823102476,2.760368473989666,1.8057824418901276,2.0,1.9394460635005126,-0.580481920576399,1.0,1.0,1.7097919672985964,-0.3912112800346466,1.420873643603634,2.3046128909899615,1.0,1.0,-0.3542269623742523,0.0,1.0,1.0,2.0,1.0,1.0,15.0,3.0,15.0,3.0,6.0,-0.21114167460006605,-0.30339697629376716,4.0,517.0,0.501042956201142,1.013639750001888,-0.4662255485731883,9.496456791130399,-2.66607993677219,15.787013438368952,-0.8607006054342008,-0.2584497713861092,-2.053058144387657,0.3355111625044134,0.7039559093723063,-0.6782229830899382,0
282011,0.68934524,0.43390042,0.03,0.004056900182200707,0.03412700005155887,5.609349030003941,4.0,0.2539353989463981,-0.557827316162644,-0.0005315027070051433,4.0,0.33212424928298795,3.0,0.13412737964570032,0.3565591097000508,-0.7586927315906684,-0.0942580115081601,-0.09823813271736503,-0.03195549879520297,-0.05689818944677688,-0.21478759469044129,-0.10973131477902316,-0.0523933255348164,-0.04772871780945952,-0.2691121408972871,-0.056152751070252346,-0.09351542483529074,-0.05293389458691163,-0.25581565653238647,-0.1725405051237322,0.6162527571417882,-0.0002361309537302433,-0.003113919021905926,0.5386260897711115,-0.005273235426115634,-0.001318275336700387,-0.0008634178659406556,0.0010957603722382481,0.5351790573856294,-0.0032803854102560325,-0.002940285541281278,0.0016637279633180942,-0.007056009320759738,0.5331737778801895,0.0,0.0,0.0,1.0,1.0,2.0,0.0,0.0,0.0,-0.5799741160353008,-0.38592036532684454,-0.34943227880148003,-0.35989677146830373,-0.5642491441867694,-0.5580359437130994,-0.3811071699717674,-0.38197270726781724,-0.5687307075061141,0.0,-0.5288733596136921,-0.3975102297549765,0.0,0.0,-0.5675073561722981,-0.28504722713847364,-0.5513513291977757,-0.5518333006783209,0.0,0.0,-0.38910358894297925,0.0,0.0,0.0,0.0,0.0,0.0,43.0,3.0,25.0,0.0,6.0,-0.3730574513577592,-0.3793379525156156,23.0,517.0,-1.0680504706503766,-0.10796905179897111,-0.772623903152967,-6.544834561909027,-0.16072825676505828,0.31684559128252754,0.1505859903695009,-0.178715652333213,0.3164608554672149,-0.9085578124612973,-4.2904995781209,1.4481110253905045,True,True,5.609349030003941,4.0,0.2539353989463981,-0.557827316162644,-0.0005315027070051433,4.0,0.33212424928298795,3.0,0.13412737964570032,0.3565591097000508,-0.7586927315906684,-0.0942580115081601,-0.09823813271736503,-0.03195549879520297,-0.05689818944677688,-0.21478759469044129,-0.10973131477902316,-0.0523933255348164,-0.04772871780945952,-0.2691121408972871,-0.056152751070252346,-0.09351542483529074,-0.05293389458691163,-0.25581565653238647,-0.1725405051237322,0.6162527571417882,-0.0002361309537302433,-0.003113919021905926,0.5386260897711115,-0.005273235426115634,-0.001318275336700387,-0.0008634178659406556,0.0010957603722382481,0.5351790573856294,-0.0032803854102560325,-0.002940285541281278,0.0016637279633180942,-0.007056009320759738,0.5331737778801895,0.0,0.0,0.0,1.0,1.0,2.0,0.0,0.0,0.0,-0.5799741160353008,-0.38592036532684454,-0.34943227880148003,-0.35989677146830373,-0.5642491441867694,-0.5580359437130994,-0.3811071699717674,-0.38197270726781724,-0.5687307075061141,0.0,-0.5288733596136921,-0.3975102297549765,0.0,0.0,-0.5675073561722981,-0.28504722713847364,-0.5513513291977757,-0.5518333006783209,0.0,0.0,-0.38910358894297925,0.0,0.0,0.0,0.0,0.0,0.0,43.0,3.0,25.0,0.0,6.0,-0.3730574513577592,-0.3793379525156156,23.0,517.0,-1.0680504706503766,-0.10796905179897111,-0.772623903152967,-6.544834561909027,-0.16072825676505828,0.31684559128252754,0.1505859903695009,-0.178715652333213,0.3164608554672149,-0.9085578124612973,-4.2904995781209,1.4481110253905045,0
293768,0.9917428,0.27528167,0.2,0.08508720268939021,0.6462804100049169,-0.7475783641566782,0.0,-0.8805826837692331,0.1702489865825747,0.5176785277457704,3.0,0.42337415837797543,3.0,-2.812290201332676,-2.82105483832997,-0.8257097593817008,-0.0792822408450771,-0.24655888866053205,-0.11846307504130041,-0.07995246549631385,-0.29224184924698143,0.07207741664757367,-0.09425155589616462,-0.022470264524366436,-0.2518263816769309,-0.0015144542656535392,-0.20503260203623586,0.005660285801862397,-0.3039453780009356,-0.18448503408818856,0.5514154968983421,0.026143047855447677,-0.09714503089941741,0.4475559410169906,0.03444472003528774,0.555934918110503,0.3212784464119477,1.0286999238188161,0.6848747399835062,-0.07225263847653136,0.5469928778723803,0.06378272572903304,0.5645940562575638,0.652902000682526,0.0,0.0,0.0,3.0,0.0,0.0,0.0,0.0,0.0,1.8312891478380822,2.1062396550834426,2.7918480987467627,2.8039811489114004,1.8373467071456333,1.8472085381165226,2.60493694792825,2.593825491141507,1.7941432896710727,2.0,1.7773198196824285,-0.46892569310243754,1.0,1.0,1.7971544795771106,-0.030347479841055236,1.5136383175565113,1.753410592504148,1.0,1.0,-0.40697211745191875,0.0,1.0,1.0,2.0,1.0,2.0,15.0,3.0,15.0,3.0,6.0,-0.36191511315384245,-0.45268590868940656,4.0,289.0,0.9762564515807006,-1.175772251567449,-0.6885462650949934,14.062743167071442,-3.251018332718275,11.90141402723493,0.3133777419914282,0.139703029703793,1.241722622665961,-0.10448176377445939,0.14481671119023,-1.0433881019375295,True,True,-0.7475783641566782,0.0,-0.8805826837692331,0.1702489865825747,0.5176785277457704,3.0,0.42337415837797543,3.0,-2.812290201332676,-2.82105483832997,-0.8257097593817008,-0.0792822408450771,-0.24655888866053205,-0.11846307504130041,-0.07995246549631385,-0.29224184924698143,0.07207741664757367,-0.09425155589616462,-0.022470264524366436,-0.2518263816769309,-0.0015144542656535392,-0.20503260203623586,0.005660285801862397,-0.3039453780009356,-0.18448503408818856,0.5514154968983421,0.026143047855447677,-0.09714503089941741,0.4475559410169906,0.03444472003528774,0.555934918110503,0.3212784464119477,1.0286999238188161,0.6848747399835062,-0.07225263847653136,0.5469928778723803,0.06378272572903304,0.5645940562575638,0.652902000682526,0.0,0.0,0.0,3.0,0.0,0.0,0.0,0.0,0.0,1.8312891478380822,2.1062396550834426,2.7918480987467627,2.8039811489114004,1.8373467071456333,1.8472085381165226,2.60493694792825,2.593825491141507,1.7941432896710727,2.0,1.7773198196824285,-0.46892569310243754,1.0,1.0,1.7971544795771106,-0.030347479841055236,1.5136383175565113,1.753410592504148,1.0,1.0,-0.40697211745191875,0.0,1.0,1.0,2.0,1.0,2.0,15.0,3.0,15.0,3.0,6.0,-0.36191511315384245,-0.45268590868940656,4.0,289.0,0.9762564515807006,-1.175772251567449,-0.6885462650949934,14.062743167071442,-3.251018332718275,11.90141402723493,0.3133777419914282,0.139703029703793,1.241722622665961,-0.10448176377445939,0.14481671119023,-1.0433881019375295,0
282087,0.9937928,0.060555506,0.14,0.03356392623053241,0.2636621704449061,-0.5628598408682708,3.0,-1.6557700589696405,-0.7212455112444994,-0.03217368562114591,4.0,0.3290294340454713,3.0,0.4811074521510554,0.33921224701220914,-0.7804315749134619,-0.09218598584189465,-0.03485477905959647,-0.007779643853947468,-0.07086199150750055,-0.2504724203891292,-0.14282858741145107,-0.08814429460662317,-0.04678598896019667,-0.2887777881843818,-0.06076633930521222,-0.10785251184174802,-0.0637937198867751,-0.29892812504501387,-0.21110078034590787,0.6497682133720415,-0.011564194147279933,-0.03237221147404086,-0.01336779513468137,0.0062954380946036925,0.007669716900530759,0.35105264070596254,1.0269749030835411,0.0659916910868116,0.005479005999531763,0.041271448205702554,-0.01766853725496202,-0.03169144654951836,-0.016735194180267702,0.0,0.0,0.0,0.0,0.0,0.0,0.0,0.0,0.0,1.7016334676661922,-0.41634697960866224,2.7955263294903605,2.7680080316951563,1.8136077227473089,1.819081497597841,2.6160806849705365,2.6036018423265443,1.748325906771979,1.0,1.9294811130998897,2.672158888325539,1.0,1.0,1.7220570742269077,-0.35363159639694186,2.1618729386092603,1.9545463822687357,1.0,1.0,2.50911510602424,4.0,2.0,1.0,2.0,2.0,1.0,25.0,0.0,25.0,0.0,3.0,2.6839736158925813,2.597891391326253,4.0,1090.0,-1.091683323571432,0.015661733816928657,-0.7463881711545064,26.466014171036726,-1.5390713839355026,-1.5878289269344246,1.031829418750731,0.13358113353038464,-2.6514716222148085,-0.059989669431501906,-0.40129857078466113,-0.7358896963651017,True,True,-0.5628598408682708,3.0,-1.6557700589696405,-0.7212455112444994,-0.03217368562114591,4.0,0.3290294340454713,3.0,0.4811074521510554,0.33921224701220914,-0.7804315749134619,-0.09218598584189465,-0.03485477905959647,-0.007779643853947468,-0.07086199150750055,-0.2504724203891292,-0.14282858741145107,-0.08814429460662317,-0.04678598896019667,-0.2887777881843818,-0.06076633930521222,-0.10785251184174802,-0.0637937198867751,-0.29892812504501387,-0.21110078034590787,0.6497682133720415,-0.011564194147279933,-0.03237221147404086,-0.01336779513468137,0.0062954380946036925,0.007669716900530759,0.35105264070596254,1.0269749030835411,0.0659916910868116,0.005479005999531763,0.041271448205702554,-0.01766853725496202,-0.03169144654951836,-0.016735194180267702,0.0,0.0,0.0,0.0,0.0,0.0,0.0,0.0,0.0,1.7016334676661922,-0.41634697960866224,2.7955263294903605,2.7680080316951563,1.8136077227473089,1.819081497597841,2.6160806849705365,2.6036018423265443,1.748325906771979,1.0,1.9294811130998897,2.672158888325539,1.0,1.0,1.7220570742269077,-0.35363159639694186,2.1618729386092603,1.9545463822687357,1.0,1.0,2.50911510602424,4.0,2.0,1.0,2.0,2.0,1.0,25.0,0.0,25.0,0.0,3.0,2.6839736158925813,2.597891391326253,4.0,1090.0,-1.091683323571432,0.015661733816928657,-0.7463881711545064,26.466014171036726,-1.5390713839355026,-1.5878289269344246,1.031829418750731,0.13358113353038464,-2.6514716222148085,-0.059989669431501906,-0.40129857078466113,-0.7358896963651017,0
235810,0.6003541,0.39356112,0.01,0.0025521382703821843,0.021421599181504245,-0.43947554494344454,4.0,-1.6353777946642305,0.7564783518289547,-0.0005262483406389211,3.0,0.30387735125650533,2.0,0.14361256519876886,0.3574036662001098,-0.7516327260691403,-0.09467735078065176,-0.09527879611190566,-0.0454558793756335,-0.05981206345607121,-0.22148073289606418,-0.11222224795779238,-0.04385719367606376,-0.0560453162776446,-0.14788572822631155,-0.054905839949608494,-0.09455671811185143,-0.048406741033776325,-0.13130211446005768,-0.15047244023452813,0.663857819570199,0.6599650174380736,0.5542098944289547,0.5795072477549952,0.5526324806677333,-0.0005894133054825572,0.002006323633732372,-0.0019996647714060384,0.5795572435017367,0.004834509029519713,0.005276273718503227,-0.00016208150945351942,-0.004987701522427163,0.5718542341651268,0.0,0.0,0.0,2.0,2.0,2.0,0.0,0.0,0.0,-0.5672230705729902,-0.39286044589608665,-0.35909334682555405,-0.35776096044885075,-0.5558265831791728,-0.5541602512242509,-0.385032633449152,-0.38429061137161696,-0.5650427006454767,0.0,-0.5281259053064132,-0.3942499134256907,0.0,0.0,-0.5613708968417742,-0.2920043401829247,-0.5555926863576341,-0.5575383721112399,0.0,0.0,-0.38879960875938174,0.0,0.0,0.0,0.0,0.0,0.0,2.0,3.0,25.0,0.0,6.0,-0.37069947760680494,-0.36935396658250547,23.0,517.0,1.4885559066674259,0.021561982879502596,-0.7711235831538218,-6.598528218870103,0.5257680239991781,0.3298549065505946,0.012933791717816785,0.3941768462045051,0.35654513063009285,-0.628582638736574,-4.005755673304288,2.4754449604754303,True,True,-0.43947554494344454,4.0,-1.6353777946642305,0.7564783518289547,-0.0005262483406389211,3.0,0.30387735125650533,2.0,0.14361256519876886,0.3574036662001098,-0.7516327260691403,-0.09467735078065176,-0.09527879611190566,-0.0454558793756335,-0.05981206345607121,-0.22148073289606418,-0.11222224795779238,-0.04385719367606376,-0.0560453162776446,-0.14788572822631155,-0.054905839949608494,-0.09455671811185143,-0.048406741033776325,-0.13130211446005768,-0.15047244023452813,0.663857819570199,0.6599650174380736,0.5542098944289547,0.5795072477549952,0.5526324806677333,-0.0005894133054825572,0.002006323633732372,-0.0019996647714060384,0.5795572435017367,0.004834509029519713,0.005276273718503227,-0.00016208150945351942,-0.004987701522427163,0.5718542341651268,0.0,0.0,0.0,2.0,2.0,2.0,0.0,0.0,0.0,-0.5672230705729902,-0.39286044589608665,-0.35909334682555405,-0.35776096044885075,-0.5558265831791728,-0.5541602512242509,-0.385032633449152,-0.38429061137161696,-0.5650427006454767,0.0,-0.5281259053064132,-0.3942499134256907,0.0,0.0,-0.5613708968417742,-0.2920043401829247,-0.5555926863576341,-0.5575383721112399,0.0,0.0,-0.38879960875938174,0.0,0.0,0.0,0.0,0.0,0.0,2.0,3.0,25.0,0.0,6.0,-0.37069947760680494,-0.36935396658250547,23.0,517.0,1.4885559066674259,0.021561982879502596,-0.7711235831538218,-6.598528218870103,0.5257680239991781,0.3298549065505946,0.012933791717816785,0.3941768462045051,0.35654513063009285,-0.628582638736574,-4.005755673304288,2.4754449604754303,0
187787,0.83170474,0.46479464,0.01,0.0025521382703821843,0.020659129728920093,-0.6924641280422955,3.0,1.173158590550322,0.3335949793199125,-0.006033154511874784,4.0,0.32784813108836447,3.0,0.4428471440207779,0.3594366892842363,-0.7562400647891523,-0.09497589864110607,-0.08728111694452867,-0.03948311990187178,-0.03649687712059029,-0.21507598989043,-0.1287199529067378,-0.049998931066399695,-0.04374679763676539,-0.26727013077378386,-0.0469343775732879,-0.08846803130544208,-0.04615707468712065,-0.23847853527929078,-0.13219639059824567,0.6088040362124433,-0.0016852072871538192,-0.0008008297327703313,-0.0015962676637316,-0.0019475567091094977,-3.5123750640582084e-05,0.3699103995475155,1.0014204374918683,0.002016577648641298,0.0004176865304533202,-0.0035650502749028064,-0.0008893267787506006,-0.0016868757620091303,-0.005252452782420319,0.0,0.0,0.0,0.0,0.0,0.0,0.0,0.0,0.0,1.7546427137530154,-0.3595633914079468,2.7904677227723798,2.793868049255046,1.811901251079878,1.809402274833118,2.601320856055042,2.6049821683321466,1.770825699693083,2.0,1.8955343358845302,2.4063472641816728,1.0,1.0,1.7344561908038505,3.4541143394680844,1.76928276200144,1.98837240563101,1.0,1.0,2.5474901476349094,4.0,2.0,1.0,2.0,2.0,1.0,25.0,0.0,15.0,3.0,3.0,2.110715257303898,2.157495750337755,8.0,1090.0,0.4619687057063435,-0.9007717592898067,-1.0144225415359223,31.249677423843536,-1.1959474706688236,-5.332641978185973,1.1513333065407212,0.08216348314607864,0.9674215319403654,-0.10728527402439146,-0.16823366671625203,-0.5144604547976842,True,True,-0.6924641280422955,3.0,1.173158590550322,0.3335949793199125,-0.006033154511874784,4.0,0.32784813108836447,3.0,0.4428471440207779,0.3594366892842363,-0.7562400647891523,-0.09497589864110607,-0.08728111694452867,-0.03948311990187178,-0.03649687712059029,-0.21507598989043,-0.1287199529067378,-0.049998931066399695,-0.04374679763676539,-0.26727013077378386,-0.0469343775732879,-0.08846803130544208,-0.04615707468712065,-0.23847853527929078,-0.13219639059824567,0.6088040362124433,-0.0016852072871538192,-0.0008008297327703313,-0.0015962676637316,-0.0019475567091094977,-3.5123750640582084e-05,0.3699103995475155,1.0014204374918683,0.002016577648641298,0.0004176865304533202,-0.0035650502749028064,-0.0008893267787506006,-0.0016868757620091303,-0.005252452782420319,0.0,0.0,0.0,0.0,0.0,0.0,0.0,0.0,0.0,1.7546427137530154,-0.3595633914079468,2.7904677227723798,2.793868049255046,1.811901251079878,1.809402274833118,2.601320856055042,2.6049821683321466,1.770825699693083,2.0,1.8955343358845302,2.4063472641816728,1.0,1.0,1.7344561908038505,3.4541143394680844,1.76928276200144,1.98837240563101,1.0,1.0,2.5474901476349094,4.0,2.0,1.0,2.0,2.0,1.0,25.0,0.0,15.0,3.0,3.0,2.110715257303898,2.157495750337755,8.0,1090.0,0.4619687057063435,-0.9007717592898067,-1.0144225415359223,31.249677423843536,-1.1959474706688236,-5.332641978185973,1.1513333065407212,0.08216348314607864,0.9674215319403654,-0.10728527402439146,-0.16823366671625203,-0.5144604547976842,0
117422,0.99597543,0.2973494,0.19,0.0734769996100588,0.5242298556640808,0.37966529119185877,0.0,-0.2388238711156731,-0.8538819402002489,0.6038384874921047,3.0,-0.27012941506262367,3.0,-2.6914845834001784,-2.901348551911606,-0.7474356396439624,-0.04551153732010472,0.02082526010639812,0.06935156831931746,0.014204869555426394,-0.18799443263715168,-0.17184077866734648,-0.008527347001300076,-0.01584577128043369,-0.33739970305792977,-0.05430648171153122,-0.14857496229751133,-0.04575114151459422,-0.31560294725934357,-0.15071839962088884,0.4658133225602007,0.0500623590555654,-0.05392668248534335,0.4504862178942798,0.6996449467994541,0.48724042223579406,0.3434861662690286,0.990592707905808,0.5456414640977355,-0.020471566795513537,0.5794780435088763,0.6717538498295061,0.5193392270702089,0.5126097944499705,0.0,0.0,0.0,1.0,0.0,0.0,0.0,0.0,0.0,1.7033269435400538,1.0623493902162264,2.8560273400862783,2.7112733970173526,1.8889936324044687,1.7711320070119447,2.662516317883478,2.6277237797463293,1.6530553278254305,2.0,1.993811159415471,-0.49844225962993605,1.0,1.0,1.8234812266246934,3.44691446667414,1.6493329399391914,1.2618668743822834,1.0,1.0,-0.43058931044810833,0.0,1.0,1.0,2.0,2.0,1.0,17.0,3.0,17.0,3.0,6.0,-0.27828562082012487,-0.40018781720858376,4.0,1090.0,-0.6898102089733249,0.6686062767304043,1.7037697197792212,9.828356068087523,-2.36609404639323,16.225779108752597,-0.6784321952912715,-0.124564124420352,-2.2127777489750966,0.10676857104422621,1.0376861247537206,0.27918704164336766,True,True,0.37966529119185877,0.0,-0.2388238711156731,-0.8538819402002489,0.6038384874921047,3.0,-0.27012941506262367,3.0,-2.6914845834001784,-2.901348551911606,-0.7474356396439624,-0.04551153732010472,0.02082526010639812,0.06935156831931746,0.014204869555426394,-0.18799443263715168,-0.17184077866734648,-0.008527347001300076,-0.01584577128043369,-0.33739970305792977,-0.05430648171153122,-0.14857496229751133,-0.04575114151459422,-0.31560294725934357,-0.15071839962088884,0.4658133225602007,0.0500623590555654,-0.05392668248534335,0.4504862178942798,0.6996449467994541,0.48724042223579406,0.3434861662690286,0.990592707905808,0.5456414640977355,-0.020471566795513537,0.5794780435088763,0.6717538498295061,0.5193392270702089,0.5126097944499705,0.0,0.0,0.0,1.0,0.0,0.0,0.0,0.0,0.0,1.7033269435400538,1.0623493902162264,2.8560273400862783,2.7112733970173526,1.8889936324044687,1.7711320070119447,2.662516317883478,2.6277237797463293,1.6530553278254305,2.0,1.993811159415471,-0.49844225962993605,1.0,1.0,1.8234812266246934,3.44691446667414,1.6493329399391914,1.2618668743822834,1.0,1.0,-0.43058931044810833,0.0,1.0,1.0,2.0,2.0,1.0,17.0,3.0,17.0,3.0,6.0,-0.27828562082012487,-0.40018781720858376,4.0,1090.0,-0.6898102089733249,0.6686062767304043,1.7037697197792212,9.828356068087523,-2.36609404639323,16.225779108752597,-0.6784321952912715,-0.124564124420352,-2.2127777489750966,0.10676857104422621,1.0376861247537206,0.27918704164336766,0
313340,0.56543,0.28320765,0.01,0.0025521382703821843,0.019341136248291438,0.04678139426545292,4.0,-1.191344608857799,0.450463567679035,-0.006088553685623329,3.0,0.29995604594811714,3.0,-0.05084098244152039,0.3571789269508812,0.930174208994287,-0.07979529243557477,-0.0932575640980768,-0.03771306480196528,-0.062426887094700095,-0.2149238290115193,-0.10038995808859444,-0.046960814101063134,-0.054337573548612225,-0.20991227474236143,-0.05671778585864966,-0.09515158679834472,-0.044530604891654196,-0.2352595833099985,-0.1322794032772696,0.6112299663916687,-0.0018243286033988676,0.0002102862033898805,0.5731793790763376,0.5907632438815548,0.001942749252464024,0.002558189210903093,0.0014909619588936247,0.5949071638127379,0.7256277587276219,0.0024226223763168407,0.0030718311097049475,-0.001635705642578032,0.6451811854972944,2.0,2.0,2.0,1.0,2.0,1.0,1.0,1.0,2.0,-0.57968291745367,-0.39005168999360024,-0.3566394597609509,-0.35904541722107086,-0.553400688426957,-0.5539620679330194,-0.38050912065884057,-0.39034189758736676,-0.5638960777504575,0.0,-0.5340742554602375,-0.39614225158689637,0.0,0.0,-0.5625327198191155,-0.2901588589634871,-0.5596231041076355,-0.5554481717625759,0.0,0.0,-0.39431060632487414,0.0,0.0,0.0,0.0,0.0,0.0,15.0,3.0,25.0,0.0,6.0,-0.3703399983713445,-0.37666831403934903,23.0,517.0,0.46626659293171874,0.5501873475153851,-0.5213897554574989,-7.524550739019011,-0.009951361681455329,-0.6016932835545937,0.2600060559799513,-0.14364257180607118,2.196068254304152,-0.14165783300994633,1.176693317642212,-0.7173859587725732,True,True,0.04678139426545292,4.0,-1.191344608857799,0.450463567679035,-0.006088553685623329,3.0,0.29995604594811714,3.0,-0.05084098244152039,0.3571789269508812,0.930174208994287,-0.07979529243557477,-0.0932575640980768,-0.03771306480196528,-0.062426887094700095,-0.2149238290115193,-0.10038995808859444,-0.046960814101063134,-0.054337573548612225,-0.20991227474236143,-0.05671778585864966,-0.09515158679834472,-0.044530604891654196,-0.2352595833099985,-0.1322794032772696,0.6112299663916687,-0.0018243286033988676,0.0002102862033898805,0.5731793790763376,0.5907632438815548,0.001942749252464024,0.002558189210903093,0.0014909619588936247,0.5949071638127379,0.7256277587276219,0.0024226223763168407,0.0030718311097049475,-0.001635705642578032,0.6451811854972944,2.0,2.0,2.0,1.0,2.0,1.0,1.0,1.0,2.0,-0.57968291745367,-0.39005168999360024,-0.3566394597609509,-0.35904541722107086,-0.553400688426957,-0.5539620679330194,-0.38050912065884057,-0.39034189758736676,-0.5638960777504575,0.0,-0.5340742554602375,-0.39614225158689637,0.0,0.0,-0.5625327198191155,-0.2901588589634871,-0.5596231041076355,-0.5554481717625759,0.0,0.0,-0.39431060632487414,0.0,0.0,0.0,0.0,0.0,0.0,15.0,3.0,25.0,0.0,6.0,-0.3703399983713445,-0.37666831403934903,23.0,517.0,0.46626659293171874,0.5501873475153851,-0.5213897554574989,-7.524550739019011,-0.009951361681455329,-0.6016932835545937,0.2600060559799513,-0.14364257180607118,2.196068254304152,-0.14165783300994633,1.176693317642212,-0.7173859587725732,0
133220,0.88700074,0.4536099,0.06999999999999999,0.009434629620313228,0.08302555829392952,1.8068737669136443,2.0,1.050297154500296,0.7746457455593654,0.0023291643553993487,4.0,0.32111749737060813,2.0,0.4644125246592479,0.38227536808435036,-0.750817092382578,-0.11129241423068045,-0.08997439157160288,-0.02519419261235816,-0.05320766788082332,-0.2238937606178259,-0.12433983090421209,-0.04525039741269705,-0.044044618294456224,-0.2691327495458872,-0.061039128169652415,-0.10047605559073425,-0.0460863496304983,-0.2398253038932018,-0.15590495710678196,0.5967463668156688,0.002768544969510805,0.010658997635954319,-0.0034240340520634758,0.019368905755047294,0.014188168259161409,0.3778301901507703,0.9938665008101324,0.001439610001307828,-0.007006713864553626,-0.00043339844166118797,-0.011777779031719017,0.5141364865089837,0.001970517428340195,0.0,0.0,0.0,0.0,0.0,0.0,0.0,0.0,0.0,1.742241629186212,1.515342933222104,2.7881354102299793,2.79517984036021,1.7710510773704629,1.705657952800253,2.609971794544768,2.6118344532935622,1.7663075219303543,2.0,1.9180822971811482,1.365606133902339,1.0,1.0,1.7283169994943453,-0.2984951312033808,1.3539818316049759,1.4645824940039007,1.0,1.0,2.576369268261952,3.0,2.0,1.0,1.0,1.0,2.0,15.0,3.0,15.0,3.0,5.0,3.2244308798534194,2.6783826217784896,22.0,304.0,-1.589099922870569,-1.4127370984622045,1.7302711303054321,31.600350974700564,-0.618182481672806,-5.191046250574645,0.8020859542728538,0.23872133611246196,1.0895578031530146,0.025609754699706215,0.4034350872275913,1.0122001987008047,True,True,1.8068737669136443,2.0,1.050297154500296,0.7746457455593654,0.0023291643553993487,4.0,0.32111749737060813,2.0,0.4644125246592479,0.38227536808435036,-0.750817092382578,-0.11129241423068045,-0.08997439157160288,-0.02519419261235816,-0.05320766788082332,-0.2238937606178259,-0.12433983090421209,-0.04525039741269705,-0.044044618294456224,-0.2691327495458872,-0.061039128169652415,-0.10047605559073425,-0.0460863496304983,-0.2398253038932018,-0.15590495710678196,0.5967463668156688,0.002768544969510805,0.010658997635954319,-0.0034240340520634758,0.019368905755047294,0.014188168259161409,0.3778301901507703,0.9938665008101324,0.001439610001307828,-0.007006713864553626,-0.00043339844166118797,-0.011777779031719017,0.5141364865089837,0.001970517428340195,0.0,0.0,0.0,0.0,0.0,0.0,0.0,0.0,0.0,1.742241629186212,1.515342933222104,2.7881354102299793,2.79517984036021,1.7710510773704629,1.705657952800253,2.609971794544768,2.6118344532935622,1.7663075219303543,2.0,1.9180822971811482,1.365606133902339,1.0,1.0,1.7283169994943453,-0.2984951312033808,1.3539818316049759,1.4645824940039007,1.0,1.0,2.576369268261952,3.0,2.0,1.0,1.0,1.0,2.0,15.0,3.0,15.0,3.0,5.0,3.2244308798534194,2.6783826217784896,22.0,304.0,-1.589099922870569,-1.4127370984622045,1.7302711303054321,31.600350974700564,-0.618182481672806,-5.191046250574645,0.8020859542728538,0.23872133611246196,1.0895578031530146,0.025609754699706215,0.4034350872275913,1.0122001987008047,0
241832,0.50230813,0.46843916,0.04,0.005058857517455529,0.038573079165425475,-0.5166591731347415,1.0,0.5038241096483033,0.9357629188589157,-0.009995464279094642,4.0,0.31876473351728746,3.0,0.27729550070630443,0.34963093998037004,-0.7520852935177307,-0.104528565117002,-0.09515024497857444,-0.028563811343208817,-0.033568872804850935,-0.22857575861561738,-0.10879715910248812,-0.0403401829571528,-0.04885277302637794,-0.2712363406766161,-0.04199100077550937,-0.09049978011754149,-0.05202325481809423,-0.2565052890663714,-0.1616212951575459,0.6042143354102485,-0.0018701021970200303,-0.00040757793490476624,0.010673708931723739,0.0017200162473360134,0.001014388721720762,0.002745643569858703,0.0020952355113487186,-0.0008925190522099469,0.0012337885213654287,-0.00014704800097757218,-0.0014263705441517587,-0.0011874520608540792,0.0032367394910674955,0.0,0.0,0.0,0.0,0.0,0.0,0.0,0.0,0.0,1.7504426006038523,2.2052324719961622,-0.3558304543196358,-0.3561378910170848,1.79635613717446,1.815706945172662,-0.3912484044256693,-0.3766067309443802,1.7657859170123031,2.0,1.8973201165302156,2.410862452891028,2.0,2.0,1.7351856787637125,-0.2860830912533957,2.1045835614892416,1.4548081834070685,2.0,2.0,2.544695707901745,4.0,2.0,1.0,2.0,2.0,1.0,43.0,3.0,44.0,3.0,3.0,2.012302324979265,2.5236248227436664,10.0,1090.0,-1.072094243272504,0.2837305374453745,-0.7607366823670842,31.16375198504909,-1.1910781047131125,-5.418862132247118,1.159674296269641,0.08669277496194258,0.9762836401299223,-0.11569978427746758,-0.20330177881827383,-0.5367821220753056,True,True,-0.5166591731347415,1.0,0.5038241096483033,0.9357629188589157,-0.009995464279094642,4.0,0.31876473351728746,3.0,0.27729550070630443,0.34963093998037004,-0.7520852935177307,-0.104528565117002,-0.09515024497857444,-0.028563811343208817,-0.033568872804850935,-0.22857575861561738,-0.10879715910248812,-0.0403401829571528,-0.04885277302637794,-0.2712363406766161,-0.04199100077550937,-0.09049978011754149,-0.05202325481809423,-0.2565052890663714,-0.1616212951575459,0.6042143354102485,-0.0018701021970200303,-0.00040757793490476624,0.010673708931723739,0.0017200162473360134,0.001014388721720762,0.002745643569858703,0.0020952355113487186,-0.0008925190522099469,0.0012337885213654287,-0.00014704800097757218,-0.0014263705441517587,-0.0011874520608540792,0.0032367394910674955,0.0,0.0,0.0,0.0,0.0,0.0,0.0,0.0,0.0,1.7504426006038523,2.2052324719961622,-0.3558304543196358,-0.3561378910170848,1.79635613717446,1.815706945172662,-0.3912484044256693,-0.3766067309443802,1.7657859170123031,2.0,1.8973201165302156,2.410862452891028,2.0,2.0,1.7351856787637125,-0.2860830912533957,2.1045835614892416,1.4548081834070685,2.0,2.0,2.544695707901745,4.0,2.0,1.0,2.0,2.0,1.0,43.0,3.0,44.0,3.0,3.0,2.012302324979265,2.5236248227436664,10.0,1090.0,-1.072094243272504,0.2837305374453745,-0.7607366823670842,31.16375198504909,-1.1910781047131125,-5.418862132247118,1.159674296269641,0.08669277496194258,0.9762836401299223,-0.11569978427746758,-0.20330177881827383,-0.5367821220753056,0
341769,0.7243331,0.45393333,0.02,0.0032300924127905565,0.025794653117287923,0.04904811616697563,4.0,-0.3068505124843408,-0.14097628087199313,0.0072208400610869194,3.0,-0.6788104279437726,3.0,-0.044499226596951255,0.35860808026023056,-0.7572400010378789,-0.0989329037482398,-0.0828496828000283,-0.03805388115301171,-0.05792328841122862,-0.2201501618423704,-0.1027217026112441,-0.04181146331982843,-0.05586844348419472,-0.1513638329085171,-0.05516552813785496,-0.09474038411642019,-0.05015123807819154,-0.24442640047923242,-0.14669310627567267,0.6102495109804439,0.6092453786348141,0.5503952386979926,0.5271845279031461,0.5532985549928066,0.007466916105616266,0.0003132612125162161,-0.0015255708178666585,0.5314715866992749,0.6017475866019488,0.0020404664280893447,-0.007702238894996059,-0.001144345168998709,0.5338579485686681,2.0,2.0,1.0,2.0,2.0,1.0,1.0,1.0,2.0,-0.5718610944911932,-0.39499892679637255,-0.3604145279093974,-0.36249167681827427,-0.5542480332745374,-0.5522743950189976,-0.3851667595785915,-0.3787077281883788,-0.5697943508122896,0.0,-0.5281170155230693,-0.3960055032081317,0.0,0.0,-0.5674488954011885,-0.2902296949705324,-0.5571803829994693,-0.5561762498114778,0.0,0.0,-0.3913375371254318,0.0,0.0,0.0,0.0,0.0,0.0,43.0,3.0,25.0,0.0,6.0,-0.3706854539467772,-0.37547671290857837,23.0,517.0,0.9672768996763,-1.8141408310511054,-0.52287456523464,-7.57001030416696,0.5494608192202322,-0.5613135064902153,0.2311496877459361,0.2388076991148506,2.402331715393723,1.4577429174248535,1.0943736901316028,0.16376170521672273,True,True,0.04904811616697563,4.0,-0.3068505124843408,-0.14097628087199313,0.0072208400610869194,3.0,-0.6788104279437726,3.0,-0.044499226596951255,0.35860808026023056,-0.7572400010378789,-0.0989329037482398,-0.0828496828000283,-0.03805388115301171,-0.05792328841122862,-0.2201501618423704,-0.1027217026112441,-0.04181146331982843,-0.05586844348419472,-0.1513638329085171,-0.05516552813785496,-0.09474038411642019,-0.05015123807819154,-0.24442640047923242,-0.14669310627567267,0.6102495109804439,0.6092453786348141,0.5503952386979926,0.5271845279031461,0.5532985549928066,0.007466916105616266,0.0003132612125162161,-0.0015255708178666585,0.5314715866992749,0.6017475866019488,0.0020404664280893447,-0.007702238894996059,-0.001144345168998709,0.5338579485686681,2.0,2.0,1.0,2.0,2.0,1.0,1.0,1.0,2.0,-0.5718610944911932,-0.39499892679637255,-0.3604145279093974,-0.36249167681827427,-0.5542480332745374,-0.5522743950189976,-0.3851667595785915,-0.3787077281883788,-0.5697943508122896,0.0,-0.5281170155230693,-0.3960055032081317,0.0,0.0,-0.5674488954011885,-0.2902296949705324,-0.5571803829994693,-0.5561762498114778,0.0,0.0,-0.3913375371254318,0.0,0.0,0.0,0.0,0.0,0.0,43.0,3.0,25.0,0.0,6.0,-0.3706854539467772,-0.37547671290857837,23.0,517.0,0.9672768996763,-1.8141408310511054,-0.52287456523464,-7.57001030416696,0.5494608192202322,-0.5613135064902153,0.2311496877459361,0.2388076991148506,2.402331715393723,1.4577429174248535,1.0943736901316028,0.16376170521672273,0
79540,0.9992594,0.21442865,0.21000000000000002,0.0982356594956918,0.8194347656386687,0.4474761909464107,1.0,-1.4796543664804496,-0.8369189609980724,0.00439861905766443,4.0,0.30938769850272935,3.0,0.3650419580133745,0.35432013675621776,-0.697958686020103,-0.0987150969847834,-0.09946244869658394,0.020690832455475996,-0.10131452402778675,-0.11622558015647727,-0.2631808774012998,0.0005299762678861314,-0.010100366150957565,-0.2247949102765265,-0.09237646553340155,0.06607214492938535,-0.024420067527207975,-0.1802017093152724,-0.29903252017335274,0.5476445950982592,0.024598113591299927,0.0949515231390329,0.15877028249457384,-0.0359430980287578,-0.14157246373200696,0.08809620113927817,0.2104913416911356,0.19920421639630706,-0.2315946789356906,0.014671970653915959,0.05280331538630215,0.36103415876925,0.12542482638018396,0.0,0.0,0.0,0.0,0.0,0.0,0.0,0.0,0.0,1.7612658976990947,0.7490429737528493,-0.2932743890967884,-0.3166405519015944,1.7610464534121573,1.5901883047331429,-0.3373296538249065,-0.5097295581219594,1.8527942953294823,2.0,1.6746253483521663,2.3175460203773324,2.0,2.0,1.8471578177422532,3.411333757235982,2.1256916353969606,1.6038809186092817,2.0,2.0,2.5988976615248434,3.0,2.0,1.0,2.0,2.0,2.0,15.0,3.0,15.0,3.0,5.0,2.9457600758640083,2.854423277125525,22.0,304.0,-0.01092137119091504,-1.6250385417394537,1.7536866662175594,31.160295728802083,-0.9917877957663908,-5.653690306233531,1.1359858788705792,0.09444763067031059,1.1272780997468896,-0.21580312402361918,-0.12203206637366233,-0.5400052006362557,True,True,0.4474761909464107,1.0,-1.4796543664804496,-0.8369189609980724,0.00439861905766443,4.0,0.30938769850272935,3.0,0.3650419580133745,0.35432013675621776,-0.697958686020103,-0.0987150969847834,-0.09946244869658394,0.020690832455475996,-0.10131452402778675,-0.11622558015647727,-0.2631808774012998,0.0005299762678861314,-0.010100366150957565,-0.2247949102765265,-0.09237646553340155,0.06607214492938535,-0.024420067527207975,-0.1802017093152724,-0.29903252017335274,0.5476445950982592,0.024598113591299927,0.0949515231390329,0.15877028249457384,-0.0359430980287578,-0.14157246373200696,0.08809620113927817,0.2104913416911356,0.19920421639630706,-0.2315946789356906,0.014671970653915959,0.05280331538630215,0.36103415876925,0.12542482638018396,0.0,0.0,0.0,0.0,0.0,0.0,0.0,0.0,0.0,1.7612658976990947,0.7490429737528493,-0.2932743890967884,-0.3166405519015944,1.7610464534121573,1.5901883047331429,-0.3373296538249065,-0.5097295581219594,1.8527942953294823,2.0,1.6746253483521663,2.3175460203773324,2.0,2.0,1.8471578177422532,3.411333757235982,2.1256916353969606,1.6038809186092817,2.0,2.0,2.5988976615248434,3.0,2.0,1.0,2.0,2.0,2.0,15.0,3.0,15.0,3.0,5.0,2.9457600758640083,2.854423277125525,22.0,304.0,-0.01092137119091504,-1.6250385417394537,1.7536866662175594,31.160295728802083,-0.9917877957663908,-5.653690306233531,1.1359858788705792,0.09444763067031059,1.1272780997468896,-0.21580312402361918,-0.12203206637366233,-0.5400052006362557,0
465863,0.8739062,0.25664067,0.14,0.03356392623053241,0.26955714042633894,1.1525052075900353,4.0,-0.9879252866610502,0.09610678351724718,0.03829422145646678,4.0,0.0749020940753655,3.0,0.42240263042143267,0.3294735990062161,-0.7190430627281598,-0.09885659864825655,-0.13499114284617478,-0.013548545885658538,-0.0028802593165098214,-0.2274252045742916,-0.13976999809086615,-0.03494440615746227,-0.07512982928228505,-0.18847716627699046,-0.012526330244768083,-0.05230388493836452,0.051305782984584006,-0.21952306627738236,-0.169958618732778,0.6208481030797085,0.6321756515932216,0.5625005202102669,0.046708543705370545,-0.010895536805646158,0.03215244016232125,0.03315614405860867,0.019157367787449482,0.4753204308314931,0.04154185445066808,0.03967791609313383,-0.03250169102108233,0.02182427526062467,-0.006644737767023558,0.0,0.0,0.0,1.0,2.0,1.0,0.0,0.0,0.0,-0.517943765485632,-0.4186415576687588,-0.3593092792280927,-0.3432319161791195,-0.5744319255485799,-0.5380813600841772,-0.36183218851068694,-0.37963536678035026,-0.5395977481070202,0.0,-0.45809979396947587,-0.40802326475622325,0.0,0.0,-0.5088963580552324,-0.2676397426567639,-0.502246097781223,-0.5197894047134616,0.0,0.0,-0.4402084528864003,0.0,0.0,0.0,0.0,0.0,0.0,15.0,3.0,25.0,0.0,6.0,-0.4216054045532157,-0.3744933817582807,23.0,517.0,0.957566738137488,0.373353211421475,-0.2373815061536212,-1.3885240637438931,2.2704707542546276,-7.139178401823274,-0.022484242813841003,0.2873102297879426,-8.469660625487718,1.6253422257783494,-4.513067389619935,2.6076156679790152,True,True,1.1525052075900353,4.0,-0.9879252866610502,0.09610678351724718,0.03829422145646678,4.0,0.0749020940753655,3.0,0.42240263042143267,0.3294735990062161,-0.7190430627281598,-0.09885659864825655,-0.13499114284617478,-0.013548545885658538,-0.0028802593165098214,-0.2274252045742916,-0.13976999809086615,-0.03494440615746227,-0.07512982928228505,-0.18847716627699046,-0.012526330244768083,-0.05230388493836452,0.051305782984584006,-0.21952306627738236,-0.169958618732778,0.6208481030797085,0.6321756515932216,0.5625005202102669,0.046708543705370545,-0.010895536805646158,0.03215244016232125,0.03315614405860867,0.019157367787449482,0.4753204308314931,0.04154185445066808,0.03967791609313383,-0.03250169102108233,0.02182427526062467,-0.006644737767023558,0.0,0.0,0.0,1.0,2.0,1.0,0.0,0.0,0.0,-0.517943765485632,-0.4186415576687588,-0.3593092792280927,-0.3432319161791195,-0.5744319255485799,-0.5380813600841772,-0.36183218851068694,-0.37963536678035026,-0.5395977481070202,0.0,-0.45809979396947587,-0.40802326475622325,0.0,0.0,-0.5088963580552324,-0.2676397426567639,-0.502246097781223,-0.5197894047134616,0.0,0.0,-0.4402084528864003,0.0,0.0,0.0,0.0,0.0,0.0,15.0,3.0,25.0,0.0,6.0,-0.4216054045532157,-0.3744933817582807,23.0,517.0,0.957566738137488,0.373353211421475,-0.2373815061536212,-1.3885240637438931,2.2704707542546276,-7.139178401823274,-0.022484242813841003,0.2873102297879426,-8.469660625487718,1.6253422257783494,-4.513067389619935,2.6076156679790152,0
289225,0.9987263,0.0057840017,0.26,0.19338051145240298,1.3328294122290878,0.5039261851890873,3.0,-1.1771945882731178,1.0383109797156218,-0.24549207498097844,4.0,-0.014851799174920077,2.0,0.3167434603231717,0.31636382965032095,-0.826467728276839,-0.08292033169125364,-0.0725199533381601,-0.006247929800768784,0.16104674633172508,0.003183024031161885,-0.06658767846731883,-0.25013365732058546,-0.13159348604608048,-0.23974350647054923,0.18616452516035886,-0.10655373715419024,0.044401906996304405,-0.008261384669200705,0.2804997187927277,0.9183720271862159,-0.08738468659121208,-0.12887535661032912,0.22287717490993117,-0.08123548783699544,0.09922737495676268,0.47529197745996365,0.9572207037611136,0.23480646590026802,0.13982708018068415,0.1695532222512091,0.23630245358909305,0.38020388398411037,-0.10575162493168234,0.0,0.0,0.0,0.0,0.0,0.0,0.0,0.0,0.0,1.763227514624576,-0.5286109956071137,2.3224400428146486,2.8017160584086036,1.8466236077289702,1.8460980835180494,2.806419213511176,2.238069533518054,1.9432971803017842,2.0,1.7797024709990912,2.7194348418807373,1.0,1.0,1.863549685164738,3.3275497964060556,1.44968272673635,1.7419232506822848,1.0,1.0,2.628574039502767,4.0,2.0,1.0,2.0,2.0,2.0,25.0,0.0,15.0,3.0,0.0,2.066641948336187,2.0498696256842823,4.0,517.0,0.16980895961740466,0.8805432050847312,-0.49693129469536595,31.430286109769362,-1.1337358296037445,-5.523146523757597,0.8968649590401128,0.3233309165038112,1.2197670392211661,-0.2125088780792754,0.04925842670914424,-0.3518847026881106,True,True,0.5039261851890873,3.0,-1.1771945882731178,1.0383109797156218,-0.24549207498097844,4.0,-0.014851799174920077,2.0,0.3167434603231717,0.31636382965032095,-0.826467728276839,-0.08292033169125364,-0.0725199533381601,-0.006247929800768784,0.16104674633172508,0.003183024031161885,-0.06658767846731883,-0.25013365732058546,-0.13159348604608048,-0.23974350647054923,0.18616452516035886,-0.10655373715419024,0.044401906996304405,-0.008261384669200705,0.2804997187927277,0.9183720271862159,-0.08738468659121208,-0.12887535661032912,0.22287717490993117,-0.08123548783699544,0.09922737495676268,0.47529197745996365,0.9572207037611136,0.23480646590026802,0.13982708018068415,0.1695532222512091,0.23630245358909305,0.38020388398411037,-0.10575162493168234,0.0,0.0,0.0,0.0,0.0,0.0,0.0,0.0,0.0,1.763227514624576,-0.5286109956071137,2.3224400428146486,2.8017160584086036,1.8466236077289702,1.8460980835180494,2.806419213511176,2.238069533518054,1.9432971803017842,2.0,1.7797024709990912,2.7194348418807373,1.0,1.0,1.863549685164738,3.3275497964060556,1.44968272673635,1.7419232506822848,1.0,1.0,2.628574039502767,4.0,2.0,1.0,2.0,2.0,2.0,25.0,0.0,15.0,3.0,0.0,2.066641948336187,2.0498696256842823,4.0,517.0,0.16980895961740466,0.8805432050847312,-0.49693129469536595,31.430286109769362,-1.1337358296037445,-5.523146523757597,0.8968649590401128,0.3233309165038112,1.2197670392211661,-0.2125088780792754,0.04925842670914424,-0.3518847026881106,0
284569,0.8141168,0.25730085,0.02,0.0032300924127905565,0.02765833156809798,-0.6540086736076094,4.0,1.5328264474469933,-1.016648647472331,-0.004044610906554837,3.0,0.30294058873295543,3.0,0.1392285717088045,0.36379098547620314,1.075137150118165,-0.09708963781337389,-0.09641550735065471,-0.03454668598446984,-0.059863620414995246,-0.21728381120958812,-0.11699992096698607,-0.04568505843065365,-0.055630967338488754,-0.2157563277238139,-0.05607183996669328,-0.10040316477317504,-0.04833093429196638,-0.24246684289327344,-0.15107416681235986,0.6065882321829563,0.610083198073265,0.547525635666998,0.0005866194127131112,0.0007756571217712374,-0.004738608014348824,-0.002245492198181452,-0.004881585576858531,0.5394477934744416,0.6066609390215347,0.0024575222857514483,-0.0009499424471690636,-0.0010689121642585735,0.5298867920914553,2.0,1.0,1.0,1.0,0.0,1.0,0.0,0.0,0.0,-0.5688760511740361,-0.38915215838580985,-0.35873287990568536,-0.3588250916984085,-0.5551758284983841,-0.5507878469005433,-0.3839868567315854,-0.37871704353184843,-0.5667095911785339,0.0,-0.5262656306102487,-0.3994270712046105,0.0,0.0,-0.5578022471743421,-0.2844648782854456,-0.5532541716347649,-0.5560374152541099,0.0,0.0,-0.3865655658691932,0.0,0.0,0.0,0.0,0.0,0.0,25.0,0.0,25.0,0.0,6.0,-0.3699558080770146,-0.3806951674123179,23.0,517.0,-0.562493210952186,-1.2882782896913858,-0.7691293660229115,-5.8631042775875954,0.6247716524184365,-4.179453680645035,0.361787537580226,0.2936109957779102,-5.398786614032205,1.6566754796095307,3.6512693663377287,-1.188512240729874,True,True,-0.6540086736076094,4.0,1.5328264474469933,-1.016648647472331,-0.004044610906554837,3.0,0.30294058873295543,3.0,0.1392285717088045,0.36379098547620314,1.075137150118165,-0.09708963781337389,-0.09641550735065471,-0.03454668598446984,-0.059863620414995246,-0.21728381120958812,-0.11699992096698607,-0.04568505843065365,-0.055630967338488754,-0.2157563277238139,-0.05607183996669328,-0.10040316477317504,-0.04833093429196638,-0.24246684289327344,-0.15107416681235986,0.6065882321829563,0.610083198073265,0.547525635666998,0.0005866194127131112,0.0007756571217712374,-0.004738608014348824,-0.002245492198181452,-0.004881585576858531,0.5394477934744416,0.6066609390215347,0.0024575222857514483,-0.0009499424471690636,-0.0010689121642585735,0.5298867920914553,2.0,1.0,1.0,1.0,0.0,1.0,0.0,0.0,0.0,-0.5688760511740361,-0.38915215838580985,-0.35873287990568536,-0.3588250916984085,-0.5551758284983841,-0.5507878469005433,-0.3839868567315854,-0.37871704353184843,-0.5667095911785339,0.0,-0.5262656306102487,-0.3994270712046105,0.0,0.0,-0.5578022471743421,-0.2844648782854456,-0.5532541716347649,-0.5560374152541099,0.0,0.0,-0.3865655658691932,0.0,0.0,0.0,0.0,0.0,0.0,25.0,0.0,25.0,0.0,6.0,-0.3699558080770146,-0.3806951674123179,23.0,517.0,-0.562493210952186,-1.2882782896913858,-0.7691293660229115,-5.8631042775875954,0.6247716524184365,-4.179453680645035,0.361787537580226,0.2936109957779102,-5.398786614032205,1.6566754796095307,3.6512693663377287,-1.188512240729874,0
459192,0.96262103,0.021128017,0.21000000000000002,0.0982356594956918,0.6538707854414391,-0.7198935734749617,0.0,-0.07155303183250376,-0.9488712328949421,0.5342338075394651,4.0,-0.41261412396662545,3.0,-2.616162809973901,-2.8257231322759337,-0.7310035372299746,-0.12268410562113821,-0.15619771152079837,-0.05116605148829018,-0.147044760856812,-0.03758068649011442,0.01585946655296383,-0.06365577791576665,-0.07778246197677502,-0.2619934236989032,-0.15540903718809107,-0.10135100283426633,-0.10735718895860978,-0.08913421633715721,-0.07441407844321349,0.5312738695177099,-0.10487202204644838,-0.0841884210683642,0.03206415458895722,0.032030493143275565,-0.09919705418401635,0.05561997058143638,-0.1570465283105213,0.008843376230666835,-0.035533962172824916,0.027652958601668456,0.0692124313765185,-0.08537600324449245,-0.033728201450754884,0.0,0.0,0.0,3.0,0.0,0.0,0.0,0.0,0.0,1.8499053565641561,1.5808462451090377,-0.36016607221729724,-0.3129790129247829,1.7691140696129044,1.7684387628460758,-0.49868601344520774,-0.3188467397967486,1.735675986548777,2.0,1.8085913893670786,-0.3259924167035326,2.0,2.0,1.7679964222593636,-0.27580251055958194,1.5314213536401768,1.9174137931300248,2.0,2.0,-0.2838856894347423,0.0,1.0,1.0,2.0,1.0,2.0,15.0,3.0,15.0,3.0,6.0,-0.3471078899545469,-0.18139586004322295,4.0,666.0,-0.03807425626352205,-1.7417804692111543,-0.3006087770556255,23.619286922766392,-2.9900921794231614,0.22958985296920886,1.3808050312901134,0.25548074927151093,-4.555407384030501,-0.17801108375699498,-1.1581644630465926,-2.0703063605134244,True,True,-0.7198935734749617,0.0,-0.07155303183250376,-0.9488712328949421,0.5342338075394651,4.0,-0.41261412396662545,3.0,-2.616162809973901,-2.8257231322759337,-0.7310035372299746,-0.12268410562113821,-0.15619771152079837,-0.05116605148829018,-0.147044760856812,-0.03758068649011442,0.01585946655296383,-0.06365577791576665,-0.07778246197677502,-0.2619934236989032,-0.15540903718809107,-0.10135100283426633,-0.10735718895860978,-0.08913421633715721,-0.07441407844321349,0.5312738695177099,-0.10487202204644838,-0.0841884210683642,0.03206415458895722,0.032030493143275565,-0.09919705418401635,0.05561997058143638,-0.1570465283105213,0.008843376230666835,-0.035533962172824916,0.027652958601668456,0.0692124313765185,-0.08537600324449245,-0.033728201450754884,0.0,0.0,0.0,3.0,0.0,0.0,0.0,0.0,0.0,1.8499053565641561,1.5808462451090377,-0.36016607221729724,-0.3129790129247829,1.7691140696129044,1.7684387628460758,-0.49868601344520774,-0.3188467397967486,1.735675986548777,2.0,1.8085913893670786,-0.3259924167035326,2.0,2.0,1.7679964222593636,-0.27580251055958194,1.5314213536401768,1.9174137931300248,2.0,2.0,-0.2838856894347423,0.0,1.0,1.0,2.0,1.0,2.0,15.0,3.0,15.0,3.0,6.0,-0.3471078899545469,-0.18139586004322295,4.0,666.0,-0.03807425626352205,-1.7417804692111543,-0.3006087770556255,23.619286922766392,-2.9900921794231614,0.22958985296920886,1.3808050312901134,0.25548074927151093,-4.555407384030501,-0.17801108375699498,-1.1581644630465926,-2.0703063605134244,0
139193,0.6996456,0.22695006,0.02,0.0032300924127905565,0.024499576736652134,-0.672583882912583,0.0,0.0027788895333222276,-0.8781713493363419,0.5747384730738376,4.0,-0.48210171288916603,3.0,-2.720675142235265,-2.7968162365341653,-0.7515366343891328,-0.09900793317042737,-0.07765220789971275,-0.032227655760483614,-0.04106380712159363,-0.21564439187445714,-0.11051115217883149,-0.027973411170787457,-0.042149157169026064,-0.27029534811914374,-0.038029553574798106,-0.0875898066066639,-0.021578619679481187,-0.2394759414088381,-0.14455344174689871,0.614023752063521,0.6103371599964937,0.5535664081670709,0.5399126349223928,0.5510712561417774,0.5331684616587078,0.3693877727664063,1.0019397610311138,0.5378071944068359,-0.001827032871122683,0.6120774618598757,0.5507183009536957,0.002740820979074848,0.5337889384367217,0.0,0.0,0.0,3.0,0.0,0.0,0.0,0.0,0.0,1.7665178903781646,2.145270187770451,2.786712091709573,2.794403210512588,1.7873713571844005,1.7633600393755733,2.6033533588407267,2.611183283156405,1.7638083273247602,2.0,1.829145324605308,-0.39273216534848365,1.0,1.0,1.850981553718003,3.4615051271599726,1.8847584281353507,1.9378175677918246,1.0,1.0,-0.3936604682920553,0.0,1.0,1.0,2.0,2.0,2.0,17.0,3.0,17.0,3.0,6.0,-0.37092088369712506,-0.3728050386153961,30.0,612.0,-0.5623090491774393,0.14926641223696516,-1.0183442417044568,2.8447852003758687,-0.5577652548006975,9.749202482788005,-0.9307324434507771,-0.026662879328969356,-1.2169009138813056,-0.4692300288335927,-3.1746714143153203,-2.028925559971389,True,True,-0.672583882912583,0.0,0.0027788895333222276,-0.8781713493363419,0.5747384730738376,4.0,-0.48210171288916603,3.0,-2.720675142235265,-2.7968162365341653,-0.7515366343891328,-0.09900793317042737,-0.07765220789971275,-0.032227655760483614,-0.04106380712159363,-0.21564439187445714,-0.11051115217883149,-0.027973411170787457,-0.042149157169026064,-0.27029534811914374,-0.038029553574798106,-0.0875898066066639,-0.021578619679481187,-0.2394759414088381,-0.14455344174689871,0.614023752063521,0.6103371599964937,0.5535664081670709,0.5399126349223928,0.5510712561417774,0.5331684616587078,0.3693877727664063,1.0019397610311138,0.5378071944068359,-0.001827032871122683,0.6120774618598757,0.5507183009536957,0.002740820979074848,0.5337889384367217,0.0,0.0,0.0,3.0,0.0,0.0,0.0,0.0,0.0,1.7665178903781646,2.145270187770451,2.786712091709573,2.794403210512588,1.7873713571844005,1.7633600393755733,2.6033533588407267,2.611183283156405,1.7638083273247602,2.0,1.829145324605308,-0.39273216534848365,1.0,1.0,1.850981553718003,3.4615051271599726,1.8847584281353507,1.9378175677918246,1.0,1.0,-0.3936604682920553,0.0,1.0,1.0,2.0,2.0,2.0,17.0,3.0,17.0,3.0,6.0,-0.37092088369712506,-0.3728050386153961,30.0,612.0,-0.5623090491774393,0.14926641223696516,-1.0183442417044568,2.8447852003758687,-0.5577652548006975,9.749202482788005,-0.9307324434507771,-0.026662879328969356,-1.2169009138813056,-0.4692300288335927,-3.1746714143153203,-2.028925559971389,0
435139,0.99639755,0.32363415,0.22,0.11308859038292954,0.9884654733336944,-0.6081800326596231,0.0,-0.21079579695805778,-0.7078620639464762,0.7004666621121847,4.0,-0.44414262160225737,3.0,-2.797384130244204,-2.5739087167959704,-0.7555638929156725,0.5369925612945133,0.43022849805537955,-0.036891130138307,-0.0887525505373227,-0.09872845540236745,-0.0615870584280378,0.12851046020639703,-0.04118790264580588,-0.46346422303033996,-0.03185471372278634,0.22271333826730105,-0.06864726690296291,-0.1269705113282221,-0.09117589162842243,0.5742768581683189,0.04181056865654336,0.14200797353502545,0.005599585061410988,-0.12421670508676036,0.0550494897107998,0.4170237045462508,0.9171012102742291,-0.19071981461357917,0.20438747143479644,-0.24219353906549773,-0.18316925263823758,-0.04317196869772369,-0.17882408727428337,0.0,0.0,0.0,3.0,0.0,0.0,0.0,0.0,0.0,1.7354794143207806,0.40901336191737026,2.7556821070590214,2.60010263068334,1.854233373697541,1.9325875638418566,2.595156869024907,2.57327473820828,1.5646941824648621,2.0,1.8257724471542045,-0.30690919817365864,1.0,1.0,1.9299375622456625,-0.28226139765964836,1.506396554403925,2.2287326605110898,1.0,1.0,-0.5277123409335477,0.0,1.0,1.0,2.0,1.0,1.0,15.0,3.0,15.0,3.0,6.0,-0.45291241944541616,-0.31064698076018266,4.0,517.0,-1.0111902429855344,-1.933232326030952,-0.2377326780099531,18.574273606856206,-2.021255049896648,-4.78276672008386,1.2890469677095773,0.25146260507668505,-3.9920037544558835,-0.08162646138750967,-0.607894497598565,1.6424291668117694,True,True,-0.6081800326596231,0.0,-0.21079579695805778,-0.7078620639464762,0.7004666621121847,4.0,-0.44414262160225737,3.0,-2.797384130244204,-2.5739087167959704,-0.7555638929156725,0.5369925612945133,0.43022849805537955,-0.036891130138307,-0.0887525505373227,-0.09872845540236745,-0.0615870584280378,0.12851046020639703,-0.04118790264580588,-0.46346422303033996,-0.03185471372278634,0.22271333826730105,-0.06864726690296291,-0.1269705113282221,-0.09117589162842243,0.5742768581683189,0.04181056865654336,0.14200797353502545,0.005599585061410988,-0.12421670508676036,0.0550494897107998,0.4170237045462508,0.9171012102742291,-0.19071981461357917,0.20438747143479644,-0.24219353906549773,-0.18316925263823758,-0.04317196869772369,-0.17882408727428337,0.0,0.0,0.0,3.0,0.0,0.0,0.0,0.0,0.0,1.7354794143207806,0.40901336191737026,2.7556821070590214,2.60010263068334,1.854233373697541,1.9325875638418566,2.595156869024907,2.57327473820828,1.5646941824648621,2.0,1.8257724471542045,-0.30690919817365864,1.0,1.0,1.9299375622456625,-0.28226139765964836,1.506396554403925,2.2287326605110898,1.0,1.0,-0.5277123409335477,0.0,1.0,1.0,2.0,1.0,1.0,15.0,3.0,15.0,3.0,6.0,-0.45291241944541616,-0.31064698076018266,4.0,517.0,-1.0111902429855344,-1.933232326030952,-0.2377326780099531,18.574273606856206,-2.021255049896648,-4.78276672008386,1.2890469677095773,0.25146260507668505,-3.9920037544558835,-0.08162646138750967,-0.607894497598565,1.6424291668117694,0
558946,0.89215237,0.2466707,0.02,0.0032300924127905565,0.026818343839936858,-0.5227088276059709,4.0,-1.7291946072525253,0.6455071114451939,-0.006405192415130469,4.0,-0.22910249286801795,3.0,0.1386565517489423,0.3581726101747926,0.9266545953147421,-0.09325236352451527,-0.07861389674653213,-0.04281264764291157,-0.05542418813167212,-0.2161387536728481,-0.10317356545582866,-0.043309095340028636,-0.06377582721097078,-0.2119331789497452,-0.05776039883089274,-0.10217142073109664,-0.04884124258157761,-0.18350107657599454,-0.1283167699968839,0.6715413803468266,0.6728165581170796,0.5538210762024667,0.5871399290148361,0.5571004750062692,0.003100549675384992,0.0008535946832849779,0.0012545192293294057,0.8136460007775097,0.8932248898980254,0.0019855259333072996,0.00438032617714713,0.003857213974147232,0.8204463887003669,2.0,2.0,2.0,1.0,1.0,2.0,1.0,2.0,2.0,-0.5740754014579305,-0.3932133265549529,-0.3519783569213698,-0.35830626801147814,-0.550752879729241,-0.5500529887817072,-0.3810873461071335,-0.38551021326989077,-0.5650700240464258,0.0,-0.5312361287250552,-0.3923557726323849,0.0,0.0,-0.5638544201673371,-0.29215014395592304,-0.5591063605800821,-0.5573472728572185,0.0,0.0,-0.3862981941059549,0.0,0.0,0.0,0.0,0.0,0.0,43.0,3.0,25.0,0.0,6.0,-0.373033977052647,-0.37185571940863144,23.0,517.0,-0.04197639499824052,0.1521267571173463,-0.020144846220744195,-7.537622712393151,0.20150365323732758,-0.6010334280147599,0.20567136632001284,0.16064726884469402,2.205923329761534,-0.06396930024248809,1.2597931010784396,-0.3980439869054648,True,True,-0.5227088276059709,4.0,-1.7291946072525253,0.6455071114451939,-0.006405192415130469,4.0,-0.22910249286801795,3.0,0.1386565517489423,0.3581726101747926,0.9266545953147421,-0.09325236352451527,-0.07861389674653213,-0.04281264764291157,-0.05542418813167212,-0.2161387536728481,-0.10317356545582866,-0.043309095340028636,-0.06377582721097078,-0.2119331789497452,-0.05776039883089274,-0.10217142073109664,-0.04884124258157761,-0.18350107657599454,-0.1283167699968839,0.6715413803468266,0.6728165581170796,0.5538210762024667,0.5871399290148361,0.5571004750062692,0.003100549675384992,0.0008535946832849779,0.0012545192293294057,0.8136460007775097,0.8932248898980254,0.0019855259333072996,0.00438032617714713,0.003857213974147232,0.8204463887003669,2.0,2.0,2.0,1.0,1.0,2.0,1.0,2.0,2.0,-0.5740754014579305,-0.3932133265549529,-0.3519783569213698,-0.35830626801147814,-0.550752879729241,-0.5500529887817072,-0.3810873461071335,-0.38551021326989077,-0.5650700240464258,0.0,-0.5312361287250552,-0.3923557726323849,0.0,0.0,-0.5638544201673371,-0.29215014395592304,-0.5591063605800821,-0.5573472728572185,0.0,0.0,-0.3862981941059549,0.0,0.0,0.0,0.0,0.0,0.0,43.0,3.0,25.0,0.0,6.0,-0.373033977052647,-0.37185571940863144,23.0,517.0,-0.04197639499824052,0.1521267571173463,-0.020144846220744195,-7.537622712393151,0.20150365323732758,-0.6010334280147599,0.20567136632001284,0.16064726884469402,2.205923329761534,-0.06396930024248809,1.2597931010784396,-0.3980439869054648,0
55210,0.93277913,0.38236606,0.19,0.0734769996100588,0.6144466108670273,-0.5756828207904563,0.0,-0.16594266732061277,-0.9583942824354147,0.76363710933185,4.0,-0.5658524245761385,3.0,-2.654910513503922,-2.758685066882516,-0.703504231915534,34.551056605604884,36.07087019563183,-0.04052933716821114,32.2308212063976,-0.22234291109881524,30.96707672792027,35.948180988002335,34.452899578425644,-0.3954094967375982,33.47635168854089,33.3283665985797,36.17486918835325,21.919740789293087,28.282690802634935,0.6119300329601393,-0.13005016359743216,-0.044928918799909706,0.5220178475834201,-0.007489480360498632,0.5546114853016729,0.2930559861382511,0.9816402934979427,-0.0164210593186857,-0.061680803215096995,0.6123543139947727,0.06975791205152515,0.5281038579910156,0.486107624174164,0.0,0.0,0.0,1.0,0.0,0.0,0.0,0.0,0.0,1.8020261146566918,0.6276030848853382,2.7882823986346477,2.840905340200979,1.7640163425349267,1.8585504798922412,2.503287463085001,2.5600779014937034,1.746895542125313,2.0,1.8539051474467503,-0.23704988536083227,1.0,1.0,1.9342104356950323,-0.34651873259697574,1.5794466806868248,1.3037438036592361,1.0,1.0,-0.4916522372815977,0.0,1.0,1.0,2.0,2.0,1.0,15.0,3.0,15.0,3.0,6.0,-0.2956775398623427,-0.37940343369371476,4.0,517.0,0.34568803572099577,1.0831672081959458,1.6402688982196296,14.205738359440804,-3.487806053160612,11.73336093146352,0.49101117507447073,0.0020767821086104233,1.0908227767407572,-0.6447770857314201,-0.28553045342561334,-1.5375310488542904,True,True,-0.5756828207904563,0.0,-0.16594266732061277,-0.9583942824354147,0.76363710933185,4.0,-0.5658524245761385,3.0,-2.654910513503922,-2.758685066882516,-0.703504231915534,34.551056605604884,36.07087019563183,-0.04052933716821114,32.2308212063976,-0.22234291109881524,30.96707672792027,35.948180988002335,34.452899578425644,-0.3954094967375982,33.47635168854089,33.3283665985797,36.17486918835325,21.919740789293087,28.282690802634935,0.6119300329601393,-0.13005016359743216,-0.044928918799909706,0.5220178475834201,-0.007489480360498632,0.5546114853016729,0.2930559861382511,0.9816402934979427,-0.0164210593186857,-0.061680803215096995,0.6123543139947727,0.06975791205152515,0.5281038579910156,0.486107624174164,0.0,0.0,0.0,1.0,0.0,0.0,0.0,0.0,0.0,1.8020261146566918,0.6276030848853382,2.7882823986346477,2.840905340200979,1.7640163425349267,1.8585504798922412,2.503287463085001,2.5600779014937034,1.746895542125313,2.0,1.8539051474467503,-0.23704988536083227,1.0,1.0,1.9342104356950323,-0.34651873259697574,1.5794466806868248,1.3037438036592361,1.0,1.0,-0.4916522372815977,0.0,1.0,1.0,2.0,2.0,1.0,15.0,3.0,15.0,3.0,6.0,-0.2956775398623427,-0.37940343369371476,4.0,517.0,0.34568803572099577,1.0831672081959458,1.6402688982196296,14.205738359440804,-3.487806053160612,11.73336093146352,0.49101117507447073,0.0020767821086104233,1.0908227767407572,-0.6447770857314201,-0.28553045342561334,-1.5375310488542904,0
465627,0.8467954,0.37197405,0.060000000000000005,0.00771172199313132,0.06470678618515836,-0.6085826425242435,4.0,-0.07991653174557652,-0.09221597752789504,0.0026543042976459345,4.0,0.33884022014437465,3.0,0.3018580329282311,0.35790027949904524,0.9281689778193707,-0.040828875865180914,-0.0777062005312644,-0.05445988723563437,-0.06649121256947593,-0.20192853423708504,-0.05181400001017515,-0.03674963119535403,-0.0711715277605553,-0.2095009176600901,-0.04033361783149691,-0.070332975301401,-0.02302406712529744,-0.18844869966809016,-0.026614466555773132,0.6178518315475379,0.6032404784744188,0.5586361090967786,0.00525929110856717,-0.0049249087963591535,-0.011158170023422533,-0.0059694970319517605,-0.007195110955596832,0.6966380800862104,0.8182738659067301,0.01325895786670418,-0.0039673763205984045,-0.0038997034958304553,0.6825210761470027,2.0,2.0,1.0,3.0,2.0,2.0,1.0,1.0,2.0,-0.5727305409160398,-0.3961728085629714,-0.3515335770141786,-0.36430674505101573,-0.5545100618379851,-0.5553798971389541,-0.402206903863839,-0.38681654719441627,-0.5603262021525806,0.0,-0.5304106532957341,-0.38448305298086083,0.0,0.0,-0.5607873862019181,-0.28854862236556295,-0.5566591561621105,-0.56685263193807,0.0,0.0,-0.3996323289104846,0.0,0.0,0.0,0.0,0.0,0.0,25.0,0.0,25.0,0.0,6.0,-0.3724773736311239,-0.38111827715882374,23.0,517.0,0.9707969634582996,0.3029583441645259,-0.267806038166031,-5.856674796586345,0.6812456551990204,-4.173509786133702,0.32611557804406494,0.23219130268323332,-5.391160990674568,1.7174883397396605,3.616707670308196,-1.2490370854183659,True,True,-0.6085826425242435,4.0,-0.07991653174557652,-0.09221597752789504,0.0026543042976459345,4.0,0.33884022014437465,3.0,0.3018580329282311,0.35790027949904524,0.9281689778193707,-0.040828875865180914,-0.0777062005312644,-0.05445988723563437,-0.06649121256947593,-0.20192853423708504,-0.05181400001017515,-0.03674963119535403,-0.0711715277605553,-0.2095009176600901,-0.04033361783149691,-0.070332975301401,-0.02302406712529744,-0.18844869966809016,-0.026614466555773132,0.6178518315475379,0.6032404784744188,0.5586361090967786,0.00525929110856717,-0.0049249087963591535,-0.011158170023422533,-0.0059694970319517605,-0.007195110955596832,0.6966380800862104,0.8182738659067301,0.01325895786670418,-0.0039673763205984045,-0.0038997034958304553,0.6825210761470027,2.0,2.0,1.0,3.0,2.0,2.0,1.0,1.0,2.0,-0.5727305409160398,-0.3961728085629714,-0.3515335770141786,-0.36430674505101573,-0.5545100618379851,-0.5553798971389541,-0.402206903863839,-0.38681654719441627,-0.5603262021525806,0.0,-0.5304106532957341,-0.38448305298086083,0.0,0.0,-0.5607873862019181,-0.28854862236556295,-0.5566591561621105,-0.56685263193807,0.0,0.0,-0.3996323289104846,0.0,0.0,0.0,0.0,0.0,0.0,25.0,0.0,25.0,0.0,6.0,-0.3724773736311239,-0.38111827715882374,23.0,517.0,0.9707969634582996,0.3029583441645259,-0.267806038166031,-5.856674796586345,0.6812456551990204,-4.173509786133702,0.32611557804406494,0.23219130268323332,-5.391160990674568,1.7174883397396605,3.616707670308196,-1.2490370854183659,0
158350,0.994959,0.12661923,0.22,0.11308859038292954,0.9726163592825225,-0.614776985223075,0.0,-0.7001521652211866,0.0411215949558498,0.6138250110643043,3.0,0.43841692245402963,3.0,-2.580773992324139,-2.8599085427847264,-0.8345928311228228,0.4095972002145676,0.3277908399694037,0.03083612389599201,0.17909556404046453,0.04418775417355769,0.08766131171425878,0.11576503358846693,0.3798358885105866,-0.36945962967667473,0.15836008011193986,-0.002567860619961407,0.2592164785741586,-0.18627335224895958,-0.15610455855617544,0.6480382718198926,0.002389662495438302,0.6814985353065409,0.5308598254154759,0.692212441668645,0.6267535419075327,0.02437498600238993,-0.07117845300822315,0.596054796747752,0.11641522458428474,0.7318717200479695,0.7688256867631791,0.6265144805831643,0.6573634015533634,0.0,0.0,0.0,3.0,0.0,0.0,0.0,0.0,0.0,1.8963354939244106,2.0351961417865057,-0.2341550271246129,-0.278868944256504,1.6637462537431533,1.8848766940508233,-0.46293557419013187,-0.4007115383168024,1.7379725432855098,2.0,1.8276260709270715,-0.6354762933097207,2.0,2.0,1.9672632114946451,-0.3738554772991013,1.2860239947311067,1.8031131534697131,2.0,2.0,-0.6083937136095676,0.0,1.0,1.0,2.0,2.0,1.0,17.0,3.0,17.0,3.0,6.0,-0.22682229966772113,-0.5543551487822417,4.0,517.0,-1.0689190142225489,-1.813747854600074,-1.1172569189293582,9.44490490119849,-2.648739570765172,15.933972637827106,-0.45622478474469785,0.19087575455755978,-2.1203991105787585,0.1366665315205273,0.7374176917818791,-0.6386999103403392,True,True,-0.614776985223075,0.0,-0.7001521652211866,0.0411215949558498,0.6138250110643043,3.0,0.43841692245402963,3.0,-2.580773992324139,-2.8599085427847264,-0.8345928311228228,0.4095972002145676,0.3277908399694037,0.03083612389599201,0.17909556404046453,0.04418775417355769,0.08766131171425878,0.11576503358846693,0.3798358885105866,-0.36945962967667473,0.15836008011193986,-0.002567860619961407,0.2592164785741586,-0.18627335224895958,-0.15610455855617544,0.6480382718198926,0.002389662495438302,0.6814985353065409,0.5308598254154759,0.692212441668645,0.6267535419075327,0.02437498600238993,-0.07117845300822315,0.596054796747752,0.11641522458428474,0.7318717200479695,0.7688256867631791,0.6265144805831643,0.6573634015533634,0.0,0.0,0.0,3.0,0.0,0.0,0.0,0.0,0.0,1.8963354939244106,2.0351961417865057,-0.2341550271246129,-0.278868944256504,1.6637462537431533,1.8848766940508233,-0.46293557419013187,-0.4007115383168024,1.7379725432855098,2.0,1.8276260709270715,-0.6354762933097207,2.0,2.0,1.9672632114946451,-0.3738554772991013,1.2860239947311067,1.8031131534697131,2.0,2.0,-0.6083937136095676,0.0,1.0,1.0,2.0,2.0,1.0,17.0,3.0,17.0,3.0,6.0,-0.22682229966772113,-0.5543551487822417,4.0,517.0,-1.0689190142225489,-1.813747854600074,-1.1172569189293582,9.44490490119849,-2.648739570765172,15.933972637827106,-0.45622478474469785,0.19087575455755978,-2.1203991105787585,0.1366665315205273,0.7374176917818791,-0.6386999103403392,0
153686,0.7323349,0.4284875,0.04,0.005058857517455529,0.046565758098911815,0.0421181884550559,4.0,1.0502148148873143,-0.7629159838363174,-0.004468488427630719,3.0,-0.8232135191670413,2.0,-0.035527811311808585,0.35923375874760394,-0.7653031992240678,-0.09423300307802616,-0.10020450300649097,-0.030942762520431374,-0.05513766874027396,-0.21181652213155902,-0.11232383538557172,-0.036219802483782676,-0.04873130528159038,-0.2732637314869974,-0.06111328069320724,-0.09921364961505393,-0.05132231274314253,-0.22663022696976495,-0.14261873276026393,0.6263292125133735,0.6189478710902991,0.5607102227774218,0.5482422670231818,0.5461838633924607,0.0010431632708120522,0.0035207122404642393,-0.00019829026078213626,0.541100025298325,0.004629270903403507,-0.0022299479644825593,-0.0054253240233680935,-0.00533999467546472,0.543147899504635,0.0,0.0,0.0,1.0,2.0,1.0,0.0,0.0,0.0,-0.5788285085165228,-0.3789362203788706,-0.36101530452230307,-0.36155702664590667,-0.5581680121294509,-0.5628123736244763,-0.38290306526320417,-0.38042408988902826,-0.564823772136379,0.0,-0.5261607807222849,-0.39818872680100087,0.0,0.0,-0.5600133830306955,-0.2868385340799252,-0.5625158994135719,-0.5685679793009474,0.0,0.0,-0.3956423932123623,0.0,0.0,0.0,0.0,0.0,0.0,2.0,3.0,25.0,0.0,6.0,-0.3767695246628369,-0.38326411306747676,23.0,517.0,1.4965767351534864,-0.11032566514105377,-1.0183611845158151,-6.546304936727103,0.025827664806904654,0.3316188620647661,0.15728106669424574,-0.07487550742432324,0.36598279829736086,-0.4902286479756123,-4.3444405951392255,1.582506917663132,True,True,0.0421181884550559,4.0,1.0502148148873143,-0.7629159838363174,-0.004468488427630719,3.0,-0.8232135191670413,2.0,-0.035527811311808585,0.35923375874760394,-0.7653031992240678,-0.09423300307802616,-0.10020450300649097,-0.030942762520431374,-0.05513766874027396,-0.21181652213155902,-0.11232383538557172,-0.036219802483782676,-0.04873130528159038,-0.2732637314869974,-0.06111328069320724,-0.09921364961505393,-0.05132231274314253,-0.22663022696976495,-0.14261873276026393,0.6263292125133735,0.6189478710902991,0.5607102227774218,0.5482422670231818,0.5461838633924607,0.0010431632708120522,0.0035207122404642393,-0.00019829026078213626,0.541100025298325,0.004629270903403507,-0.0022299479644825593,-0.0054253240233680935,-0.00533999467546472,0.543147899504635,0.0,0.0,0.0,1.0,2.0,1.0,0.0,0.0,0.0,-0.5788285085165228,-0.3789362203788706,-0.36101530452230307,-0.36155702664590667,-0.5581680121294509,-0.5628123736244763,-0.38290306526320417,-0.38042408988902826,-0.564823772136379,0.0,-0.5261607807222849,-0.39818872680100087,0.0,0.0,-0.5600133830306955,-0.2868385340799252,-0.5625158994135719,-0.5685679793009474,0.0,0.0,-0.3956423932123623,0.0,0.0,0.0,0.0,0.0,0.0,2.0,3.0,25.0,0.0,6.0,-0.3767695246628369,-0.38326411306747676,23.0,517.0,1.4965767351534864,-0.11032566514105377,-1.0183611845158151,-6.546304936727103,0.025827664806904654,0.3316188620647661,0.15728106669424574,-0.07487550742432324,0.36598279829736086,-0.4902286479756123,-4.3444405951392255,1.582506917663132,0
122711,0.82581997,0.40236744,0.05,0.006265852597583031,0.04531926098516594,2.831096785269803,4.0,-0.24202182735392735,-0.7604842503614335,-0.017578378947849846,4.0,0.3085254038093908,2.0,0.3753323646967926,0.35530866802474226,1.5563087559484459,-0.10229405826855656,-0.09481225965575452,-0.03047262745012614,-0.07565505043134207,-0.22064585630886444,-0.0910987327670424,-0.04667798258793352,-0.058342771792308054,-0.0977979400525256,-0.05721513392000438,-0.09369548350216839,-0.04308385860674731,-0.11997970608830176,-0.14171041733356468,0.6447181831924431,0.6487957690527903,0.540416374140092,0.5697764753560159,0.5520760440555778,0.0011342858614354903,-0.003361973547605795,0.00017163073825447145,0.5594849315808113,0.5997156932694304,-0.002511501465614726,0.002418286499769114,-0.005239356493345352,0.5627415852827858,2.0,1.0,1.0,2.0,1.0,1.0,0.0,0.0,0.0,-0.57063601794194,-0.3965404414303062,-0.35754219402322,-0.3638332729358889,-0.5516953940477697,-0.5541585262813391,-0.38204284569117386,-0.3831518648116724,-0.5756260053476817,0.0,-0.5248517601664356,-0.3964077499373247,0.0,0.0,-0.5569739399828899,-0.27842899845891655,-0.5591359511664754,-0.5557390051968669,0.0,0.0,-0.3984655961511679,0.0,0.0,0.0,0.0,0.0,0.0,15.0,3.0,25.0,0.0,6.0,-0.3650806567293967,-0.37390201018129543,23.0,517.0,0.4689435826328987,-0.5025587660034223,1.7273797300716094,-7.60096863542614,1.3060147983892056,-0.5716991918930255,0.027970689950105068,0.6175144970995201,2.3154947322887316,0.7344877832463264,1.8627975052947614,1.9601660496892819,True,True,2.831096785269803,4.0,-0.24202182735392735,-0.7604842503614335,-0.017578378947849846,4.0,0.3085254038093908,2.0,0.3753323646967926,0.35530866802474226,1.5563087559484459,-0.10229405826855656,-0.09481225965575452,-0.03047262745012614,-0.07565505043134207,-0.22064585630886444,-0.0910987327670424,-0.04667798258793352,-0.058342771792308054,-0.0977979400525256,-0.05721513392000438,-0.09369548350216839,-0.04308385860674731,-0.11997970608830176,-0.14171041733356468,0.6447181831924431,0.6487957690527903,0.540416374140092,0.5697764753560159,0.5520760440555778,0.0011342858614354903,-0.003361973547605795,0.00017163073825447145,0.5594849315808113,0.5997156932694304,-0.002511501465614726,0.002418286499769114,-0.005239356493345352,0.5627415852827858,2.0,1.0,1.0,2.0,1.0,1.0,0.0,0.0,0.0,-0.57063601794194,-0.3965404414303062,-0.35754219402322,-0.3638332729358889,-0.5516953940477697,-0.5541585262813391,-0.38204284569117386,-0.3831518648116724,-0.5756260053476817,0.0,-0.5248517601664356,-0.3964077499373247,0.0,0.0,-0.5569739399828899,-0.27842899845891655,-0.5591359511664754,-0.5557390051968669,0.0,0.0,-0.3984655961511679,0.0,0.0,0.0,0.0,0.0,0.0,15.0,3.0,25.0,0.0,6.0,-0.3650806567293967,-0.37390201018129543,23.0,517.0,0.4689435826328987,-0.5025587660034223,1.7273797300716094,-7.60096863542614,1.3060147983892056,-0.5716991918930255,0.027970689950105068,0.6175144970995201,2.3154947322887316,0.7344877832463264,1.8627975052947614,1.9601660496892819,0
388729,0.99542624,0.3540059,0.25,0.16975275626876413,1.3011738581812347,-0.6288571658137225,0.0,0.708739389438064,0.2794824739391432,-0.013290017348431878,4.0,0.3279624221297017,2.0,-2.398368955535144,-2.667831766401294,-0.6223436903710756,0.072490722149084,0.19442927765013318,-0.24987653907855464,0.1373210365340249,-0.1942802415781812,0.23492347943311317,0.05538781765032472,0.21996514972792358,-0.24854793170021117,0.018203761782314323,0.08489485733703074,0.5031297517126866,-0.020483685541129698,-0.11987814217636261,0.42736773523838467,0.5336734505436244,0.6926405955988293,0.5714497517768757,0.5763351887323087,0.5773303666556685,0.5460761118841625,0.935726155857469,0.5506999891205359,0.14737186226366672,0.7972356597905603,0.5350039864519335,0.017321382583410434,0.729589965324499,0.0,0.0,0.0,3.0,0.0,0.0,0.0,0.0,0.0,1.5466235277853584,6.39677487763348,2.9067912916339846,2.9379266492764273,1.7702367351248383,1.6530358375710776,2.541645183468103,2.551329888866372,1.9487506073904972,2.0,1.954339114086241,-0.025394838726772617,1.0,1.0,1.7614065335442721,3.2743857054642524,2.062307108931422,1.5407839721030545,1.0,1.0,-0.27309997995255386,0.0,1.0,1.0,2.0,1.0,2.0,17.0,3.0,17.0,3.0,6.0,-0.3777706421223451,-0.4675479036500849,4.0,428.0,1.5338486029756362,1.250597671184691,-0.5843232708027406,2.9974582269782917,-0.18063476663687594,9.772663799058796,-0.7962925875967612,0.13089825050794296,-1.202397231522746,-0.5099481569545723,-3.607820363608159,-2.0221325377430555,True,True,-0.6288571658137225,0.0,0.708739389438064,0.2794824739391432,-0.013290017348431878,4.0,0.3279624221297017,2.0,-2.398368955535144,-2.667831766401294,-0.6223436903710756,0.072490722149084,0.19442927765013318,-0.24987653907855464,0.1373210365340249,-0.1942802415781812,0.23492347943311317,0.05538781765032472,0.21996514972792358,-0.24854793170021117,0.018203761782314323,0.08489485733703074,0.5031297517126866,-0.020483685541129698,-0.11987814217636261,0.42736773523838467,0.5336734505436244,0.6926405955988293,0.5714497517768757,0.5763351887323087,0.5773303666556685,0.5460761118841625,0.935726155857469,0.5506999891205359,0.14737186226366672,0.7972356597905603,0.5350039864519335,0.017321382583410434,0.729589965324499,0.0,0.0,0.0,3.0,0.0,0.0,0.0,0.0,0.0,1.5466235277853584,6.39677487763348,2.9067912916339846,2.9379266492764273,1.7702367351248383,1.6530358375710776,2.541645183468103,2.551329888866372,1.9487506073904972,2.0,1.954339114086241,-0.025394838726772617,1.0,1.0,1.7614065335442721,3.2743857054642524,2.062307108931422,1.5407839721030545,1.0,1.0,-0.27309997995255386,0.0,1.0,1.0,2.0,1.0,2.0,17.0,3.0,17.0,3.0,6.0,-0.3777706421223451,-0.4675479036500849,4.0,428.0,1.5338486029756362,1.250597671184691,-0.5843232708027406,2.9974582269782917,-0.18063476663687594,9.772663799058796,-0.7962925875967612,0.13089825050794296,-1.202397231522746,-0.5099481569545723,-3.607820363608159,-2.0221325377430555,0
296816,0.9751971,0.46891683,0.09999999999999999,0.01672075323499393,0.15363438282499461,0.9800469904018241,4.0,0.532298279315679,0.9339898062969395,-0.01241606580341998,4.0,0.3272171961332495,2.0,0.35195498296355904,0.36195774789864077,1.1410429526286672,-0.09685670407648148,-0.06440907241679825,-0.013631308276797434,-0.06493202135187004,-0.25846390780624345,-0.040980849529249415,-0.04471545728094815,-0.06623992424785269,-0.1000742461597351,-0.07949675165716538,-0.043652043272068945,-0.019869249316390926,-0.21497892264180282,-0.1353620263555962,0.6304419907371469,0.5883242097559493,0.5787082721727712,0.5643550188865155,-0.014972206856232741,0.007437900200770707,-0.033826557842759626,-0.027545878117415528,0.5184079735984573,0.6247616774066711,0.023349800536704123,-0.02910157398705525,0.035972868155246834,0.5446046312525681,2.0,2.0,1.0,1.0,2.0,2.0,1.0,1.0,2.0,-0.589215594604503,-0.3983641895559322,-0.3393827249897374,-0.36125350277127133,-0.5497088585130355,-0.5339912543313747,-0.3406755547687163,-0.4011169867294299,-0.5523994069435758,0.0,-0.5268197303138987,-0.3859441602674411,0.0,0.0,-0.552205369673715,-0.2867183986655176,-0.5798918143130641,-0.536177432258489,0.0,0.0,-0.37826581414667293,0.0,0.0,0.0,0.0,0.0,0.0,2.0,3.0,25.0,0.0,6.0,-0.3517581900249608,-0.34143008221208637,23.0,517.0,1.5008000031949118,-1.566723206511576,-0.806276166221246,-7.542438717375567,3.3501688881469294,-0.3434924677679859,-0.9589847580776649,0.4217806027649371,2.664326587561817,2.8293070387363812,0.8690364804282561,0.505253431308118,True,True,0.9800469904018241,4.0,0.532298279315679,0.9339898062969395,-0.01241606580341998,4.0,0.3272171961332495,2.0,0.35195498296355904,0.36195774789864077,1.1410429526286672,-0.09685670407648148,-0.06440907241679825,-0.013631308276797434,-0.06493202135187004,-0.25846390780624345,-0.040980849529249415,-0.04471545728094815,-0.06623992424785269,-0.1000742461597351,-0.07949675165716538,-0.043652043272068945,-0.019869249316390926,-0.21497892264180282,-0.1353620263555962,0.6304419907371469,0.5883242097559493,0.5787082721727712,0.5643550188865155,-0.014972206856232741,0.007437900200770707,-0.033826557842759626,-0.027545878117415528,0.5184079735984573,0.6247616774066711,0.023349800536704123,-0.02910157398705525,0.035972868155246834,0.5446046312525681,2.0,2.0,1.0,1.0,2.0,2.0,1.0,1.0,2.0,-0.589215594604503,-0.3983641895559322,-0.3393827249897374,-0.36125350277127133,-0.5497088585130355,-0.5339912543313747,-0.3406755547687163,-0.4011169867294299,-0.5523994069435758,0.0,-0.5268197303138987,-0.3859441602674411,0.0,0.0,-0.552205369673715,-0.2867183986655176,-0.5798918143130641,-0.536177432258489,0.0,0.0,-0.37826581414667293,0.0,0.0,0.0,0.0,0.0,0.0,2.0,3.0,25.0,0.0,6.0,-0.3517581900249608,-0.34143008221208637,23.0,517.0,1.5008000031949118,-1.566723206511576,-0.806276166221246,-7.542438717375567,3.3501688881469294,-0.3434924677679859,-0.9589847580776649,0.4217806027649371,2.664326587561817,2.8293070387363812,0.8690364804282561,0.505253431308118,0
57072,0.9706779,0.10243904,0.13,0.028378895023486856,0.21812005190635286,-0.4281976073141205,0.0,0.04157843165100741,-0.8938190544472273,0.5955040017144656,4.0,-0.47237828734392323,3.0,-2.705917175180837,-2.7635698110916924,-0.8028701405703963,-0.09209734998225862,-0.08755776673043061,-0.10185048676576063,-0.08963968745009243,-0.20992805060673358,-0.09584896082730993,0.0004013718238628436,-0.06350795815882618,-0.23532250586506043,-0.0406227328797098,-0.06875746267767062,-0.026764581167248166,-0.22271200316444437,-0.1114063587598584,0.5785272156533569,-0.011150152895109847,0.011150482443308164,0.5391084296336167,0.5536143079954712,0.5556819091659922,0.3543320357934745,0.9943845639705636,0.015183470579676095,-0.055204704838928254,0.6029601577413214,0.5822726585158068,0.5169682610241518,0.4996664991190473,0.0,0.0,0.0,3.0,0.0,0.0,0.0,0.0,0.0,1.7318734836885987,0.27234259897317076,2.748585465017381,2.781723726738061,1.844356914786363,1.8449660280127542,2.637217149246823,2.663752635057441,1.755422706291817,2.0,1.907003493676567,-0.3901620200205107,1.0,1.0,1.8248566579413141,-0.3155147964189371,1.6310570166260057,1.9694210680556368,1.0,1.0,-0.3915713088387584,0.0,1.0,1.0,2.0,2.0,1.0,17.0,3.0,17.0,3.0,6.0,-0.3685323694734305,-0.3603312764172652,4.0,1090.0,0.9824831886479309,-0.0003140431098997455,1.7696384092827826,18.739893321954945,-3.8902821880657648,7.964679698172002,1.2492636096465453,0.10630728817570641,4.429414519243504,-0.6841986082160504,-0.4994695454731486,-1.4217821632748173,True,True,-0.4281976073141205,0.0,0.04157843165100741,-0.8938190544472273,0.5955040017144656,4.0,-0.47237828734392323,3.0,-2.705917175180837,-2.7635698110916924,-0.8028701405703963,-0.09209734998225862,-0.08755776673043061,-0.10185048676576063,-0.08963968745009243,-0.20992805060673358,-0.09584896082730993,0.0004013718238628436,-0.06350795815882618,-0.23532250586506043,-0.0406227328797098,-0.06875746267767062,-0.026764581167248166,-0.22271200316444437,-0.1114063587598584,0.5785272156533569,-0.011150152895109847,0.011150482443308164,0.5391084296336167,0.5536143079954712,0.5556819091659922,0.3543320357934745,0.9943845639705636,0.015183470579676095,-0.055204704838928254,0.6029601577413214,0.5822726585158068,0.5169682610241518,0.4996664991190473,0.0,0.0,0.0,3.0,0.0,0.0,0.0,0.0,0.0,1.7318734836885987,0.27234259897317076,2.748585465017381,2.781723726738061,1.844356914786363,1.8449660280127542,2.637217149246823,2.663752635057441,1.755422706291817,2.0,1.907003493676567,-0.3901620200205107,1.0,1.0,1.8248566579413141,-0.3155147964189371,1.6310570166260057,1.9694210680556368,1.0,1.0,-0.3915713088387584,0.0,1.0,1.0,2.0,2.0,1.0,17.0,3.0,17.0,3.0,6.0,-0.3685323694734305,-0.3603312764172652,4.0,1090.0,0.9824831886479309,-0.0003140431098997455,1.7696384092827826,18.739893321954945,-3.8902821880657648,7.964679698172002,1.2492636096465453,0.10630728817570641,4.429414519243504,-0.6841986082160504,-0.4994695454731486,-1.4217821632748173,0
323998,0.52461123,0.45147318,0.01,0.0025521382703821843,0.022674516869935858,-0.4383329863383896,4.0,0.1416723245951601,1.0612248921454615,0.0004920871166445876,4.0,0.3253772441191149,2.0,0.178505058796291,0.3557295346229958,-0.7549778918231399,-0.06578983670598172,-0.07139681720251022,-0.04059996628506671,-0.0553892268519383,-0.21691836128199826,-0.10407694302404216,-0.04603806508306248,-0.053063441671962266,-0.20772667497809919,-0.05311101013978385,-0.0970599217971809,-0.048571992426669534,-0.20795151363673325,-0.14616435666709968,0.6775017865119504,0.676149483832161,0.5562455144798981,0.5878799540542056,0.5603496426151607,-0.0006745300758955177,0.003350296619175424,-0.000970663604587514,0.5909213085710046,-0.00016346661174018148,-0.005596667212104269,0.0008075089535758386,-0.0025712507503598335,0.5906044691660199,0.0,0.0,0.0,1.0,2.0,1.0,0.0,0.0,0.0,-0.5702037125891212,-0.39446069891916863,-0.36740618416370835,-0.3603605764284969,-0.5500655127311619,-0.5557589919390236,-0.38086968877889843,-0.38052462704560197,-0.5672912321764497,0.0,-0.5269859938614515,-0.38968783612425034,0.0,0.0,-0.5575495618601072,-0.28890843143515593,-0.5603698184938927,-0.5564955333751895,0.0,0.0,-0.3941051049762411,0.0,0.0,0.0,0.0,0.0,0.0,18.0,3.0,25.0,0.0,6.0,-0.37429130301783203,-0.37404461816982587,23.0,517.0,1.4853336227945206,0.677800759699685,-0.5207732700757074,-6.5505389501368505,-0.11872230482064516,0.3193772813272888,0.14139603955707739,-0.1340778243259252,0.31772073408380264,-0.9152240493333166,-4.279002337565977,1.4906688425732695,True,True,-0.4383329863383896,4.0,0.1416723245951601,1.0612248921454615,0.0004920871166445876,4.0,0.3253772441191149,2.0,0.178505058796291,0.3557295346229958,-0.7549778918231399,-0.06578983670598172,-0.07139681720251022,-0.04059996628506671,-0.0553892268519383,-0.21691836128199826,-0.10407694302404216,-0.04603806508306248,-0.053063441671962266,-0.20772667497809919,-0.05311101013978385,-0.0970599217971809,-0.048571992426669534,-0.20795151363673325,-0.14616435666709968,0.6775017865119504,0.676149483832161,0.5562455144798981,0.5878799540542056,0.5603496426151607,-0.0006745300758955177,0.003350296619175424,-0.000970663604587514,0.5909213085710046,-0.00016346661174018148,-0.005596667212104269,0.0008075089535758386,-0.0025712507503598335,0.5906044691660199,0.0,0.0,0.0,1.0,2.0,1.0,0.0,0.0,0.0,-0.5702037125891212,-0.39446069891916863,-0.36740618416370835,-0.3603605764284969,-0.5500655127311619,-0.5557589919390236,-0.38086968877889843,-0.38052462704560197,-0.5672912321764497,0.0,-0.5269859938614515,-0.38968783612425034,0.0,0.0,-0.5575495618601072,-0.28890843143515593,-0.5603698184938927,-0.5564955333751895,0.0,0.0,-0.3941051049762411,0.0,0.0,0.0,0.0,0.0,0.0,18.0,3.0,25.0,0.0,6.0,-0.37429130301783203,-0.37404461816982587,23.0,517.0,1.4853336227945206,0.677800759699685,-0.5207732700757074,-6.5505389501368505,-0.11872230482064516,0.3193772813272888,0.14139603955707739,-0.1340778243259252,0.31772073408380264,-0.9152240493333166,-4.279002337565977,1.4906688425732695,0
127845,0.9973596,0.32723927,0.28,0.24919445743323487,2.1420584909552662,0.21733483526428177,0.0,-2.267449353783491,1.219474806905622,0.9130172414567275,4.0,-0.8418737380968876,2.0,-2.8751993328332723,-2.6011931530556205,-0.6575338379986865,1.0817162529388062,1.4234320666195448,-0.36068855574398145,1.0160290356059598,0.041026556413928106,0.4625317427215742,0.831853473349725,0.840158645643882,-0.270475229122788,0.2984934539560277,1.298324824602411,1.1196484465600307,-0.0015168714054748234,0.2080033207181243,0.3904112939250954,0.0797470821966696,-0.3365653935834846,0.5527836363433513,0.9423494964739929,0.7452450725452521,-0.7051592894301089,-0.205743245523324,0.1943090105952679,0.278165109950424,0.4055133477706342,0.6347175854207406,0.44201006910470114,0.9103001945642059,0.0,0.0,0.0,3.0,0.0,0.0,0.0,0.0,0.0,1.4096160223920937,0.13094590032186837,-0.4750974489330535,-0.3820178693113151,1.4811893590667322,1.8297618373933633,-0.5542478777981316,-0.44067971737593375,1.758376895177811,2.0,1.9988126534714794,0.3000561872633898,2.0,2.0,1.8085832925035785,-0.2834167840470729,1.1124569200216246,1.7564653661700143,2.0,2.0,-0.5087776216841162,0.0,1.0,1.0,2.0,2.0,2.0,17.0,3.0,17.0,3.0,6.0,-0.010268792126057968,-0.4022762411645396,4.0,614.0,1.5617529588311796,0.8016135126036377,1.630318908481695,9.827040229835921,-2.6960668956589724,15.958987187703572,-0.7358671266764558,0.2773497223954826,-1.7806093698828507,0.20254562784885674,0.8079654401284242,-0.1416385293989501,True,True,0.21733483526428177,0.0,-2.267449353783491,1.219474806905622,0.9130172414567275,4.0,-0.8418737380968876,2.0,-2.8751993328332723,-2.6011931530556205,-0.6575338379986865,1.0817162529388062,1.4234320666195448,-0.36068855574398145,1.0160290356059598,0.041026556413928106,0.4625317427215742,0.831853473349725,0.840158645643882,-0.270475229122788,0.2984934539560277,1.298324824602411,1.1196484465600307,-0.0015168714054748234,0.2080033207181243,0.3904112939250954,0.0797470821966696,-0.3365653935834846,0.5527836363433513,0.9423494964739929,0.7452450725452521,-0.7051592894301089,-0.205743245523324,0.1943090105952679,0.278165109950424,0.4055133477706342,0.6347175854207406,0.44201006910470114,0.9103001945642059,0.0,0.0,0.0,3.0,0.0,0.0,0.0,0.0,0.0,1.4096160223920937,0.13094590032186837,-0.4750974489330535,-0.3820178693113151,1.4811893590667322,1.8297618373933633,-0.5542478777981316,-0.44067971737593375,1.758376895177811,2.0,1.9988126534714794,0.3000561872633898,2.0,2.0,1.8085832925035785,-0.2834167840470729,1.1124569200216246,1.7564653661700143,2.0,2.0,-0.5087776216841162,0.0,1.0,1.0,2.0,2.0,2.0,17.0,3.0,17.0,3.0,6.0,-0.010268792126057968,-0.4022762411645396,4.0,614.0,1.5617529588311796,0.8016135126036377,1.630318908481695,9.827040229835921,-2.6960668956589724,15.958987187703572,-0.7358671266764558,0.2773497223954826,-1.7806093698828507,0.20254562784885674,0.8079654401284242,-0.1416385293989501,0
476474,0.99776995,0.40170455,0.22,0.11308859038292954,0.9956678658745355,-0.5055740443799845,0.0,0.0753320274954423,-1.0929133101929953,0.502205271805612,4.0,-0.5577561353073238,3.0,-2.7509669359440223,-2.8884718364252295,-0.6804005243344506,-0.05901284507650553,0.06943438328369325,-0.14756081688516326,0.09811545687617643,-0.18470832697467265,-0.05076848356366656,-0.048354475741752,0.03303641023147999,-0.3464303074438919,-0.06338039462637407,-0.18035636795889312,0.04346367327157857,-0.14948306049056248,-0.3101035122494915,0.6703065556959046,-0.12158675518352974,0.031414195029423296,0.7159047854314428,0.649967782807358,0.46567285127759805,0.41991588200947383,1.0692673351282622,0.7276536961135427,0.1520297505463113,0.5787283325337291,0.680706859895349,0.7736630471626764,0.6777511532530179,0.0,0.0,0.0,3.0,0.0,0.0,0.0,0.0,0.0,1.8197290222100198,0.3939449865954724,2.9288784870176907,2.5124255786976444,1.9528948040686247,1.9656068725999005,2.6143503453697976,2.4469031728054143,1.7984965273628446,2.0,1.8480813496469455,-0.4374876031224814,1.0,1.0,1.9926351021590292,-0.27437893185759515,1.4776423501810678,2.1144153294478967,1.0,1.0,-0.16325868425852955,0.0,1.0,1.0,2.0,1.0,1.0,15.0,3.0,15.0,3.0,6.0,-0.3594757599280711,-0.47297811297402376,4.0,1090.0,-0.6399652974107027,1.0286991175896005,-0.2954415989268581,9.436031176914668,-2.8102638749625455,15.863221334463224,-0.5210244771933751,-0.0514912498306216,-2.3895225503995805,0.5424732097978919,0.43578874886768243,-0.4569067243024387,True,True,-0.5055740443799845,0.0,0.0753320274954423,-1.0929133101929953,0.502205271805612,4.0,-0.5577561353073238,3.0,-2.7509669359440223,-2.8884718364252295,-0.6804005243344506,-0.05901284507650553,0.06943438328369325,-0.14756081688516326,0.09811545687617643,-0.18470832697467265,-0.05076848356366656,-0.048354475741752,0.03303641023147999,-0.3464303074438919,-0.06338039462637407,-0.18035636795889312,0.04346367327157857,-0.14948306049056248,-0.3101035122494915,0.6703065556959046,-0.12158675518352974,0.031414195029423296,0.7159047854314428,0.649967782807358,0.46567285127759805,0.41991588200947383,1.0692673351282622,0.7276536961135427,0.1520297505463113,0.5787283325337291,0.680706859895349,0.7736630471626764,0.6777511532530179,0.0,0.0,0.0,3.0,0.0,0.0,0.0,0.0,0.0,1.8197290222100198,0.3939449865954724,2.9288784870176907,2.5124255786976444,1.9528948040686247,1.9656068725999005,2.6143503453697976,2.4469031728054143,1.7984965273628446,2.0,1.8480813496469455,-0.4374876031224814,1.0,1.0,1.9926351021590292,-0.27437893185759515,1.4776423501810678,2.1144153294478967,1.0,1.0,-0.16325868425852955,0.0,1.0,1.0,2.0,1.0,1.0,15.0,3.0,15.0,3.0,6.0,-0.3594757599280711,-0.47297811297402376,4.0,1090.0,-0.6399652974107027,1.0286991175896005,-0.2954415989268581,9.436031176914668,-2.8102638749625455,15.863221334463224,-0.5210244771933751,-0.0514912498306216,-2.3895225503995805,0.5424732097978919,0.43578874886768243,-0.4569067243024387,0
300914,0.87699664,0.48787826,0.060000000000000005,0.00771172199313132,0.05807666286033522,3.0380974512966676,4.0,-1.4894660660639953,-0.07286918023003601,-0.007875861098836284,2.0,-0.8213975425161657,2.0,0.15141269259791817,0.359201868786348,-0.7541157588153605,-0.08851511649460966,-0.10392274791845511,-0.04836721970616085,-0.060428623673945976,-0.21203178350146398,-0.11346126824781744,-0.04277853316100507,-0.050150149635772225,-0.26399694144434627,-0.04675070861140747,-0.09730903208962381,-0.05574376126154945,-0.23897092093997174,-0.14371789296368578,0.621826772299319,-0.006263521073350207,0.0011853951406771515,0.5316582663047692,0.019111691410204246,0.001234512217183695,-0.015142041979953318,-0.004836400304970431,0.5329167397343432,-0.0018520709764807922,0.006245559000808526,0.0068353186701768385,0.007752329161685422,0.5200585736467122,0.0,0.0,0.0,1.0,1.0,2.0,0.0,0.0,0.0,-0.5668493387638236,-0.3927948591552854,-0.3620025230725702,-0.3668971050164904,-0.5564178189627468,-0.5583623608292899,-0.3853778337599454,-0.38435878303214155,-0.5579385495625827,0.0,-0.5217803414862848,-0.39407314128928755,0.0,0.0,-0.5566194862891499,-0.2822564666188151,-0.552628434574472,-0.5615857151275129,0.0,0.0,-0.39077890343565164,0.0,0.0,0.0,0.0,0.0,0.0,15.0,3.0,25.0,0.0,6.0,-0.36659942772863613,-0.37132220556296225,23.0,517.0,-1.5744661591604483,0.7932637230391991,-0.7731145576890638,-6.541753080022633,-0.16968226626046903,0.3119152634316636,0.13676865805290445,-0.17849024604810532,0.3272912122121875,-0.9193782697943248,-4.291622360056635,1.4346787968595336,True,True,3.0380974512966676,4.0,-1.4894660660639953,-0.07286918023003601,-0.007875861098836284,2.0,-0.8213975425161657,2.0,0.15141269259791817,0.359201868786348,-0.7541157588153605,-0.08851511649460966,-0.10392274791845511,-0.04836721970616085,-0.060428623673945976,-0.21203178350146398,-0.11346126824781744,-0.04277853316100507,-0.050150149635772225,-0.26399694144434627,-0.04675070861140747,-0.09730903208962381,-0.05574376126154945,-0.23897092093997174,-0.14371789296368578,0.621826772299319,-0.006263521073350207,0.0011853951406771515,0.5316582663047692,0.019111691410204246,0.001234512217183695,-0.015142041979953318,-0.004836400304970431,0.5329167397343432,-0.0018520709764807922,0.006245559000808526,0.0068353186701768385,0.007752329161685422,0.5200585736467122,0.0,0.0,0.0,1.0,1.0,2.0,0.0,0.0,0.0,-0.5668493387638236,-0.3927948591552854,-0.3620025230725702,-0.3668971050164904,-0.5564178189627468,-0.5583623608292899,-0.3853778337599454,-0.38435878303214155,-0.5579385495625827,0.0,-0.5217803414862848,-0.39407314128928755,0.0,0.0,-0.5566194862891499,-0.2822564666188151,-0.552628434574472,-0.5615857151275129,0.0,0.0,-0.39077890343565164,0.0,0.0,0.0,0.0,0.0,0.0,15.0,3.0,25.0,0.0,6.0,-0.36659942772863613,-0.37132220556296225,23.0,517.0,-1.5744661591604483,0.7932637230391991,-0.7731145576890638,-6.541753080022633,-0.16968226626046903,0.3119152634316636,0.13676865805290445,-0.17849024604810532,0.3272912122121875,-0.9193782697943248,-4.291622360056635,1.4346787968595336,0
247831,0.9925889,0.12049221,0.13,0.028378895023486856,0.21482789832912244,0.753020043805685,1.0,0.8625671845228722,0.9569294995422548,0.03577418771528711,3.0,-0.8281526898357408,2.0,0.183528584653633,0.35254821336163433,-0.7226485810683991,-0.10748532166762811,-0.0995615244590727,0.014568125706029701,-0.06848529462124507,-0.19499785432936753,-0.14256497281419317,-0.07096082636112326,-0.066950132551159,-0.277138518526473,0.0018731360302991036,-0.05834707796825703,-0.08978887248855405,-0.23445010048103468,-0.10940477872450577,0.6055832196156036,0.01727650302320908,-0.018031473860294082,0.04226948629187841,0.0012563100805502428,0.04213384522374646,0.3439607840024207,0.9999116404227406,-0.01899954139984109,-0.015634907539050703,-0.01528419878438863,0.06677618219396556,0.5244767312466659,-0.014132110857151185,0.0,0.0,0.0,0.0,0.0,0.0,0.0,0.0,0.0,1.743221052716126,0.21258142345665165,2.7641440580765555,2.790471450930648,1.7985783021558202,1.7606531535318128,2.597370120909104,2.575456687664178,1.7876790283024317,2.0,1.8141203350287145,2.6515762650355543,1.0,1.0,1.7435588304699283,3.4739091146201444,1.699731006668433,1.9967290477995043,1.0,1.0,2.600964214673697,4.0,2.0,1.0,2.0,2.0,2.0,43.0,3.0,44.0,3.0,0.0,2.7130577385022034,2.614556936340699,30.0,612.0,-0.05238186383517531,0.1988081871188448,-0.7627267229290974,31.4998560699398,-0.8095018990031746,-5.250274782409796,0.9460592710597954,0.05277764192539712,1.1051685060744012,-0.0862173174639334,-0.18554782415357168,-0.6020764995931094,True,True,0.753020043805685,1.0,0.8625671845228722,0.9569294995422548,0.03577418771528711,3.0,-0.8281526898357408,2.0,0.183528584653633,0.35254821336163433,-0.7226485810683991,-0.10748532166762811,-0.0995615244590727,0.014568125706029701,-0.06848529462124507,-0.19499785432936753,-0.14256497281419317,-0.07096082636112326,-0.066950132551159,-0.277138518526473,0.0018731360302991036,-0.05834707796825703,-0.08978887248855405,-0.23445010048103468,-0.10940477872450577,0.6055832196156036,0.01727650302320908,-0.018031473860294082,0.04226948629187841,0.0012563100805502428,0.04213384522374646,0.3439607840024207,0.9999116404227406,-0.01899954139984109,-0.015634907539050703,-0.01528419878438863,0.06677618219396556,0.5244767312466659,-0.014132110857151185,0.0,0.0,0.0,0.0,0.0,0.0,0.0,0.0,0.0,1.743221052716126,0.21258142345665165,2.7641440580765555,2.790471450930648,1.7985783021558202,1.7606531535318128,2.597370120909104,2.575456687664178,1.7876790283024317,2.0,1.8141203350287145,2.6515762650355543,1.0,1.0,1.7435588304699283,3.4739091146201444,1.699731006668433,1.9967290477995043,1.0,1.0,2.600964214673697,4.0,2.0,1.0,2.0,2.0,2.0,43.0,3.0,44.0,3.0,0.0,2.7130577385022034,2.614556936340699,30.0,612.0,-0.05238186383517531,0.1988081871188448,-0.7627267229290974,31.4998560699398,-0.8095018990031746,-5.250274782409796,0.9460592710597954,0.05277764192539712,1.1051685060744012,-0.0862173174639334,-0.18554782415357168,-0.6020764995931094,0
178826,0.87250805,0.39981508,0.09,0.013888290969627364,0.10709802212739629,-0.3195404557590394,0.0,-1.3832494880216433,0.28986318525819466,0.5941644958137042,3.0,0.29173426862288593,3.0,-2.727304550359543,-2.8088767897439713,-0.7582183185720528,-0.10378695356979728,-0.09491154438918645,-0.03258964776942213,-0.038571639243662706,-0.23828640684900143,-0.10228709994481498,-0.02314855021851849,-0.02214142026530342,-0.2618689399796711,-0.03463201022381353,-0.11587956127656059,-0.014957004632126552,-0.23894964392586984,-0.1712553548860104,0.6318774918333102,-0.00047976767813892064,-0.007056431750995491,0.5185014896415805,0.0247568828836078,0.5304868294464514,-0.01808531805712207,-0.016851623237608995,0.5256054478068947,-0.012388880551178582,0.6031277874821597,0.5490234025373013,0.5491334711087993,0.5128171633463472,0.0,0.0,0.0,3.0,0.0,0.0,0.0,0.0,0.0,1.6937129562063322,2.666818753789518,-0.36457863021067116,-0.34891930815409267,1.8011854249798804,1.8501900422047712,-0.4064742347833379,-0.38893867840172286,1.7634383021038962,2.0,1.8945941758762557,-0.38669648105600807,3.0,0.0,1.8416206101032988,-0.293591612059347,1.912557188365685,1.6677546032161683,2.0,2.0,-0.4099697744415378,0.0,1.0,1.0,1.0,1.0,2.0,17.0,3.0,17.0,3.0,6.0,-0.37984458158068013,-0.3725236303794727,22.0,517.0,-1.0774733415935773,-1.2898691975373777,-1.020817656669306,13.951321192888088,-3.295194373034502,11.953955692922586,0.3316046838084605,-0.0271132931952085,1.2367435532102247,-0.08698259038680205,0.16018634245184865,-0.9446233578626939,True,True,-0.3195404557590394,0.0,-1.3832494880216433,0.28986318525819466,0.5941644958137042,3.0,0.29173426862288593,3.0,-2.727304550359543,-2.8088767897439713,-0.7582183185720528,-0.10378695356979728,-0.09491154438918645,-0.03258964776942213,-0.038571639243662706,-0.23828640684900143,-0.10228709994481498,-0.02314855021851849,-0.02214142026530342,-0.2618689399796711,-0.03463201022381353,-0.11587956127656059,-0.014957004632126552,-0.23894964392586984,-0.1712553548860104,0.6318774918333102,-0.00047976767813892064,-0.007056431750995491,0.5185014896415805,0.0247568828836078,0.5304868294464514,-0.01808531805712207,-0.016851623237608995,0.5256054478068947,-0.012388880551178582,0.6031277874821597,0.5490234025373013,0.5491334711087993,0.5128171633463472,0.0,0.0,0.0,3.0,0.0,0.0,0.0,0.0,0.0,1.6937129562063322,2.666818753789518,-0.36457863021067116,-0.34891930815409267,1.8011854249798804,1.8501900422047712,-0.4064742347833379,-0.38893867840172286,1.7634383021038962,2.0,1.8945941758762557,-0.38669648105600807,3.0,0.0,1.8416206101032988,-0.293591612059347,1.912557188365685,1.6677546032161683,2.0,2.0,-0.4099697744415378,0.0,1.0,1.0,1.0,1.0,2.0,17.0,3.0,17.0,3.0,6.0,-0.37984458158068013,-0.3725236303794727,22.0,517.0,-1.0774733415935773,-1.2898691975373777,-1.020817656669306,13.951321192888088,-3.295194373034502,11.953955692922586,0.3316046838084605,-0.0271132931952085,1.2367435532102247,-0.08698259038680205,0.16018634245184865,-0.9446233578626939,0
254557,0.8181309,0.30903953,0.05,0.006265852597583031,0.05768929985293096,-0.6020271724810626,0.0,0.5421124505727598,0.6526383935783181,-0.004178915049956788,4.0,-10.960706497984496,2.0,-2.723657105711433,-2.7999627300171905,-0.7513756817763764,0.20940574164437797,2.006863871313944,-0.04020974325284581,0.4663245429003489,-0.21545813330078475,0.39643996858877234,0.5493860831378867,0.4099832981505819,-0.26092372363259675,0.6444729134728387,0.77804748113581,0.9064655269843785,0.887180853880432,0.23602938633771747,0.960153059660543,-0.002117449340711076,0.007893597045315618,0.6731041567071375,0.5969910290329528,0.6607799068922717,0.0009611112719673128,-0.012483407887023857,0.5469076181894428,0.004441203610156027,0.7540546157607578,-0.0004108923402301786,-0.011902682633317958,0.5307599466933832,0.0,0.0,0.0,3.0,0.0,0.0,0.0,0.0,0.0,-0.5678857846555061,-0.39907553519701905,-0.33594377451642066,-0.3532790598225024,-0.5605064101114624,-0.5566364098033567,-0.3779291886930129,-0.3857097084814799,-0.5694751678984383,0.0,-0.5250027548160537,-0.3975782395515736,0.0,0.0,-0.5648768768623822,-0.2943711563434365,-0.5594313484537101,-0.5442059655314532,0.0,0.0,-0.3992317807201975,0.0,0.0,0.0,0.0,0.0,0.0,17.0,3.0,17.0,3.0,6.0,-0.36726578109296953,-0.37396977339835014,23.0,517.0,0.975658282268101,0.6780281082706212,-0.7683943022708508,-1.652050094037185,10.36951209148625,-2.4889440037432555,-5.705687814116571,15.978710045020344,4.863936517519977,-2.3137553993724547,-7.186690733955635,-2.559663623243747,True,True,-0.6020271724810626,0.0,0.5421124505727598,0.6526383935783181,-0.004178915049956788,4.0,-10.960706497984496,2.0,-2.723657105711433,-2.7999627300171905,-0.7513756817763764,0.20940574164437797,2.006863871313944,-0.04020974325284581,0.4663245429003489,-0.21545813330078475,0.39643996858877234,0.5493860831378867,0.4099832981505819,-0.26092372363259675,0.6444729134728387,0.77804748113581,0.9064655269843785,0.887180853880432,0.23602938633771747,0.960153059660543,-0.002117449340711076,0.007893597045315618,0.6731041567071375,0.5969910290329528,0.6607799068922717,0.0009611112719673128,-0.012483407887023857,0.5469076181894428,0.004441203610156027,0.7540546157607578,-0.0004108923402301786,-0.011902682633317958,0.5307599466933832,0.0,0.0,0.0,3.0,0.0,0.0,0.0,0.0,0.0,-0.5678857846555061,-0.39907553519701905,-0.33594377451642066,-0.3532790598225024,-0.5605064101114624,-0.5566364098033567,-0.3779291886930129,-0.3857097084814799,-0.5694751678984383,0.0,-0.5250027548160537,-0.3975782395515736,0.0,0.0,-0.5648768768623822,-0.2943711563434365,-0.5594313484537101,-0.5442059655314532,0.0,0.0,-0.3992317807201975,0.0,0.0,0.0,0.0,0.0,0.0,17.0,3.0,17.0,3.0,6.0,-0.36726578109296953,-0.37396977339835014,23.0,517.0,0.975658282268101,0.6780281082706212,-0.7683943022708508,-1.652050094037185,10.36951209148625,-2.4889440037432555,-5.705687814116571,15.978710045020344,4.863936517519977,-2.3137553993724547,-7.186690733955635,-2.559663623243747,0
219841,0.8982118,0.3233765,0.04,0.005058857517455529,0.03924439285270724,1.8951749994202838,4.0,1.0614845898426595,-5.891931313995415,-0.0046648404186993035,4.0,0.3307658769844675,2.0,0.43350063161836383,0.3555253265303497,0.976943564865814,-0.09498938617602891,-0.09595426980000135,-0.038528837797483756,-0.06396575269176165,-0.17294913775188753,-0.09986364769694649,-0.04183029357957511,-0.05643505996345701,-0.201336794043968,-0.056406336353216305,-0.0895735779328031,-0.04506386215925323,-0.22076116285201802,-0.14999165631152037,0.6547906264508869,0.6394314955052974,0.5466755505877257,0.541189148683298,0.551343490014727,-0.009807353973801588,-0.00016372918613807727,0.005936569318473303,0.5597344670656124,0.5959418369194549,0.0010673466062525937,0.0022127005589681007,-0.004365350821019411,0.5372216430613199,2.0,2.0,2.0,1.0,1.0,2.0,1.0,1.0,2.0,-0.5729999358451681,-0.38371734411354275,-0.36553587250076697,-0.3598196243229736,-0.5601115187603366,-0.5668691060751236,-0.38295135406138353,-0.3895662126979346,-0.5678741102002539,0.0,-0.5327685860798032,-0.40221712036209606,0.0,0.0,-0.5650534647688634,-0.28111798925952886,-0.5493915369489385,-0.5571252298672973,0.0,0.0,-0.38695368368476646,0.0,0.0,0.0,0.0,0.0,0.0,15.0,3.0,25.0,0.0,6.0,-0.3695176851292488,-0.3697872711819303,23.0,517.0,-1.0680000581696854,0.812619423091622,-1.0205664807110209,-7.523506938951116,1.0504492400422574,-0.5496397732405449,-0.29757582723130954,0.06876979296077271,2.241832464569367,0.05901345598350875,1.2803372585666788,-0.2390065742999021,True,True,1.8951749994202838,4.0,1.0614845898426595,-5.891931313995415,-0.0046648404186993035,4.0,0.3307658769844675,2.0,0.43350063161836383,0.3555253265303497,0.976943564865814,-0.09498938617602891,-0.09595426980000135,-0.038528837797483756,-0.06396575269176165,-0.17294913775188753,-0.09986364769694649,-0.04183029357957511,-0.05643505996345701,-0.201336794043968,-0.056406336353216305,-0.0895735779328031,-0.04506386215925323,-0.22076116285201802,-0.14999165631152037,0.6547906264508869,0.6394314955052974,0.5466755505877257,0.541189148683298,0.551343490014727,-0.009807353973801588,-0.00016372918613807727,0.005936569318473303,0.5597344670656124,0.5959418369194549,0.0010673466062525937,0.0022127005589681007,-0.004365350821019411,0.5372216430613199,2.0,2.0,2.0,1.0,1.0,2.0,1.0,1.0,2.0,-0.5729999358451681,-0.38371734411354275,-0.36553587250076697,-0.3598196243229736,-0.5601115187603366,-0.5668691060751236,-0.38295135406138353,-0.3895662126979346,-0.5678741102002539,0.0,-0.5327685860798032,-0.40221712036209606,0.0,0.0,-0.5650534647688634,-0.28111798925952886,-0.5493915369489385,-0.5571252298672973,0.0,0.0,-0.38695368368476646,0.0,0.0,0.0,0.0,0.0,0.0,15.0,3.0,25.0,0.0,6.0,-0.3695176851292488,-0.3697872711819303,23.0,517.0,-1.0680000581696854,0.812619423091622,-1.0205664807110209,-7.523506938951116,1.0504492400422574,-0.5496397732405449,-0.29757582723130954,0.06876979296077271,2.241832464569367,0.05901345598350875,1.2803372585666788,-0.2390065742999021,0
49886,0.96990126,0.23305424,0.21000000000000002,0.0982356594956918,0.8457124455662133,0.6907409390989945,0.0,-1.2557569964362987,0.26995872341051863,0.4882058227436754,3.0,0.17421799182822395,3.0,-2.761259344460492,-2.864844990646807,-0.870024320227395,14.574545561395793,16.08976400885894,-0.17345044441343493,17.292245782988793,-0.16394837135530949,16.644839234463596,19.239863714029692,18.485162823515548,-0.33430345590941074,20.37195306983534,16.932657440152997,18.7731635394286,12.91049960811545,16.018722350530634,0.7634097958695549,-0.046346123167300836,0.18416502198346923,0.5859854392810688,0.5055264854448376,0.2901552967734541,0.4532621402144934,1.0863377152964573,0.04734792486592392,0.01025440912946983,0.49246624940995487,0.5088192855142416,0.522312419234312,0.4971535141462352,0.0,0.0,0.0,3.0,0.0,0.0,0.0,0.0,0.0,1.791433597130042,0.30247302803494736,2.753393811549536,2.777958239013999,1.9672809268246672,1.7475415754088943,2.5766823515510837,2.802225539193225,1.651893664414725,2.0,1.7705063761626851,-0.45679745153895657,1.0,1.0,1.7841704843848096,-0.3654140805525749,1.5059480548204787,1.819904058852246,1.0,1.0,-0.48188901811461865,0.0,1.0,1.0,2.0,2.0,1.0,15.0,3.0,15.0,3.0,6.0,-0.4334146778724025,-0.47852278297920947,4.0,1090.0,-0.04810871598326623,0.8967152795317179,1.588404505119354,14.35245945440199,-3.320330808514447,11.85779453608932,0.363093628582066,-0.11045103716581156,1.0565905062836383,-0.353925478270756,-0.14904980210333596,-1.1485141172842976,True,True,0.6907409390989945,0.0,-1.2557569964362987,0.26995872341051863,0.4882058227436754,3.0,0.17421799182822395,3.0,-2.761259344460492,-2.864844990646807,-0.870024320227395,14.574545561395793,16.08976400885894,-0.17345044441343493,17.292245782988793,-0.16394837135530949,16.644839234463596,19.239863714029692,18.485162823515548,-0.33430345590941074,20.37195306983534,16.932657440152997,18.7731635394286,12.91049960811545,16.018722350530634,0.7634097958695549,-0.046346123167300836,0.18416502198346923,0.5859854392810688,0.5055264854448376,0.2901552967734541,0.4532621402144934,1.0863377152964573,0.04734792486592392,0.01025440912946983,0.49246624940995487,0.5088192855142416,0.522312419234312,0.4971535141462352,0.0,0.0,0.0,3.0,0.0,0.0,0.0,0.0,0.0,1.791433597130042,0.30247302803494736,2.753393811549536,2.777958239013999,1.9672809268246672,1.7475415754088943,2.5766823515510837,2.802225539193225,1.651893664414725,2.0,1.7705063761626851,-0.45679745153895657,1.0,1.0,1.7841704843848096,-0.3654140805525749,1.5059480548204787,1.819904058852246,1.0,1.0,-0.48188901811461865,0.0,1.0,1.0,2.0,2.0,1.0,15.0,3.0,15.0,3.0,6.0,-0.4334146778724025,-0.47852278297920947,4.0,1090.0,-0.04810871598326623,0.8967152795317179,1.588404505119354,14.35245945440199,-3.320330808514447,11.85779453608932,0.363093628582066,-0.11045103716581156,1.0565905062836383,-0.353925478270756,-0.14904980210333596,-1.1485141172842976,0
329655,0.8833971,0.37910813,0.02,0.0032300924127905565,0.022493999897871885,-0.699013391888778,4.0,-0.10282859276185759,-1.0156895179055923,-0.008589982712324664,3.0,0.3008151091187952,3.0,0.4280147464881825,0.35608989495009913,-0.7574135237123112,-0.09181541650650861,-0.06907145946104515,-0.03785208938981219,-0.05882744855539921,-0.21624067972057173,-0.0734880341588565,-0.044544236822936935,-0.05949008492279221,-0.20781619841089716,-0.05842084649307866,-0.09047507982898771,-0.04545211084496426,-0.24560260712746457,-0.14621088927531845,0.6125934462986821,0.6126844553278026,0.5528539301748618,0.001303521801182152,-0.0038815889807316418,-0.0030422547790812556,0.0018031902974616554,-0.0017607518079025808,0.5310801267986252,-0.004167810427717916,-0.0016315925882338439,0.006054570523322793,-0.006680985633529814,-0.002373128480845068,0.0,0.0,0.0,0.0,0.0,0.0,0.0,0.0,0.0,-0.5719612175890403,-0.39428640622985367,-0.36263520729641674,-0.35811003925193324,-0.5542663376703281,-0.5540448511672128,-0.38503419716659587,-0.382434147019137,-0.5659181051558182,0.0,-0.5268682308740789,-0.3970093131521852,0.0,0.0,-0.5600768137072382,-0.2909488294329502,-0.5566008479132369,-0.5615959032233461,0.0,0.0,-0.39710925146380366,0.0,0.0,0.0,0.0,0.0,0.0,25.0,0.0,25.0,0.0,6.0,-0.3753472187528472,-0.3758632531001277,23.0,517.0,-1.0685864749576137,0.020205909021327798,-0.5173116647068521,-1.3869184340119438,1.1855352931187009,-7.220290343197317,0.07023427176644362,1.1306706127557722,-8.674580566218157,-0.09164228103743285,-4.641454337463767,1.2380834373187746,True,True,-0.699013391888778,4.0,-0.10282859276185759,-1.0156895179055923,-0.008589982712324664,3.0,0.3008151091187952,3.0,0.4280147464881825,0.35608989495009913,-0.7574135237123112,-0.09181541650650861,-0.06907145946104515,-0.03785208938981219,-0.05882744855539921,-0.21624067972057173,-0.0734880341588565,-0.044544236822936935,-0.05949008492279221,-0.20781619841089716,-0.05842084649307866,-0.09047507982898771,-0.04545211084496426,-0.24560260712746457,-0.14621088927531845,0.6125934462986821,0.6126844553278026,0.5528539301748618,0.001303521801182152,-0.0038815889807316418,-0.0030422547790812556,0.0018031902974616554,-0.0017607518079025808,0.5310801267986252,-0.004167810427717916,-0.0016315925882338439,0.006054570523322793,-0.006680985633529814,-0.002373128480845068,0.0,0.0,0.0,0.0,0.0,0.0,0.0,0.0,0.0,-0.5719612175890403,-0.39428640622985367,-0.36263520729641674,-0.35811003925193324,-0.5542663376703281,-0.5540448511672128,-0.38503419716659587,-0.382434147019137,-0.5659181051558182,0.0,-0.5268682308740789,-0.3970093131521852,0.0,0.0,-0.5600768137072382,-0.2909488294329502,-0.5566008479132369,-0.5615959032233461,0.0,0.0,-0.39710925146380366,0.0,0.0,0.0,0.0,0.0,0.0,25.0,0.0,25.0,0.0,6.0,-0.3753472187528472,-0.3758632531001277,23.0,517.0,-1.0685864749576137,0.020205909021327798,-0.5173116647068521,-1.3869184340119438,1.1855352931187009,-7.220290343197317,0.07023427176644362,1.1306706127557722,-8.674580566218157,-0.09164228103743285,-4.641454337463767,1.2380834373187746,0
297889,0.63346916,0.43321308,0.01,0.0025521382703821843,0.021621263481169106,0.5062907674639361,4.0,-1.173053920907669,0.9111172433781374,-0.003312102349943125,4.0,0.3214964565776324,3.0,0.057607014659552674,0.36050325311281467,4.5852001302948375,-0.02687191673655439,-0.031064929976844603,-0.03570115034496925,-0.0587415304238156,-0.1434265275579364,0.12475394708117658,-0.04555321627555073,-0.054184142559093956,0.26794267810745065,-0.059512302020339684,-0.02753604311527723,-0.0430255095849015,0.5231892973231049,0.016672374509314046,0.7574056753874475,0.7606658104497878,0.5493870471199191,0.5344330098283703,0.5546905463201401,0.003470215667183288,-0.0008540294731863919,0.0038231150930207996,0.7150623078817685,0.6012370526998362,0.0008548965309290853,-0.0024605208798334894,-0.0047603296505429,0.710766906282422,2.0,1.0,1.0,2.0,1.0,1.0,0.0,0.0,0.0,-0.5770688622916422,-0.39324542336385293,-0.3586292582278129,-0.35870447981883163,-0.5482564367455054,-0.555759119443268,-0.38356908417776914,-0.3808024640215558,-0.5638856692837657,0.0,-0.5271004178198748,-0.39941372907843364,0.0,0.0,-0.5622149911063962,-0.29446036687091,-0.5566882352043223,-0.5595250357701503,0.0,0.0,-0.391902258838629,0.0,0.0,0.0,0.0,0.0,0.0,15.0,3.0,25.0,0.0,6.0,-0.3670142224623105,-0.37806871372449785,23.0,517.0,1.480791801801565,0.4177932646195293,-0.7700807232430594,-7.563230515744729,0.42712812571328346,-0.6008706431605865,0.0876638790378792,0.37354123503314374,2.2260276117554056,0.08919841712695607,1.3796363860802194,0.056581732162261054,True,True,0.5062907674639361,4.0,-1.173053920907669,0.9111172433781374,-0.003312102349943125,4.0,0.3214964565776324,3.0,0.057607014659552674,0.36050325311281467,4.5852001302948375,-0.02687191673655439,-0.031064929976844603,-0.03570115034496925,-0.0587415304238156,-0.1434265275579364,0.12475394708117658,-0.04555321627555073,-0.054184142559093956,0.26794267810745065,-0.059512302020339684,-0.02753604311527723,-0.0430255095849015,0.5231892973231049,0.016672374509314046,0.7574056753874475,0.7606658104497878,0.5493870471199191,0.5344330098283703,0.5546905463201401,0.003470215667183288,-0.0008540294731863919,0.0038231150930207996,0.7150623078817685,0.6012370526998362,0.0008548965309290853,-0.0024605208798334894,-0.0047603296505429,0.710766906282422,2.0,1.0,1.0,2.0,1.0,1.0,0.0,0.0,0.0,-0.5770688622916422,-0.39324542336385293,-0.3586292582278129,-0.35870447981883163,-0.5482564367455054,-0.555759119443268,-0.38356908417776914,-0.3808024640215558,-0.5638856692837657,0.0,-0.5271004178198748,-0.39941372907843364,0.0,0.0,-0.5622149911063962,-0.29446036687091,-0.5566882352043223,-0.5595250357701503,0.0,0.0,-0.391902258838629,0.0,0.0,0.0,0.0,0.0,0.0,15.0,3.0,25.0,0.0,6.0,-0.3670142224623105,-0.37806871372449785,23.0,517.0,1.480791801801565,0.4177932646195293,-0.7700807232430594,-7.563230515744729,0.42712812571328346,-0.6008706431605865,0.0876638790378792,0.37354123503314374,2.2260276117554056,0.08919841712695607,1.3796363860802194,0.056581732162261054,0
194188,0.9972907,0.4969496,0.13,0.028378895023486856,0.2144060220967131,0.3170914291458902,1.0,0.14616242279635286,1.0890039468134618,0.0033916114025679183,4.0,0.3556567451773642,2.0,0.07606907681425558,0.4135484249913477,-0.7682960457060465,-0.09166295746081093,-0.0870659272737028,-0.05938886738727181,-0.040522845078933806,-0.23949670540668036,-0.1096156281663959,-0.0696831637837575,-0.03937824486747566,-0.2669097126499192,-0.026986873132311757,-0.08101063035681387,-0.05710820404986215,-0.24043589096512105,-0.2175723761350074,0.56657620025355,0.02337940449202077,-0.04361633568676153,-0.015227991009475982,-0.010595884506566658,-0.00028526354925056984,0.4080496818188049,0.9946338175312931,0.046866034035262794,-0.05268379649086268,-0.008071382039816477,0.04717232176150279,0.0064619296837028235,0.009556866485684589,0.0,0.0,0.0,0.0,0.0,0.0,0.0,0.0,0.0,1.731020375045135,0.36839657168836515,2.745921593400803,2.762793595807453,1.8299697531565142,1.8072508591572327,2.6022000536000482,2.604465914001179,1.7593422232655238,2.0,1.9145100219966253,2.45361826099898,1.0,1.0,1.7475194086061563,-0.2895588839499288,1.4958305947634305,1.981609551687007,1.0,1.0,2.5568465221985326,4.0,2.0,1.0,2.0,2.0,1.0,15.0,3.0,2.0,3.0,3.0,2.715204862270118,2.617545549480601,4.0,1090.0,1.4892848006618893,-0.06721102421372491,-1.002550127478772,31.36971610196746,-1.072401612594164,-5.185128716919035,1.1047096442393858,0.05938070496987984,0.9958530534244047,-0.041508491802067934,0.11622990060406588,-0.01746508925058224,True,True,0.3170914291458902,1.0,0.14616242279635286,1.0890039468134618,0.0033916114025679183,4.0,0.3556567451773642,2.0,0.07606907681425558,0.4135484249913477,-0.7682960457060465,-0.09166295746081093,-0.0870659272737028,-0.05938886738727181,-0.040522845078933806,-0.23949670540668036,-0.1096156281663959,-0.0696831637837575,-0.03937824486747566,-0.2669097126499192,-0.026986873132311757,-0.08101063035681387,-0.05710820404986215,-0.24043589096512105,-0.2175723761350074,0.56657620025355,0.02337940449202077,-0.04361633568676153,-0.015227991009475982,-0.010595884506566658,-0.00028526354925056984,0.4080496818188049,0.9946338175312931,0.046866034035262794,-0.05268379649086268,-0.008071382039816477,0.04717232176150279,0.0064619296837028235,0.009556866485684589,0.0,0.0,0.0,0.0,0.0,0.0,0.0,0.0,0.0,1.731020375045135,0.36839657168836515,2.745921593400803,2.762793595807453,1.8299697531565142,1.8072508591572327,2.6022000536000482,2.604465914001179,1.7593422232655238,2.0,1.9145100219966253,2.45361826099898,1.0,1.0,1.7475194086061563,-0.2895588839499288,1.4958305947634305,1.981609551687007,1.0,1.0,2.5568465221985326,4.0,2.0,1.0,2.0,2.0,1.0,15.0,3.0,2.0,3.0,3.0,2.715204862270118,2.617545549480601,4.0,1090.0,1.4892848006618893,-0.06721102421372491,-1.002550127478772,31.36971610196746,-1.072401612594164,-5.185128716919035,1.1047096442393858,0.05938070496987984,0.9958530534244047,-0.041508491802067934,0.11622990060406588,-0.01746508925058224,0
305626,0.8167003,0.12772773,0.11,0.020034599671098444,0.18579017498766967,-0.34780807484540566,4.0,1.1149415298095808,0.6657555866305599,-0.04705046652899211,4.0,0.37143065933856106,3.0,0.35828617708872323,0.36168786522223473,4.428793549797393,-0.10126038528393769,-0.07577493623900747,-0.03225303592971478,-0.039243814184040965,-0.22878266102370348,-0.06145541326750318,-0.0007403151327826582,-0.05017963280630203,-0.12415564226858762,-0.02995907143660494,-0.10146482114109791,-0.06641394218542132,-0.1969693189402299,-0.11764616695927177,0.6237723601411318,0.62026452666672,0.5414516946461204,0.670834351334725,0.6649084528132446,0.024761504584755182,-0.013119183452424927,0.033831041750149206,0.7138120338249659,0.5698497170117445,-0.0002217630035579107,-0.007483009495147612,0.00525021134366877,0.6848561800167294,2.0,1.0,1.0,1.0,1.0,1.0,1.0,1.0,1.0,-0.5664340165959894,-0.4141277598342944,-0.31738342750955917,-0.3519154247008708,-0.556732333810388,-0.5578836990222439,-0.38662451495178674,-0.419725142380727,-0.5175849433213352,0.0,-0.46954997970939505,-0.37008095119113465,0.0,0.0,-0.5668490266150064,-0.2903195446098409,-0.531762338916808,-0.5350265812696902,0.0,0.0,-0.4269527712089547,0.0,0.0,0.0,0.0,0.0,0.0,17.0,3.0,25.0,0.0,6.0,-0.3819148699674719,-0.35333721521740913,23.0,517.0,-0.5773830666403318,-0.2383865120762884,-0.7483850408349766,-7.534716950588143,0.3215653487458742,-0.5972847552417954,0.2237850215548178,0.33869142816980136,2.345117192360478,0.9024333941785165,1.106601117191807,-0.12001077639816977,True,True,-0.34780807484540566,4.0,1.1149415298095808,0.6657555866305599,-0.04705046652899211,4.0,0.37143065933856106,3.0,0.35828617708872323,0.36168786522223473,4.428793549797393,-0.10126038528393769,-0.07577493623900747,-0.03225303592971478,-0.039243814184040965,-0.22878266102370348,-0.06145541326750318,-0.0007403151327826582,-0.05017963280630203,-0.12415564226858762,-0.02995907143660494,-0.10146482114109791,-0.06641394218542132,-0.1969693189402299,-0.11764616695927177,0.6237723601411318,0.62026452666672,0.5414516946461204,0.670834351334725,0.6649084528132446,0.024761504584755182,-0.013119183452424927,0.033831041750149206,0.7138120338249659,0.5698497170117445,-0.0002217630035579107,-0.007483009495147612,0.00525021134366877,0.6848561800167294,2.0,1.0,1.0,1.0,1.0,1.0,1.0,1.0,1.0,-0.5664340165959894,-0.4141277598342944,-0.31738342750955917,-0.3519154247008708,-0.556732333810388,-0.5578836990222439,-0.38662451495178674,-0.419725142380727,-0.5175849433213352,0.0,-0.46954997970939505,-0.37008095119113465,0.0,0.0,-0.5668490266150064,-0.2903195446098409,-0.531762338916808,-0.5350265812696902,0.0,0.0,-0.4269527712089547,0.0,0.0,0.0,0.0,0.0,0.0,17.0,3.0,25.0,0.0,6.0,-0.3819148699674719,-0.35333721521740913,23.0,517.0,-0.5773830666403318,-0.2383865120762884,-0.7483850408349766,-7.534716950588143,0.3215653487458742,-0.5972847552417954,0.2237850215548178,0.33869142816980136,2.345117192360478,0.9024333941785165,1.106601117191807,-0.12001077639816977,0
371589,0.76345605,0.42446953,0.03,0.004056900182200707,0.03538099152314948,-0.03469806550301152,4.0,-1.1871128235904551,0.6518404701614622,0.0002432651841466093,4.0,0.3245163656499239,3.0,0.08841424010684888,0.3618718610059672,-0.7493868853527575,-0.09484128103764253,-0.09302035444659357,-0.03872560219537473,-0.057757417405999725,-0.21818122782905805,-0.1333141600596615,-0.055684752814969526,-0.05347867824284845,-0.20716597421773295,-0.061629506536189475,-0.09707194564172154,-0.04854813635851321,-0.24685071309864268,-0.1432473948054602,0.6011293963851765,0.6084934914348621,0.5508296490788285,-0.0022536768715052126,-0.008829612612861427,0.0020851726531092994,-0.004966028569580684,-0.0006775299380276092,0.5299542254192449,0.5956119603054759,0.0018366910647498542,-0.003294017673450589,-0.002504566002337608,0.5412361574641078,2.0,2.0,2.0,1.0,1.0,1.0,1.0,1.0,2.0,-0.573059555050396,-0.3905975006932951,-0.35496004278084126,-0.3634089595022742,-0.5489365469599099,-0.5495018076504801,-0.37731296115825347,-0.3866638257384874,-0.5643778361223926,0.0,-0.5312488535588584,-0.3931107220624523,0.0,0.0,-0.5647632599420964,-0.2939751876557787,-0.5543061559502321,-0.5540762820602023,0.0,0.0,-0.39202498961853344,0.0,0.0,0.0,0.0,0.0,0.0,25.0,0.0,25.0,0.0,6.0,-0.37624852806687925,-0.3826669998437623,23.0,517.0,-1.078599306472962,-0.6379714129994464,-0.5248363542896727,-5.872174449966282,0.6740408313793382,-4.18610341492478,0.33730158572885777,0.4295741736902491,-5.343386594046866,2.0751864741923614,3.6099384601497984,-1.024551990459514,True,True,-0.03469806550301152,4.0,-1.1871128235904551,0.6518404701614622,0.0002432651841466093,4.0,0.3245163656499239,3.0,0.08841424010684888,0.3618718610059672,-0.7493868853527575,-0.09484128103764253,-0.09302035444659357,-0.03872560219537473,-0.057757417405999725,-0.21818122782905805,-0.1333141600596615,-0.055684752814969526,-0.05347867824284845,-0.20716597421773295,-0.061629506536189475,-0.09707194564172154,-0.04854813635851321,-0.24685071309864268,-0.1432473948054602,0.6011293963851765,0.6084934914348621,0.5508296490788285,-0.0022536768715052126,-0.008829612612861427,0.0020851726531092994,-0.004966028569580684,-0.0006775299380276092,0.5299542254192449,0.5956119603054759,0.0018366910647498542,-0.003294017673450589,-0.002504566002337608,0.5412361574641078,2.0,2.0,2.0,1.0,1.0,1.0,1.0,1.0,2.0,-0.573059555050396,-0.3905975006932951,-0.35496004278084126,-0.3634089595022742,-0.5489365469599099,-0.5495018076504801,-0.37731296115825347,-0.3866638257384874,-0.5643778361223926,0.0,-0.5312488535588584,-0.3931107220624523,0.0,0.0,-0.5647632599420964,-0.2939751876557787,-0.5543061559502321,-0.5540762820602023,0.0,0.0,-0.39202498961853344,0.0,0.0,0.0,0.0,0.0,0.0,25.0,0.0,25.0,0.0,6.0,-0.37624852806687925,-0.3826669998437623,23.0,517.0,-1.078599306472962,-0.6379714129994464,-0.5248363542896727,-5.872174449966282,0.6740408313793382,-4.18610341492478,0.33730158572885777,0.4295741736902491,-5.343386594046866,2.0751864741923614,3.6099384601497984,-1.024551990459514,0
349887,0.95557696,0.15881635,0.12,0.02389616287845446,0.19071744230217696,0.9600102232360104,4.0,-0.05467555168544466,-0.11259015301536134,0.013424444159094953,4.0,0.34593551256101807,3.0,0.18558820371799697,0.3273559095818077,-0.7801374031384478,-0.011410294039442643,-0.04842102747961778,-0.01751812522429895,-0.027530100313138336,0.7724269096594153,-0.013294559375486986,-0.020598131402539806,-0.06308524559190569,0.3237041021354999,-0.05888121824683846,0.03437394730165819,-0.001127894201431702,0.6216219957482675,0.051853114431601795,0.7052367689553745,0.62809318642187,0.5657890764441917,-0.014494521939227957,-0.017101721295468046,-0.00381489602256351,-0.02828909191239084,0.04014092167489045,0.8374698836170696,-0.003386292249204025,0.005392967810031349,0.013676388533257719,0.014696302175853987,0.6011529818318462,0.0,0.0,0.0,1.0,2.0,1.0,0.0,0.0,0.0,-0.5256887033127294,-0.3776532553752845,-0.3346676520198767,-0.31516245504983803,-0.5967844572340874,-0.5386249470700997,-0.3863306253883622,-0.3828758132913028,-0.543499557051926,0.0,-0.5265707751830838,-0.3901450450206464,0.0,0.0,-0.5470815177351521,-0.2659664841041774,-0.5660498346719673,-0.5343359136492847,0.0,0.0,-0.4108856204955551,0.0,0.0,0.0,0.0,0.0,0.0,25.0,0.0,25.0,0.0,6.0,-0.36571235997662743,-0.3957933133224109,23.0,517.0,-1.5870268396548268,0.9187123347216247,-0.5683061949450801,-4.832069980853383,2.3940275349913684,-3.0912252300615175,-0.5148760783923784,0.6537715669595263,-7.149244519297288,1.181738108622543,-0.8156965615656678,4.321062399228961,True,True,0.9600102232360104,4.0,-0.05467555168544466,-0.11259015301536134,0.013424444159094953,4.0,0.34593551256101807,3.0,0.18558820371799697,0.3273559095818077,-0.7801374031384478,-0.011410294039442643,-0.04842102747961778,-0.01751812522429895,-0.027530100313138336,0.7724269096594153,-0.013294559375486986,-0.020598131402539806,-0.06308524559190569,0.3237041021354999,-0.05888121824683846,0.03437394730165819,-0.001127894201431702,0.6216219957482675,0.051853114431601795,0.7052367689553745,0.62809318642187,0.5657890764441917,-0.014494521939227957,-0.017101721295468046,-0.00381489602256351,-0.02828909191239084,0.04014092167489045,0.8374698836170696,-0.003386292249204025,0.005392967810031349,0.013676388533257719,0.014696302175853987,0.6011529818318462,0.0,0.0,0.0,1.0,2.0,1.0,0.0,0.0,0.0,-0.5256887033127294,-0.3776532553752845,-0.3346676520198767,-0.31516245504983803,-0.5967844572340874,-0.5386249470700997,-0.3863306253883622,-0.3828758132913028,-0.543499557051926,0.0,-0.5265707751830838,-0.3901450450206464,0.0,0.0,-0.5470815177351521,-0.2659664841041774,-0.5660498346719673,-0.5343359136492847,0.0,0.0,-0.4108856204955551,0.0,0.0,0.0,0.0,0.0,0.0,25.0,0.0,25.0,0.0,6.0,-0.36571235997662743,-0.3957933133224109,23.0,517.0,-1.5870268396548268,0.9187123347216247,-0.5683061949450801,-4.832069980853383,2.3940275349913684,-3.0912252300615175,-0.5148760783923784,0.6537715669595263,-7.149244519297288,1.181738108622543,-0.8156965615656678,4.321062399228961,0
451188,0.9980876,0.21985744,0.18000000000000002,0.06325205919758363,0.4816387102562305,-0.6350624816257271,0.0,1.2914624962268035,0.962987996602622,0.6092029129106663,4.0,-0.6022764608365238,3.0,-2.722247620005123,-2.8526964847435545,-0.7917010632346915,0.17910372740653135,0.11291693780333888,-0.11820146860362586,-0.042095423877693064,-0.1536841383138896,-0.07720950622168216,-0.022412160192834513,-0.07905814857264798,-0.2622992718770324,-0.020043103668905295,-0.07025004699635139,0.09144782608343387,-0.20936738052967413,-0.06992738883499115,0.6605952159852277,0.18016211329137102,0.04287439727181301,0.5244436393197639,0.5258312678252444,0.6435611613668419,0.30047821458966834,1.0355615549431803,0.42874674008292846,-0.0013602287148723356,0.6196122528204746,0.5708745186443067,0.4891130484912983,0.5032943070924435,0.0,0.0,0.0,3.0,0.0,0.0,0.0,0.0,0.0,1.7404435427818834,0.08804226305476151,2.862845934442166,2.8504217399649274,1.8442494818325383,1.8578103959734946,2.5726794931643946,2.5963441328445134,1.7177104844834268,2.0,1.9952416885068192,2.39413616120288,1.0,1.0,1.8720620168846265,-0.384828209057996,1.5267741404052801,2.006334403023403,1.0,1.0,-0.4035695666837886,0.0,1.0,2.0,2.0,1.0,1.0,15.0,3.0,15.0,3.0,6.0,-0.4626859612778517,-0.47223414274775105,8.0,517.0,1.4654199683619589,1.1166341627629635,-0.2649947408733426,10.027011996509252,-2.5825187847170223,16.400867861752687,-0.7306376780899515,-0.1749942510514672,-2.2113916711260764,0.35218131019644994,1.2422955551895365,0.5420831366164081,True,True,-0.6350624816257271,0.0,1.2914624962268035,0.962987996602622,0.6092029129106663,4.0,-0.6022764608365238,3.0,-2.722247620005123,-2.8526964847435545,-0.7917010632346915,0.17910372740653135,0.11291693780333888,-0.11820146860362586,-0.042095423877693064,-0.1536841383138896,-0.07720950622168216,-0.022412160192834513,-0.07905814857264798,-0.2622992718770324,-0.020043103668905295,-0.07025004699635139,0.09144782608343387,-0.20936738052967413,-0.06992738883499115,0.6605952159852277,0.18016211329137102,0.04287439727181301,0.5244436393197639,0.5258312678252444,0.6435611613668419,0.30047821458966834,1.0355615549431803,0.42874674008292846,-0.0013602287148723356,0.6196122528204746,0.5708745186443067,0.4891130484912983,0.5032943070924435,0.0,0.0,0.0,3.0,0.0,0.0,0.0,0.0,0.0,1.7404435427818834,0.08804226305476151,2.862845934442166,2.8504217399649274,1.8442494818325383,1.8578103959734946,2.5726794931643946,2.5963441328445134,1.7177104844834268,2.0,1.9952416885068192,2.39413616120288,1.0,1.0,1.8720620168846265,-0.384828209057996,1.5267741404052801,2.006334403023403,1.0,1.0,-0.4035695666837886,0.0,1.0,2.0,2.0,1.0,1.0,15.0,3.0,15.0,3.0,6.0,-0.4626859612778517,-0.47223414274775105,8.0,517.0,1.4654199683619589,1.1166341627629635,-0.2649947408733426,10.027011996509252,-2.5825187847170223,16.400867861752687,-0.7306376780899515,-0.1749942510514672,-2.2113916711260764,0.35218131019644994,1.2422955551895365,0.5420831366164081,0
423174,0.7829908,0.47391894,0.06999999999999999,0.009434629620313228,0.08643557085014776,0.8725444995693385,4.0,0.7621633220233026,0.653175778069011,-0.0032625852048032006,4.0,0.31466153794570384,3.0,0.4567969195102251,0.35072812539211,1.078291585449417,-0.10974166088948034,-0.08074500480670797,-0.02824013951090342,-0.05005719787295081,-0.21205411174104832,-0.1155657605899244,-0.04334940779222141,-0.031004584027269966,-0.2192678153682602,-0.04605089908896167,-0.12500592093485657,-0.03990595649391254,-0.2194408456633177,-0.12023699575599858,0.6301001234403706,0.6166974573873606,0.5365330047979224,0.648334677654167,0.537689901662921,-0.006070302101824119,0.011289141052197414,0.004957212420075223,0.5380569403826951,0.5896128158471257,0.005118468243694283,-0.007255921117802406,-0.01337422023317224,0.6578955481414328,2.0,2.0,2.0,1.0,2.0,1.0,1.0,1.0,2.0,-0.5523014046024122,-0.3836710645551344,-0.37018380862853234,-0.3584219517285498,-0.5406138510436412,-0.5536361978691515,-0.3818428795549037,-0.39647234660009817,-0.5646653674287407,0.0,-0.5366993165123426,-0.40347443270355177,0.0,0.0,-0.5690333320731978,-0.2816918265017503,-0.5505659347212484,-0.5478080900131096,0.0,0.0,-0.3940110269257717,0.0,0.0,0.0,0.0,0.0,0.0,15.0,3.0,25.0,0.0,6.0,-0.3595774198815607,-0.3618836672049536,23.0,517.0,-0.04875705770809567,0.8074432541380068,-0.26617465347627384,-7.5291291811295595,1.2785440001544413,-0.5003828074055678,-0.024095275408630275,0.51229605487284,2.4169406221971665,1.297348096133314,1.5227957198925548,1.3088108725714798,True,True,0.8725444995693385,4.0,0.7621633220233026,0.653175778069011,-0.0032625852048032006,4.0,0.31466153794570384,3.0,0.4567969195102251,0.35072812539211,1.078291585449417,-0.10974166088948034,-0.08074500480670797,-0.02824013951090342,-0.05005719787295081,-0.21205411174104832,-0.1155657605899244,-0.04334940779222141,-0.031004584027269966,-0.2192678153682602,-0.04605089908896167,-0.12500592093485657,-0.03990595649391254,-0.2194408456633177,-0.12023699575599858,0.6301001234403706,0.6166974573873606,0.5365330047979224,0.648334677654167,0.537689901662921,-0.006070302101824119,0.011289141052197414,0.004957212420075223,0.5380569403826951,0.5896128158471257,0.005118468243694283,-0.007255921117802406,-0.01337422023317224,0.6578955481414328,2.0,2.0,2.0,1.0,2.0,1.0,1.0,1.0,2.0,-0.5523014046024122,-0.3836710645551344,-0.37018380862853234,-0.3584219517285498,-0.5406138510436412,-0.5536361978691515,-0.3818428795549037,-0.39647234660009817,-0.5646653674287407,0.0,-0.5366993165123426,-0.40347443270355177,0.0,0.0,-0.5690333320731978,-0.2816918265017503,-0.5505659347212484,-0.5478080900131096,0.0,0.0,-0.3940110269257717,0.0,0.0,0.0,0.0,0.0,0.0,15.0,3.0,25.0,0.0,6.0,-0.3595774198815607,-0.3618836672049536,23.0,517.0,-0.04875705770809567,0.8074432541380068,-0.26617465347627384,-7.5291291811295595,1.2785440001544413,-0.5003828074055678,-0.024095275408630275,0.51229605487284,2.4169406221971665,1.297348096133314,1.5227957198925548,1.3088108725714798,0
285310,0.9922346,0.45750773,0.13,0.028378895023486856,0.24902224184720545,-0.6825327566050431,0.0,0.8453108209487136,0.1248954918644468,0.6017413784037952,3.0,0.32093092139155366,3.0,-2.7322291223832704,-2.7842335559858364,-0.7520416932745994,1.5777800858136153,1.3297061605489724,-0.05055419452471098,0.7622560432105014,-0.26189007508667644,0.6713931874842516,0.8269226616737687,1.018161395580228,-0.27425492157524634,0.5675954565326085,0.9411392545483476,1.1595159741363863,-0.03202948472948483,0.26952450115163357,0.5912131797156353,-0.00370212563787539,0.56853553907472,0.6720554641579596,0.5939051236632444,0.6236368338229006,0.3654293892990527,0.9809219455734777,0.6248599289137684,0.01895083194614144,0.7163814248625341,0.5883560800323238,0.5370470138225554,0.6010314058395207,0.0,0.0,0.0,3.0,0.0,0.0,0.0,0.0,0.0,1.7284249795778113,6.775875510475037,2.817942183597654,2.795682857231336,1.7237129636378565,1.8839712187934514,2.604774436885432,2.576537380768824,1.7353685650111625,2.0,1.8603662564788175,-0.389490466655244,1.0,1.0,1.8475137738734315,-0.27500420358996014,1.5866407599492844,1.6586347942444521,1.0,1.0,-0.39877059765018663,0.0,1.0,1.0,2.0,1.0,2.0,17.0,3.0,17.0,3.0,6.0,-0.39144434018207774,-0.3775750130577849,4.0,784.0,-0.5378354111444944,0.29060479582578164,-0.7817417179091826,9.497523529434362,-2.6651696142551558,15.860535942685969,-0.5768336122780634,-0.0646440282612325,-2.202137347777501,0.12213746021610858,0.5360357783393948,-0.6640779871495287,True,True,-0.6825327566050431,0.0,0.8453108209487136,0.1248954918644468,0.6017413784037952,3.0,0.32093092139155366,3.0,-2.7322291223832704,-2.7842335559858364,-0.7520416932745994,1.5777800858136153,1.3297061605489724,-0.05055419452471098,0.7622560432105014,-0.26189007508667644,0.6713931874842516,0.8269226616737687,1.018161395580228,-0.27425492157524634,0.5675954565326085,0.9411392545483476,1.1595159741363863,-0.03202948472948483,0.26952450115163357,0.5912131797156353,-0.00370212563787539,0.56853553907472,0.6720554641579596,0.5939051236632444,0.6236368338229006,0.3654293892990527,0.9809219455734777,0.6248599289137684,0.01895083194614144,0.7163814248625341,0.5883560800323238,0.5370470138225554,0.6010314058395207,0.0,0.0,0.0,3.0,0.0,0.0,0.0,0.0,0.0,1.7284249795778113,6.775875510475037,2.817942183597654,2.795682857231336,1.7237129636378565,1.8839712187934514,2.604774436885432,2.576537380768824,1.7353685650111625,2.0,1.8603662564788175,-0.389490466655244,1.0,1.0,1.8475137738734315,-0.27500420358996014,1.5866407599492844,1.6586347942444521,1.0,1.0,-0.39877059765018663,0.0,1.0,1.0,2.0,1.0,2.0,17.0,3.0,17.0,3.0,6.0,-0.39144434018207774,-0.3775750130577849,4.0,784.0,-0.5378354111444944,0.29060479582578164,-0.7817417179091826,9.497523529434362,-2.6651696142551558,15.860535942685969,-0.5768336122780634,-0.0646440282612325,-2.202137347777501,0.12213746021610858,0.5360357783393948,-0.6640779871495287,0
109079,0.8607097,0.4036344,0.09,0.013888290969627364,0.12559104605684912,-0.2785707247864904,4.0,1.4760142169981456,-0.09037791334490271,-0.011534214312051167,4.0,0.32713553049436683,3.0,0.34879552377780754,0.3641021097922652,-0.7380548834503483,-0.05735989308338013,-0.08590540694866793,-0.03555462107430657,-0.048032994199128314,-0.2188488885561782,-0.10345617314269016,-0.036854642488245846,-0.026874870440152354,-0.15798724341270884,-0.08906787968014451,-0.08752825947908663,-0.0493354133885075,-0.20197631278418432,-0.10415341748045186,0.6072674643129733,0.5909215414128104,0.5688522031300896,0.5483816690295487,0.5216320835330108,0.009584541032215607,0.010042263937424347,0.0009909990513863882,0.651192240046278,-0.008018504590371704,-0.014568345855415612,0.006282343641028011,0.013017192508572334,0.6292797117356522,0.0,0.0,0.0,1.0,2.0,1.0,0.0,0.0,0.0,-0.5662312617639743,-0.4008967006471975,-0.3626192461702626,-0.3540378183667231,-0.5452565658136037,-0.5285853942240738,-0.37253235456167244,-0.42021559552380006,-0.5642585112745798,0.0,-0.5231221561240161,-0.39838179599754764,0.0,0.0,-0.5488573922657136,-0.3181227693982347,-0.5241045324820265,-0.5639069490664388,0.0,0.0,-0.40155581626311015,0.0,0.0,0.0,0.0,0.0,0.0,15.0,0.0,25.0,0.0,6.0,-0.34927535966777984,-0.40461441051801916,23.0,517.0,-1.585940482967098,1.2202645757761086,1.7282241359652541,-6.5571622018493665,1.1304696134577383,0.4264963680871361,-0.08370029194625514,0.11740542064038026,0.5188557789117902,0.4789166600325987,-4.11850365499409,2.909026580061429,True,True,-0.2785707247864904,4.0,1.4760142169981456,-0.09037791334490271,-0.011534214312051167,4.0,0.32713553049436683,3.0,0.34879552377780754,0.3641021097922652,-0.7380548834503483,-0.05735989308338013,-0.08590540694866793,-0.03555462107430657,-0.048032994199128314,-0.2188488885561782,-0.10345617314269016,-0.036854642488245846,-0.026874870440152354,-0.15798724341270884,-0.08906787968014451,-0.08752825947908663,-0.0493354133885075,-0.20197631278418432,-0.10415341748045186,0.6072674643129733,0.5909215414128104,0.5688522031300896,0.5483816690295487,0.5216320835330108,0.009584541032215607,0.010042263937424347,0.0009909990513863882,0.651192240046278,-0.008018504590371704,-0.014568345855415612,0.006282343641028011,0.013017192508572334,0.6292797117356522,0.0,0.0,0.0,1.0,2.0,1.0,0.0,0.0,0.0,-0.5662312617639743,-0.4008967006471975,-0.3626192461702626,-0.3540378183667231,-0.5452565658136037,-0.5285853942240738,-0.37253235456167244,-0.42021559552380006,-0.5642585112745798,0.0,-0.5231221561240161,-0.39838179599754764,0.0,0.0,-0.5488573922657136,-0.3181227693982347,-0.5241045324820265,-0.5639069490664388,0.0,0.0,-0.40155581626311015,0.0,0.0,0.0,0.0,0.0,0.0,15.0,0.0,25.0,0.0,6.0,-0.34927535966777984,-0.40461441051801916,23.0,517.0,-1.585940482967098,1.2202645757761086,1.7282241359652541,-6.5571622018493665,1.1304696134577383,0.4264963680871361,-0.08370029194625514,0.11740542064038026,0.5188557789117902,0.4789166600325987,-4.11850365499409,2.909026580061429,0
180589,0.991486,0.46475247,0.16,0.04640734643340897,0.41709338357225817,0.24308556181151103,0.0,0.13475973517815068,-1.0061819306219562,0.6075605507620793,4.0,-0.5022047479246391,2.0,-2.7490565778562135,-2.8547785991652983,-0.7342048655251613,-0.059245319651660036,-0.06520329644013524,-0.06162694363761846,-0.09122452633782523,-0.23576741762927417,-0.06437595674546462,-0.09189674796787109,-0.06203251491205712,-0.25378347089400843,-0.04875704073965111,-0.06049780231689621,-0.01465206531287461,-0.16814427829648582,-0.22659483033685962,0.6379200002125868,-0.016985752415438225,0.04395637414666758,0.5657318172110924,0.6158393381880352,0.4123612609848872,0.2783139390139411,0.9794806646971813,0.5645017483922643,0.06384141167683381,0.6013490702620616,0.644705428342833,0.6072771311159837,0.4942929252981013,0.0,0.0,0.0,3.0,0.0,0.0,0.0,0.0,0.0,1.777975874321877,0.1274660949988492,2.703050477439252,2.8132341238747647,1.8296742510741346,1.882709358910404,2.6212698280222857,2.6358051000983127,1.8189062861441825,2.0,1.8736779974384092,-0.39866744662515063,1.0,1.0,1.7988903018920075,-0.3289091159098896,1.9190615958362862,2.003766755292995,1.0,1.0,-0.393070791644438,0.0,1.0,1.0,2.0,1.0,1.0,15.0,3.0,15.0,3.0,6.0,-0.39660482825634685,-0.3209886521741021,4.0,1090.0,-0.9656940756199548,0.8571906947979208,-1.0923973000962786,9.763439332835981,-2.699220276663962,16.017715017981534,-0.6078738262645551,-0.14201108146265276,-2.1284030951781405,0.20544081366618555,0.7189549806083425,-0.05815947013161672,True,True,0.24308556181151103,0.0,0.13475973517815068,-1.0061819306219562,0.6075605507620793,4.0,-0.5022047479246391,2.0,-2.7490565778562135,-2.8547785991652983,-0.7342048655251613,-0.059245319651660036,-0.06520329644013524,-0.06162694363761846,-0.09122452633782523,-0.23576741762927417,-0.06437595674546462,-0.09189674796787109,-0.06203251491205712,-0.25378347089400843,-0.04875704073965111,-0.06049780231689621,-0.01465206531287461,-0.16814427829648582,-0.22659483033685962,0.6379200002125868,-0.016985752415438225,0.04395637414666758,0.5657318172110924,0.6158393381880352,0.4123612609848872,0.2783139390139411,0.9794806646971813,0.5645017483922643,0.06384141167683381,0.6013490702620616,0.644705428342833,0.6072771311159837,0.4942929252981013,0.0,0.0,0.0,3.0,0.0,0.0,0.0,0.0,0.0,1.777975874321877,0.1274660949988492,2.703050477439252,2.8132341238747647,1.8296742510741346,1.882709358910404,2.6212698280222857,2.6358051000983127,1.8189062861441825,2.0,1.8736779974384092,-0.39866744662515063,1.0,1.0,1.7988903018920075,-0.3289091159098896,1.9190615958362862,2.003766755292995,1.0,1.0,-0.393070791644438,0.0,1.0,1.0,2.0,1.0,1.0,15.0,3.0,15.0,3.0,6.0,-0.39660482825634685,-0.3209886521741021,4.0,1090.0,-0.9656940756199548,0.8571906947979208,-1.0923973000962786,9.763439332835981,-2.699220276663962,16.017715017981534,-0.6078738262645551,-0.14201108146265276,-2.1284030951781405,0.20544081366618555,0.7189549806083425,-0.05815947013161672,0
458680,0.73358375,0.44309995,0.01,0.0025521382703821843,0.020255274768033536,-0.6534303959980285,4.0,0.6889534901049191,-0.7058973751825366,0.0010461622185284685,4.0,-0.4560989803428389,2.0,-0.046207973918621956,0.36107690337757714,-0.7532748641351819,-0.10039500876558352,-0.08469082478175274,-0.03749316327041915,-0.0551167974493874,-0.21630108131889478,-0.11560622424999793,-0.04776509448524169,-0.04984713238579574,-0.20456469683153752,-0.05823737935766948,-0.08469839186442708,-0.05085329168977924,-0.2422483363494985,-0.14627816392468995,0.613658872198987,0.6083024493113793,0.5497764195383595,-0.00012593656146044237,0.0021349181138101874,-0.0008768788014443884,-0.0007215287869770115,0.0002863061729833199,0.5337526433849744,0.0019992489777289723,0.0007698752452734896,0.0026087173068339584,0.0033235581742789627,0.567429359245367,0.0,0.0,0.0,1.0,1.0,1.0,0.0,0.0,0.0,-0.5734926164910698,-0.39270912572766026,-0.36031887139261104,-0.3587072251688016,-0.5528975823450416,-0.5576722217176209,-0.3839291694133351,-0.38420523820152425,-0.5627471285375477,0.0,-0.5273833605156453,-0.3938571350316315,0.0,0.0,-0.562979183017236,-0.2932140020691787,-0.5555787689387469,-0.5540440889860486,0.0,0.0,-0.3929606289209849,0.0,0.0,0.0,0.0,0.0,0.0,25.0,0.0,25.0,0.0,6.0,-0.37099914355208574,-0.3696405293977899,23.0,517.0,-0.5617517639128399,1.0671110828556702,-0.27257697605193126,-4.883537260201244,0.5023083070084169,-3.253688590223345,0.1689692712414137,0.37303884526664455,-7.274752233432239,0.8702577907264147,-1.8678549016818897,0.8326755212809593,True,True,-0.6534303959980285,4.0,0.6889534901049191,-0.7058973751825366,0.0010461622185284685,4.0,-0.4560989803428389,2.0,-0.046207973918621956,0.36107690337757714,-0.7532748641351819,-0.10039500876558352,-0.08469082478175274,-0.03749316327041915,-0.0551167974493874,-0.21630108131889478,-0.11560622424999793,-0.04776509448524169,-0.04984713238579574,-0.20456469683153752,-0.05823737935766948,-0.08469839186442708,-0.05085329168977924,-0.2422483363494985,-0.14627816392468995,0.613658872198987,0.6083024493113793,0.5497764195383595,-0.00012593656146044237,0.0021349181138101874,-0.0008768788014443884,-0.0007215287869770115,0.0002863061729833199,0.5337526433849744,0.0019992489777289723,0.0007698752452734896,0.0026087173068339584,0.0033235581742789627,0.567429359245367,0.0,0.0,0.0,1.0,1.0,1.0,0.0,0.0,0.0,-0.5734926164910698,-0.39270912572766026,-0.36031887139261104,-0.3587072251688016,-0.5528975823450416,-0.5576722217176209,-0.3839291694133351,-0.38420523820152425,-0.5627471285375477,0.0,-0.5273833605156453,-0.3938571350316315,0.0,0.0,-0.562979183017236,-0.2932140020691787,-0.5555787689387469,-0.5540440889860486,0.0,0.0,-0.3929606289209849,0.0,0.0,0.0,0.0,0.0,0.0,25.0,0.0,25.0,0.0,6.0,-0.37099914355208574,-0.3696405293977899,23.0,517.0,-0.5617517639128399,1.0671110828556702,-0.27257697605193126,-4.883537260201244,0.5023083070084169,-3.253688590223345,0.1689692712414137,0.37303884526664455,-7.274752233432239,0.8702577907264147,-1.8678549016818897,0.8326755212809593,0
233206,0.9995258,0.019073244,0.29000000000000004,0.28192947697193393,2.295456434813457,-0.5153554332046526,0.0,-0.9907788804209452,-0.4739231557090001,0.6984727956761725,4.0,-0.21267498900888893,2.0,-2.732347964353712,-2.816990930006671,-0.5643604467125407,-0.14785336197027943,0.14746856230124442,-0.09335457422619536,0.05527466470772492,0.03808362489790568,0.5487354643717934,0.5393985789730564,0.04705005276488626,0.06174870834056534,0.02940125467925539,0.18772884288920944,0.5188269001531205,-0.011595398634611204,-0.33239761318915184,0.6912652621922212,0.3741234856422819,0.007963713068915674,0.025382581059455345,0.8486210304970978,0.965898961741483,0.7506075131372177,1.0202734370691733,0.6504794104583105,0.18258095139503602,0.6949014788083729,0.3162168660390595,0.015287248579378465,0.8098308673134916,0.0,0.0,0.0,1.0,0.0,0.0,0.0,0.0,0.0,1.5280476976897595,0.034197811662204466,2.9623418192199473,2.7605693636933686,2.072686497075632,1.5506203286557154,2.677906892442808,2.4679098642492505,1.3414517889810735,2.0,2.461499432799593,-0.5228240079245061,1.0,1.0,1.8209060976962932,-0.27323014505864607,2.1200288733355257,1.8088983705267745,1.0,1.0,-0.05812584904798185,0.0,1.0,1.0,2.0,1.0,1.0,15.0,3.0,15.0,3.0,6.0,-0.00500841516202899,-0.20966216561824322,4.0,1090.0,1.2579857736943123,0.49348730903163274,-0.9408887232204499,10.502822511473664,-2.7245858351393735,16.628983968280032,-1.3876595294673058,-0.39285316484659505,-1.5416687919712064,0.7600282773379039,2.194630531971782,2.304652736760157,True,True,-0.5153554332046526,0.0,-0.9907788804209452,-0.4739231557090001,0.6984727956761725,4.0,-0.21267498900888893,2.0,-2.732347964353712,-2.816990930006671,-0.5643604467125407,-0.14785336197027943,0.14746856230124442,-0.09335457422619536,0.05527466470772492,0.03808362489790568,0.5487354643717934,0.5393985789730564,0.04705005276488626,0.06174870834056534,0.02940125467925539,0.18772884288920944,0.5188269001531205,-0.011595398634611204,-0.33239761318915184,0.6912652621922212,0.3741234856422819,0.007963713068915674,0.025382581059455345,0.8486210304970978,0.965898961741483,0.7506075131372177,1.0202734370691733,0.6504794104583105,0.18258095139503602,0.6949014788083729,0.3162168660390595,0.015287248579378465,0.8098308673134916,0.0,0.0,0.0,1.0,0.0,0.0,0.0,0.0,0.0,1.5280476976897595,0.034197811662204466,2.9623418192199473,2.7605693636933686,2.072686497075632,1.5506203286557154,2.677906892442808,2.4679098642492505,1.3414517889810735,2.0,2.461499432799593,-0.5228240079245061,1.0,1.0,1.8209060976962932,-0.27323014505864607,2.1200288733355257,1.8088983705267745,1.0,1.0,-0.05812584904798185,0.0,1.0,1.0,2.0,1.0,1.0,15.0,3.0,15.0,3.0,6.0,-0.00500841516202899,-0.20966216561824322,4.0,1090.0,1.2579857736943123,0.49348730903163274,-0.9408887232204499,10.502822511473664,-2.7245858351393735,16.628983968280032,-1.3876595294673058,-0.39285316484659505,-1.5416687919712064,0.7600282773379039,2.194630531971782,2.304652736760157,0
367716,0.85351115,0.48833272,0.05,0.006265852597583031,0.04213150286863783,-0.5171041945054194,2.0,-1.4948247427881516,-0.0625044044564455,-0.004555352452996024,2.0,-0.8194547730319438,2.0,0.30747430297476136,0.35994274695872097,-0.7585162464658961,-0.09817230723820854,-0.0968217459483248,-0.027131305149417757,-0.04991367361310421,-0.2273985411481964,-0.11140476790645124,-0.053376936731993646,-0.03942212029347587,-0.2710306299856053,-0.04960176913222947,-0.10312476700410592,-0.04168013843256202,-0.2503194249615694,-0.1613583758451306,0.6178304329765969,-0.0013604379326062979,-0.007221946678253001,0.0037887416279799814,0.0017886150571907095,-0.005544927790036351,0.3679546640722214,0.9892217851376001,-0.002618357187001252,-0.003346713426033678,-0.0012926047664775311,-0.004008376800066439,-0.001613939220078257,-0.005783914881738374,0.0,0.0,0.0,0.0,0.0,0.0,0.0,0.0,0.0,1.670239899169316,0.7083335446578601,2.790638857407393,2.7845921732146404,1.8247654126192607,1.8005849015629696,2.611312282501692,2.606333762781194,1.7654216432859444,2.0,1.89512050964877,1.879158298233996,1.0,1.0,1.744030989599623,3.4514465500925584,2.097672565046602,2.1016907556567874,1.0,1.0,2.5506358556227138,4.0,2.0,1.0,2.0,1.0,1.0,15.0,3.0,1.0,3.0,3.0,2.106196602366444,2.157155912521405,4.0,1090.0,1.4816343402010677,0.6733934941730223,-0.5232681061005611,31.158418297797216,-1.190613911475029,-5.403913052084539,1.1587275762115739,0.08483022654199304,0.9878924774283973,-0.1288065358157577,-0.21142945154455747,-0.5380929743437404,True,True,-0.5171041945054194,2.0,-1.4948247427881516,-0.0625044044564455,-0.004555352452996024,2.0,-0.8194547730319438,2.0,0.30747430297476136,0.35994274695872097,-0.7585162464658961,-0.09817230723820854,-0.0968217459483248,-0.027131305149417757,-0.04991367361310421,-0.2273985411481964,-0.11140476790645124,-0.053376936731993646,-0.03942212029347587,-0.2710306299856053,-0.04960176913222947,-0.10312476700410592,-0.04168013843256202,-0.2503194249615694,-0.1613583758451306,0.6178304329765969,-0.0013604379326062979,-0.007221946678253001,0.0037887416279799814,0.0017886150571907095,-0.005544927790036351,0.3679546640722214,0.9892217851376001,-0.002618357187001252,-0.003346713426033678,-0.0012926047664775311,-0.004008376800066439,-0.001613939220078257,-0.005783914881738374,0.0,0.0,0.0,0.0,0.0,0.0,0.0,0.0,0.0,1.670239899169316,0.7083335446578601,2.790638857407393,2.7845921732146404,1.8247654126192607,1.8005849015629696,2.611312282501692,2.606333762781194,1.7654216432859444,2.0,1.89512050964877,1.879158298233996,1.0,1.0,1.744030989599623,3.4514465500925584,2.097672565046602,2.1016907556567874,1.0,1.0,2.5506358556227138,4.0,2.0,1.0,2.0,1.0,1.0,15.0,3.0,1.0,3.0,3.0,2.106196602366444,2.157155912521405,4.0,1090.0,1.4816343402010677,0.6733934941730223,-0.5232681061005611,31.158418297797216,-1.190613911475029,-5.403913052084539,1.1587275762115739,0.08483022654199304,0.9878924774283973,-0.1288065358157577,-0.21142945154455747,-0.5380929743437404,0
89847,0.9962521,0.25785637,0.22,0.11308859038292954,0.828787802418343,0.5893361451872279,1.0,0.47424327325157856,0.8908316148142914,-0.08447925911422349,4.0,0.09087318128620461,3.0,0.5508403862619647,0.3161168503131351,-0.6511600746347077,0.05800136788297358,-0.1638226506309063,-0.043991341144787165,0.13147640918863385,-0.13155061554389305,0.10016471832129131,0.054222800081019915,-0.06518535743669375,-0.19937618030330445,0.05824654304634418,-0.0859998096148769,-0.17451364201541236,-0.11506554368716315,-0.033098267578433135,0.5488685159327752,-0.163443321279484,0.08432774195612616,-0.07783850435896773,0.0892578710683854,-0.05358672575837028,0.4267934941120897,0.9883511624231768,-0.02047788632170609,-0.15232749352364827,0.02656942912460971,0.0826029975357147,0.10063973875611615,-0.0249747901650622,0.0,0.0,0.0,0.0,0.0,0.0,0.0,0.0,0.0,1.6016249472446973,0.8866782730168551,2.5877347939607467,2.6147962328392444,1.5857772911958332,1.8155504666299942,2.724944604407641,2.6751253622389224,1.6527475320499774,2.0,1.8939616928619272,2.523855611490252,1.0,1.0,1.7886266013831178,3.4909349794136966,1.8127017081299137,1.7325590091907788,1.0,1.0,2.729000189169877,3.0,2.0,1.0,1.0,2.0,2.0,15.0,3.0,15.0,3.0,5.0,2.1131844953046452,2.1508224936767704,22.0,304.0,0.5289337673537153,0.8463694431348148,1.7466903598961656,31.745853803866556,-1.1077042831114916,-4.918438840217688,0.9358036819451443,0.0879955629342775,0.9098895972641976,-0.06365356751281315,0.049415249922526314,-0.12988536968018485,True,True,0.5893361451872279,1.0,0.47424327325157856,0.8908316148142914,-0.08447925911422349,4.0,0.09087318128620461,3.0,0.5508403862619647,0.3161168503131351,-0.6511600746347077,0.05800136788297358,-0.1638226506309063,-0.043991341144787165,0.13147640918863385,-0.13155061554389305,0.10016471832129131,0.054222800081019915,-0.06518535743669375,-0.19937618030330445,0.05824654304634418,-0.0859998096148769,-0.17451364201541236,-0.11506554368716315,-0.033098267578433135,0.5488685159327752,-0.163443321279484,0.08432774195612616,-0.07783850435896773,0.0892578710683854,-0.05358672575837028,0.4267934941120897,0.9883511624231768,-0.02047788632170609,-0.15232749352364827,0.02656942912460971,0.0826029975357147,0.10063973875611615,-0.0249747901650622,0.0,0.0,0.0,0.0,0.0,0.0,0.0,0.0,0.0,1.6016249472446973,0.8866782730168551,2.5877347939607467,2.6147962328392444,1.5857772911958332,1.8155504666299942,2.724944604407641,2.6751253622389224,1.6527475320499774,2.0,1.8939616928619272,2.523855611490252,1.0,1.0,1.7886266013831178,3.4909349794136966,1.8127017081299137,1.7325590091907788,1.0,1.0,2.729000189169877,3.0,2.0,1.0,1.0,2.0,2.0,15.0,3.0,15.0,3.0,5.0,2.1131844953046452,2.1508224936767704,22.0,304.0,0.5289337673537153,0.8463694431348148,1.7466903598961656,31.745853803866556,-1.1077042831114916,-4.918438840217688,0.9358036819451443,0.0879955629342775,0.9098895972641976,-0.06365356751281315,0.049415249922526314,-0.12988536968018485,0
66426,0.79117054,0.38703138,0.03,0.004056900182200707,0.034040656799862956,0.33444297506676907,1.0,0.11772240742809818,0.756796435410557,-0.000920182537353318,3.0,0.2594149972736655,2.0,0.4315115799689643,0.3579632999121005,-0.7586214406272068,-0.08714037670311095,-0.08461682300519904,-0.02947027432794965,-0.030746311223432892,-0.21755976173149474,-0.0836661530443725,-0.04248518529037835,-0.02788919953898433,-0.27078129020382175,-0.03194892873469936,-0.09549676356486378,-0.046857761551462075,-0.2429129227472153,-0.14531171369401719,0.6268998122611706,0.6154103495784612,-0.004218387990081054,0.0065885225390791054,0.00667903941630804,0.003044313255533709,0.36032668340711077,0.9972409182802167,-0.008738651767975968,0.0006001540972262131,-0.009347484250774779,-0.005184357928224611,-0.0011470374295086735,0.001320960168015079,0.0,0.0,0.0,0.0,0.0,0.0,0.0,0.0,0.0,1.765054345449359,0.3247027990879403,2.785495230065862,2.7895607917864713,1.8025310341134813,1.7951400824018222,2.5986674628790185,2.609120907639631,1.7631767423488038,1.0,-0.5305596385372622,2.6753170407587956,1.0,1.0,1.7328731055491444,3.449968117669642,1.6711425689027308,2.007534977274545,1.0,1.0,2.5682980109985256,3.0,2.0,1.0,2.0,2.0,2.0,2.0,3.0,44.0,3.0,5.0,2.0713353588354626,2.1328360522979835,22.0,304.0,-1.5803136974195506,0.4189663719270844,1.732738362908164,31.355476570924143,-0.39953060929006373,-5.258875422541414,1.0435060820825603,0.36511951905873247,1.175579324188916,0.9221468619847971,0.026565316483408704,0.718651434217916,True,True,0.33444297506676907,1.0,0.11772240742809818,0.756796435410557,-0.000920182537353318,3.0,0.2594149972736655,2.0,0.4315115799689643,0.3579632999121005,-0.7586214406272068,-0.08714037670311095,-0.08461682300519904,-0.02947027432794965,-0.030746311223432892,-0.21755976173149474,-0.0836661530443725,-0.04248518529037835,-0.02788919953898433,-0.27078129020382175,-0.03194892873469936,-0.09549676356486378,-0.046857761551462075,-0.2429129227472153,-0.14531171369401719,0.6268998122611706,0.6154103495784612,-0.004218387990081054,0.0065885225390791054,0.00667903941630804,0.003044313255533709,0.36032668340711077,0.9972409182802167,-0.008738651767975968,0.0006001540972262131,-0.009347484250774779,-0.005184357928224611,-0.0011470374295086735,0.001320960168015079,0.0,0.0,0.0,0.0,0.0,0.0,0.0,0.0,0.0,1.765054345449359,0.3247027990879403,2.785495230065862,2.7895607917864713,1.8025310341134813,1.7951400824018222,2.5986674628790185,2.609120907639631,1.7631767423488038,1.0,-0.5305596385372622,2.6753170407587956,1.0,1.0,1.7328731055491444,3.449968117669642,1.6711425689027308,2.007534977274545,1.0,1.0,2.5682980109985256,3.0,2.0,1.0,2.0,2.0,2.0,2.0,3.0,44.0,3.0,5.0,2.0713353588354626,2.1328360522979835,22.0,304.0,-1.5803136974195506,0.4189663719270844,1.732738362908164,31.355476570924143,-0.39953060929006373,-5.258875422541414,1.0435060820825603,0.36511951905873247,1.175579324188916,0.9221468619847971,0.026565316483408704,0.718651434217916,0
534569,0.9635477,0.46618673,0.15000000000000002,0.03954065143898942,0.2721170982338771,-0.8815902269852997,0.0,0.6480022288412325,-0.7268401031127476,0.5669312538831747,3.0,-0.771993721162911,2.0,-2.768445569461672,-2.7707125127226293,-0.7058239070142519,-0.07036710495117182,-0.014327035423752238,-0.01787753941644217,-0.022625357777846744,-0.21601094009966748,-0.062199311286689346,0.047109400875504914,0.03782802699840927,-0.24544530324635663,0.016830540295069155,-0.008424787771901691,0.04075360275523475,-0.19322994622075873,-0.07199263844383676,0.5475429122581958,0.05490881412071191,-0.05011448382606188,0.5519980474358563,0.014411474362578761,0.5303653848185783,0.40626105755111097,1.0198068048375162,0.5586519976605901,0.015336367599356936,0.5172196260855297,0.5354751911580812,0.5627466554657525,0.5553318335884908,0.0,0.0,0.0,1.0,0.0,0.0,0.0,0.0,0.0,1.757861149938097,1.4939398967914401,2.8539394637899065,2.796200559123976,1.7911878632190592,1.82594642602493,2.694935513987068,2.5599351834342814,1.7194002106068034,2.0,1.8745152840912556,-0.3926468062873479,1.0,1.0,1.8214514204591066,-0.2822540943761244,1.6533898685317099,1.9442283064222752,1.0,1.0,-0.3658097982931398,0.0,1.0,1.0,2.0,1.0,1.0,15.0,3.0,15.0,3.0,6.0,-0.37727555145421804,-0.3711890048798353,4.0,517.0,-1.0269908070031732,1.0670788092915482,-0.0015722401674374137,9.485896883890916,-2.6545822408495954,15.843709547955092,-0.5508547286352272,-0.11347103132087025,-2.1677850166639114,0.1375835739552546,0.5890000409860773,-0.6520056862109455,True,True,-0.8815902269852997,0.0,0.6480022288412325,-0.7268401031127476,0.5669312538831747,3.0,-0.771993721162911,2.0,-2.768445569461672,-2.7707125127226293,-0.7058239070142519,-0.07036710495117182,-0.014327035423752238,-0.01787753941644217,-0.022625357777846744,-0.21601094009966748,-0.062199311286689346,0.047109400875504914,0.03782802699840927,-0.24544530324635663,0.016830540295069155,-0.008424787771901691,0.04075360275523475,-0.19322994622075873,-0.07199263844383676,0.5475429122581958,0.05490881412071191,-0.05011448382606188,0.5519980474358563,0.014411474362578761,0.5303653848185783,0.40626105755111097,1.0198068048375162,0.5586519976605901,0.015336367599356936,0.5172196260855297,0.5354751911580812,0.5627466554657525,0.5553318335884908,0.0,0.0,0.0,1.0,0.0,0.0,0.0,0.0,0.0,1.757861149938097,1.4939398967914401,2.8539394637899065,2.796200559123976,1.7911878632190592,1.82594642602493,2.694935513987068,2.5599351834342814,1.7194002106068034,2.0,1.8745152840912556,-0.3926468062873479,1.0,1.0,1.8214514204591066,-0.2822540943761244,1.6533898685317099,1.9442283064222752,1.0,1.0,-0.3658097982931398,0.0,1.0,1.0,2.0,1.0,1.0,15.0,3.0,15.0,3.0,6.0,-0.37727555145421804,-0.3711890048798353,4.0,517.0,-1.0269908070031732,1.0670788092915482,-0.0015722401674374137,9.485896883890916,-2.6545822408495954,15.843709547955092,-0.5508547286352272,-0.11347103132087025,-2.1677850166639114,0.1375835739552546,0.5890000409860773,-0.6520056862109455,0
134966,0.92783034,0.0465182,0.18000000000000002,0.06325205919758363,0.5606997744074855,0.2989587479536799,1.0,-0.8989617697323993,1.0583777847966218,-0.11543841181907517,4.0,0.3045236615970907,2.0,0.41227829101060676,0.32906439901962714,-0.7885786724032429,-0.21092754203736855,-0.04038057779094079,-0.06002085587932602,-0.08914557188176309,-0.0897008194447785,-0.18150195527658494,0.12379289784410863,-0.10762627598527165,-0.392509749042431,0.003696449253482087,-0.19478346760722284,-0.04647744149752242,-0.20513270167685752,-0.1045074915731692,0.7063391469024456,-0.053212642005482536,0.01377254419252894,0.06327020270036014,-0.0027600015003526788,0.028963555902672928,0.3822749343673519,0.951828157931808,0.07448905156400025,-0.07834916979824866,-0.007694033111830311,0.037591320376057225,0.040906401024906364,0.012806826007098872,0.0,0.0,0.0,0.0,0.0,0.0,0.0,0.0,0.0,1.7581654257265547,1.0331013498032098,2.875240017841115,2.7781172855262803,1.776842072551058,1.6359095020397267,2.681921211188842,2.5099645498188954,1.703743174813353,2.0,-0.40816127938002555,2.3361653780319065,1.0,1.0,1.7063866732345059,3.3173056659181483,1.75601961591936,1.6640049977301956,1.0,1.0,2.5762577841631225,4.0,2.0,1.0,2.0,2.0,2.0,15.0,3.0,15.0,3.0,0.0,2.0308142535613167,2.0833151475473493,4.0,509.0,-1.6119826668214288,0.9611237762780337,1.647417514114157,31.160282411202907,-1.2545229153841866,-5.399370346123471,1.2537509880212365,-0.02015006998789544,0.8704757790869446,0.007255863629154535,-0.2499598553615297,-0.5395676182359154,True,True,0.2989587479536799,1.0,-0.8989617697323993,1.0583777847966218,-0.11543841181907517,4.0,0.3045236615970907,2.0,0.41227829101060676,0.32906439901962714,-0.7885786724032429,-0.21092754203736855,-0.04038057779094079,-0.06002085587932602,-0.08914557188176309,-0.0897008194447785,-0.18150195527658494,0.12379289784410863,-0.10762627598527165,-0.392509749042431,0.003696449253482087,-0.19478346760722284,-0.04647744149752242,-0.20513270167685752,-0.1045074915731692,0.7063391469024456,-0.053212642005482536,0.01377254419252894,0.06327020270036014,-0.0027600015003526788,0.028963555902672928,0.3822749343673519,0.951828157931808,0.07448905156400025,-0.07834916979824866,-0.007694033111830311,0.037591320376057225,0.040906401024906364,0.012806826007098872,0.0,0.0,0.0,0.0,0.0,0.0,0.0,0.0,0.0,1.7581654257265547,1.0331013498032098,2.875240017841115,2.7781172855262803,1.776842072551058,1.6359095020397267,2.681921211188842,2.5099645498188954,1.703743174813353,2.0,-0.40816127938002555,2.3361653780319065,1.0,1.0,1.7063866732345059,3.3173056659181483,1.75601961591936,1.6640049977301956,1.0,1.0,2.5762577841631225,4.0,2.0,1.0,2.0,2.0,2.0,15.0,3.0,15.0,3.0,0.0,2.0308142535613167,2.0833151475473493,4.0,509.0,-1.6119826668214288,0.9611237762780337,1.647417514114157,31.160282411202907,-1.2545229153841866,-5.399370346123471,1.2537509880212365,-0.02015006998789544,0.8704757790869446,0.007255863629154535,-0.2499598553615297,-0.5395676182359154,0
334760,0.88757294,0.39856413,0.09,0.013888290969627364,0.1021627072038641,-0.35421503004000143,4.0,-0.10606140421009187,-0.09223461213105293,-0.010657818357590026,4.0,0.3269384246760756,3.0,0.4535105613947439,0.3574449191729841,-0.761706348636175,-0.09037235044122775,-0.11871312075964036,-0.042673986246559666,-0.045474811251309255,-0.24418973679896738,0.038326156757737144,-0.052558437268560895,-0.05720027253912718,-0.1477995055166199,-0.0634096201460524,-0.08878247835286304,-0.056559921854684794,0.1992815640864421,-0.0993849321009622,0.6400075186951408,0.63303016004331,0.5582640179252544,0.7766934582400071,0.5450117809529934,0.013463673590132662,-0.0028698676012089094,0.01869711023962969,0.6803040534449526,-0.002299886522925505,0.003185011516456431,0.00953890515346642,-0.0009001461302934713,0.7654405426407386,0.0,0.0,0.0,1.0,2.0,2.0,0.0,0.0,0.0,-0.5627494280008998,-0.38954235521733677,-0.3821363322203666,-0.348617921906585,-0.5684514653463851,-0.5503519589551394,-0.39922680845341174,-0.38387252830543733,-0.5921058051474912,0.0,-0.5346948788422636,-0.38712964103461417,0.0,0.0,-0.5759608234134374,-0.28515175308753676,-0.5690301522447305,-0.5260841422349913,0.0,0.0,-0.3653602969901912,0.0,0.0,0.0,0.0,0.0,0.0,43.0,3.0,25.0,0.0,6.0,-0.364124694236021,-0.371006850076634,23.0,517.0,-0.5541203146977535,1.0768779080676567,-0.519750574933753,-6.580522791776054,0.2192217878634179,0.3311089619982961,0.06539388931259807,0.3588827337958176,0.31237575521931643,-0.7856222030834477,-4.144625647190194,1.9328035800613927,True,True,-0.35421503004000143,4.0,-0.10606140421009187,-0.09223461213105293,-0.010657818357590026,4.0,0.3269384246760756,3.0,0.4535105613947439,0.3574449191729841,-0.761706348636175,-0.09037235044122775,-0.11871312075964036,-0.042673986246559666,-0.045474811251309255,-0.24418973679896738,0.038326156757737144,-0.052558437268560895,-0.05720027253912718,-0.1477995055166199,-0.0634096201460524,-0.08878247835286304,-0.056559921854684794,0.1992815640864421,-0.0993849321009622,0.6400075186951408,0.63303016004331,0.5582640179252544,0.7766934582400071,0.5450117809529934,0.013463673590132662,-0.0028698676012089094,0.01869711023962969,0.6803040534449526,-0.002299886522925505,0.003185011516456431,0.00953890515346642,-0.0009001461302934713,0.7654405426407386,0.0,0.0,0.0,1.0,2.0,2.0,0.0,0.0,0.0,-0.5627494280008998,-0.38954235521733677,-0.3821363322203666,-0.348617921906585,-0.5684514653463851,-0.5503519589551394,-0.39922680845341174,-0.38387252830543733,-0.5921058051474912,0.0,-0.5346948788422636,-0.38712964103461417,0.0,0.0,-0.5759608234134374,-0.28515175308753676,-0.5690301522447305,-0.5260841422349913,0.0,0.0,-0.3653602969901912,0.0,0.0,0.0,0.0,0.0,0.0,43.0,3.0,25.0,0.0,6.0,-0.364124694236021,-0.371006850076634,23.0,517.0,-0.5541203146977535,1.0768779080676567,-0.519750574933753,-6.580522791776054,0.2192217878634179,0.3311089619982961,0.06539388931259807,0.3588827337958176,0.31237575521931643,-0.7856222030834477,-4.144625647190194,1.9328035800613927,0
313741,0.935538,0.45866227,0.22,0.11308859038292954,0.9687083394096803,1.6233468636665125,2.0,0.7854236227812419,-0.030564005331779664,0.03598782332932349,1.0,-0.7252384435404863,2.0,0.28351608004701084,0.5267025248679859,-0.7437831429046069,0.06574884633713311,0.22227200227772825,-0.1423264735029715,0.09185462421765289,-0.20125639399670325,0.16462617488699616,-0.014166683340331998,0.24057650081355506,-0.20648142103328895,0.09326893190740708,0.27370045906331464,-0.17160003406268065,-0.10188430086453377,0.5747008809943178,0.6518102905570816,-0.14795530646896463,-0.058071397994975994,-0.04770507967291315,0.029195464373416073,-0.1631892417919713,0.6722735130497641,0.9862525516996462,0.05411306580229505,-0.09040473957117993,0.010355074200734333,-0.21324275251105676,0.12276043765828779,-0.07253443404543325,0.0,0.0,0.0,0.0,0.0,0.0,0.0,0.0,0.0,1.6273208155697956,0.3621592178930723,-0.27811022779976774,-0.4151301005325187,1.9539114434590144,1.8618407280334495,2.5436138304737836,2.609928819786301,1.8189024245059713,2.0,2.161647998142939,-0.5371846140047727,3.0,0.0,1.695710564255407,3.5510935037110607,1.4514529546391155,1.456283228769715,1.0,1.0,-0.4181045132082993,0.0,1.0,1.0,1.0,1.0,1.0,15.0,3.0,15.0,3.0,6.0,-0.1891909052005472,-0.5285201242409271,13.0,575.0,0.33895856443639205,0.6326337322480609,-0.4378778418880507,25.764047046806635,1.6032808157903324,-10.326844825567164,0.01467389958506346,0.05780948236971206,1.9731817943494276,-0.8690656924042071,-3.7257983291690473,-2.0347764505797366,True,True,1.6233468636665125,2.0,0.7854236227812419,-0.030564005331779664,0.03598782332932349,1.0,-0.7252384435404863,2.0,0.28351608004701084,0.5267025248679859,-0.7437831429046069,0.06574884633713311,0.22227200227772825,-0.1423264735029715,0.09185462421765289,-0.20125639399670325,0.16462617488699616,-0.014166683340331998,0.24057650081355506,-0.20648142103328895,0.09326893190740708,0.27370045906331464,-0.17160003406268065,-0.10188430086453377,0.5747008809943178,0.6518102905570816,-0.14795530646896463,-0.058071397994975994,-0.04770507967291315,0.029195464373416073,-0.1631892417919713,0.6722735130497641,0.9862525516996462,0.05411306580229505,-0.09040473957117993,0.010355074200734333,-0.21324275251105676,0.12276043765828779,-0.07253443404543325,0.0,0.0,0.0,0.0,0.0,0.0,0.0,0.0,0.0,1.6273208155697956,0.3621592178930723,-0.27811022779976774,-0.4151301005325187,1.9539114434590144,1.8618407280334495,2.5436138304737836,2.609928819786301,1.8189024245059713,2.0,2.161647998142939,-0.5371846140047727,3.0,0.0,1.695710564255407,3.5510935037110607,1.4514529546391155,1.456283228769715,1.0,1.0,-0.4181045132082993,0.0,1.0,1.0,1.0,1.0,1.0,15.0,3.0,15.0,3.0,6.0,-0.1891909052005472,-0.5285201242409271,13.0,575.0,0.33895856443639205,0.6326337322480609,-0.4378778418880507,25.764047046806635,1.6032808157903324,-10.326844825567164,0.01467389958506346,0.05780948236971206,1.9731817943494276,-0.8690656924042071,-3.7257983291690473,-2.0347764505797366,0
217636,0.9610321,0.26216233,0.11,0.020034599671098444,0.15594506936053465,1.6037708814498173,1.0,-0.027718056375357007,-0.513457632354047,-0.7686872252768301,3.0,-0.01467677207356792,2.0,0.38847682117046667,0.35963099069891463,-0.7426995796678245,-0.1269156605258363,-0.09482816717155977,-0.03438982471179087,-0.022649412718317878,-0.23155927092054301,-0.09223694409114418,-0.03927442378141882,-0.018546037291135537,-0.27149133870478526,-0.06222224407475606,-0.11297555911251375,-0.07558572047492156,-0.21461988395240755,-0.16365144272107926,0.6547405835112394,-0.02649563115656432,0.011835458984271149,-0.019467784874939508,-0.02799764617311426,0.006346706463332511,0.007603618614191519,0.005873025218216517,0.014867167506020544,-0.016142942574267804,-0.011360520430024338,0.024599430808090787,-0.004977893548511647,-0.015045366922869886,0.0,0.0,0.0,0.0,0.0,0.0,0.0,0.0,0.0,1.66132788311559,7.334183202723759,-0.3538751043908793,-0.33739579797481156,1.8185776095218977,1.8269672627182914,-0.39342280429109355,-0.38560842049196137,1.7643304576816057,2.0,1.9128126062403765,6.084762112588488,2.0,2.0,1.8051076520288427,-0.2904192722145909,1.8669683184895918,1.6509082337966843,2.0,2.0,2.5437172543463094,4.0,2.0,1.0,2.0,2.0,1.0,43.0,3.0,44.0,3.0,3.0,2.7019819829671166,2.5990186619852405,10.0,601.0,-1.0437268362091188,-1.80716128031869,-1.048739569130455,31.15282239347486,-1.1629164320147096,-5.409490203643563,1.1660605945857119,0.10741847528517905,0.9578555053849159,-0.08621265354444345,-0.2298899999763936,-0.5129919725842751,True,True,1.6037708814498173,1.0,-0.027718056375357007,-0.513457632354047,-0.7686872252768301,3.0,-0.01467677207356792,2.0,0.38847682117046667,0.35963099069891463,-0.7426995796678245,-0.1269156605258363,-0.09482816717155977,-0.03438982471179087,-0.022649412718317878,-0.23155927092054301,-0.09223694409114418,-0.03927442378141882,-0.018546037291135537,-0.27149133870478526,-0.06222224407475606,-0.11297555911251375,-0.07558572047492156,-0.21461988395240755,-0.16365144272107926,0.6547405835112394,-0.02649563115656432,0.011835458984271149,-0.019467784874939508,-0.02799764617311426,0.006346706463332511,0.007603618614191519,0.005873025218216517,0.014867167506020544,-0.016142942574267804,-0.011360520430024338,0.024599430808090787,-0.004977893548511647,-0.015045366922869886,0.0,0.0,0.0,0.0,0.0,0.0,0.0,0.0,0.0,1.66132788311559,7.334183202723759,-0.3538751043908793,-0.33739579797481156,1.8185776095218977,1.8269672627182914,-0.39342280429109355,-0.38560842049196137,1.7643304576816057,2.0,1.9128126062403765,6.084762112588488,2.0,2.0,1.8051076520288427,-0.2904192722145909,1.8669683184895918,1.6509082337966843,2.0,2.0,2.5437172543463094,4.0,2.0,1.0,2.0,2.0,1.0,43.0,3.0,44.0,3.0,3.0,2.7019819829671166,2.5990186619852405,10.0,601.0,-1.0437268362091188,-1.80716128031869,-1.048739569130455,31.15282239347486,-1.1629164320147096,-5.409490203643563,1.1660605945857119,0.10741847528517905,0.9578555053849159,-0.08621265354444345,-0.2298899999763936,-0.5129919725842751,0
174758,0.9598744,0.31048995,0.08,0.011477469205752985,0.08794227596835152,-0.5247016372025494,4.0,-1.672579798789983,0.9593893764499848,0.0037390305245143373,4.0,0.3393708906411493,3.0,0.05847198010631253,0.34779619219676117,1.207382638226145,-0.08003564002021807,-0.08643281505565169,-0.029203894547706586,-0.07650978027331708,-0.1972602837852687,-0.09776114688198775,-0.04519608087777087,-0.06683867810613155,-0.01591004192433151,-0.043133855999856384,-0.05838435986608687,-0.0653224370810704,-0.22707654557759993,-0.15897668878495566,0.6196261368041999,0.6226795075331742,0.5367627254284181,0.5363866235646062,-0.0031251094433178417,-0.0050046029667332095,-0.0011479527557085075,0.002315810640795178,0.536328361262789,0.5918469021187741,-0.0011399975336991916,0.009162324131908699,0.020466223416419693,0.5251589828264444,2.0,2.0,1.0,1.0,2.0,1.0,0.0,0.0,0.0,-0.59344729098652,-0.3983171531295045,-0.35550431479686023,-0.3358595820838232,-0.5659757354351456,-0.5493314433803939,-0.3800246885387119,-0.38389708664353794,-0.5686505007392425,0.0,-0.5190482847652791,-0.3949274369208441,0.0,0.0,-0.5659433026657136,-0.27848877783772247,-0.5447934200615691,-0.5574795417038347,0.0,0.0,-0.3780136045354119,0.0,0.0,0.0,0.0,0.0,0.0,15.0,3.0,25.0,0.0,6.0,-0.37535589254858265,-0.37592816174852123,23.0,517.0,1.4861926807915662,0.4181026770037868,-1.0216633773132162,-7.583664228342026,0.6201465988207285,-0.5732433411393479,0.14578695104955208,0.572822153885181,2.421881723674734,1.2794806047216671,1.0016503301508684,-0.20952154916713275,True,True,-0.5247016372025494,4.0,-1.672579798789983,0.9593893764499848,0.0037390305245143373,4.0,0.3393708906411493,3.0,0.05847198010631253,0.34779619219676117,1.207382638226145,-0.08003564002021807,-0.08643281505565169,-0.029203894547706586,-0.07650978027331708,-0.1972602837852687,-0.09776114688198775,-0.04519608087777087,-0.06683867810613155,-0.01591004192433151,-0.043133855999856384,-0.05838435986608687,-0.0653224370810704,-0.22707654557759993,-0.15897668878495566,0.6196261368041999,0.6226795075331742,0.5367627254284181,0.5363866235646062,-0.0031251094433178417,-0.0050046029667332095,-0.0011479527557085075,0.002315810640795178,0.536328361262789,0.5918469021187741,-0.0011399975336991916,0.009162324131908699,0.020466223416419693,0.5251589828264444,2.0,2.0,1.0,1.0,2.0,1.0,0.0,0.0,0.0,-0.59344729098652,-0.3983171531295045,-0.35550431479686023,-0.3358595820838232,-0.5659757354351456,-0.5493314433803939,-0.3800246885387119,-0.38389708664353794,-0.5686505007392425,0.0,-0.5190482847652791,-0.3949274369208441,0.0,0.0,-0.5659433026657136,-0.27848877783772247,-0.5447934200615691,-0.5574795417038347,0.0,0.0,-0.3780136045354119,0.0,0.0,0.0,0.0,0.0,0.0,15.0,3.0,25.0,0.0,6.0,-0.37535589254858265,-0.37592816174852123,23.0,517.0,1.4861926807915662,0.4181026770037868,-1.0216633773132162,-7.583664228342026,0.6201465988207285,-0.5732433411393479,0.14578695104955208,0.572822153885181,2.421881723674734,1.2794806047216671,1.0016503301508684,-0.20952154916713275,0
419816,0.91228706,0.47776455,0.09,0.013888290969627364,0.11008559162383866,-0.5688251795710979,0.0,-1.5425704944939234,0.8826341847034084,0.5889552107836871,4.0,0.3016045223180777,2.0,-2.6997336329112778,-2.783612118789756,-0.7510176553230472,-0.11693453965728401,-0.09808457458333748,-0.049837534153664494,-0.04678731821839413,-0.22106740989378218,-0.12609802395368364,-0.03735953586499975,-0.06329975737446622,-0.25514745750386847,-0.05760206352020819,-0.10277265403019493,-0.045644065405223845,-0.23984559830809524,-0.16911317256033245,0.6110790174536559,-0.016471825507038403,0.0017126173241147449,-0.0008383962203046044,0.026476102827689973,-0.002173300336131967,-0.007520077378987091,-0.017146063750045286,0.5349431628921818,-0.00020282302415511327,0.621081204387469,-0.01768715230902275,-0.0015525163442551768,0.5100170490559834,0.0,0.0,0.0,3.0,0.0,0.0,0.0,0.0,0.0,1.7610137780198396,-0.3598760402544241,-0.3589850407426958,-0.3526184679857858,-0.5491644630749376,-0.5416838452705864,-0.3966750929276986,-0.38664798164141245,-0.5589730354044202,2.0,1.8591966882095163,-0.40208086591559605,0.0,0.0,-0.5737173932698575,-0.27863431128834604,-0.5588829843617955,-0.5547656873530791,0.0,0.0,-0.3789544542300201,0.0,0.0,0.0,0.0,0.0,0.0,25.0,0.0,25.0,0.0,6.0,-0.3667289947728233,-0.39141785156053666,23.0,517.0,-0.5805034149725378,0.790495733174478,-0.2804817318536269,-4.884731860404124,0.3968989058683126,-3.2711159284056155,0.2111604497204821,0.05823196180973079,-7.320787287489481,0.6036081979638426,-1.835869201842471,0.7330389770263557,True,True,-0.5688251795710979,0.0,-1.5425704944939234,0.8826341847034084,0.5889552107836871,4.0,0.3016045223180777,2.0,-2.6997336329112778,-2.783612118789756,-0.7510176553230472,-0.11693453965728401,-0.09808457458333748,-0.049837534153664494,-0.04678731821839413,-0.22106740989378218,-0.12609802395368364,-0.03735953586499975,-0.06329975737446622,-0.25514745750386847,-0.05760206352020819,-0.10277265403019493,-0.045644065405223845,-0.23984559830809524,-0.16911317256033245,0.6110790174536559,-0.016471825507038403,0.0017126173241147449,-0.0008383962203046044,0.026476102827689973,-0.002173300336131967,-0.007520077378987091,-0.017146063750045286,0.5349431628921818,-0.00020282302415511327,0.621081204387469,-0.01768715230902275,-0.0015525163442551768,0.5100170490559834,0.0,0.0,0.0,3.0,0.0,0.0,0.0,0.0,0.0,1.7610137780198396,-0.3598760402544241,-0.3589850407426958,-0.3526184679857858,-0.5491644630749376,-0.5416838452705864,-0.3966750929276986,-0.38664798164141245,-0.5589730354044202,2.0,1.8591966882095163,-0.40208086591559605,0.0,0.0,-0.5737173932698575,-0.27863431128834604,-0.5588829843617955,-0.5547656873530791,0.0,0.0,-0.3789544542300201,0.0,0.0,0.0,0.0,0.0,0.0,25.0,0.0,25.0,0.0,6.0,-0.3667289947728233,-0.39141785156053666,23.0,517.0,-0.5805034149725378,0.790495733174478,-0.2804817318536269,-4.884731860404124,0.3968989058683126,-3.2711159284056155,0.2111604497204821,0.05823196180973079,-7.320787287489481,0.6036081979638426,-1.835869201842471,0.7330389770263557,0
2424,0.5507111,0.29170102,0.03,0.004056900182200707,0.035729730106018556,-0.3050421212250101,4.0,0.26041495990126434,0.08888107243719369,-0.008990743882523366,4.0,0.3279361791778595,3.0,-0.04868561854047323,0.3613219584317998,-0.7544077412241263,-0.10038156392076744,-0.09167601200955168,-0.030863830713197947,-0.06482189768357503,-0.20990296118888363,-0.11813917719347367,-0.04270696109773042,-0.047665590005243334,-0.208382989468537,-0.05825459309353268,-0.09887024015375612,-0.03829782321088451,-0.24335054323530997,-0.14769811572921263,0.6106815093877507,0.6078398988509401,0.5494533330325747,-0.0076161477795674976,-0.0010804185591424223,-0.0006976668409045114,0.00338826081664328,-0.003988183015227842,0.5391743728743079,-0.0018298005476766845,0.0006135317418033199,-0.003498613021009308,0.011065905349605326,-0.0027620224149511653,0.0,0.0,0.0,2.0,2.0,1.0,0.0,0.0,0.0,-0.573885798744097,-0.39335089783104416,-0.3597940544557786,-0.35797495428890375,-0.5581068504960262,-0.5524896554791408,-0.3808977461267522,-0.3846816992521103,-0.5703660437115332,0.0,-0.5306199053374429,-0.3937357067608794,0.0,0.0,-0.5627296972421872,-0.29408191644632464,-0.5585951686129285,-0.5521348819455487,0.0,0.0,-0.37890170089475433,0.0,0.0,0.0,0.0,0.0,0.0,15.0,3.0,25.0,0.0,6.0,-0.3611471716163508,-0.3760603333967685,23.0,517.0,0.9740603861282375,0.28379413427272854,1.725889894740429,-1.3993271113709322,1.0498376335053872,-7.24765597314381,0.15603799914442204,0.3203868984238255,-8.690992928493335,-0.09548384289729568,-4.69213035565815,1.0167947806365816,True,True,-0.3050421212250101,4.0,0.26041495990126434,0.08888107243719369,-0.008990743882523366,4.0,0.3279361791778595,3.0,-0.04868561854047323,0.3613219584317998,-0.7544077412241263,-0.10038156392076744,-0.09167601200955168,-0.030863830713197947,-0.06482189768357503,-0.20990296118888363,-0.11813917719347367,-0.04270696109773042,-0.047665590005243334,-0.208382989468537,-0.05825459309353268,-0.09887024015375612,-0.03829782321088451,-0.24335054323530997,-0.14769811572921263,0.6106815093877507,0.6078398988509401,0.5494533330325747,-0.0076161477795674976,-0.0010804185591424223,-0.0006976668409045114,0.00338826081664328,-0.003988183015227842,0.5391743728743079,-0.0018298005476766845,0.0006135317418033199,-0.003498613021009308,0.011065905349605326,-0.0027620224149511653,0.0,0.0,0.0,2.0,2.0,1.0,0.0,0.0,0.0,-0.573885798744097,-0.39335089783104416,-0.3597940544557786,-0.35797495428890375,-0.5581068504960262,-0.5524896554791408,-0.3808977461267522,-0.3846816992521103,-0.5703660437115332,0.0,-0.5306199053374429,-0.3937357067608794,0.0,0.0,-0.5627296972421872,-0.29408191644632464,-0.5585951686129285,-0.5521348819455487,0.0,0.0,-0.37890170089475433,0.0,0.0,0.0,0.0,0.0,0.0,15.0,3.0,25.0,0.0,6.0,-0.3611471716163508,-0.3760603333967685,23.0,517.0,0.9740603861282375,0.28379413427272854,1.725889894740429,-1.3993271113709322,1.0498376335053872,-7.24765597314381,0.15603799914442204,0.3203868984238255,-8.690992928493335,-0.09548384289729568,-4.69213035565815,1.0167947806365816,0
299411,0.6767966,0.2687715,0.06999999999999999,0.009434629620313228,0.07072645137953555,-0.696856274897451,4.0,0.023414736730876715,-1.016636476608609,0.00963620330484954,4.0,0.31432969050726856,3.0,0.41780882808168435,0.34483647333808504,-0.7464445207395732,-0.10704878048023117,-0.08460669155723302,-0.036388594352949416,-0.06134350157440599,-0.22117016724592062,-0.11745033541822278,-0.04112104000193164,-0.04934811703832974,-0.27745009864823195,-0.03660719409405516,-0.09322646229435673,-0.04445036611212463,-0.25447326616625865,-0.14793006549732401,0.6147677115800714,0.0032677754157665303,-0.006734287688413087,0.5420696455186232,-0.009032680302291709,-0.01796653539699945,0.0026489475004201537,-0.010933253767297035,0.5283203253644042,-0.000498036917789302,0.0009497493792606031,-0.00631046896761118,0.014864780438004878,0.793149779690278,0.0,0.0,0.0,1.0,2.0,1.0,0.0,0.0,0.0,-0.5703744451636811,-0.402436740580077,-0.36992792024833737,-0.35098593561164365,-0.5435919665352181,-0.5664153533099963,-0.37230692953472694,-0.37431083686450134,-0.5614022777724373,0.0,-0.5139978849744161,-0.41018849632008264,0.0,0.0,-0.5418604856584758,-0.29382490678145495,-0.5644412053528023,-0.5653929108358564,0.0,0.0,-0.3879749311453921,0.0,0.0,0.0,0.0,0.0,0.0,43.0,3.0,25.0,0.0,6.0,-0.36549029354100376,-0.37550029445730954,23.0,517.0,-1.5783592298425702,-1.5502023545956705,-0.7739685895375795,-6.546979576069784,-0.15035683123133411,0.31205086337892,0.1445142456342507,-0.19197121972552755,0.31874338806375924,-0.9126334375706627,-4.300959280548613,1.4446651217872313,True,True,-0.696856274897451,4.0,0.023414736730876715,-1.016636476608609,0.00963620330484954,4.0,0.31432969050726856,3.0,0.41780882808168435,0.34483647333808504,-0.7464445207395732,-0.10704878048023117,-0.08460669155723302,-0.036388594352949416,-0.06134350157440599,-0.22117016724592062,-0.11745033541822278,-0.04112104000193164,-0.04934811703832974,-0.27745009864823195,-0.03660719409405516,-0.09322646229435673,-0.04445036611212463,-0.25447326616625865,-0.14793006549732401,0.6147677115800714,0.0032677754157665303,-0.006734287688413087,0.5420696455186232,-0.009032680302291709,-0.01796653539699945,0.0026489475004201537,-0.010933253767297035,0.5283203253644042,-0.000498036917789302,0.0009497493792606031,-0.00631046896761118,0.014864780438004878,0.793149779690278,0.0,0.0,0.0,1.0,2.0,1.0,0.0,0.0,0.0,-0.5703744451636811,-0.402436740580077,-0.36992792024833737,-0.35098593561164365,-0.5435919665352181,-0.5664153533099963,-0.37230692953472694,-0.37431083686450134,-0.5614022777724373,0.0,-0.5139978849744161,-0.41018849632008264,0.0,0.0,-0.5418604856584758,-0.29382490678145495,-0.5644412053528023,-0.5653929108358564,0.0,0.0,-0.3879749311453921,0.0,0.0,0.0,0.0,0.0,0.0,43.0,3.0,25.0,0.0,6.0,-0.36549029354100376,-0.37550029445730954,23.0,517.0,-1.5783592298425702,-1.5502023545956705,-0.7739685895375795,-6.546979576069784,-0.15035683123133411,0.31205086337892,0.1445142456342507,-0.19197121972552755,0.31874338806375924,-0.9126334375706627,-4.300959280548613,1.4446651217872313,0
444713,0.97825056,0.043813113,0.17,0.05427181375432048,0.4915173229532535,-0.18599475031768703,3.0,-0.2574047966094005,0.7921786607061003,-0.055194163344399354,3.0,0.15484603800049068,2.0,0.8405772364979529,0.36768104267272755,-0.6928144657032543,-0.13196280447970027,-0.10327495582260729,-0.026631506342519873,-0.10992723246232568,-0.30552345099687145,-0.2223751433724918,-0.02944342737922335,0.03178147715803467,-0.3205945000859762,-0.05233138034276977,-0.10349467173461996,-0.004845555928881855,-0.12366485129338761,-0.20366217713434176,0.6003028404541311,0.6451458350840494,-0.022518051979968756,-0.07303053972312447,-0.021716149809790836,0.03893710747059526,0.42848463302763085,0.9605848477019049,0.03091965226774268,0.0999651539009831,-0.06847574286674729,0.02181379315677297,0.05440477667188024,0.03268635081284651,0.0,0.0,0.0,0.0,0.0,0.0,0.0,0.0,0.0,1.683735334782126,-0.3054423803849594,2.762112120869343,2.8216934609498203,1.7970130652426057,1.8564651314352487,2.6079983442887302,2.640358753808681,1.7117857254509359,1.0,-0.5253998903964742,2.6526052161273785,1.0,1.0,1.6318929015724768,-0.30640835727519433,1.4414137967123393,1.3792104333002995,1.0,1.0,2.5486267953631163,4.0,2.0,1.0,2.0,2.0,2.0,25.0,0.0,15.0,3.0,0.0,2.057539017520984,2.152287423482177,4.0,517.0,0.5524183096560011,0.33384786998389027,-0.32581027197409795,31.344346003544427,-0.6764546450834819,-5.279741795156848,1.2275943810149914,0.46011639202262267,1.1111735546999562,1.0691244293802011,0.05463965770343314,0.6121759699474558,True,True,-0.18599475031768703,3.0,-0.2574047966094005,0.7921786607061003,-0.055194163344399354,3.0,0.15484603800049068,2.0,0.8405772364979529,0.36768104267272755,-0.6928144657032543,-0.13196280447970027,-0.10327495582260729,-0.026631506342519873,-0.10992723246232568,-0.30552345099687145,-0.2223751433724918,-0.02944342737922335,0.03178147715803467,-0.3205945000859762,-0.05233138034276977,-0.10349467173461996,-0.004845555928881855,-0.12366485129338761,-0.20366217713434176,0.6003028404541311,0.6451458350840494,-0.022518051979968756,-0.07303053972312447,-0.021716149809790836,0.03893710747059526,0.42848463302763085,0.9605848477019049,0.03091965226774268,0.0999651539009831,-0.06847574286674729,0.02181379315677297,0.05440477667188024,0.03268635081284651,0.0,0.0,0.0,0.0,0.0,0.0,0.0,0.0,0.0,1.683735334782126,-0.3054423803849594,2.762112120869343,2.8216934609498203,1.7970130652426057,1.8564651314352487,2.6079983442887302,2.640358753808681,1.7117857254509359,1.0,-0.5253998903964742,2.6526052161273785,1.0,1.0,1.6318929015724768,-0.30640835727519433,1.4414137967123393,1.3792104333002995,1.0,1.0,2.5486267953631163,4.0,2.0,1.0,2.0,2.0,2.0,25.0,0.0,15.0,3.0,0.0,2.057539017520984,2.152287423482177,4.0,517.0,0.5524183096560011,0.33384786998389027,-0.32581027197409795,31.344346003544427,-0.6764546450834819,-5.279741795156848,1.2275943810149914,0.46011639202262267,1.1111735546999562,1.0691244293802011,0.05463965770343314,0.6121759699474558,0
69791,0.9610439,0.13665584,0.09,0.013888290969627364,0.1153569783113378,-0.17753046163760072,0.0,-0.5635764736691316,0.886597690093841,0.5800585045228119,4.0,0.04377480936938712,2.0,-2.723408519410422,-2.799402646772315,-0.7681704064803674,-0.10229662478506131,-0.09564942651003971,-0.04144471987799281,-0.020235596370875027,-0.22338958322787353,-0.12765239961328043,-0.027663965810777957,-0.035732404274507315,-0.2598506503617444,-0.058994167220422604,-0.09659200857910423,-0.04091203715081379,-0.242180618897647,-0.14420360935989154,0.6153200163114153,-0.0041296760450423,-0.01209833772763876,0.550371845362359,0.5623815773235151,0.5583519698821924,0.38151957874978243,1.0166135457759164,0.5517265536842313,0.017461739606136416,0.598412661347115,0.5525961291576379,0.004231220365330502,0.6331082620757501,0.0,0.0,0.0,3.0,0.0,0.0,0.0,0.0,0.0,1.7397787483597282,1.0315877227197112,2.7652778993262332,2.7910544627210103,1.7758499103240901,1.7567181870362267,2.6150268252582247,2.6081247410221517,1.7789641647070777,2.0,1.8907661345026843,-0.4197875139390571,1.0,1.0,1.8584018365114938,3.4692419731370006,1.8622536020775067,1.9495299737007028,1.0,1.0,-0.3893083691051472,0.0,1.0,1.0,2.0,2.0,2.0,43.0,3.0,44.0,3.0,6.0,-0.3927852850936411,-0.3714782886191065,4.0,257.0,-1.0865930213320956,-0.8861601495050646,1.7451678029812165,2.895879743292255,-0.568501236744756,9.757225179901129,-0.8850415858530624,-0.33129445264496005,-1.2580596164443518,-0.6433458939696027,-3.08319704886712,-1.813924270516855,True,True,-0.17753046163760072,0.0,-0.5635764736691316,0.886597690093841,0.5800585045228119,4.0,0.04377480936938712,2.0,-2.723408519410422,-2.799402646772315,-0.7681704064803674,-0.10229662478506131,-0.09564942651003971,-0.04144471987799281,-0.020235596370875027,-0.22338958322787353,-0.12765239961328043,-0.027663965810777957,-0.035732404274507315,-0.2598506503617444,-0.058994167220422604,-0.09659200857910423,-0.04091203715081379,-0.242180618897647,-0.14420360935989154,0.6153200163114153,-0.0041296760450423,-0.01209833772763876,0.550371845362359,0.5623815773235151,0.5583519698821924,0.38151957874978243,1.0166135457759164,0.5517265536842313,0.017461739606136416,0.598412661347115,0.5525961291576379,0.004231220365330502,0.6331082620757501,0.0,0.0,0.0,3.0,0.0,0.0,0.0,0.0,0.0,1.7397787483597282,1.0315877227197112,2.7652778993262332,2.7910544627210103,1.7758499103240901,1.7567181870362267,2.6150268252582247,2.6081247410221517,1.7789641647070777,2.0,1.8907661345026843,-0.4197875139390571,1.0,1.0,1.8584018365114938,3.4692419731370006,1.8622536020775067,1.9495299737007028,1.0,1.0,-0.3893083691051472,0.0,1.0,1.0,2.0,2.0,2.0,43.0,3.0,44.0,3.0,6.0,-0.3927852850936411,-0.3714782886191065,4.0,257.0,-1.0865930213320956,-0.8861601495050646,1.7451678029812165,2.895879743292255,-0.568501236744756,9.757225179901129,-0.8850415858530624,-0.33129445264496005,-1.2580596164443518,-0.6433458939696027,-3.08319704886712,-1.813924270516855,0
149047,0.961773,0.386763,0.18000000000000002,0.06325205919758363,0.5007109347381836,-0.5685185223262872,1.0,1.3193420539288487,0.9045909491240087,-0.008723681628482544,4.0,0.3923962573433553,3.0,0.4434562977249138,0.37175938626610067,-0.7571167878442241,-0.13845996185381787,-0.10201578021618982,-0.01619589057938612,-0.026789935662157992,-0.21349298785083495,-0.01775695000376991,-0.08098704118386879,-0.057443315567252795,-0.3332370175898772,-0.07769670667983056,-0.17224984645330477,0.013940617740780599,-0.2636690481439573,-0.06138258004011367,0.5815923938926771,-0.06597375731819355,0.06903015174231021,0.00030666096533630893,0.00867982259511621,0.07136332530062538,0.09735407895901366,-0.08040897893978881,0.0757191466127701,0.044014741099049265,0.02251903279353974,0.03180815047680516,-0.07364171506416203,0.10424050800930681,0.0,0.0,0.0,0.0,0.0,0.0,0.0,0.0,0.0,1.8539518626458777,0.7100194649558045,-0.35988315134002846,-0.39300447117003307,1.8908924378853205,1.8613099852462933,-0.3235582300857297,-0.4277444967348898,1.754368428518344,2.0,1.936415742028509,2.77584245828241,2.0,2.0,1.8432325729263297,3.381360354085936,1.5684655568345163,2.050365219524872,2.0,2.0,2.5964860747011826,4.0,2.0,1.0,2.0,2.0,1.0,17.0,3.0,17.0,3.0,3.0,2.712954124764021,2.6179870871339834,4.0,1090.0,0.47900803721732715,1.0994661532052818,-1.025147684087883,31.155308048619133,-1.243048258441595,-5.332839612114733,1.064073780070104,0.0321237288431278,0.9652417058586621,-0.14882778776668326,-0.28300901018202634,-0.6721040197498676,True,True,-0.5685185223262872,1.0,1.3193420539288487,0.9045909491240087,-0.008723681628482544,4.0,0.3923962573433553,3.0,0.4434562977249138,0.37175938626610067,-0.7571167878442241,-0.13845996185381787,-0.10201578021618982,-0.01619589057938612,-0.026789935662157992,-0.21349298785083495,-0.01775695000376991,-0.08098704118386879,-0.057443315567252795,-0.3332370175898772,-0.07769670667983056,-0.17224984645330477,0.013940617740780599,-0.2636690481439573,-0.06138258004011367,0.5815923938926771,-0.06597375731819355,0.06903015174231021,0.00030666096533630893,0.00867982259511621,0.07136332530062538,0.09735407895901366,-0.08040897893978881,0.0757191466127701,0.044014741099049265,0.02251903279353974,0.03180815047680516,-0.07364171506416203,0.10424050800930681,0.0,0.0,0.0,0.0,0.0,0.0,0.0,0.0,0.0,1.8539518626458777,0.7100194649558045,-0.35988315134002846,-0.39300447117003307,1.8908924378853205,1.8613099852462933,-0.3235582300857297,-0.4277444967348898,1.754368428518344,2.0,1.936415742028509,2.77584245828241,2.0,2.0,1.8432325729263297,3.381360354085936,1.5684655568345163,2.050365219524872,2.0,2.0,2.5964860747011826,4.0,2.0,1.0,2.0,2.0,1.0,17.0,3.0,17.0,3.0,3.0,2.712954124764021,2.6179870871339834,4.0,1090.0,0.47900803721732715,1.0994661532052818,-1.025147684087883,31.155308048619133,-1.243048258441595,-5.332839612114733,1.064073780070104,0.0321237288431278,0.9652417058586621,-0.14882778776668326,-0.28300901018202634,-0.6721040197498676,0
71968,0.9976549,0.2948299,0.25,0.16975275626876413,1.6098022883875673,0.07380858110822869,0.0,-0.6122246845139403,0.040355122571869295,0.7027719158386472,3.0,-0.9707151491018057,2.0,-2.514720659629135,-2.7209898192320456,-0.6306258158931928,0.4393351057712097,0.1076487865003029,-0.0004070548666769633,0.31696391909634497,-0.23658395072650953,0.14662205672597814,0.06852786847561759,0.274785789916507,-0.18131081394989826,0.3377442974955554,0.2515435397087825,0.07023338156620343,-0.37754182134865427,0.02892142671332698,0.5742028988821,0.0744792869488319,0.03201810502459958,0.10031052945590613,0.4818096547377575,0.2800543120297014,-0.1540662761282806,1.0167922730877024,0.5737593842582854,-0.1827970257331595,0.9112231900890264,0.9559762190797955,0.2014231154865243,0.4153816254239639,0.0,0.0,0.0,3.0,0.0,0.0,0.0,0.0,0.0,1.481783226411601,0.36938022968251366,2.645992917604996,2.7029280478892344,1.8446632819812574,2.1044343249672623,2.63101944795257,2.8239651610674192,1.8347262617120672,2.0,1.8694872223082544,-0.444759627313137,1.0,1.0,1.633430284738955,-0.36396968266929,1.9763122396759898,2.122651042459393,1.0,1.0,-0.36197072111201894,0.0,1.0,1.0,2.0,2.0,1.0,15.0,3.0,15.0,3.0,6.0,-0.3491578484741218,-0.22793211124019458,4.0,517.0,-0.7869427677376561,0.5157946201845325,1.7628328912583617,9.61595023579809,-2.554688422542142,15.585285630241017,-0.45759216277748227,-0.29902788341878306,-2.316537879719835,0.044104797847854524,0.2625017656400153,-0.776514826038773,True,True,0.07380858110822869,0.0,-0.6122246845139403,0.040355122571869295,0.7027719158386472,3.0,-0.9707151491018057,2.0,-2.514720659629135,-2.7209898192320456,-0.6306258158931928,0.4393351057712097,0.1076487865003029,-0.0004070548666769633,0.31696391909634497,-0.23658395072650953,0.14662205672597814,0.06852786847561759,0.274785789916507,-0.18131081394989826,0.3377442974955554,0.2515435397087825,0.07023338156620343,-0.37754182134865427,0.02892142671332698,0.5742028988821,0.0744792869488319,0.03201810502459958,0.10031052945590613,0.4818096547377575,0.2800543120297014,-0.1540662761282806,1.0167922730877024,0.5737593842582854,-0.1827970257331595,0.9112231900890264,0.9559762190797955,0.2014231154865243,0.4153816254239639,0.0,0.0,0.0,3.0,0.0,0.0,0.0,0.0,0.0,1.481783226411601,0.36938022968251366,2.645992917604996,2.7029280478892344,1.8446632819812574,2.1044343249672623,2.63101944795257,2.8239651610674192,1.8347262617120672,2.0,1.8694872223082544,-0.444759627313137,1.0,1.0,1.633430284738955,-0.36396968266929,1.9763122396759898,2.122651042459393,1.0,1.0,-0.36197072111201894,0.0,1.0,1.0,2.0,2.0,1.0,15.0,3.0,15.0,3.0,6.0,-0.3491578484741218,-0.22793211124019458,4.0,517.0,-0.7869427677376561,0.5157946201845325,1.7628328912583617,9.61595023579809,-2.554688422542142,15.585285630241017,-0.45759216277748227,-0.29902788341878306,-2.316537879719835,0.044104797847854524,0.2625017656400153,-0.776514826038773,0
226560,0.97058624,0.49890697,0.08,0.011477469205752985,0.0805707162166378,0.7724507823499421,2.0,-0.7867660632641801,1.081480301428728,0.012057195447647988,4.0,0.33525665269291177,2.0,0.37822809160035753,0.34099023060897954,-0.7736616619769503,-0.09136606952146488,-0.09677639538681478,-0.04025872565470885,-0.037622005935726975,-0.2286802832124418,-0.1110570182844838,-0.048197438014472696,-0.031281188469180266,-0.2675910284103268,-0.04995939131486959,-0.09968890203656955,-0.0534221470456234,-0.22535565779166927,-0.1629981002935286,0.6020449223190109,-0.012658798607970149,-0.0008749762741348797,-0.010512413644321275,0.008065609804430732,0.014527469807208026,0.003201703250594489,0.001533469044143014,-0.0064994776384021055,-0.00530942589112351,-0.00510478770367648,-0.005852991618182263,-0.005417751853607479,-0.0008438175940810048,0.0,0.0,0.0,0.0,0.0,0.0,0.0,0.0,0.0,1.746593812431235,0.5549092046523405,-0.3652325608052081,-0.3652355605512047,1.8296144223684043,1.8053731763471863,-0.3965647576164019,-0.3867784311331543,1.7874353820589757,2.0,1.8823158311723938,1.887084977499205,2.0,2.0,1.7162308532111752,3.4437954835364994,1.713907253595779,1.456896711592867,2.0,2.0,2.565564945537521,3.0,2.0,1.0,1.0,1.0,2.0,15.0,3.0,15.0,3.0,5.0,2.073027303877041,2.1406679393370003,22.0,304.0,0.4499289783624641,-1.804124426819086,-0.7717276933051449,31.387181732524446,-1.1841660332370478,-5.264213033068253,1.1294886702895313,0.07299195436257758,0.9935068484537081,-0.050552378455821265,0.12669799657732966,0.14963976344680743,True,True,0.7724507823499421,2.0,-0.7867660632641801,1.081480301428728,0.012057195447647988,4.0,0.33525665269291177,2.0,0.37822809160035753,0.34099023060897954,-0.7736616619769503,-0.09136606952146488,-0.09677639538681478,-0.04025872565470885,-0.037622005935726975,-0.2286802832124418,-0.1110570182844838,-0.048197438014472696,-0.031281188469180266,-0.2675910284103268,-0.04995939131486959,-0.09968890203656955,-0.0534221470456234,-0.22535565779166927,-0.1629981002935286,0.6020449223190109,-0.012658798607970149,-0.0008749762741348797,-0.010512413644321275,0.008065609804430732,0.014527469807208026,0.003201703250594489,0.001533469044143014,-0.0064994776384021055,-0.00530942589112351,-0.00510478770367648,-0.005852991618182263,-0.005417751853607479,-0.0008438175940810048,0.0,0.0,0.0,0.0,0.0,0.0,0.0,0.0,0.0,1.746593812431235,0.5549092046523405,-0.3652325608052081,-0.3652355605512047,1.8296144223684043,1.8053731763471863,-0.3965647576164019,-0.3867784311331543,1.7874353820589757,2.0,1.8823158311723938,1.887084977499205,2.0,2.0,1.7162308532111752,3.4437954835364994,1.713907253595779,1.456896711592867,2.0,2.0,2.565564945537521,3.0,2.0,1.0,1.0,1.0,2.0,15.0,3.0,15.0,3.0,5.0,2.073027303877041,2.1406679393370003,22.0,304.0,0.4499289783624641,-1.804124426819086,-0.7717276933051449,31.387181732524446,-1.1841660332370478,-5.264213033068253,1.1294886702895313,0.07299195436257758,0.9935068484537081,-0.050552378455821265,0.12669799657732966,0.14963976344680743,0
156812,0.8228913,0.43930104,0.01,0.0025521382703821843,0.016566136846567506,-0.03336574573014838,4.0,-1.6357236840889775,0.7575841079963096,-0.003886649637941471,3.0,0.3060030366224208,2.0,0.13930565504005238,0.355306018784906,-0.7558312892370496,-0.09804167231125653,-0.09412742792605135,-0.03351750134151228,-0.05928956550996726,-0.2164268031985333,-0.11370489063211947,-0.05259662491920944,-0.05247747731110309,-0.15296261412978238,-0.05643725323390692,-0.10000512820993261,-0.046899057133289596,-0.19473620403725028,-0.14931196761932156,0.6423600659777251,0.6423682475571724,0.5486549618835933,0.5658980039258434,0.5508599677367927,-0.0024670685457741284,0.00012543538824374398,0.004445554886000625,0.5605837797863563,-0.001992296744970582,-0.0007790483826924329,-0.0010769146735067434,0.0009520699768763069,0.5565251108188233,0.0,0.0,0.0,1.0,2.0,2.0,0.0,0.0,0.0,-0.5778538420076752,-0.39129599005517035,-0.3615986262017763,-0.35739715722965465,-0.5544509933399842,-0.5518944689026113,-0.38278787334117087,-0.3861865941987565,-0.5625168967985097,0.0,-0.5288610158553518,-0.39294802932902617,0.0,0.0,-0.5591364239435792,-0.2883720793890741,-0.5571245863910319,-0.5573479281011582,0.0,0.0,-0.39400701934362486,0.0,0.0,0.0,0.0,0.0,0.0,2.0,3.0,25.0,0.0,6.0,-0.3713214321889834,-0.37687741776811795,23.0,517.0,-1.5799669383458337,0.2841929046339191,-1.0187268992888816,-6.5643973980809776,0.17923168015713567,0.33384639949490075,0.12051098682606601,0.1297417741962007,0.3551905456912083,-0.6701496453538431,-4.140518550741643,2.08839395221369,True,True,-0.03336574573014838,4.0,-1.6357236840889775,0.7575841079963096,-0.003886649637941471,3.0,0.3060030366224208,2.0,0.13930565504005238,0.355306018784906,-0.7558312892370496,-0.09804167231125653,-0.09412742792605135,-0.03351750134151228,-0.05928956550996726,-0.2164268031985333,-0.11370489063211947,-0.05259662491920944,-0.05247747731110309,-0.15296261412978238,-0.05643725323390692,-0.10000512820993261,-0.046899057133289596,-0.19473620403725028,-0.14931196761932156,0.6423600659777251,0.6423682475571724,0.5486549618835933,0.5658980039258434,0.5508599677367927,-0.0024670685457741284,0.00012543538824374398,0.004445554886000625,0.5605837797863563,-0.001992296744970582,-0.0007790483826924329,-0.0010769146735067434,0.0009520699768763069,0.5565251108188233,0.0,0.0,0.0,1.0,2.0,2.0,0.0,0.0,0.0,-0.5778538420076752,-0.39129599005517035,-0.3615986262017763,-0.35739715722965465,-0.5544509933399842,-0.5518944689026113,-0.38278787334117087,-0.3861865941987565,-0.5625168967985097,0.0,-0.5288610158553518,-0.39294802932902617,0.0,0.0,-0.5591364239435792,-0.2883720793890741,-0.5571245863910319,-0.5573479281011582,0.0,0.0,-0.39400701934362486,0.0,0.0,0.0,0.0,0.0,0.0,2.0,3.0,25.0,0.0,6.0,-0.3713214321889834,-0.37687741776811795,23.0,517.0,-1.5799669383458337,0.2841929046339191,-1.0187268992888816,-6.5643973980809776,0.17923168015713567,0.33384639949490075,0.12051098682606601,0.1297417741962007,0.3551905456912083,-0.6701496453538431,-4.140518550741643,2.08839395221369,0
269030,0.97954386,0.23528203,0.09,0.013888290969627364,0.10047582766096859,-0.4516675679569335,4.0,0.251677595614722,1.0313864060011946,0.00630042021233518,4.0,0.3092668210609844,3.0,0.4251214039816869,0.3582141270326451,0.9286505923937739,-0.09795153051114674,-0.08238658212292811,-0.021829793392620686,-0.06432565057637497,-0.21239744216318168,-0.10426008342272106,-0.05401584933867962,-0.030147398922060118,-0.08739136195539983,-0.05366868472644223,-0.09026473292200964,-0.042460302553793794,-0.265282961816194,-0.17303826584128648,0.6234824876022421,0.007028249254267006,0.5747718117223701,0.6463513177988139,0.5664358762998418,0.021804110441995504,0.011911270583136756,-0.004294961856963249,0.5049025546463466,0.6189431771684182,0.01205730448102598,0.0054924975477356084,-0.005558888864935978,0.6848250737126386,2.0,2.0,1.0,1.0,2.0,1.0,1.0,2.0,2.0,-0.5760895468392059,-0.40675040618441566,-0.3517346134906164,-0.3395411135849238,-0.5290518547176657,-0.5606179861362922,-0.37755729581234115,-0.3765729079368873,-0.5684831636655676,0.0,-0.5255139630193311,-0.39685258702505005,0.0,0.0,-0.5643171957621557,-0.2947135655581529,-0.5536104100762134,-0.5558947263246911,0.0,0.0,-0.4016297465433171,0.0,0.0,0.0,0.0,0.0,0.0,0.0,3.0,25.0,0.0,6.0,-0.36092886632490523,-0.379195470186132,23.0,517.0,-0.03216287617014054,0.5341614410568899,-0.7610906877295027,-7.5373518273570514,0.023084746381093264,-0.5937219562627293,0.24768423702360307,-0.1174526815955417,2.1918024973943155,-0.12009017475758363,1.188940110289345,-0.7257001061592242,True,True,-0.4516675679569335,4.0,0.251677595614722,1.0313864060011946,0.00630042021233518,4.0,0.3092668210609844,3.0,0.4251214039816869,0.3582141270326451,0.9286505923937739,-0.09795153051114674,-0.08238658212292811,-0.021829793392620686,-0.06432565057637497,-0.21239744216318168,-0.10426008342272106,-0.05401584933867962,-0.030147398922060118,-0.08739136195539983,-0.05366868472644223,-0.09026473292200964,-0.042460302553793794,-0.265282961816194,-0.17303826584128648,0.6234824876022421,0.007028249254267006,0.5747718117223701,0.6463513177988139,0.5664358762998418,0.021804110441995504,0.011911270583136756,-0.004294961856963249,0.5049025546463466,0.6189431771684182,0.01205730448102598,0.0054924975477356084,-0.005558888864935978,0.6848250737126386,2.0,2.0,1.0,1.0,2.0,1.0,1.0,2.0,2.0,-0.5760895468392059,-0.40675040618441566,-0.3517346134906164,-0.3395411135849238,-0.5290518547176657,-0.5606179861362922,-0.37755729581234115,-0.3765729079368873,-0.5684831636655676,0.0,-0.5255139630193311,-0.39685258702505005,0.0,0.0,-0.5643171957621557,-0.2947135655581529,-0.5536104100762134,-0.5558947263246911,0.0,0.0,-0.4016297465433171,0.0,0.0,0.0,0.0,0.0,0.0,0.0,3.0,25.0,0.0,6.0,-0.36092886632490523,-0.379195470186132,23.0,517.0,-0.03216287617014054,0.5341614410568899,-0.7610906877295027,-7.5373518273570514,0.023084746381093264,-0.5937219562627293,0.24768423702360307,-0.1174526815955417,2.1918024973943155,-0.12009017475758363,1.188940110289345,-0.7257001061592242,0
489736,0.99760133,0.16866218,0.15000000000000002,0.03954065143898942,0.3402749805224881,-0.31805442207162715,0.0,0.6140290952066594,-0.3681464059378871,0.5709948356036331,3.0,0.27401156826058054,2.0,-2.7603341136637227,-2.763505580233221,-0.7905180279267442,-0.08746089204884908,0.004307538542035791,-0.07485156610280243,0.01857923980231027,-0.22117262760156306,-0.07334476568084852,0.023763837442490207,0.012889403497711786,-0.33667130889021313,0.04644557348603763,-0.08792241850640765,-0.0033539956004363155,-0.23769643383815714,-0.1266882267625151,0.6137562477197692,0.0091503030607593,-0.10990792145961824,0.6571633521236169,0.5899279768856107,0.6758652072794341,0.0036047085411695583,0.03710145142684504,0.5530035160619398,-0.014888384467722013,0.7791138378109472,0.5607257954115845,0.5357950671439211,0.5807304513187947,0.0,0.0,0.0,3.0,0.0,0.0,0.0,0.0,0.0,1.8129033228954001,1.215811330094333,-0.3249552144411926,-0.3023701731112234,1.792415016362069,1.8760710059440069,-0.3167410909404127,-0.32398526331940164,1.7915763632198738,2.0,1.9143557636233917,-0.47795717176745645,3.0,0.0,1.8106635335744274,-0.33675497313445896,1.8559671877962958,2.1304587728068776,2.0,2.0,-0.35319803338387223,0.0,1.0,1.0,1.0,1.0,2.0,15.0,3.0,15.0,3.0,6.0,-0.35106027275347457,-0.37163633133625434,22.0,517.0,-1.6342998379396227,1.2588478837525978,-0.24065054196359842,9.577390813658278,-2.6851973687351185,15.876732177173938,-0.521945310852875,-0.15883196321640225,-2.174962921287128,0.16216668750223834,0.5891744009684714,-0.48916055328862335,True,True,-0.31805442207162715,0.0,0.6140290952066594,-0.3681464059378871,0.5709948356036331,3.0,0.27401156826058054,2.0,-2.7603341136637227,-2.763505580233221,-0.7905180279267442,-0.08746089204884908,0.004307538542035791,-0.07485156610280243,0.01857923980231027,-0.22117262760156306,-0.07334476568084852,0.023763837442490207,0.012889403497711786,-0.33667130889021313,0.04644557348603763,-0.08792241850640765,-0.0033539956004363155,-0.23769643383815714,-0.1266882267625151,0.6137562477197692,0.0091503030607593,-0.10990792145961824,0.6571633521236169,0.5899279768856107,0.6758652072794341,0.0036047085411695583,0.03710145142684504,0.5530035160619398,-0.014888384467722013,0.7791138378109472,0.5607257954115845,0.5357950671439211,0.5807304513187947,0.0,0.0,0.0,3.0,0.0,0.0,0.0,0.0,0.0,1.8129033228954001,1.215811330094333,-0.3249552144411926,-0.3023701731112234,1.792415016362069,1.8760710059440069,-0.3167410909404127,-0.32398526331940164,1.7915763632198738,2.0,1.9143557636233917,-0.47795717176745645,3.0,0.0,1.8106635335744274,-0.33675497313445896,1.8559671877962958,2.1304587728068776,2.0,2.0,-0.35319803338387223,0.0,1.0,1.0,1.0,1.0,2.0,15.0,3.0,15.0,3.0,6.0,-0.35106027275347457,-0.37163633133625434,22.0,517.0,-1.6342998379396227,1.2588478837525978,-0.24065054196359842,9.577390813658278,-2.6851973687351185,15.876732177173938,-0.521945310852875,-0.15883196321640225,-2.174962921287128,0.16216668750223834,0.5891744009684714,-0.48916055328862335,0
534085,0.9008471,0.33373892,0.13,0.028378895023486856,0.2344750523786869,-0.6479875702018345,0.0,1.4844698589901353,-0.304597279701016,0.5314948749449592,3.0,0.12083335537637527,2.0,-2.7167762457947617,-2.8221150733983973,-0.7501008685036464,-0.09298220637192549,-0.1191057190741343,-0.03933458002288017,-0.08918071560724466,-0.2707894502956468,-0.1086182000321243,-0.04502571766573567,-0.045534312947198945,-0.28380755529563234,-0.0020726654055858718,-0.09408820577151905,-0.01289191414155421,-0.223289390280167,-0.16129093513913922,0.7581216468567196,0.026801346914565392,-0.055127516768980464,0.6372019108591784,0.6965399379879262,0.6401834701403893,0.4056073297789752,0.9720036581907743,0.5193269647437769,0.018056266140555863,0.7502529018641945,-0.04629343881516689,0.7508286884250754,0.5211312185392311,0.0,0.0,0.0,3.0,0.0,0.0,0.0,0.0,0.0,1.6912307686238537,0.5911004354965471,2.775035725373137,2.779014099156156,1.8256383533015699,1.7640220506100983,2.628833209818827,2.6573314985163816,1.7782280552168885,2.0,1.8650947416372,-0.35742922374060004,1.0,1.0,1.8522093472463639,-0.3365717346789828,1.6847888360115166,2.1024095963779685,1.0,1.0,-0.3966157687155383,0.0,1.0,1.0,2.0,1.0,1.0,15.0,3.0,15.0,3.0,6.0,-0.39504706443526577,-0.3671404718049665,25.0,1090.0,-1.0676978649073787,0.785147099133622,0.01736226337405907,13.934499565502334,-3.302015404307951,11.912005139314328,0.3662530453072874,-0.04937672816250667,1.2484553090054324,-0.12234776389105059,0.14588928844833163,-0.9226576256199521,True,True,-0.6479875702018345,0.0,1.4844698589901353,-0.304597279701016,0.5314948749449592,3.0,0.12083335537637527,2.0,-2.7167762457947617,-2.8221150733983973,-0.7501008685036464,-0.09298220637192549,-0.1191057190741343,-0.03933458002288017,-0.08918071560724466,-0.2707894502956468,-0.1086182000321243,-0.04502571766573567,-0.045534312947198945,-0.28380755529563234,-0.0020726654055858718,-0.09408820577151905,-0.01289191414155421,-0.223289390280167,-0.16129093513913922,0.7581216468567196,0.026801346914565392,-0.055127516768980464,0.6372019108591784,0.6965399379879262,0.6401834701403893,0.4056073297789752,0.9720036581907743,0.5193269647437769,0.018056266140555863,0.7502529018641945,-0.04629343881516689,0.7508286884250754,0.5211312185392311,0.0,0.0,0.0,3.0,0.0,0.0,0.0,0.0,0.0,1.6912307686238537,0.5911004354965471,2.775035725373137,2.779014099156156,1.8256383533015699,1.7640220506100983,2.628833209818827,2.6573314985163816,1.7782280552168885,2.0,1.8650947416372,-0.35742922374060004,1.0,1.0,1.8522093472463639,-0.3365717346789828,1.6847888360115166,2.1024095963779685,1.0,1.0,-0.3966157687155383,0.0,1.0,1.0,2.0,1.0,1.0,15.0,3.0,15.0,3.0,6.0,-0.39504706443526577,-0.3671404718049665,25.0,1090.0,-1.0676978649073787,0.785147099133622,0.01736226337405907,13.934499565502334,-3.302015404307951,11.912005139314328,0.3662530453072874,-0.04937672816250667,1.2484553090054324,-0.12234776389105059,0.14588928844833163,-0.9226576256199521,0
373818,0.9987888,0.3531628,0.27,0.2197729180535744,2.0238380790751256,-0.3184195506937518,0.0,-1.0729639516595069,-0.5139697100306446,0.263508486799708,3.0,0.377950631631348,2.0,-2.4925556027314264,-2.895261407734221,-0.7651121024766541,2.0132580494498225,3.707351579848429,0.31507851979732165,0.7901208534747184,-0.032126655651658426,1.0944945332448388,1.5540650158205793,0.8508838195820699,-0.573505221179744,0.7121104942875933,1.7801634816605174,1.8334565403068839,-0.03035914709922974,0.08495101372324727,1.1023187889999388,0.022500860615295076,0.6886029566333798,0.4580415148411365,0.2770832693577672,0.2123421069947793,0.7473687403322438,0.8211635986629,0.6660820542913283,0.16792610677453373,0.17689682736352008,0.35614706706338506,0.34669513367288163,0.26613051332590454,0.0,0.0,0.0,3.0,0.0,0.0,0.0,0.0,0.0,1.8021156628995783,-0.0352137813690683,2.8749146228629243,2.574538295971171,1.3900456625203141,1.8248434579514876,2.419096214362079,2.7765130595161707,1.586027824315816,2.0,1.8822060339693776,-0.5529385165165189,1.0,1.0,2.1100146871956866,-0.42110434836649563,1.4808210071554855,1.908041989068948,1.0,1.0,-0.214306961198918,0.0,1.0,1.0,2.0,1.0,1.0,15.0,3.0,15.0,3.0,6.0,-0.3543500855337689,-0.23095654761546403,4.0,1090.0,-0.8598631830768136,0.813866083320858,-0.8209750833667584,9.983679134359525,-1.8076478067977018,16.62265079390799,-0.5647834021202002,-0.3322683469180461,-2.559247951901677,-0.10448083069555447,0.938053478699652,0.3708192275938295,True,True,-0.3184195506937518,0.0,-1.0729639516595069,-0.5139697100306446,0.263508486799708,3.0,0.377950631631348,2.0,-2.4925556027314264,-2.895261407734221,-0.7651121024766541,2.0132580494498225,3.707351579848429,0.31507851979732165,0.7901208534747184,-0.032126655651658426,1.0944945332448388,1.5540650158205793,0.8508838195820699,-0.573505221179744,0.7121104942875933,1.7801634816605174,1.8334565403068839,-0.03035914709922974,0.08495101372324727,1.1023187889999388,0.022500860615295076,0.6886029566333798,0.4580415148411365,0.2770832693577672,0.2123421069947793,0.7473687403322438,0.8211635986629,0.6660820542913283,0.16792610677453373,0.17689682736352008,0.35614706706338506,0.34669513367288163,0.26613051332590454,0.0,0.0,0.0,3.0,0.0,0.0,0.0,0.0,0.0,1.8021156628995783,-0.0352137813690683,2.8749146228629243,2.574538295971171,1.3900456625203141,1.8248434579514876,2.419096214362079,2.7765130595161707,1.586027824315816,2.0,1.8822060339693776,-0.5529385165165189,1.0,1.0,2.1100146871956866,-0.42110434836649563,1.4808210071554855,1.908041989068948,1.0,1.0,-0.214306961198918,0.0,1.0,1.0,2.0,1.0,1.0,15.0,3.0,15.0,3.0,6.0,-0.3543500855337689,-0.23095654761546403,4.0,1090.0,-0.8598631830768136,0.813866083320858,-0.8209750833667584,9.983679134359525,-1.8076478067977018,16.62265079390799,-0.5647834021202002,-0.3322683469180461,-2.559247951901677,-0.10448083069555447,0.938053478699652,0.3708192275938295,0
303878,0.70930505,0.43391228,0.01,0.0025521382703821843,0.01983503139597179,0.44854844388639975,4.0,0.21410379294681012,0.9864978053674645,-0.0037806075484385394,3.0,-0.6813117654391819,3.0,0.1115517421093386,0.3573110749197867,0.9338688475396992,-0.09854281518707085,-0.0913473800078708,-0.03822119912063359,-0.06362756925517804,-0.2181681785996381,-0.11276684895151594,-0.04358094920610741,-0.05500981804325108,-0.2074273685317878,-0.052782687401630723,-0.10198884458374687,-0.048629165554428304,-0.24168035373365138,-0.1494857607993298,0.609281599746581,0.6090724942823993,0.5504462485066288,0.5333952084630187,0.5475378863904883,0.0022228787170896418,-0.0010790475143968082,0.003119591796043372,0.5297311179337398,0.6000642733772726,0.0014845710313156687,-0.0005278048144494449,0.00382408984561804,0.5329690565603078,2.0,2.0,2.0,1.0,2.0,1.0,1.0,1.0,2.0,-0.568471080281853,-0.39025213625302074,-0.35936212830764147,-0.3601753422288151,-0.5529484297803019,-0.55074359908617,-0.37940422856606504,-0.38483409163824944,-0.5649790156098494,0.0,-0.5338707569089242,-0.3988124844942025,0.0,0.0,-0.5652768815865399,-0.2880962052574744,-0.5578574401561334,-0.5553763428646343,0.0,0.0,-0.3927808586837784,0.0,0.0,0.0,0.0,0.0,0.0,15.0,3.0,25.0,0.0,6.0,-0.36987784457743683,-0.37557849183218545,23.0,517.0,-1.0727517460884768,0.8037177821356495,-0.768057604197882,-7.557748235745108,0.4579501925829565,-0.5651394982253506,0.3273597305999097,0.20599104519693703,2.3491963732362655,1.0316765087606543,1.3092572233609554,0.538376706108823,True,True,0.44854844388639975,4.0,0.21410379294681012,0.9864978053674645,-0.0037806075484385394,3.0,-0.6813117654391819,3.0,0.1115517421093386,0.3573110749197867,0.9338688475396992,-0.09854281518707085,-0.0913473800078708,-0.03822119912063359,-0.06362756925517804,-0.2181681785996381,-0.11276684895151594,-0.04358094920610741,-0.05500981804325108,-0.2074273685317878,-0.052782687401630723,-0.10198884458374687,-0.048629165554428304,-0.24168035373365138,-0.1494857607993298,0.609281599746581,0.6090724942823993,0.5504462485066288,0.5333952084630187,0.5475378863904883,0.0022228787170896418,-0.0010790475143968082,0.003119591796043372,0.5297311179337398,0.6000642733772726,0.0014845710313156687,-0.0005278048144494449,0.00382408984561804,0.5329690565603078,2.0,2.0,2.0,1.0,2.0,1.0,1.0,1.0,2.0,-0.568471080281853,-0.39025213625302074,-0.35936212830764147,-0.3601753422288151,-0.5529484297803019,-0.55074359908617,-0.37940422856606504,-0.38483409163824944,-0.5649790156098494,0.0,-0.5338707569089242,-0.3988124844942025,0.0,0.0,-0.5652768815865399,-0.2880962052574744,-0.5578574401561334,-0.5553763428646343,0.0,0.0,-0.3927808586837784,0.0,0.0,0.0,0.0,0.0,0.0,15.0,3.0,25.0,0.0,6.0,-0.36987784457743683,-0.37557849183218545,23.0,517.0,-1.0727517460884768,0.8037177821356495,-0.768057604197882,-7.557748235745108,0.4579501925829565,-0.5651394982253506,0.3273597305999097,0.20599104519693703,2.3491963732362655,1.0316765087606543,1.3092572233609554,0.538376706108823,0
20555,0.7718885,0.47750217,0.02,0.0032300924127905565,0.026167972777143226,-0.19129533522407308,4.0,-0.08046913130782496,-0.09239443890887394,-0.002739433493818854,4.0,0.320798823806378,3.0,0.6868237546797912,0.3536354841234366,1.0286341047541903,-0.09360418072194224,-0.07381205764537485,-0.03757535992853075,-0.05728532493883016,-0.21817753238752396,-0.08810452778931238,-0.04317044497881566,-0.052526638106975804,-0.2114163096368551,-0.06055362075776482,-0.1009169025110348,-0.04943226305592013,-0.022507890000799703,-0.129516832517518,0.7345711794624898,0.7265371321459836,0.5495270111747205,0.7827889485884204,0.5501795287296715,0.0024061182845813477,0.004001491495552152,-0.0016517758710008765,0.6276451228709732,0.8594232537959199,-0.00657374230450067,-0.008652671599289667,0.0013960134981915143,0.7751463168777638,2.0,2.0,2.0,1.0,1.0,2.0,1.0,1.0,2.0,-0.5770254393429818,-0.3872858285260225,-0.356283759278253,-0.35867546232670544,-0.5532319997729991,-0.5529340784536703,-0.3856168561696413,-0.384528074160202,-0.5598323278639797,0.0,-0.5295926179305802,-0.3946768532967212,0.0,0.0,-0.5661861565926061,-0.28948841883326815,-0.5581406920060515,-0.5609748613587873,0.0,0.0,-0.38955146540028396,0.0,0.0,0.0,0.0,0.0,0.0,43.0,3.0,25.0,0.0,6.0,-0.3708202451354788,-0.3735692213825387,23.0,517.0,-0.04527471555747494,-1.4165076090971238,1.722173405855399,-7.522237744228174,0.15752709103900342,-0.5900238833125179,0.15480890009769036,0.2233516067204974,2.2105818960928754,-0.11200883409518984,1.2433947683932123,-0.46212089023881614,True,True,-0.19129533522407308,4.0,-0.08046913130782496,-0.09239443890887394,-0.002739433493818854,4.0,0.320798823806378,3.0,0.6868237546797912,0.3536354841234366,1.0286341047541903,-0.09360418072194224,-0.07381205764537485,-0.03757535992853075,-0.05728532493883016,-0.21817753238752396,-0.08810452778931238,-0.04317044497881566,-0.052526638106975804,-0.2114163096368551,-0.06055362075776482,-0.1009169025110348,-0.04943226305592013,-0.022507890000799703,-0.129516832517518,0.7345711794624898,0.7265371321459836,0.5495270111747205,0.7827889485884204,0.5501795287296715,0.0024061182845813477,0.004001491495552152,-0.0016517758710008765,0.6276451228709732,0.8594232537959199,-0.00657374230450067,-0.008652671599289667,0.0013960134981915143,0.7751463168777638,2.0,2.0,2.0,1.0,1.0,2.0,1.0,1.0,2.0,-0.5770254393429818,-0.3872858285260225,-0.356283759278253,-0.35867546232670544,-0.5532319997729991,-0.5529340784536703,-0.3856168561696413,-0.384528074160202,-0.5598323278639797,0.0,-0.5295926179305802,-0.3946768532967212,0.0,0.0,-0.5661861565926061,-0.28948841883326815,-0.5581406920060515,-0.5609748613587873,0.0,0.0,-0.38955146540028396,0.0,0.0,0.0,0.0,0.0,0.0,43.0,3.0,25.0,0.0,6.0,-0.3708202451354788,-0.3735692213825387,23.0,517.0,-0.04527471555747494,-1.4165076090971238,1.722173405855399,-7.522237744228174,0.15752709103900342,-0.5900238833125179,0.15480890009769036,0.2233516067204974,2.2105818960928754,-0.11200883409518984,1.2433947683932123,-0.46212089023881614,0
291374,0.9162072,0.44481808,0.06999999999999999,0.009434629620313228,0.07257789582316995,-0.764598755970849,0.0,1.224606973373393,0.9011028008721698,0.5852229260805714,4.0,-0.4826050905549293,3.0,-2.7324905851738857,-2.780703945427353,-0.7527642310712351,-0.06262440366455149,0.1268836861386119,-0.030858940379638426,-0.041627431611797945,-0.2124398698149259,-0.11740087998438942,-0.027056176913034594,0.03736766032452957,-0.26455909183427206,0.21134346632529258,-0.035399215108612006,0.054628173834700415,-0.0654553439593226,-0.11107427330932211,0.6209141667585771,0.6116682308672968,0.5581018504848009,0.8255743934089241,0.5571451904169606,0.7735171037635463,0.40613687248510233,1.0060975811728985,0.538506065376854,-0.01758501669021622,0.9344635569436551,0.6065199822301788,0.6867562953035833,0.513292220460837,0.0,0.0,0.0,3.0,0.0,0.0,0.0,0.0,0.0,1.7444450643362486,4.174894649166003,2.7841359542364787,2.7892822582113697,1.7759000983199236,1.7227573537123533,2.6174244951994363,2.6028236584507742,1.7643213782397895,2.0,1.8594009647420209,-0.3936645909606373,1.0,1.0,1.843941799855635,-0.2554443643064521,1.8177929935831714,1.936344188579068,1.0,1.0,-0.39854120601272097,0.0,1.0,1.0,2.0,1.0,2.0,17.0,3.0,17.0,3.0,6.0,-0.37934852735726105,-0.3672151383808336,30.0,612.0,0.46247008057326594,0.4126241023298784,-0.7701212627832527,9.534000625662706,-2.424420837046792,15.886197449926339,-0.6618242208536981,0.23327580655833094,-2.1379808972036125,0.2548524502438857,0.48831027189183107,-0.6479341478338011,True,True,-0.764598755970849,0.0,1.224606973373393,0.9011028008721698,0.5852229260805714,4.0,-0.4826050905549293,3.0,-2.7324905851738857,-2.780703945427353,-0.7527642310712351,-0.06262440366455149,0.1268836861386119,-0.030858940379638426,-0.041627431611797945,-0.2124398698149259,-0.11740087998438942,-0.027056176913034594,0.03736766032452957,-0.26455909183427206,0.21134346632529258,-0.035399215108612006,0.054628173834700415,-0.0654553439593226,-0.11107427330932211,0.6209141667585771,0.6116682308672968,0.5581018504848009,0.8255743934089241,0.5571451904169606,0.7735171037635463,0.40613687248510233,1.0060975811728985,0.538506065376854,-0.01758501669021622,0.9344635569436551,0.6065199822301788,0.6867562953035833,0.513292220460837,0.0,0.0,0.0,3.0,0.0,0.0,0.0,0.0,0.0,1.7444450643362486,4.174894649166003,2.7841359542364787,2.7892822582113697,1.7759000983199236,1.7227573537123533,2.6174244951994363,2.6028236584507742,1.7643213782397895,2.0,1.8594009647420209,-0.3936645909606373,1.0,1.0,1.843941799855635,-0.2554443643064521,1.8177929935831714,1.936344188579068,1.0,1.0,-0.39854120601272097,0.0,1.0,1.0,2.0,1.0,2.0,17.0,3.0,17.0,3.0,6.0,-0.37934852735726105,-0.3672151383808336,30.0,612.0,0.46247008057326594,0.4126241023298784,-0.7701212627832527,9.534000625662706,-2.424420837046792,15.886197449926339,-0.6618242208536981,0.23327580655833094,-2.1379808972036125,0.2548524502438857,0.48831027189183107,-0.6479341478338011,0
71106,0.7807367,0.26483157,0.02,0.0032300924127905565,0.02774283694007598,-0.523953309458678,4.0,-0.7644513753113986,0.6523777402813341,-0.0058650360343320135,4.0,0.32244472579831684,3.0,0.5809332752273914,0.35332093727167174,-0.753587314944172,-0.09321622514318594,-0.10021744471281924,-0.03349559514954504,-0.05765658050133288,-0.21602990123665833,-0.1316200305311717,-0.048823219582444705,-0.05513212153380383,-0.15223902968250427,-0.054260332591255844,-0.10492715888495954,-0.04589861827525351,-0.18630272489064476,-0.14735455757571136,0.6511485091276036,0.6526259119737259,0.5452855107502028,0.00011206248830816242,0.00046215319126732384,0.00010109381900447282,0.00023983542823579948,-0.0031046801078391563,0.5737698717499873,0.0006820485292853944,0.0009660572636114136,0.004587853259630846,0.0002348150810700069,0.5648754204952003,0.0,0.0,0.0,2.0,2.0,2.0,0.0,0.0,0.0,-0.5714705279844836,-0.389907371414386,-0.3550873019030561,-0.36417904863328826,-0.55466254101301,-0.554927057965521,-0.3808487285038259,-0.3903848211183855,-0.5670183640278401,0.0,-0.5294240271502869,-0.39418522538901074,0.0,0.0,-0.5580891742800591,-0.28335831562239167,-0.5520204447197078,-0.5527744992931513,0.0,0.0,-0.39438495071147334,0.0,0.0,0.0,0.0,0.0,0.0,25.0,0.0,25.0,0.0,6.0,-0.3754179318082937,-0.3765665060902586,23.0,517.0,-1.067764005322546,0.2836759227407769,1.7229644598774636,-4.890833751397898,0.6764304102741813,-3.2593734478498053,0.1372382910807951,0.3087827411802916,-7.296361639564624,0.6960652547081899,-1.7487083869470446,1.0573853059933982,True,True,-0.523953309458678,4.0,-0.7644513753113986,0.6523777402813341,-0.0058650360343320135,4.0,0.32244472579831684,3.0,0.5809332752273914,0.35332093727167174,-0.753587314944172,-0.09321622514318594,-0.10021744471281924,-0.03349559514954504,-0.05765658050133288,-0.21602990123665833,-0.1316200305311717,-0.048823219582444705,-0.05513212153380383,-0.15223902968250427,-0.054260332591255844,-0.10492715888495954,-0.04589861827525351,-0.18630272489064476,-0.14735455757571136,0.6511485091276036,0.6526259119737259,0.5452855107502028,0.00011206248830816242,0.00046215319126732384,0.00010109381900447282,0.00023983542823579948,-0.0031046801078391563,0.5737698717499873,0.0006820485292853944,0.0009660572636114136,0.004587853259630846,0.0002348150810700069,0.5648754204952003,0.0,0.0,0.0,2.0,2.0,2.0,0.0,0.0,0.0,-0.5714705279844836,-0.389907371414386,-0.3550873019030561,-0.36417904863328826,-0.55466254101301,-0.554927057965521,-0.3808487285038259,-0.3903848211183855,-0.5670183640278401,0.0,-0.5294240271502869,-0.39418522538901074,0.0,0.0,-0.5580891742800591,-0.28335831562239167,-0.5520204447197078,-0.5527744992931513,0.0,0.0,-0.39438495071147334,0.0,0.0,0.0,0.0,0.0,0.0,25.0,0.0,25.0,0.0,6.0,-0.3754179318082937,-0.3765665060902586,23.0,517.0,-1.067764005322546,0.2836759227407769,1.7229644598774636,-4.890833751397898,0.6764304102741813,-3.2593734478498053,0.1372382910807951,0.3087827411802916,-7.296361639564624,0.6960652547081899,-1.7487083869470446,1.0573853059933982,0
508558,0.9969518,0.3652553,0.18000000000000002,0.06325205919758363,0.4561466600879963,-0.5525901736243548,0.0,0.05964967216804491,-0.6143303865166041,0.5872064626006505,4.0,0.37952981896954674,2.0,-2.814164262139352,-2.742819902814267,-0.8204115757908659,0.02697512815571374,0.028350368714517342,-0.12154830591782902,-0.02641144570935365,-0.23267329611798251,-0.05278115684711841,0.0463268033364791,0.12330903310244977,-0.31605891892612853,-0.05755149077003184,-0.02766486653447225,0.09282949434936594,-0.11033278522351461,-0.09858090468785353,0.6237817923351375,-0.016796574129131936,-0.11353296327409697,0.5228813069128415,0.5692962250350492,0.5729094269000746,0.4203663417457131,0.9207659692265394,0.6373406149475174,-0.2043872707243127,0.5717189589907847,0.5140802878614574,-0.04370975087670647,0.4967862507972925,0.0,0.0,0.0,3.0,0.0,0.0,0.0,0.0,0.0,1.720509445456622,2.6571204368962307,2.7841601572288255,2.7656936205980647,1.8448384662203516,1.8455181516332317,2.629469752285707,2.578165065770064,1.748045858083885,2.0,1.9310074191117792,-0.3581554785046614,1.0,1.0,1.8066546692236813,-0.30315048930620775,1.8788036169740203,1.972702119848942,1.0,1.0,-0.375737785606723,0.0,1.0,1.0,2.0,1.0,1.0,15.0,3.0,15.0,3.0,6.0,-0.42016601583592966,-0.36400223775093454,4.0,932.0,1.4751281934065934,0.7823682200540112,-0.022635770422806942,2.768145604868364,-0.6484432200778621,9.71873766324799,-0.74648900438946,-0.39852644579584867,-1.2246982495223395,-0.614759653111662,-3.0208032076576767,-2.0748122198506707,True,True,-0.5525901736243548,0.0,0.05964967216804491,-0.6143303865166041,0.5872064626006505,4.0,0.37952981896954674,2.0,-2.814164262139352,-2.742819902814267,-0.8204115757908659,0.02697512815571374,0.028350368714517342,-0.12154830591782902,-0.02641144570935365,-0.23267329611798251,-0.05278115684711841,0.0463268033364791,0.12330903310244977,-0.31605891892612853,-0.05755149077003184,-0.02766486653447225,0.09282949434936594,-0.11033278522351461,-0.09858090468785353,0.6237817923351375,-0.016796574129131936,-0.11353296327409697,0.5228813069128415,0.5692962250350492,0.5729094269000746,0.4203663417457131,0.9207659692265394,0.6373406149475174,-0.2043872707243127,0.5717189589907847,0.5140802878614574,-0.04370975087670647,0.4967862507972925,0.0,0.0,0.0,3.0,0.0,0.0,0.0,0.0,0.0,1.720509445456622,2.6571204368962307,2.7841601572288255,2.7656936205980647,1.8448384662203516,1.8455181516332317,2.629469752285707,2.578165065770064,1.748045858083885,2.0,1.9310074191117792,-0.3581554785046614,1.0,1.0,1.8066546692236813,-0.30315048930620775,1.8788036169740203,1.972702119848942,1.0,1.0,-0.375737785606723,0.0,1.0,1.0,2.0,1.0,1.0,15.0,3.0,15.0,3.0,6.0,-0.42016601583592966,-0.36400223775093454,4.0,932.0,1.4751281934065934,0.7823682200540112,-0.022635770422806942,2.768145604868364,-0.6484432200778621,9.71873766324799,-0.74648900438946,-0.39852644579584867,-1.2246982495223395,-0.614759653111662,-3.0208032076576767,-2.0748122198506707,0
529364,0.94974333,0.38511595,0.03,0.004056900182200707,0.034338727250286666,-0.7054627831690745,0.0,1.2199549019100504,0.8866679435711401,0.5800625655380136,4.0,-0.4810836021340558,3.0,-2.7264515106917604,-2.8040306242877473,-0.7486067855978822,-0.0804926355985625,-0.014270242696002234,-0.03935998508601615,-0.04214550854747586,-0.21220961354170423,-0.11485454355660461,-0.03163411387583199,-0.04480224135862378,-0.265049903338315,-0.04926551482850244,-0.10391284787976585,-0.04209881199432397,-0.24784487094540533,-0.14420944506316563,0.6079058478695529,0.6150186240946984,0.5448556774663964,0.5314494235506096,0.5428982074631847,0.5340412742739336,0.3645229774860595,1.0068224594260364,0.542973559955233,-0.005408503524906856,0.6065651406733145,0.5477798407269755,0.5357045160136933,0.5247626167618257,0.0,0.0,0.0,3.0,0.0,0.0,0.0,0.0,0.0,1.7081350114655258,1.8171859717470857,2.7919746537045937,2.7938148063577954,1.8012020920918228,1.819865121705566,2.599821927547296,2.605304996925077,1.7710945883115732,2.0,1.9293644063050337,-0.3948873469809724,1.0,1.0,1.8516415425076929,-0.29049995341513757,1.6206857310845173,1.632651649165941,1.0,1.0,-0.3937934720877868,0.0,1.0,1.0,2.0,1.0,2.0,15.0,3.0,15.0,3.0,6.0,-0.3695524917975776,-0.3759526387916343,4.0,260.0,-1.5807792036935333,-1.293600881094165,-0.016818705023520005,9.748633696337949,-2.011218449670397,16.161458178096364,-0.9108011540514892,1.0368687787558435,-2.097392515228067,0.5096946065536276,0.6104164041936763,-0.3743474593405605,True,True,-0.7054627831690745,0.0,1.2199549019100504,0.8866679435711401,0.5800625655380136,4.0,-0.4810836021340558,3.0,-2.7264515106917604,-2.8040306242877473,-0.7486067855978822,-0.0804926355985625,-0.014270242696002234,-0.03935998508601615,-0.04214550854747586,-0.21220961354170423,-0.11485454355660461,-0.03163411387583199,-0.04480224135862378,-0.265049903338315,-0.04926551482850244,-0.10391284787976585,-0.04209881199432397,-0.24784487094540533,-0.14420944506316563,0.6079058478695529,0.6150186240946984,0.5448556774663964,0.5314494235506096,0.5428982074631847,0.5340412742739336,0.3645229774860595,1.0068224594260364,0.542973559955233,-0.005408503524906856,0.6065651406733145,0.5477798407269755,0.5357045160136933,0.5247626167618257,0.0,0.0,0.0,3.0,0.0,0.0,0.0,0.0,0.0,1.7081350114655258,1.8171859717470857,2.7919746537045937,2.7938148063577954,1.8012020920918228,1.819865121705566,2.599821927547296,2.605304996925077,1.7710945883115732,2.0,1.9293644063050337,-0.3948873469809724,1.0,1.0,1.8516415425076929,-0.29049995341513757,1.6206857310845173,1.632651649165941,1.0,1.0,-0.3937934720877868,0.0,1.0,1.0,2.0,1.0,2.0,15.0,3.0,15.0,3.0,6.0,-0.3695524917975776,-0.3759526387916343,4.0,260.0,-1.5807792036935333,-1.293600881094165,-0.016818705023520005,9.748633696337949,-2.011218449670397,16.161458178096364,-0.9108011540514892,1.0368687787558435,-2.097392515228067,0.5096946065536276,0.6104164041936763,-0.3743474593405605,0
284967,0.8136619,0.15576436,0.11,0.020034599671098444,0.15093122805493323,-0.06483021647415152,1.0,-0.9077644748718556,0.39483416672480437,0.01592594292715371,4.0,0.3172875908626293,3.0,0.1505046325097306,0.34935306695124724,-0.7200584804066142,-0.09943326154514218,-0.10302930956898557,-0.06221921081870758,-0.06258139012686376,-0.249443626952299,-0.10857649111933175,-0.05347199862753976,-0.027404077235037575,-0.28636168551602575,-0.02429038819771429,-0.111896021318363,-0.05205375067580545,-0.2133760948304223,-0.17528069520304132,0.6163238853743052,0.0024662064978588417,-0.029418882187782214,0.0073136680640987165,-0.005986629495040396,-0.01556427084578871,0.36907119338645716,0.9681469640140494,0.008735864669539148,0.00041380512214173347,0.018757599443223406,0.015288276517979869,0.0018504581810494145,0.0007705921774102685,0.0,0.0,0.0,0.0,0.0,0.0,0.0,0.0,0.0,1.7335129663020268,0.19419544663788835,-0.3247342449880544,-0.38165309427094724,1.82344082159639,1.8291039745701672,2.5891388413203615,2.6198121706086854,1.7425989542747153,2.0,1.920391104246161,2.6812542459059103,2.0,2.0,1.7405100624762548,-0.2733754347535484,1.497619330446456,1.253187394363224,1.0,1.0,2.533815233137376,4.0,2.0,1.0,2.0,2.0,1.0,15.0,3.0,15.0,3.0,3.0,2.0800026068787103,2.131811823927473,10.0,602.0,-0.5416610623435586,0.057701558621611714,-0.7687010263703414,31.14721406637458,-1.2112059758836877,-5.393153005760926,1.1420674831203053,0.09354151501671586,1.0087754999951306,-0.1299653345716569,-0.2056621205850978,-0.5460301784876309,True,True,-0.06483021647415152,1.0,-0.9077644748718556,0.39483416672480437,0.01592594292715371,4.0,0.3172875908626293,3.0,0.1505046325097306,0.34935306695124724,-0.7200584804066142,-0.09943326154514218,-0.10302930956898557,-0.06221921081870758,-0.06258139012686376,-0.249443626952299,-0.10857649111933175,-0.05347199862753976,-0.027404077235037575,-0.28636168551602575,-0.02429038819771429,-0.111896021318363,-0.05205375067580545,-0.2133760948304223,-0.17528069520304132,0.6163238853743052,0.0024662064978588417,-0.029418882187782214,0.0073136680640987165,-0.005986629495040396,-0.01556427084578871,0.36907119338645716,0.9681469640140494,0.008735864669539148,0.00041380512214173347,0.018757599443223406,0.015288276517979869,0.0018504581810494145,0.0007705921774102685,0.0,0.0,0.0,0.0,0.0,0.0,0.0,0.0,0.0,1.7335129663020268,0.19419544663788835,-0.3247342449880544,-0.38165309427094724,1.82344082159639,1.8291039745701672,2.5891388413203615,2.6198121706086854,1.7425989542747153,2.0,1.920391104246161,2.6812542459059103,2.0,2.0,1.7405100624762548,-0.2733754347535484,1.497619330446456,1.253187394363224,1.0,1.0,2.533815233137376,4.0,2.0,1.0,2.0,2.0,1.0,15.0,3.0,15.0,3.0,3.0,2.0800026068787103,2.131811823927473,10.0,602.0,-0.5416610623435586,0.057701558621611714,-0.7687010263703414,31.14721406637458,-1.2112059758836877,-5.393153005760926,1.1420674831203053,0.09354151501671586,1.0087754999951306,-0.1299653345716569,-0.2056621205850978,-0.5460301784876309,0
505564,0.75918865,0.45583424,0.03,0.004056900182200707,0.03979681532365223,0.03530953815670086,4.0,0.2626365144818027,-0.19192184158675563,-0.014348267725437977,4.0,0.3337459437194726,3.0,0.2980033565032487,0.3509706147900832,-0.7600282841672661,-0.09643955567612458,-0.09729367804144536,-0.039328137962764985,-0.06466439155357714,-0.2168366078510907,-0.13214623188145655,-0.045470176029641554,-0.050485576906477765,-0.2058650429802852,-0.05879420202891824,-0.09714786829685344,-0.04815291289849795,-0.24269619093128764,-0.14625147279757147,0.6131926080812848,0.6098578011483405,0.5459599860496552,0.002100776608264298,0.0006906979009607864,-0.009822181211971632,0.004610236492963363,0.008530160814661764,0.5304671459475496,0.6048440583537014,0.00047255632434076356,0.002298166521583127,0.0019351650467851749,0.5259036606332085,2.0,2.0,2.0,1.0,1.0,1.0,1.0,1.0,1.0,-0.5721773936408205,-0.3854647548444896,-0.35432739050702633,-0.3562250176939731,-0.5556345750170141,-0.5585157202792266,-0.3819311966198089,-0.38928929171604265,-0.5737969460616335,0.0,-0.5331136565818718,-0.3856448606207567,0.0,0.0,-0.5600477180552204,-0.2886074354652676,-0.5633395902722076,-0.5511918126573595,0.0,0.0,-0.39388683938249647,0.0,0.0,0.0,0.0,0.0,0.0,25.0,0.0,25.0,0.0,6.0,-0.37505083581702775,-0.3678032261361377,23.0,517.0,0.9696261619435345,0.5357744240653594,-0.018325502582947174,-5.8772277377495,0.9560994543247928,-4.154281421639598,0.33300834993739203,0.33118675620416954,-5.3270761452814455,2.2228865875203643,3.674849853822033,-0.7162625748949473,True,True,0.03530953815670086,4.0,0.2626365144818027,-0.19192184158675563,-0.014348267725437977,4.0,0.3337459437194726,3.0,0.2980033565032487,0.3509706147900832,-0.7600282841672661,-0.09643955567612458,-0.09729367804144536,-0.039328137962764985,-0.06466439155357714,-0.2168366078510907,-0.13214623188145655,-0.045470176029641554,-0.050485576906477765,-0.2058650429802852,-0.05879420202891824,-0.09714786829685344,-0.04815291289849795,-0.24269619093128764,-0.14625147279757147,0.6131926080812848,0.6098578011483405,0.5459599860496552,0.002100776608264298,0.0006906979009607864,-0.009822181211971632,0.004610236492963363,0.008530160814661764,0.5304671459475496,0.6048440583537014,0.00047255632434076356,0.002298166521583127,0.0019351650467851749,0.5259036606332085,2.0,2.0,2.0,1.0,1.0,1.0,1.0,1.0,1.0,-0.5721773936408205,-0.3854647548444896,-0.35432739050702633,-0.3562250176939731,-0.5556345750170141,-0.5585157202792266,-0.3819311966198089,-0.38928929171604265,-0.5737969460616335,0.0,-0.5331136565818718,-0.3856448606207567,0.0,0.0,-0.5600477180552204,-0.2886074354652676,-0.5633395902722076,-0.5511918126573595,0.0,0.0,-0.39388683938249647,0.0,0.0,0.0,0.0,0.0,0.0,25.0,0.0,25.0,0.0,6.0,-0.37505083581702775,-0.3678032261361377,23.0,517.0,0.9696261619435345,0.5357744240653594,-0.018325502582947174,-5.8772277377495,0.9560994543247928,-4.154281421639598,0.33300834993739203,0.33118675620416954,-5.3270761452814455,2.2228865875203643,3.674849853822033,-0.7162625748949473,0
197026,0.6755553,0.34917396,0.01,0.0025521382703821843,0.01915300908102368,0.05341034059362977,4.0,1.020345411524808,-0.401242049123659,-0.0005379643782049597,4.0,0.3198004678463752,3.0,0.7043045112360279,0.35960956978512243,0.9202450179936731,-0.09569961464767372,-0.09510231607517326,-0.03814618993518071,-0.06006953352319777,-0.21312238590338312,-0.11212195253692228,-0.044630116609145815,-0.0601929355106124,-0.2131482213579415,-0.05411692969255031,-0.10354084572358342,-0.04515928212969421,-0.2315733514623469,-0.15141937684521348,0.6095622979991628,0.6111717245929794,0.5492901377491839,0.5393155251452145,0.5518733093563064,-0.0020721670435009426,-0.005323320857133367,0.0016382984690366297,0.5345102165046816,0.5998159545870237,0.0017404826368826712,0.0023973944619415464,0.001788505086594976,0.5332637450732629,2.0,2.0,2.0,1.0,1.0,2.0,2.0,2.0,2.0,-0.5731976130332281,-0.387979137762952,-0.35499180370812805,-0.35845183523685026,-0.5520078620200881,-0.5567961657846532,-0.38280188493498324,-0.37915343953290903,-0.5634532259137867,0.0,-0.5287444946988458,-0.39377042964914577,0.0,0.0,-0.5614147302273069,-0.2905188937705405,-0.5594241853121737,-0.5590756060151185,0.0,0.0,-0.3896417680598935,0.0,0.0,0.0,0.0,0.0,0.0,43.0,3.0,25.0,0.0,6.0,-0.3706357934882106,-0.37218111696961614,23.0,517.0,-1.580058774178956,0.2810271496993123,-1.0187576189585539,-7.590372170098682,0.9442299383616449,-0.5507595364635436,0.2982330721997246,0.3439440497427441,2.4516329201934197,1.8381523517642577,1.2227881183766829,0.7925161790317654,True,True,0.05341034059362977,4.0,1.020345411524808,-0.401242049123659,-0.0005379643782049597,4.0,0.3198004678463752,3.0,0.7043045112360279,0.35960956978512243,0.9202450179936731,-0.09569961464767372,-0.09510231607517326,-0.03814618993518071,-0.06006953352319777,-0.21312238590338312,-0.11212195253692228,-0.044630116609145815,-0.0601929355106124,-0.2131482213579415,-0.05411692969255031,-0.10354084572358342,-0.04515928212969421,-0.2315733514623469,-0.15141937684521348,0.6095622979991628,0.6111717245929794,0.5492901377491839,0.5393155251452145,0.5518733093563064,-0.0020721670435009426,-0.005323320857133367,0.0016382984690366297,0.5345102165046816,0.5998159545870237,0.0017404826368826712,0.0023973944619415464,0.001788505086594976,0.5332637450732629,2.0,2.0,2.0,1.0,1.0,2.0,2.0,2.0,2.0,-0.5731976130332281,-0.387979137762952,-0.35499180370812805,-0.35845183523685026,-0.5520078620200881,-0.5567961657846532,-0.38280188493498324,-0.37915343953290903,-0.5634532259137867,0.0,-0.5287444946988458,-0.39377042964914577,0.0,0.0,-0.5614147302273069,-0.2905188937705405,-0.5594241853121737,-0.5590756060151185,0.0,0.0,-0.3896417680598935,0.0,0.0,0.0,0.0,0.0,0.0,43.0,3.0,25.0,0.0,6.0,-0.3706357934882106,-0.37218111696961614,23.0,517.0,-1.580058774178956,0.2810271496993123,-1.0187576189585539,-7.590372170098682,0.9442299383616449,-0.5507595364635436,0.2982330721997246,0.3439440497427441,2.4516329201934197,1.8381523517642577,1.2227881183766829,0.7925161790317654,0
405202,0.9957503,0.45555758,0.14,0.03356392623053241,0.21486577277135857,-0.48652171973664343,0.0,-1.4973935607080784,-0.9245658779324838,0.557020495755142,4.0,-0.49742366934043375,2.0,-2.7037198734485717,-2.7963786032063545,-0.6959118825077549,-0.10890394475480053,-0.008578506857723142,0.000262328187913434,-0.012239824587507702,-0.18772103192521056,-0.08299297036843017,0.022649921643422378,0.06114514998434299,-0.2829171161730568,-0.06017582770670376,-0.12564778313324948,-0.039164114907333694,-0.21564885951643387,-0.08696416939958795,0.5901815859900235,0.012290003858786314,0.5578114458667853,0.5317142972574471,0.5354920800625828,0.5134971792245364,0.35217216057513234,0.9855962408476406,0.4799161153183257,0.014003926505340594,0.649521084068599,0.015442312968542994,0.5466323974856745,0.5048972562906928,0.0,0.0,0.0,3.0,0.0,0.0,0.0,0.0,0.0,1.708292649910262,1.3369961610894592,2.7951274219379014,2.7955030430732166,1.8043562251484713,1.7763174084153612,2.6198452260377865,2.6193803810523346,1.7412136032722818,2.0,1.8895540530485428,-0.39612500514525356,1.0,1.0,1.8202842799492995,-0.3118881666344031,1.6283564206589607,1.9242823464173902,1.0,1.0,-0.37247481815712563,0.0,1.0,1.0,2.0,1.0,1.0,15.0,3.0,15.0,3.0,6.0,-0.3502798861773546,-0.3591549422583051,4.0,1090.0,0.9938918803744108,-0.014288326426273118,-0.5071317023349745,10.056981690248836,-2.196705952689026,16.386016284795772,-0.9269320278270465,0.21427943240650082,-2.237079303620868,0.3407005807026123,1.228951955189616,0.5010780013792694,True,True,-0.48652171973664343,0.0,-1.4973935607080784,-0.9245658779324838,0.557020495755142,4.0,-0.49742366934043375,2.0,-2.7037198734485717,-2.7963786032063545,-0.6959118825077549,-0.10890394475480053,-0.008578506857723142,0.000262328187913434,-0.012239824587507702,-0.18772103192521056,-0.08299297036843017,0.022649921643422378,0.06114514998434299,-0.2829171161730568,-0.06017582770670376,-0.12564778313324948,-0.039164114907333694,-0.21564885951643387,-0.08696416939958795,0.5901815859900235,0.012290003858786314,0.5578114458667853,0.5317142972574471,0.5354920800625828,0.5134971792245364,0.35217216057513234,0.9855962408476406,0.4799161153183257,0.014003926505340594,0.649521084068599,0.015442312968542994,0.5466323974856745,0.5048972562906928,0.0,0.0,0.0,3.0,0.0,0.0,0.0,0.0,0.0,1.708292649910262,1.3369961610894592,2.7951274219379014,2.7955030430732166,1.8043562251484713,1.7763174084153612,2.6198452260377865,2.6193803810523346,1.7412136032722818,2.0,1.8895540530485428,-0.39612500514525356,1.0,1.0,1.8202842799492995,-0.3118881666344031,1.6283564206589607,1.9242823464173902,1.0,1.0,-0.37247481815712563,0.0,1.0,1.0,2.0,1.0,1.0,15.0,3.0,15.0,3.0,6.0,-0.3502798861773546,-0.3591549422583051,4.0,1090.0,0.9938918803744108,-0.014288326426273118,-0.5071317023349745,10.056981690248836,-2.196705952689026,16.386016284795772,-0.9269320278270465,0.21427943240650082,-2.237079303620868,0.3407005807026123,1.228951955189616,0.5010780013792694,0
56435,0.80009884,0.28977266,0.09999999999999999,0.01672075323499393,0.12619588850787306,-0.456423147974479,4.0,-0.07314645943216343,-0.09058618275124732,0.012026895812368479,4.0,0.3435799894264585,3.0,0.30867401149531826,0.3440571371637393,-0.7528125338270192,-0.0914799830574109,-0.09679232018476752,-0.03169092639187128,-0.0627612455785717,-0.2247485344418204,-0.09462185092696962,-0.05723051001214985,-0.03355097461597091,0.039714051299933294,-0.05666320698233764,-0.07003479859065369,-0.027656397717659837,-0.2337945908349079,-0.11173623959332286,0.5968305912373757,0.013390777997657486,-0.0015027636276846114,0.5596440830746942,0.5491654146725575,-0.0262857654682593,0.024172409135554653,-0.01525028175621387,0.567819567399673,0.010814435933074415,-0.03140130573715075,0.021489047770352168,0.03212442992273978,0.5597499240896304,0.0,0.0,0.0,1.0,1.0,2.0,0.0,0.0,0.0,-0.5698029817268436,-0.38581497713082347,-0.3414143157009723,-0.36006855056807,-0.5519372920051923,-0.5606745046093643,-0.41512045881242304,-0.3789135630422535,-0.5775074453023679,0.0,-0.5250330039651357,-0.3807997313687373,0.0,0.0,-0.5645898854368816,-0.29631335272811,-0.5636708703208301,-0.5503152377362941,0.0,0.0,-0.40091407394030787,0.0,0.0,0.0,0.0,0.0,0.0,15.0,3.0,25.0,0.0,6.0,-0.37897461627640006,-0.3767608291286029,23.0,517.0,1.0042786605047245,-1.145866905212356,1.7365290585130284,-6.57376100690869,-0.14991502069160603,0.3023147591134,0.16207081551859262,-0.17437028426046117,0.3050332587685383,-0.9167525240886256,-4.290909598674364,1.451771328423123,True,True,-0.456423147974479,4.0,-0.07314645943216343,-0.09058618275124732,0.012026895812368479,4.0,0.3435799894264585,3.0,0.30867401149531826,0.3440571371637393,-0.7528125338270192,-0.0914799830574109,-0.09679232018476752,-0.03169092639187128,-0.0627612455785717,-0.2247485344418204,-0.09462185092696962,-0.05723051001214985,-0.03355097461597091,0.039714051299933294,-0.05666320698233764,-0.07003479859065369,-0.027656397717659837,-0.2337945908349079,-0.11173623959332286,0.5968305912373757,0.013390777997657486,-0.0015027636276846114,0.5596440830746942,0.5491654146725575,-0.0262857654682593,0.024172409135554653,-0.01525028175621387,0.567819567399673,0.010814435933074415,-0.03140130573715075,0.021489047770352168,0.03212442992273978,0.5597499240896304,0.0,0.0,0.0,1.0,1.0,2.0,0.0,0.0,0.0,-0.5698029817268436,-0.38581497713082347,-0.3414143157009723,-0.36006855056807,-0.5519372920051923,-0.5606745046093643,-0.41512045881242304,-0.3789135630422535,-0.5775074453023679,0.0,-0.5250330039651357,-0.3807997313687373,0.0,0.0,-0.5645898854368816,-0.29631335272811,-0.5636708703208301,-0.5503152377362941,0.0,0.0,-0.40091407394030787,0.0,0.0,0.0,0.0,0.0,0.0,15.0,3.0,25.0,0.0,6.0,-0.37897461627640006,-0.3767608291286029,23.0,517.0,1.0042786605047245,-1.145866905212356,1.7365290585130284,-6.57376100690869,-0.14991502069160603,0.3023147591134,0.16207081551859262,-0.17437028426046117,0.3050332587685383,-0.9167525240886256,-4.290909598674364,1.451771328423123,0
161568,0.9901063,0.38654864,0.12,0.02389616287845446,0.21785532670016108,-0.061274787214543894,0.0,-1.4188193615724911,-0.2370576879377162,0.5705912926587583,4.0,-0.4953257998566438,2.0,-2.701464942951699,-2.800824180668845,-0.7230321492192079,-0.1104501455148178,-0.044175113619044776,-0.005182583918565353,-0.07075748122328135,-0.257890257883561,-0.14277451337769537,-0.023140302857276134,-0.01721198003332118,-0.29936663045385287,-0.03605769016403198,-0.09610932783330349,-0.03661719415917547,-0.2711915501842862,-0.12540097002372486,0.570911271664964,0.004376766764043349,-0.029570175595158718,0.5500620375975539,0.5202178685685998,0.553989248116806,0.4018004984551311,1.0553949310663688,0.5766120356375978,-0.021294652127566732,0.592473253924617,0.535848603484483,0.549082598797652,0.4948606356585997,0.0,0.0,0.0,3.0,0.0,0.0,0.0,0.0,0.0,1.7655940064469318,-0.005194217408968853,2.789856859764973,2.8515373962983044,1.782159407212584,1.8204063039655256,2.5788650781682967,2.59166720317682,1.7640704019044176,2.0,1.8607103207675764,-0.39586867014586546,1.0,1.0,1.8568554415648881,-0.306053600659992,2.16998142727723,1.9472621061324291,1.0,1.0,-0.44321752165974326,0.0,1.0,1.0,2.0,2.0,1.0,15.0,3.0,15.0,3.0,6.0,-0.32338530540465726,-0.42118203397924475,4.0,517.0,-0.5592787250954621,-1.7230460535334886,-1.0207055635486915,9.757180079171269,-2.5739606763066902,16.081055554214903,-0.6760530841841303,-0.15272852543301635,-2.1852069946231527,0.20304467420777525,0.7856580579250241,0.005517747878365585,True,True,-0.061274787214543894,0.0,-1.4188193615724911,-0.2370576879377162,0.5705912926587583,4.0,-0.4953257998566438,2.0,-2.701464942951699,-2.800824180668845,-0.7230321492192079,-0.1104501455148178,-0.044175113619044776,-0.005182583918565353,-0.07075748122328135,-0.257890257883561,-0.14277451337769537,-0.023140302857276134,-0.01721198003332118,-0.29936663045385287,-0.03605769016403198,-0.09610932783330349,-0.03661719415917547,-0.2711915501842862,-0.12540097002372486,0.570911271664964,0.004376766764043349,-0.029570175595158718,0.5500620375975539,0.5202178685685998,0.553989248116806,0.4018004984551311,1.0553949310663688,0.5766120356375978,-0.021294652127566732,0.592473253924617,0.535848603484483,0.549082598797652,0.4948606356585997,0.0,0.0,0.0,3.0,0.0,0.0,0.0,0.0,0.0,1.7655940064469318,-0.005194217408968853,2.789856859764973,2.8515373962983044,1.782159407212584,1.8204063039655256,2.5788650781682967,2.59166720317682,1.7640704019044176,2.0,1.8607103207675764,-0.39586867014586546,1.0,1.0,1.8568554415648881,-0.306053600659992,2.16998142727723,1.9472621061324291,1.0,1.0,-0.44321752165974326,0.0,1.0,1.0,2.0,2.0,1.0,15.0,3.0,15.0,3.0,6.0,-0.32338530540465726,-0.42118203397924475,4.0,517.0,-0.5592787250954621,-1.7230460535334886,-1.0207055635486915,9.757180079171269,-2.5739606763066902,16.081055554214903,-0.6760530841841303,-0.15272852543301635,-2.1852069946231527,0.20304467420777525,0.7856580579250241,0.005517747878365585,0
51880,0.9364169,0.45732,0.17,0.05427181375432048,0.45747170665687614,0.08956847466265942,0.0,-0.2821287516012088,0.6010922676808788,0.622563199711394,3.0,0.2581869666974027,2.0,-2.7796141407452613,-2.8645859732611245,-0.7868227854248309,27.309120690696616,26.13608189585648,-0.11246565030056777,25.419065862010427,-0.18323326566767598,24.329560147884425,28.23711395058503,28.49528338083668,-0.3434403657226674,27.63230383730757,26.080642050186043,28.508571025358435,17.758153910928115,22.784668757336444,0.5854910707555808,-0.032277765546782924,0.0407616597928463,0.6025752880951548,0.5435887089738894,0.5399615462247349,-0.12501692071418255,-0.03470568325126546,0.04480791555728314,0.010412741584603839,0.5809212055287819,0.6461423084400169,0.5205929894249599,0.5055693006026233,0.0,0.0,0.0,3.0,0.0,0.0,0.0,0.0,0.0,1.6169676831451627,4.612029024860265,-0.43744329152753336,-0.3234027854564914,1.9364105865918713,1.7619995617807571,-0.3955600878731159,-0.33268724929457527,1.7822915791121767,2.0,1.9592105913213358,-0.44571859115709395,3.0,0.0,1.7706999508997028,-0.3128526132494454,1.5921037991966562,1.9002462047726432,2.0,2.0,-0.3682836330693532,0.0,1.0,1.0,1.0,2.0,2.0,15.0,3.0,15.0,3.0,6.0,-0.3770596335793736,-0.3434175085566343,22.0,517.0,0.5043628694470697,-1.2100499953785435,1.721486941415573,14.09673184359855,-3.2995416901986356,11.706596878845163,0.47440285671028826,-0.06608920631232407,1.0687025975870774,-0.48220870412512223,-0.2720880553113372,-1.2830435514634133,True,True,0.08956847466265942,0.0,-0.2821287516012088,0.6010922676808788,0.622563199711394,3.0,0.2581869666974027,2.0,-2.7796141407452613,-2.8645859732611245,-0.7868227854248309,27.309120690696616,26.13608189585648,-0.11246565030056777,25.419065862010427,-0.18323326566767598,24.329560147884425,28.23711395058503,28.49528338083668,-0.3434403657226674,27.63230383730757,26.080642050186043,28.508571025358435,17.758153910928115,22.784668757336444,0.5854910707555808,-0.032277765546782924,0.0407616597928463,0.6025752880951548,0.5435887089738894,0.5399615462247349,-0.12501692071418255,-0.03470568325126546,0.04480791555728314,0.010412741584603839,0.5809212055287819,0.6461423084400169,0.5205929894249599,0.5055693006026233,0.0,0.0,0.0,3.0,0.0,0.0,0.0,0.0,0.0,1.6169676831451627,4.612029024860265,-0.43744329152753336,-0.3234027854564914,1.9364105865918713,1.7619995617807571,-0.3955600878731159,-0.33268724929457527,1.7822915791121767,2.0,1.9592105913213358,-0.44571859115709395,3.0,0.0,1.7706999508997028,-0.3128526132494454,1.5921037991966562,1.9002462047726432,2.0,2.0,-0.3682836330693532,0.0,1.0,1.0,1.0,2.0,2.0,15.0,3.0,15.0,3.0,6.0,-0.3770596335793736,-0.3434175085566343,22.0,517.0,0.5043628694470697,-1.2100499953785435,1.721486941415573,14.09673184359855,-3.2995416901986356,11.706596878845163,0.47440285671028826,-0.06608920631232407,1.0687025975870774,-0.48220870412512223,-0.2720880553113372,-1.2830435514634133,0
558323,0.9946867,0.36606845,0.2,0.08508720268939021,0.7280182019923307,0.0028743063046849093,0.0,-1.4829969256526068,0.43790464019653724,0.6204690442609959,3.0,0.26825376618439856,3.0,-2.918106660484617,-2.7211843224740457,-0.7516023509374377,-0.01513535344352275,0.04270629369947525,-0.00981065329177196,-0.06162911018269843,-0.21994896798442629,-0.0841610588678387,-0.004361378044764469,-0.10945341045884127,-0.05757122227658165,-0.03919872614278092,-0.0562703918266499,-0.05069951793126257,-0.18945146209567032,-0.060319957056418086,0.6974617657789667,-0.03777254105489447,0.6944355129340221,0.4408956462421648,0.38763279436698017,0.480123490380813,0.3147691737121524,1.0822893393529502,0.4444277865759145,0.0798383335283424,0.46385503045852033,0.4026709734537449,0.5586745099899397,0.499120145506905,0.0,0.0,0.0,3.0,0.0,0.0,0.0,0.0,0.0,1.5208015994996904,1.852187739275728,2.8664268158752653,2.7831554540212435,1.8966925281827696,1.7136378429076156,2.54792436760133,2.5998773401706483,1.5366186717768198,2.0,1.884119394190134,-0.33643948067726714,1.0,1.0,1.888603336442388,-0.34284336625238976,1.357081017084743,1.6601833947533642,1.0,1.0,-0.50090548750123,0.0,1.0,1.0,2.0,1.0,2.0,15.0,3.0,15.0,3.0,6.0,-0.49105909182470786,-0.3196228413005741,4.0,784.0,0.05305266498556222,-1.2430874155731488,-0.04525338788869303,9.777422830330917,-2.54610964755196,16.051296233403352,-0.6372273358888896,0.4112831844475284,-2.1328615255419807,0.22863597196208818,0.7498998928797612,-0.022386595185880126,True,True,0.0028743063046849093,0.0,-1.4829969256526068,0.43790464019653724,0.6204690442609959,3.0,0.26825376618439856,3.0,-2.918106660484617,-2.7211843224740457,-0.7516023509374377,-0.01513535344352275,0.04270629369947525,-0.00981065329177196,-0.06162911018269843,-0.21994896798442629,-0.0841610588678387,-0.004361378044764469,-0.10945341045884127,-0.05757122227658165,-0.03919872614278092,-0.0562703918266499,-0.05069951793126257,-0.18945146209567032,-0.060319957056418086,0.6974617657789667,-0.03777254105489447,0.6944355129340221,0.4408956462421648,0.38763279436698017,0.480123490380813,0.3147691737121524,1.0822893393529502,0.4444277865759145,0.0798383335283424,0.46385503045852033,0.4026709734537449,0.5586745099899397,0.499120145506905,0.0,0.0,0.0,3.0,0.0,0.0,0.0,0.0,0.0,1.5208015994996904,1.852187739275728,2.8664268158752653,2.7831554540212435,1.8966925281827696,1.7136378429076156,2.54792436760133,2.5998773401706483,1.5366186717768198,2.0,1.884119394190134,-0.33643948067726714,1.0,1.0,1.888603336442388,-0.34284336625238976,1.357081017084743,1.6601833947533642,1.0,1.0,-0.50090548750123,0.0,1.0,1.0,2.0,1.0,2.0,15.0,3.0,15.0,3.0,6.0,-0.49105909182470786,-0.3196228413005741,4.0,784.0,0.05305266498556222,-1.2430874155731488,-0.04525338788869303,9.777422830330917,-2.54610964755196,16.051296233403352,-0.6372273358888896,0.4112831844475284,-2.1328615255419807,0.22863597196208818,0.7498998928797612,-0.022386595185880126,0
433663,0.56383544,0.3981735,0.06999999999999999,0.009434629620313228,0.07958179526424539,-0.35465219633367623,0.0,-0.8042959302186924,0.9199011344350085,-0.03797622487871832,4.0,-0.4918846968429689,2.0,-2.726799040297478,-2.7888155987413206,-0.7622854574940996,-0.11004462811873625,-0.07217542109923539,-0.022365830702326207,-0.04426889435432047,-0.20646669649049307,-0.11146537232779491,-0.03894094971079409,-0.034178116782879145,-0.2555923935292105,-0.04557702626057895,-0.06352643136603064,-0.002288941709937717,-0.24266441728655597,-0.14355828899328854,0.6129935532775362,0.6031269783541962,0.5460756445120112,0.0014529159355052058,0.01038820154328937,-0.009301198499037414,6.412298272880661e-05,0.0013139285782862793,-0.01863568921514574,-0.018699576613946813,-0.004993966059909133,-0.012172772957128672,0.020521044956981215,-0.0052779198635256,0.0,0.0,0.0,3.0,0.0,0.0,0.0,0.0,0.0,1.6938889169615277,1.2674313602627019,-0.37522395196455005,-0.37018934686616384,1.7822543720999597,1.7629375602621609,-0.39309102113767747,-0.39681468262966973,1.7887644251352834,2.0,1.9305789521432986,-0.3972522401266138,3.0,0.0,1.8487577589451305,3.4613683313446972,1.8777700390705172,2.1084865625275397,2.0,2.0,-0.39336708930328607,0.0,1.0,1.0,1.0,1.0,2.0,17.0,3.0,17.0,3.0,6.0,-0.3649396823372514,-0.37922013503823704,22.0,517.0,-1.584424962391381,0.1543942273952471,-0.2734835374359626,6.208799582571914,-0.09586020568169873,-8.322062737054178,0.8345953092538484,0.5286153880750336,-6.0562894584380835,-0.8221820944585225,-5.197832758077365,-0.9782080243608648,True,True,-0.35465219633367623,0.0,-0.8042959302186924,0.9199011344350085,-0.03797622487871832,4.0,-0.4918846968429689,2.0,-2.726799040297478,-2.7888155987413206,-0.7622854574940996,-0.11004462811873625,-0.07217542109923539,-0.022365830702326207,-0.04426889435432047,-0.20646669649049307,-0.11146537232779491,-0.03894094971079409,-0.034178116782879145,-0.2555923935292105,-0.04557702626057895,-0.06352643136603064,-0.002288941709937717,-0.24266441728655597,-0.14355828899328854,0.6129935532775362,0.6031269783541962,0.5460756445120112,0.0014529159355052058,0.01038820154328937,-0.009301198499037414,6.412298272880661e-05,0.0013139285782862793,-0.01863568921514574,-0.018699576613946813,-0.004993966059909133,-0.012172772957128672,0.020521044956981215,-0.0052779198635256,0.0,0.0,0.0,3.0,0.0,0.0,0.0,0.0,0.0,1.6938889169615277,1.2674313602627019,-0.37522395196455005,-0.37018934686616384,1.7822543720999597,1.7629375602621609,-0.39309102113767747,-0.39681468262966973,1.7887644251352834,2.0,1.9305789521432986,-0.3972522401266138,3.0,0.0,1.8487577589451305,3.4613683313446972,1.8777700390705172,2.1084865625275397,2.0,2.0,-0.39336708930328607,0.0,1.0,1.0,1.0,1.0,2.0,17.0,3.0,17.0,3.0,6.0,-0.3649396823372514,-0.37922013503823704,22.0,517.0,-1.584424962391381,0.1543942273952471,-0.2734835374359626,6.208799582571914,-0.09586020568169873,-8.322062737054178,0.8345953092538484,0.5286153880750336,-6.0562894584380835,-0.8221820944585225,-5.197832758077365,-0.9782080243608648,0
549998,0.5217548,0.30264837,0.01,0.0025521382703821843,0.019244049311825162,-0.6391612186649112,0.0,-0.8312358055269958,0.2868048546905842,0.5828962833038053,3.0,0.3074485525318668,3.0,-2.724010565035936,-2.7971047989909614,-0.755660590337016,-0.0819081583381739,-0.031773425450445335,-0.03674210267394602,-0.045927326111871385,-0.22021583657365013,-0.11386828360769705,-0.0326599672370153,-0.036708589562356474,-0.268566456326938,-0.01457862709627548,-0.08890717151105246,-0.025806476547047492,-0.20807024687255235,-0.14771084821519634,0.6612467737263547,0.6648964506192561,0.553162052061406,0.5872212925838747,0.5531214517010785,0.5849280935533299,0.3781830452496831,0.9984549259071032,0.5331965333551996,0.0014831786581676707,0.667162902654147,0.5454189224333817,-0.0005851759391695961,0.5808723316809792,0.0,0.0,0.0,3.0,0.0,0.0,0.0,0.0,0.0,1.6596858559176493,2.94369150100716,2.789148368487187,2.789027647412961,1.7858937721897685,1.7405444999313575,2.6039541358331033,2.606482905624822,1.7677780105715601,2.0,1.8391091345565107,-0.39417591535589697,1.0,1.0,1.851572136874175,3.454648465163904,1.6220530074383772,2.0877004942542174,1.0,1.0,-0.39508309246517037,0.0,1.0,1.0,2.0,1.0,2.0,15.0,3.0,15.0,3.0,6.0,-0.3752644288783443,-0.3700598885468239,4.0,294.0,-1.5781257116136482,0.15713995939780195,-0.01952892045329415,2.866429080299213,-0.5299269671884735,9.751791412821305,-0.9833397886402554,0.007257319228687314,-1.230138080608285,-0.6400788055119211,-3.130683832576752,-2.00570547399875,True,True,-0.6391612186649112,0.0,-0.8312358055269958,0.2868048546905842,0.5828962833038053,3.0,0.3074485525318668,3.0,-2.724010565035936,-2.7971047989909614,-0.755660590337016,-0.0819081583381739,-0.031773425450445335,-0.03674210267394602,-0.045927326111871385,-0.22021583657365013,-0.11386828360769705,-0.0326599672370153,-0.036708589562356474,-0.268566456326938,-0.01457862709627548,-0.08890717151105246,-0.025806476547047492,-0.20807024687255235,-0.14771084821519634,0.6612467737263547,0.6648964506192561,0.553162052061406,0.5872212925838747,0.5531214517010785,0.5849280935533299,0.3781830452496831,0.9984549259071032,0.5331965333551996,0.0014831786581676707,0.667162902654147,0.5454189224333817,-0.0005851759391695961,0.5808723316809792,0.0,0.0,0.0,3.0,0.0,0.0,0.0,0.0,0.0,1.6596858559176493,2.94369150100716,2.789148368487187,2.789027647412961,1.7858937721897685,1.7405444999313575,2.6039541358331033,2.606482905624822,1.7677780105715601,2.0,1.8391091345565107,-0.39417591535589697,1.0,1.0,1.851572136874175,3.454648465163904,1.6220530074383772,2.0877004942542174,1.0,1.0,-0.39508309246517037,0.0,1.0,1.0,2.0,1.0,2.0,15.0,3.0,15.0,3.0,6.0,-0.3752644288783443,-0.3700598885468239,4.0,294.0,-1.5781257116136482,0.15713995939780195,-0.01952892045329415,2.866429080299213,-0.5299269671884735,9.751791412821305,-0.9833397886402554,0.007257319228687314,-1.230138080608285,-0.6400788055119211,-3.130683832576752,-2.00570547399875,0
280801,0.5649352,0.32289955,0.02,0.0032300924127905565,0.023644782091204044,-0.5985952604068483,4.0,-0.07729749591761559,-0.09230432667352778,-0.004419989186867973,4.0,0.32289977645350704,3.0,0.14414417988845807,0.35412968869703315,-0.7563445034676851,-0.08537622875358951,-0.08910284032759408,-0.0334725761141728,-0.06031753046635789,-0.21035545495413227,-0.11782788195284721,-0.04137711714832946,-0.04961926123461819,-0.21200161399247366,-0.05534406647921968,-0.09930120206515161,-0.05065280848909582,-0.24304944405988851,-0.14230625422569274,0.6080299621624227,0.007126673581376721,0.5470553278460818,0.002269404590001005,6.622758248641103e-05,-0.0008409287611129938,-0.0020615549053027552,0.0007414369998399522,0.563435508791797,0.0017071653596160805,0.0014959777732790555,-0.0014848428327634508,0.0021765753533240185,0.5637653654142244,0.0,0.0,0.0,1.0,2.0,2.0,0.0,0.0,0.0,-0.5740543371965022,-0.3943956119182162,-0.3588394913916332,-0.3601998372934532,-0.5544750960686334,-0.5567849638276888,-0.38686088042924177,-0.3796135550414651,-0.5705678835984792,0.0,-0.5269670187270239,-0.3941542236521757,0.0,0.0,-0.5648414454276903,-0.28786410246951627,-0.5606692724780061,-0.5557083913310085,0.0,0.0,-0.39265324686107056,0.0,0.0,0.0,0.0,0.0,0.0,25.0,0.0,25.0,0.0,6.0,-0.3715620160974287,-0.37291957770611184,23.0,517.0,-1.5812395640857306,1.0687149944517538,-0.7739463532742873,-4.865369209297964,0.6799444514542791,-3.242338059022469,0.13055706984838833,0.04253408588533581,-7.305051285092179,0.6288028477740135,-1.8599894927086333,0.6704587388892155,True,True,-0.5985952604068483,4.0,-0.07729749591761559,-0.09230432667352778,-0.004419989186867973,4.0,0.32289977645350704,3.0,0.14414417988845807,0.35412968869703315,-0.7563445034676851,-0.08537622875358951,-0.08910284032759408,-0.0334725761141728,-0.06031753046635789,-0.21035545495413227,-0.11782788195284721,-0.04137711714832946,-0.04961926123461819,-0.21200161399247366,-0.05534406647921968,-0.09930120206515161,-0.05065280848909582,-0.24304944405988851,-0.14230625422569274,0.6080299621624227,0.007126673581376721,0.5470553278460818,0.002269404590001005,6.622758248641103e-05,-0.0008409287611129938,-0.0020615549053027552,0.0007414369998399522,0.563435508791797,0.0017071653596160805,0.0014959777732790555,-0.0014848428327634508,0.0021765753533240185,0.5637653654142244,0.0,0.0,0.0,1.0,2.0,2.0,0.0,0.0,0.0,-0.5740543371965022,-0.3943956119182162,-0.3588394913916332,-0.3601998372934532,-0.5544750960686334,-0.5567849638276888,-0.38686088042924177,-0.3796135550414651,-0.5705678835984792,0.0,-0.5269670187270239,-0.3941542236521757,0.0,0.0,-0.5648414454276903,-0.28786410246951627,-0.5606692724780061,-0.5557083913310085,0.0,0.0,-0.39265324686107056,0.0,0.0,0.0,0.0,0.0,0.0,25.0,0.0,25.0,0.0,6.0,-0.3715620160974287,-0.37291957770611184,23.0,517.0,-1.5812395640857306,1.0687149944517538,-0.7739463532742873,-4.865369209297964,0.6799444514542791,-3.242338059022469,0.13055706984838833,0.04253408588533581,-7.305051285092179,0.6288028477740135,-1.8599894927086333,0.6704587388892155,0
255131,0.86812025,0.46268466,0.04,0.005058857517455529,0.040271858953071595,-0.6436273481045677,0.0,0.558367709619465,0.6526929255754105,0.0058839438415450255,4.0,-10.948961485168416,2.0,-2.7218193562482895,-2.7945456167330898,-0.7606445114778988,0.2039028377018714,2.0248830240388327,-0.03273179095726473,0.4866614630368879,-0.21606237362309105,0.38452768122585873,0.5422038378481411,0.405956568754079,-0.26288506278409507,0.6303734062706374,0.7784793133407782,0.9204567199632456,0.8828245160022636,0.23851494684511257,0.9488826668360831,-0.0038986165962288035,0.004679538186092253,0.6699770315309084,0.5447099593267019,0.6630715849235737,-0.002869432928594981,0.003933313977294483,0.5412608071569204,-0.003750223785694118,0.7695970544760591,-0.001750681657685507,-0.004788255537494703,0.5345689826212411,0.0,0.0,0.0,3.0,0.0,0.0,0.0,0.0,0.0,-0.5789086090369946,-0.38854043715214076,-0.3597857204506392,-0.35473542789380474,-0.548828850026217,-0.5517696049188343,-0.386800369301543,-0.3899889916506738,-0.57107507500556,0.0,-0.5298523476877164,-0.3982475933148683,0.0,0.0,-0.566960245662646,-0.29131419803605496,-0.551648077819396,-0.5569232187986849,0.0,0.0,-0.3905230067330746,0.0,0.0,0.0,0.0,0.0,0.0,17.0,3.0,17.0,3.0,6.0,-0.3694833008095513,-0.36969182035998377,23.0,517.0,0.9759591401952813,0.9452438633248648,-0.7660173895257028,-1.634134939254781,10.26323612169662,-2.4867471335462685,-5.644209756834457,16.07091370859909,4.858012155344155,-2.321664267012484,-7.19056539794672,-2.5311754763184493,True,True,-0.6436273481045677,0.0,0.558367709619465,0.6526929255754105,0.0058839438415450255,4.0,-10.948961485168416,2.0,-2.7218193562482895,-2.7945456167330898,-0.7606445114778988,0.2039028377018714,2.0248830240388327,-0.03273179095726473,0.4866614630368879,-0.21606237362309105,0.38452768122585873,0.5422038378481411,0.405956568754079,-0.26288506278409507,0.6303734062706374,0.7784793133407782,0.9204567199632456,0.8828245160022636,0.23851494684511257,0.9488826668360831,-0.0038986165962288035,0.004679538186092253,0.6699770315309084,0.5447099593267019,0.6630715849235737,-0.002869432928594981,0.003933313977294483,0.5412608071569204,-0.003750223785694118,0.7695970544760591,-0.001750681657685507,-0.004788255537494703,0.5345689826212411,0.0,0.0,0.0,3.0,0.0,0.0,0.0,0.0,0.0,-0.5789086090369946,-0.38854043715214076,-0.3597857204506392,-0.35473542789380474,-0.548828850026217,-0.5517696049188343,-0.386800369301543,-0.3899889916506738,-0.57107507500556,0.0,-0.5298523476877164,-0.3982475933148683,0.0,0.0,-0.566960245662646,-0.29131419803605496,-0.551648077819396,-0.5569232187986849,0.0,0.0,-0.3905230067330746,0.0,0.0,0.0,0.0,0.0,0.0,17.0,3.0,17.0,3.0,6.0,-0.3694833008095513,-0.36969182035998377,23.0,517.0,0.9759591401952813,0.9452438633248648,-0.7660173895257028,-1.634134939254781,10.26323612169662,-2.4867471335462685,-5.644209756834457,16.07091370859909,4.858012155344155,-2.321664267012484,-7.19056539794672,-2.5311754763184493,0
296357,0.9664896,0.219754,0.14,0.03356392623053241,0.2597930856363042,0.8121003989527464,4.0,0.5875479868535862,0.8913208287792838,-0.013152337748652864,4.0,0.3434566028116168,2.0,0.38640305026501826,0.3525489244920818,1.0566352629281999,-0.1301968022729526,-0.09467856822005262,-0.013368984202540294,-0.10159694576553088,-0.24978110756510025,-0.004557800923119942,-0.026223589350731418,-0.05141318046973874,-0.11604145304111274,-0.0868103636086343,-0.03776614338588683,-0.03461759328387019,-0.20633948385686995,-0.08747889250119477,0.6660370364756543,0.6624597793791374,0.528613692927055,0.49080376133262854,0.06822973543987151,0.06531622384461698,-0.005992417169763147,0.07526166254277349,0.5226850469410893,0.5752628841011065,-0.015127362038859258,-0.0008314736810821493,-0.03149558095278413,0.558442722877076,2.0,2.0,1.0,1.0,2.0,1.0,1.0,1.0,2.0,-0.5364449070130107,-0.41861410855034753,-0.3355142625393324,-0.3345160663547594,-0.5841710199255109,-0.578198791684691,-0.3880491059537708,-0.38898053970744506,-0.5535522622417026,0.0,-0.5008396437904025,-0.41085775608487046,0.0,0.0,-0.5534539515737521,-0.3313295225124634,-0.5872494971698753,-0.5985563137693916,0.0,0.0,-0.37017753262071706,0.0,0.0,0.0,0.0,0.0,0.0,2.0,3.0,25.0,0.0,6.0,-0.4346294277923506,-0.3714780417493017,23.0,517.0,0.9928625997571076,1.2119480248638894,-0.7533564551580996,-7.542238854194413,2.3235024297836238,-0.4159004647394382,-0.439701378067272,0.0494231113689509,2.508640252943988,1.9906166503575935,0.9516657526314262,0.0016567997761909922,True,True,0.8121003989527464,4.0,0.5875479868535862,0.8913208287792838,-0.013152337748652864,4.0,0.3434566028116168,2.0,0.38640305026501826,0.3525489244920818,1.0566352629281999,-0.1301968022729526,-0.09467856822005262,-0.013368984202540294,-0.10159694576553088,-0.24978110756510025,-0.004557800923119942,-0.026223589350731418,-0.05141318046973874,-0.11604145304111274,-0.0868103636086343,-0.03776614338588683,-0.03461759328387019,-0.20633948385686995,-0.08747889250119477,0.6660370364756543,0.6624597793791374,0.528613692927055,0.49080376133262854,0.06822973543987151,0.06531622384461698,-0.005992417169763147,0.07526166254277349,0.5226850469410893,0.5752628841011065,-0.015127362038859258,-0.0008314736810821493,-0.03149558095278413,0.558442722877076,2.0,2.0,1.0,1.0,2.0,1.0,1.0,1.0,2.0,-0.5364449070130107,-0.41861410855034753,-0.3355142625393324,-0.3345160663547594,-0.5841710199255109,-0.578198791684691,-0.3880491059537708,-0.38898053970744506,-0.5535522622417026,0.0,-0.5008396437904025,-0.41085775608487046,0.0,0.0,-0.5534539515737521,-0.3313295225124634,-0.5872494971698753,-0.5985563137693916,0.0,0.0,-0.37017753262071706,0.0,0.0,0.0,0.0,0.0,0.0,2.0,3.0,25.0,0.0,6.0,-0.4346294277923506,-0.3714780417493017,23.0,517.0,0.9928625997571076,1.2119480248638894,-0.7533564551580996,-7.542238854194413,2.3235024297836238,-0.4159004647394382,-0.439701378067272,0.0494231113689509,2.508640252943988,1.9906166503575935,0.9516657526314262,0.0016567997761909922,0
377538,0.81300884,0.48935902,0.02,0.0032300924127905565,0.0284820092562344,-0.9332855962223041,0.0,-1.457381886235477,-0.9317702964023918,0.5767079578034011,4.0,-0.49067091533015567,2.0,-2.724040330229455,-2.806125367092908,-0.7474868516802813,-0.09739651175591568,-0.09646962907544576,-0.039552418613612556,-0.040691439156113146,-0.2187847489545779,-0.11491283492805571,-0.03229977492841658,-0.040649576573574916,-0.27111972323175737,-0.04303065083224209,-0.09598756995719122,-0.03587050671011817,-0.2425915067343371,-0.14786199837612712,0.6134022449329757,0.00017323792237559677,-0.006700487811958539,0.5377907367381194,0.0034338060926430284,0.527503870054512,-0.00523689589422876,-0.0007731135993254171,0.5374188319811795,0.000723509243002514,0.6074615401827018,0.5355968238521428,0.5311415594843448,0.5315102191119959,0.0,0.0,0.0,3.0,0.0,0.0,0.0,0.0,0.0,1.7190962196031192,1.139205403117382,-0.3627388696971992,-0.35487805723428983,1.8012549128615576,1.7898060307124886,-0.3779988361972209,-0.38544646470110183,1.7686095599616336,2.0,1.8504596146686565,-0.3918408135590069,3.0,0.0,1.8506473857317547,-0.28600122508424836,1.9968857406299136,1.9400364872491331,2.0,2.0,-0.3903287341283527,0.0,1.0,1.0,1.0,1.0,2.0,15.0,3.0,15.0,3.0,6.0,-0.36798939315249957,-0.37072166291539893,22.0,517.0,-0.04510789118722785,-1.1582087057569315,-0.5192973327830188,9.502846275498204,-2.6754970809406275,15.852589505302305,-0.5631364323660154,-0.11321033821060465,-2.173017389290398,0.128916350593596,0.5193028709052561,-0.6294607144084187,True,True,-0.9332855962223041,0.0,-1.457381886235477,-0.9317702964023918,0.5767079578034011,4.0,-0.49067091533015567,2.0,-2.724040330229455,-2.806125367092908,-0.7474868516802813,-0.09739651175591568,-0.09646962907544576,-0.039552418613612556,-0.040691439156113146,-0.2187847489545779,-0.11491283492805571,-0.03229977492841658,-0.040649576573574916,-0.27111972323175737,-0.04303065083224209,-0.09598756995719122,-0.03587050671011817,-0.2425915067343371,-0.14786199837612712,0.6134022449329757,0.00017323792237559677,-0.006700487811958539,0.5377907367381194,0.0034338060926430284,0.527503870054512,-0.00523689589422876,-0.0007731135993254171,0.5374188319811795,0.000723509243002514,0.6074615401827018,0.5355968238521428,0.5311415594843448,0.5315102191119959,0.0,0.0,0.0,3.0,0.0,0.0,0.0,0.0,0.0,1.7190962196031192,1.139205403117382,-0.3627388696971992,-0.35487805723428983,1.8012549128615576,1.7898060307124886,-0.3779988361972209,-0.38544646470110183,1.7686095599616336,2.0,1.8504596146686565,-0.3918408135590069,3.0,0.0,1.8506473857317547,-0.28600122508424836,1.9968857406299136,1.9400364872491331,2.0,2.0,-0.3903287341283527,0.0,1.0,1.0,1.0,1.0,2.0,15.0,3.0,15.0,3.0,6.0,-0.36798939315249957,-0.37072166291539893,22.0,517.0,-0.04510789118722785,-1.1582087057569315,-0.5192973327830188,9.502846275498204,-2.6754970809406275,15.852589505302305,-0.5631364323660154,-0.11321033821060465,-2.173017389290398,0.128916350593596,0.5193028709052561,-0.6294607144084187,0
439249,0.70171213,0.34432217,0.01,0.0025521382703821843,0.023264706789635745,0.303328070748839,4.0,-0.9894717667891146,-0.32280098231826676,-0.0018744314536955436,3.0,0.3070539658383599,3.0,0.2827029440490588,0.3577564270789098,0.9583293662280074,-0.09969119661468892,-0.09623407562031594,-0.03689771218642021,-0.06398893019761513,-0.21967650458453947,-0.10252840881726347,-0.04432385009454681,-0.05739852168889722,-0.20996890008622462,-0.06058774273540579,-0.08650392937720856,-0.04698971490086434,-0.2193601292958332,-0.14579499503657758,0.6202344399936784,0.6188552965452554,0.5550660900254772,0.5459280697170682,0.5498569396729268,5.954472237757892e-05,0.004229999411713572,0.00612637309288451,0.5461663017544329,0.6242988950433983,-0.0010952425904233829,0.002537891825285022,0.005372552034625168,0.5527976935015545,2.0,2.0,2.0,1.0,2.0,2.0,1.0,1.0,2.0,-0.5749090105948659,-0.38749512259079266,-0.3590141600531025,-0.35578761916456875,-0.5517613844479339,-0.5556585808735398,-0.38471449039060285,-0.38370188523381593,-0.5687745340011255,0.0,-0.5212783922858517,-0.39212930977049787,0.0,0.0,-0.5574942149293206,-0.29023797045498817,-0.5599252646001373,-0.5594438859520467,0.0,0.0,-0.3864142081196072,0.0,0.0,0.0,0.0,0.0,0.0,15.0,3.0,25.0,0.0,6.0,-0.3745668575450247,-0.3712105618343163,23.0,517.0,-0.5611484897387976,0.2868223851492784,-0.2694022396570945,-7.567779182074431,1.0081661027605326,-0.5396970164276659,0.11802674669892473,0.040073340503831156,2.4366484541706495,1.6666565510327334,0.9094953436878533,-0.28418124683391516,True,True,0.303328070748839,4.0,-0.9894717667891146,-0.32280098231826676,-0.0018744314536955436,3.0,0.3070539658383599,3.0,0.2827029440490588,0.3577564270789098,0.9583293662280074,-0.09969119661468892,-0.09623407562031594,-0.03689771218642021,-0.06398893019761513,-0.21967650458453947,-0.10252840881726347,-0.04432385009454681,-0.05739852168889722,-0.20996890008622462,-0.06058774273540579,-0.08650392937720856,-0.04698971490086434,-0.2193601292958332,-0.14579499503657758,0.6202344399936784,0.6188552965452554,0.5550660900254772,0.5459280697170682,0.5498569396729268,5.954472237757892e-05,0.004229999411713572,0.00612637309288451,0.5461663017544329,0.6242988950433983,-0.0010952425904233829,0.002537891825285022,0.005372552034625168,0.5527976935015545,2.0,2.0,2.0,1.0,2.0,2.0,1.0,1.0,2.0,-0.5749090105948659,-0.38749512259079266,-0.3590141600531025,-0.35578761916456875,-0.5517613844479339,-0.5556585808735398,-0.38471449039060285,-0.38370188523381593,-0.5687745340011255,0.0,-0.5212783922858517,-0.39212930977049787,0.0,0.0,-0.5574942149293206,-0.29023797045498817,-0.5599252646001373,-0.5594438859520467,0.0,0.0,-0.3864142081196072,0.0,0.0,0.0,0.0,0.0,0.0,15.0,3.0,25.0,0.0,6.0,-0.3745668575450247,-0.3712105618343163,23.0,517.0,-0.5611484897387976,0.2868223851492784,-0.2694022396570945,-7.567779182074431,1.0081661027605326,-0.5396970164276659,0.11802674669892473,0.040073340503831156,2.4366484541706495,1.6666565510327334,0.9094953436878533,-0.28418124683391516,0
541197,0.89143497,0.296717,0.02,0.0032300924127905565,0.027854920389600468,-0.542131428226814,0.0,-0.8410781667229367,0.28790673036080255,0.5782213150970944,3.0,0.30069278537019134,3.0,-2.724785761047516,-2.7992019045485548,-0.757603833473111,-0.08409339003923516,-0.0374325079588839,-0.038157132049584847,-0.047677507791092665,-0.2178929013918755,-0.10379181439257133,-0.025073650659851048,-0.029021407060026885,-0.2713065941185506,-0.01984927994495152,-0.09241096148829127,-0.027063982596791148,-0.2209520258273533,-0.1441940763671499,0.6675891603871202,0.6648957627809207,0.5527187630085852,0.5798888384804411,0.5494092618199005,0.584382575065071,0.3720585566540552,0.9954706988333495,0.5290126505760715,0.0021841231257563685,0.6643739266018804,0.5452565287878554,0.5348945717878485,0.5767057521530707,0.0,0.0,0.0,3.0,0.0,0.0,0.0,0.0,0.0,1.7554436906248299,3.1098207251494085,2.7889691818134703,2.7921930452863193,1.806810563305514,1.8153910323989952,2.603564448431945,2.6073291650433266,1.7694776084597548,2.0,1.9355915623625968,-0.39091090659200756,1.0,1.0,1.8545153105965848,-0.28790470027613896,1.89629742858548,2.0865141683745843,1.0,1.0,-0.3934837688280806,0.0,1.0,1.0,2.0,1.0,2.0,15.0,3.0,15.0,3.0,6.0,-0.36756498117652747,-0.3766610853118617,4.0,294.0,0.4639977662226261,-1.2908091813697453,-0.027795473960957832,9.579885638996371,-2.4532570371069493,15.922984798364283,-0.7076583586902502,0.3501747708873216,-2.15252035371438,0.13580903712971987,0.5579107348993368,-0.5108433383351073,True,True,-0.542131428226814,0.0,-0.8410781667229367,0.28790673036080255,0.5782213150970944,3.0,0.30069278537019134,3.0,-2.724785761047516,-2.7992019045485548,-0.757603833473111,-0.08409339003923516,-0.0374325079588839,-0.038157132049584847,-0.047677507791092665,-0.2178929013918755,-0.10379181439257133,-0.025073650659851048,-0.029021407060026885,-0.2713065941185506,-0.01984927994495152,-0.09241096148829127,-0.027063982596791148,-0.2209520258273533,-0.1441940763671499,0.6675891603871202,0.6648957627809207,0.5527187630085852,0.5798888384804411,0.5494092618199005,0.584382575065071,0.3720585566540552,0.9954706988333495,0.5290126505760715,0.0021841231257563685,0.6643739266018804,0.5452565287878554,0.5348945717878485,0.5767057521530707,0.0,0.0,0.0,3.0,0.0,0.0,0.0,0.0,0.0,1.7554436906248299,3.1098207251494085,2.7889691818134703,2.7921930452863193,1.806810563305514,1.8153910323989952,2.603564448431945,2.6073291650433266,1.7694776084597548,2.0,1.9355915623625968,-0.39091090659200756,1.0,1.0,1.8545153105965848,-0.28790470027613896,1.89629742858548,2.0865141683745843,1.0,1.0,-0.3934837688280806,0.0,1.0,1.0,2.0,1.0,2.0,15.0,3.0,15.0,3.0,6.0,-0.36756498117652747,-0.3766610853118617,4.0,294.0,0.4639977662226261,-1.2908091813697453,-0.027795473960957832,9.579885638996371,-2.4532570371069493,15.922984798364283,-0.7076583586902502,0.3501747708873216,-2.15252035371438,0.13580903712971987,0.5579107348993368,-0.5108433383351073,0
179883,0.95666325,0.47955823,0.02,0.0032300924127905565,0.028942809361993175,0.05085004318720135,4.0,1.0611673343888854,-0.7529846926812377,-0.004572045054208185,3.0,-0.8180856562161949,2.0,0.08866183654759535,0.3529181550818147,1.966242639364062,-0.10329659857811138,-0.09419936773930056,-0.032886683384622674,-0.05986099291654795,-0.21138863816103093,-0.09987467089181812,-0.040486144933767634,-0.05370339973153525,-0.14836953228935507,-0.05698521366541626,-0.0982460697591928,-0.04801725996348517,-0.24183565658770081,-0.1444366470488661,0.6100800576946479,0.6060501536940632,0.5568443058633429,0.5403005904154554,-0.0061894935646598075,0.0057838556082507485,-0.004262465059970122,0.007174105534811252,0.5324381153053457,0.602090897193573,-0.0026792809941607264,0.001222861033647027,-0.003951772685788722,0.5278716667267247,2.0,1.0,1.0,1.0,1.0,1.0,1.0,1.0,1.0,-0.5742889104923034,-0.38965477299832807,-0.3588935032010084,-0.36192617079446004,-0.5542988124490054,-0.5571632896450062,-0.3778733550753051,-0.3806084149998015,-0.5646691015564861,0.0,-0.5254962193032826,-0.39147535597810573,0.0,0.0,-0.5565973850235738,-0.28866892685861695,-0.5619976016776065,-0.552935810339716,0.0,0.0,-0.39307233280317255,0.0,0.0,0.0,0.0,0.0,0.0,15.0,3.0,25.0,0.0,6.0,-0.3722558146133335,-0.36945128451722975,23.0,517.0,-1.072234381199437,0.5444869371288524,-1.019552479182586,-7.532213014924416,0.1762151544610744,-0.5870486468963637,0.29531353262828597,0.05549257902697653,2.2413875265885,0.251997265013846,1.2020285204093657,-0.3723615329263311,True,True,0.05085004318720135,4.0,1.0611673343888854,-0.7529846926812377,-0.004572045054208185,3.0,-0.8180856562161949,2.0,0.08866183654759535,0.3529181550818147,1.966242639364062,-0.10329659857811138,-0.09419936773930056,-0.032886683384622674,-0.05986099291654795,-0.21138863816103093,-0.09987467089181812,-0.040486144933767634,-0.05370339973153525,-0.14836953228935507,-0.05698521366541626,-0.0982460697591928,-0.04801725996348517,-0.24183565658770081,-0.1444366470488661,0.6100800576946479,0.6060501536940632,0.5568443058633429,0.5403005904154554,-0.0061894935646598075,0.0057838556082507485,-0.004262465059970122,0.007174105534811252,0.5324381153053457,0.602090897193573,-0.0026792809941607264,0.001222861033647027,-0.003951772685788722,0.5278716667267247,2.0,1.0,1.0,1.0,1.0,1.0,1.0,1.0,1.0,-0.5742889104923034,-0.38965477299832807,-0.3588935032010084,-0.36192617079446004,-0.5542988124490054,-0.5571632896450062,-0.3778733550753051,-0.3806084149998015,-0.5646691015564861,0.0,-0.5254962193032826,-0.39147535597810573,0.0,0.0,-0.5565973850235738,-0.28866892685861695,-0.5619976016776065,-0.552935810339716,0.0,0.0,-0.39307233280317255,0.0,0.0,0.0,0.0,0.0,0.0,15.0,3.0,25.0,0.0,6.0,-0.3722558146133335,-0.36945128451722975,23.0,517.0,-1.072234381199437,0.5444869371288524,-1.019552479182586,-7.532213014924416,0.1762151544610744,-0.5870486468963637,0.29531353262828597,0.05549257902697653,2.2413875265885,0.251997265013846,1.2020285204093657,-0.3723615329263311,0
276601,0.9942597,0.34535465,0.22,0.11308859038292954,0.9846102341860543,-0.9324976896003038,0.0,-0.13159465399045583,-1.0157120382516338,0.40714861204013864,4.0,-0.3225310414984007,3.0,-2.8250867693133137,-2.7853269012891175,-0.6573073748802621,0.698345247665808,0.4399774500954595,-0.1286865728053292,0.6311975761884142,-0.4733252261442449,0.4605708368168604,0.6105191481126035,0.7162415775659727,-0.4052692759203098,0.3844310588861219,0.7705555927321914,0.5602554733894732,0.022474597815524272,0.07327678636929506,0.6055402865611633,-0.14521288920926395,0.4903242424852817,0.40466863324119917,0.4534275454413414,0.6217801766839187,0.6040296554796468,0.9534100759617831,0.5425793725975985,-0.02559232667722164,0.5909185262637902,0.5220173080819182,0.7397306488489241,0.3303703960026677,0.0,0.0,0.0,3.0,0.0,0.0,0.0,0.0,0.0,1.7604016408215117,2.7761336020412966,2.690446170431419,2.6736478957798018,1.8164025568531397,1.7919780244114647,3.013117190810595,2.49727081065503,2.0286007802379182,2.0,1.7825196813233444,-0.43966460568000854,1.0,1.0,2.0881651409925612,-0.28334628798772915,1.94384612386833,2.029223754710284,1.0,1.0,-0.41457746597016726,0.0,1.0,1.0,2.0,1.0,2.0,15.0,3.0,15.0,3.0,6.0,-0.31983382654959186,-0.32456653741273717,4.0,1032.0,1.5146879857911588,-1.6298997849253067,-0.8196634508081864,9.760288707840658,-2.620829581471531,16.06599967883139,-0.38540926711015955,-0.09486349339675337,-2.1598480042516273,0.040349835659195935,0.48354445735707335,-0.6368014319237992,True,True,-0.9324976896003038,0.0,-0.13159465399045583,-1.0157120382516338,0.40714861204013864,4.0,-0.3225310414984007,3.0,-2.8250867693133137,-2.7853269012891175,-0.6573073748802621,0.698345247665808,0.4399774500954595,-0.1286865728053292,0.6311975761884142,-0.4733252261442449,0.4605708368168604,0.6105191481126035,0.7162415775659727,-0.4052692759203098,0.3844310588861219,0.7705555927321914,0.5602554733894732,0.022474597815524272,0.07327678636929506,0.6055402865611633,-0.14521288920926395,0.4903242424852817,0.40466863324119917,0.4534275454413414,0.6217801766839187,0.6040296554796468,0.9534100759617831,0.5425793725975985,-0.02559232667722164,0.5909185262637902,0.5220173080819182,0.7397306488489241,0.3303703960026677,0.0,0.0,0.0,3.0,0.0,0.0,0.0,0.0,0.0,1.7604016408215117,2.7761336020412966,2.690446170431419,2.6736478957798018,1.8164025568531397,1.7919780244114647,3.013117190810595,2.49727081065503,2.0286007802379182,2.0,1.7825196813233444,-0.43966460568000854,1.0,1.0,2.0881651409925612,-0.28334628798772915,1.94384612386833,2.029223754710284,1.0,1.0,-0.41457746597016726,0.0,1.0,1.0,2.0,1.0,2.0,15.0,3.0,15.0,3.0,6.0,-0.31983382654959186,-0.32456653741273717,4.0,1032.0,1.5146879857911588,-1.6298997849253067,-0.8196634508081864,9.760288707840658,-2.620829581471531,16.06599967883139,-0.38540926711015955,-0.09486349339675337,-2.1598480042516273,0.040349835659195935,0.48354445735707335,-0.6368014319237992,0
570597,0.8658457,0.40419477,0.03,0.004056900182200707,0.03350789208564283,0.2558391617590444,4.0,-0.43002460659161684,0.6035243617396908,-0.0070356836820502505,3.0,0.3145155883464687,3.0,0.43792201344412035,0.3585415923925885,0.9953798454402747,-0.07140554396123994,-0.05618386608740576,-0.041624385394142094,-0.05902170981800607,-0.21266516692242815,-0.08930231188400803,-0.04864002573154848,-0.0532345760250935,-0.15689583640507418,-0.04971341997966096,-0.08660017625488028,-0.04526760731140859,-0.19476843519391654,-0.11093982971236058,0.7242897381360986,0.7224640762328145,0.5543616385235386,0.627668499771892,0.5472481061575127,0.0029314200437920014,-0.0033597083590766845,0.0012601566074086977,0.625694179782768,0.7027506852666645,-0.0019439103405717356,0.0016354584744809632,-0.0008748330690185616,0.6249861491140718,2.0,2.0,2.0,1.0,2.0,1.0,1.0,1.0,2.0,-0.5811355360334804,-0.39202566162909774,-0.35264169779368815,-0.3493067026121381,-0.5513745682494098,-0.5544179431202748,-0.37979860117001596,-0.3793960740923553,-0.5626792020555819,0.0,-0.527117761934141,-0.3929948035270956,0.0,0.0,-0.5594177783248563,-0.2872771783275618,-0.55294652163236,-0.5530363455853262,0.0,0.0,-0.3897849730483354,0.0,0.0,0.0,0.0,0.0,0.0,15.0,3.0,25.0,0.0,6.0,-0.3746081047549911,-0.366376930914948,23.0,517.0,-1.068310037999477,-1.6853591886422419,-0.02836967467501938,-7.522109604273045,0.5824137471089896,-0.5542856997163828,0.09056074294086261,0.4896222100832714,2.2369960647411973,0.02575935525082451,1.4411672789488847,0.2674628394075377,True,True,0.2558391617590444,4.0,-0.43002460659161684,0.6035243617396908,-0.0070356836820502505,3.0,0.3145155883464687,3.0,0.43792201344412035,0.3585415923925885,0.9953798454402747,-0.07140554396123994,-0.05618386608740576,-0.041624385394142094,-0.05902170981800607,-0.21266516692242815,-0.08930231188400803,-0.04864002573154848,-0.0532345760250935,-0.15689583640507418,-0.04971341997966096,-0.08660017625488028,-0.04526760731140859,-0.19476843519391654,-0.11093982971236058,0.7242897381360986,0.7224640762328145,0.5543616385235386,0.627668499771892,0.5472481061575127,0.0029314200437920014,-0.0033597083590766845,0.0012601566074086977,0.625694179782768,0.7027506852666645,-0.0019439103405717356,0.0016354584744809632,-0.0008748330690185616,0.6249861491140718,2.0,2.0,2.0,1.0,2.0,1.0,1.0,1.0,2.0,-0.5811355360334804,-0.39202566162909774,-0.35264169779368815,-0.3493067026121381,-0.5513745682494098,-0.5544179431202748,-0.37979860117001596,-0.3793960740923553,-0.5626792020555819,0.0,-0.527117761934141,-0.3929948035270956,0.0,0.0,-0.5594177783248563,-0.2872771783275618,-0.55294652163236,-0.5530363455853262,0.0,0.0,-0.3897849730483354,0.0,0.0,0.0,0.0,0.0,0.0,15.0,3.0,25.0,0.0,6.0,-0.3746081047549911,-0.366376930914948,23.0,517.0,-1.068310037999477,-1.6853591886422419,-0.02836967467501938,-7.522109604273045,0.5824137471089896,-0.5542856997163828,0.09056074294086261,0.4896222100832714,2.2369960647411973,0.02575935525082451,1.4411672789488847,0.2674628394075377,0
567851,0.80101985,0.41721126,0.09999999999999999,0.01672075323499393,0.12645882375645906,1.9006932909631753,4.0,-1.7080993473478538,0.6391358401987013,0.03332773957318714,4.0,-0.20120971654076256,3.0,0.4531032477668898,0.3476767665624907,-0.7625963589134017,-0.10454820422955813,-0.10052354691591849,0.0048979619371138094,-0.04256023481528694,-0.22368661528863806,-0.13857674109883414,-0.024269973186128314,-0.06704494327051402,-0.21273000008686732,-0.06528363621263987,-0.07749805811806199,-0.033651973814547265,-0.26168106018141996,-0.17482642084533298,0.622678496064579,-0.0036131531037773353,0.006363796465092611,0.5794258406489567,0.5576161369963772,0.029189653032384542,-0.02599798656966659,0.01407805306858646,0.5197854796691277,0.9716250173848868,-0.004596727522336937,-0.007995084473647999,-0.002592909937208962,0.5531210339967165,2.0,1.0,1.0,1.0,2.0,1.0,1.0,1.0,2.0,-0.5745016460151025,-0.38433830743895353,-0.35361986097526305,-0.3378977326211252,-0.5598715489542961,-0.5442361278498031,-0.4037332742932807,-0.39694403395914185,-0.5787781764896376,0.0,-0.5078331434413103,-0.39100645801636214,0.0,0.0,-0.5594354909114149,-0.28743343766167834,-0.583908479686467,-0.5578888682420494,0.0,0.0,-0.4029323781708246,0.0,0.0,0.0,0.0,0.0,0.0,15.0,3.0,25.0,0.0,6.0,-0.35089760000221565,-0.38612180113307404,23.0,517.0,1.4929026213723204,0.8199445570808488,-0.0012399358890895704,-7.536881873040004,0.0003889772209653905,-0.6202833103491432,0.27489438253927206,-0.13880895220175668,2.192524464117981,-0.13362669207053868,1.1786790835811662,-0.7078958968895629,True,True,1.9006932909631753,4.0,-1.7080993473478538,0.6391358401987013,0.03332773957318714,4.0,-0.20120971654076256,3.0,0.4531032477668898,0.3476767665624907,-0.7625963589134017,-0.10454820422955813,-0.10052354691591849,0.0048979619371138094,-0.04256023481528694,-0.22368661528863806,-0.13857674109883414,-0.024269973186128314,-0.06704494327051402,-0.21273000008686732,-0.06528363621263987,-0.07749805811806199,-0.033651973814547265,-0.26168106018141996,-0.17482642084533298,0.622678496064579,-0.0036131531037773353,0.006363796465092611,0.5794258406489567,0.5576161369963772,0.029189653032384542,-0.02599798656966659,0.01407805306858646,0.5197854796691277,0.9716250173848868,-0.004596727522336937,-0.007995084473647999,-0.002592909937208962,0.5531210339967165,2.0,1.0,1.0,1.0,2.0,1.0,1.0,1.0,2.0,-0.5745016460151025,-0.38433830743895353,-0.35361986097526305,-0.3378977326211252,-0.5598715489542961,-0.5442361278498031,-0.4037332742932807,-0.39694403395914185,-0.5787781764896376,0.0,-0.5078331434413103,-0.39100645801636214,0.0,0.0,-0.5594354909114149,-0.28743343766167834,-0.583908479686467,-0.5578888682420494,0.0,0.0,-0.4029323781708246,0.0,0.0,0.0,0.0,0.0,0.0,15.0,3.0,25.0,0.0,6.0,-0.35089760000221565,-0.38612180113307404,23.0,517.0,1.4929026213723204,0.8199445570808488,-0.0012399358890895704,-7.536881873040004,0.0003889772209653905,-0.6202833103491432,0.27489438253927206,-0.13880895220175668,2.192524464117981,-0.13362669207053868,1.1786790835811662,-0.7078958968895629,0
